"dam_id","dam_age_month","parity","calving_date","service_sire","birth_weight","calf_id","maternal_grandsire","maternal_granddam","row_id","calf_birth_year","calf_birth_month","calf_birth_season","dam_birth_date_estimated","dam_birth_date_export_based","dam_age_month_export_based_at_calving","export_based_impossible_age_flag","dam_birth_year","dam_birth_month","dam_birth_season","calf_sex_code","calf_sex","parity_group","dam_age_month_cont","dam_age_group","extreme_low_flag","extreme_high_flag","implausible_flag","exact_duplicate_record_flag","exact_duplicate_exclude_flag","duplicate_dam_date_calf_id_flag","duplicate_dam_date_calf_id_exclude_flag","duplicate_calf_id_flag","same_dam_date_same_birth_weight_flag","obvious_duplicate_exclude_flag","dam_date_record_n","dam_date_unique_calf_n","birth_type","lower_tail","upper_tail","lower_tail_p5","upper_tail_p95","lower_tail_p15","upper_tail_p85","lower_tail_overall","upper_tail_overall","low_absolute_30","high_absolute_55","high_absolute_60","calving_month_num","tail_class"
"202325",55.19,3,2025-05-31,"22218621",48.6,"250766",NA,NA,2835,"2025",5,"Spring",2020-10-31,2021-12-02,41.9354838709677,FALSE,"2020",10,"Autumn","non-G-coded","female","3",55.19,"43-60",FALSE,FALSE,FALSE,FALSE,FALSE,FALSE,FALSE,FALSE,FALSE,FALSE,1,1,"singleton",0,0,0,0,0,1,0,0,0,0,0,5,"Reference range"
"240549",26.56,1,2026-06-10,"41120238",42.7,"261583","FR3917468802","70486",68,"2026",6,"Summer",2024-03-10,2024-04-02,26.2666666666667,FALSE,"2024",3,"Spring","non-G-coded","female","1",26.56,"<=30",FALSE,FALSE,FALSE,FALSE,FALSE,FALSE,FALSE,FALSE,FALSE,FALSE,1,1,"singleton",0,0,0,0,0,0,0,0,0,0,0,6,"Reference range"
"213742",39.64,2,2025-03-09,"22218621",45.2,"250866","854282","01260",3629,"2025",3,"Spring",2021-11-09,2023-03-02,24.2258064516129,FALSE,"2021",11,"Autumn","non-G-coded","female","2",39.64,"31-42",FALSE,FALSE,FALSE,FALSE,FALSE,FALSE,FALSE,FALSE,FALSE,FALSE,1,1,"singleton",0,0,0,0,0,0,0,0,0,0,0,3,"Reference range"
"240096",28.3,1,2026-05-23,"41422157",43.4,"261515",NA,NA,195,"2026",5,"Spring",2024-01-23,2024-03-02,26.6774193548387,FALSE,"2024",1,"Winter","non-G-coded","female","1",28.3,"<=30",FALSE,FALSE,FALSE,FALSE,FALSE,FALSE,FALSE,FALSE,FALSE,FALSE,1,1,"singleton",0,0,0,0,0,0,0,0,0,0,0,5,"Reference range"
"201890",57.96,4,2025-05-12,"427133",38.7,"250686","865530","l50552",2974,"2025",5,"Spring",2020-07-12,2021-09-02,44.3225806451613,FALSE,"2020",7,"Summer","non-G-coded","female","4",57.96,"43-60",FALSE,FALSE,FALSE,FALSE,FALSE,FALSE,FALSE,FALSE,FALSE,FALSE,1,1,"singleton",0,0,0,0,0,0,0,0,0,0,0,5,"Reference range"
"201470",63.41,3,2025-07-20,"15420626",45.6,"250926","606244","70019",2504,"2025",7,"Summer",2020-04-20,2021-04-02,51.5806451612903,FALSE,"2020",4,"Spring","non-G-coded","female","3",63.41,">60",FALSE,FALSE,FALSE,FALSE,FALSE,FALSE,FALSE,FALSE,FALSE,FALSE,1,1,"singleton",0,0,0,0,0,0,0,0,0,0,0,7,"Reference range"
"240425",26.76,1,2026-05-24,"41422157",43.6,"261520","865530狼血","212588",184,"2026",5,"Spring",2024-02-24,2024-04-02,25.7096774193548,FALSE,"2024",2,"Winter","non-G-coded","female","1",26.76,"<=30",FALSE,FALSE,FALSE,FALSE,FALSE,FALSE,FALSE,FALSE,FALSE,FALSE,1,1,"singleton",0,0,0,0,0,0,0,0,0,0,0,5,"Reference range"
"800899",59.99,3,2023-11-19,"854400西部公园",43.2,"235705","171350","60338",7323,"2023",11,"Autumn",2018-11-19,2021-07-02,28.5666666666667,FALSE,"2018",11,"Autumn","non-G-coded","female","3",59.99,"43-60",FALSE,FALSE,FALSE,FALSE,FALSE,FALSE,FALSE,FALSE,FALSE,FALSE,1,1,"singleton",0,0,0,0,0,0,0,0,0,0,0,11,"Reference range"
"60384",95.2,6,2024-05-22,"863025",45.6,"240760",NA,NA,5629,"2024",5,"Spring",2016-06-22,2018-08-02,69.6451612903226,FALSE,"2016",6,"Summer","non-G-coded","female","6",95.2,">60",FALSE,FALSE,FALSE,FALSE,FALSE,FALSE,FALSE,FALSE,FALSE,FALSE,1,1,"singleton",0,0,0,0,0,0,0,0,0,0,0,5,"Reference range"
"213294",29.49,1,2024-02-12,"862025瓦特罗",47.8,"HG40246",NA,NA,6525,"2024",2,"Winter",2021-09-12,2024-02-02,0.344827586206897,TRUE,"2021",9,"Autumn","non-G-coded","female","1",29.49,"<=30",FALSE,FALSE,FALSE,FALSE,FALSE,FALSE,FALSE,FALSE,FALSE,FALSE,1,1,"singleton",0,0,0,0,0,0,0,0,0,0,0,2,"Reference range"
"202090",32.77,1,2023-06-05,"65117532",35.7,"234845",NA,NA,8302,"2023",6,"Summer",2020-09-05,2023-10-02,-3.9,TRUE,"2020",9,"Autumn","non-G-coded","female","1",32.77,"31-42",FALSE,FALSE,FALSE,FALSE,FALSE,FALSE,FALSE,FALSE,FALSE,FALSE,1,1,"singleton",0,0,0,0,1,0,1,0,0,0,0,6,"Reference range"
"50872",119.53,5,2025-10-22,"15620193",43.8,"251224",NA,NA,1870,"2025",10,"Autumn",2015-10-22,2016-07-02,111.645161290323,FALSE,"2015",10,"Autumn","non-G-coded","female","5",119.53,">60",FALSE,FALSE,FALSE,FALSE,FALSE,FALSE,FALSE,FALSE,FALSE,FALSE,1,1,"singleton",0,0,0,0,0,0,0,0,0,0,0,10,"Reference range"
"234901",35.6,2,2026-05-30,"41120238",37.4,"261540",NA,NA,134,"2026",5,"Spring",2023-05-30,2023-07-02,34.9032258064516,FALSE,"2023",5,"Spring","non-G-coded","female","2",35.6,"31-42",FALSE,FALSE,FALSE,FALSE,FALSE,FALSE,FALSE,FALSE,FALSE,FALSE,1,1,"singleton",0,0,0,0,0,0,0,0,0,0,0,5,"Reference range"
"60599",95.27,6,2025-03-16,"427151",42.6,"250409","426864","40097",3544,"2025",3,"Spring",2017-04-16,2018-08-02,79.4516129032258,FALSE,"2017",4,"Spring","non-G-coded","female","6",95.27,">60",FALSE,FALSE,FALSE,FALSE,FALSE,FALSE,FALSE,FALSE,FALSE,FALSE,1,1,"singleton",0,0,0,0,0,0,0,0,0,0,0,3,"Reference range"
"225450",31.69,2,2025-07-24,"41122218",45.2,"250942","甘露606318","201112",2471,"2025",7,"Summer",2022-11-24,2023-11-02,20.7096774193548,FALSE,"2022",11,"Autumn","non-G-coded","female","2",31.69,"31-42",FALSE,FALSE,FALSE,FALSE,FALSE,FALSE,FALSE,FALSE,FALSE,FALSE,1,1,"singleton",0,0,0,0,0,0,0,0,0,0,0,7,"Reference range"
"213564",25.97,1,2024-02-03,"862025瓦特罗",45.2,"240201",NA,NA,6655,"2024",2,"Winter",2021-12-03,2024-05-02,-2.96551724137931,TRUE,"2021",12,"Winter","non-G-coded","female","1",25.97,"<=30",FALSE,FALSE,FALSE,FALSE,FALSE,FALSE,FALSE,FALSE,FALSE,FALSE,1,1,"singleton",0,0,0,0,0,0,0,0,0,0,0,2,"Reference range"
"234372",25.38,1,2025-04-19,"22218621",48.6,"250565","871041文尼哥","00795",3218,"2025",4,"Spring",2023-03-19,2024-06-02,10.5666666666667,TRUE,"2023",3,"Spring","non-G-coded","female","1",25.38,"<=30",FALSE,FALSE,FALSE,FALSE,FALSE,FALSE,FALSE,FALSE,FALSE,FALSE,1,1,"singleton",0,0,0,0,0,1,0,0,0,0,0,4,"Reference range"
"00820",46.12,3,2023-04-28,"871041文尼哥",47.5,"234670","186756","140236",8522,"2023",4,"Spring",2019-06-28,2022-09-02,7.86666666666667,TRUE,"2019",6,"Summer","non-G-coded","female","3",46.12,"43-60",FALSE,FALSE,FALSE,FALSE,FALSE,FALSE,FALSE,FALSE,FALSE,FALSE,1,1,"singleton",0,0,0,0,0,0,0,0,0,0,0,4,"Reference range"
"225204",40.73,2,2026-02-15,"41120238",42.1,"260115",NA,NA,966,"2026",2,"Winter",2022-09-15,2023-02-02,36.4642857142857,FALSE,"2022",9,"Autumn","non-G-coded","female","2",40.73,"31-42",FALSE,FALSE,FALSE,FALSE,FALSE,FALSE,FALSE,FALSE,FALSE,FALSE,1,1,"singleton",0,0,0,0,0,0,0,0,0,0,0,2,"Reference range"
"800219",59.53,4,2023-03-27,"7402563907",39.5,"234489",NA,NA,8781,"2023",3,"Spring",2018-03-27,2021-07-02,20.8064516129032,FALSE,"2018",3,"Spring","non-G-coded","female","4",59.53,"43-60",FALSE,FALSE,FALSE,FALSE,FALSE,FALSE,FALSE,FALSE,FALSE,FALSE,1,1,"singleton",0,0,0,0,0,0,0,0,0,0,0,3,"Reference range"
"201487L",70.02,3,2026-02-09,"21219011",47.6,"260091",NA,NA,1012,"2026",2,"Winter",2020-04-09,2020-09-02,65.25,FALSE,"2020",4,"Spring","non-G-coded","female","3",70.02,">60",FALSE,FALSE,FALSE,FALSE,FALSE,FALSE,FALSE,FALSE,FALSE,FALSE,1,1,"singleton",0,0,0,0,0,0,0,0,0,0,0,2,"Reference range"
"235939",28.53,1,2026-05-07,"21219011",44.2,"261472",NA,NA,282,"2026",5,"Spring",2023-12-07,2024-02-02,27.1612903225806,FALSE,"2023",12,"Winter","non-G-coded","female","1",28.53,"<=30",FALSE,FALSE,FALSE,FALSE,FALSE,FALSE,FALSE,FALSE,FALSE,FALSE,1,1,"singleton",0,0,0,0,0,0,0,0,0,0,0,5,"Reference range"
"70143",102.2,7,2025-09-11,"863302",43.6,"251054",NA,NA,2213,"2025",9,"Autumn",2017-03-11,2018-01-02,92.3,FALSE,"2017",3,"Spring","non-G-coded","female",">=7",102.2,">60",FALSE,FALSE,FALSE,FALSE,FALSE,FALSE,FALSE,FALSE,FALSE,FALSE,1,1,"singleton",0,0,0,0,0,0,0,0,0,0,0,9,"Reference range"
"201329",59.96,4,2025-03-12,"22218621",44.4,"250391","606244","61223",3592,"2025",3,"Spring",2020-03-12,2021-07-02,44.3225806451613,FALSE,"2020",3,"Spring","non-G-coded","female","4",59.96,"43-60",FALSE,FALSE,FALSE,FALSE,FALSE,FALSE,FALSE,FALSE,FALSE,FALSE,1,1,"singleton",0,0,0,0,0,0,0,0,0,0,0,3,"Reference range"
"61773",118.84,7,2025-12-03,"65123650",48.3,"251423",NA,NA,1452,"2025",12,"Winter",2016-01-03,2016-08-02,112.032258064516,FALSE,"2016",1,"Winter","non-G-coded","female",">=7",118.84,">60",FALSE,FALSE,FALSE,FALSE,FALSE,FALSE,FALSE,FALSE,FALSE,FALSE,1,1,"singleton",0,0,0,0,0,0,0,0,0,0,0,12,"Reference range"
"234930",24.13,1,2025-06-22,"863302",36.8,"250829","854773威吉吉","00170",2691,"2025",6,"Summer",2023-06-22,2024-07-02,11.6666666666667,TRUE,"2023",6,"Summer","non-G-coded","female","1",24.13,"<=30",FALSE,FALSE,FALSE,FALSE,FALSE,FALSE,FALSE,FALSE,FALSE,FALSE,1,1,"singleton",0,0,0,0,0,0,0,0,0,0,0,6,"Reference range"
"61364",96.42,6,2024-02-15,"FR3917468802",43.5,"240304",NA,NA,6484,"2024",2,"Winter",2016-02-15,2018-07-02,67.448275862069,FALSE,"2016",2,"Winter","non-G-coded","female","6",96.42,">60",FALSE,FALSE,FALSE,FALSE,FALSE,FALSE,FALSE,FALSE,FALSE,FALSE,1,1,"singleton",0,0,0,0,0,0,0,0,0,0,0,2,"Reference range"
"225001",44.02,1,2026-03-27,"41120238",36.2,"261293L","606045","61389",591,"2026",3,"Spring",2022-07-27,2022-11-02,40.8064516129032,FALSE,"2022",7,"Summer","non-G-coded","female","1",44.02,"43-60",FALSE,FALSE,FALSE,FALSE,FALSE,FALSE,FALSE,FALSE,FALSE,FALSE,1,1,"singleton",0,0,0,0,1,0,0,0,0,0,0,3,"Reference range"
"62079",97.07,6,2024-02-22,"FR3917468802",46.8,"240363",NA,NA,6394,"2024",2,"Winter",2016-01-22,2018-06-02,68.6896551724138,FALSE,"2016",1,"Winter","non-G-coded","female","6",97.07,">60",FALSE,FALSE,FALSE,FALSE,FALSE,FALSE,FALSE,FALSE,FALSE,FALSE,1,1,"singleton",0,0,0,0,0,0,0,0,0,0,0,2,"Reference range"
"212014",26.82,1,2023-03-29,"65117528",45.3,"234502","740640209","61458",8764,"2023",3,"Spring",2020-12-29,2024-04-02,-12.1290322580645,TRUE,"2020",12,"Winter","non-G-coded","female","1",26.82,"<=30",FALSE,FALSE,FALSE,FALSE,FALSE,FALSE,FALSE,FALSE,FALSE,FALSE,1,1,"singleton",0,0,0,0,0,0,0,0,0,0,0,3,"Reference range"
"202209",59.73,4,2025-09-27,"15618075",48.2,"251116","865530","Z802609",2077,"2025",9,"Autumn",2020-09-27,2021-07-02,50.8333333333333,FALSE,"2020",9,"Autumn","non-G-coded","female","4",59.73,"43-60",FALSE,FALSE,FALSE,FALSE,FALSE,FALSE,FALSE,FALSE,FALSE,FALSE,1,1,"singleton",0,0,0,0,0,0,0,0,0,0,0,9,"Reference range"
"213655",50.59,3,2026-01-21,"21219011",42.3,"260045","606306","800966",1117,"2026",1,"Winter",2021-10-21,2022-04-02,45.6129032258064,FALSE,"2021",10,"Autumn","non-G-coded","female","3",50.59,"43-60",FALSE,FALSE,FALSE,FALSE,FALSE,FALSE,FALSE,FALSE,FALSE,FALSE,1,1,"singleton",0,0,0,0,0,0,0,0,0,0,0,1,"Reference range"
"212099",25.31,1,2023-02-15,"13218239",41.6,"234219","180781","60797",9183,"2023",2,"Winter",2021-01-15,2024-06-02,-15.5357142857143,TRUE,"2021",1,"Winter","non-G-coded","female","1",25.31,"<=30",FALSE,FALSE,FALSE,FALSE,FALSE,FALSE,FALSE,FALSE,FALSE,FALSE,1,1,"singleton",0,0,0,0,0,0,0,0,0,0,0,2,"Reference range"
"201234",60.52,3,2025-03-11,"22218621",46.3,"250383",NA,NA,3608,"2025",3,"Spring",2020-02-11,2021-06-02,45.2903225806452,FALSE,"2020",2,"Winter","non-G-coded","female","3",60.52,">60",FALSE,FALSE,FALSE,FALSE,FALSE,FALSE,FALSE,FALSE,FALSE,FALSE,1,1,"singleton",0,0,0,0,0,0,0,0,0,0,0,3,"Reference range"
"234445",34.58,2,2026-02-04,"41121296",45.2,"260076","7402563907","91167",1041,"2026",2,"Winter",2023-03-04,2023-08-02,30.0714285714286,FALSE,"2023",3,"Spring","non-G-coded","female","2",34.58,"31-42",FALSE,FALSE,FALSE,FALSE,FALSE,FALSE,FALSE,FALSE,FALSE,FALSE,1,1,"singleton",0,0,0,0,0,0,0,0,0,0,0,2,"Reference range"
"202443",26.13,1,2023-01-09,"854282维利纳诺",43.5,"234044","606318","62622",9422,"2023",1,"Winter",2020-11-09,2024-05-02,-15.7741935483871,TRUE,"2020",11,"Autumn","non-G-coded","female","1",26.13,"<=30",FALSE,FALSE,FALSE,FALSE,FALSE,FALSE,FALSE,FALSE,FALSE,FALSE,1,1,"singleton",0,0,0,0,0,0,0,0,0,0,0,1,"Reference range"
"234088",37.87,2,2026-03-13,"41121296",44.4,"261219",NA,NA,755,"2026",3,"Spring",2023-01-13,2023-05-02,34.3548387096774,FALSE,"2023",1,"Winter","non-G-coded","female","2",37.87,"31-42",FALSE,FALSE,FALSE,FALSE,FALSE,FALSE,FALSE,FALSE,FALSE,FALSE,1,1,"singleton",0,0,0,0,0,0,0,0,0,0,0,3,"Reference range"
"240185",25.54,1,2026-03-17,"21219011",44.6,"261235","FR7045049997","202108",711,"2026",3,"Spring",2024-01-17,2024-05-02,22.4838709677419,FALSE,"2024",1,"Winter","non-G-coded","female","1",25.54,"<=30",FALSE,FALSE,FALSE,FALSE,FALSE,FALSE,FALSE,FALSE,FALSE,FALSE,1,1,"singleton",0,0,0,0,0,0,0,0,0,0,0,3,"Reference range"
"70248",84.16,6,2024-04-14,"FR3917468802",47.3,"240626",NA,NA,5874,"2024",4,"Spring",2017-04-14,2019-07-02,57.4,FALSE,"2017",4,"Spring","non-G-coded","female","6",84.16,">60",FALSE,FALSE,FALSE,FALSE,FALSE,FALSE,FALSE,FALSE,FALSE,FALSE,1,1,"singleton",0,0,0,0,0,0,0,0,0,0,0,4,"Reference range"
"00180",47.04,3,2023-01-18,"871041文尼哥",42.3,"234094",NA,NA,9368,"2023",1,"Winter",2019-02-18,2022-08-02,5.51612903225806,TRUE,"2019",2,"Winter","non-G-coded","female","3",47.04,"43-60",FALSE,FALSE,FALSE,FALSE,FALSE,FALSE,FALSE,FALSE,FALSE,FALSE,1,1,"singleton",0,0,0,0,0,0,0,0,0,0,0,1,"Reference range"
"61240",99.31,6,2024-06-03,"863025",48.4,"240810",NA,NA,5538,"2024",6,"Summer",2016-03-03,2018-04-02,74.0333333333333,FALSE,"2016",3,"Spring","non-G-coded","female","6",99.31,">60",FALSE,FALSE,FALSE,FALSE,FALSE,FALSE,FALSE,FALSE,FALSE,FALSE,1,1,"singleton",0,0,0,0,0,0,0,0,0,0,0,6,"Reference range"
"61821",94.28,6,2023-12-05,"公牛",45.3,"235827",NA,NA,7223,"2023",12,"Winter",2016-02-05,2018-09-02,63.0967741935484,FALSE,"2016",2,"Winter","non-G-coded","female","6",94.28,">60",FALSE,FALSE,FALSE,FALSE,FALSE,FALSE,FALSE,FALSE,FALSE,FALSE,1,1,"singleton",0,0,0,0,0,0,0,0,0,0,0,12,"Reference range"
"234651",24.46,1,2025-05-08,"22218621",46.3,"250663",NA,NA,3022,"2025",5,"Spring",2023-05-08,2024-07-02,10.1935483870968,TRUE,"2023",5,"Spring","non-G-coded","female","1",24.46,"<=30",FALSE,FALSE,FALSE,FALSE,FALSE,FALSE,FALSE,FALSE,FALSE,FALSE,1,1,"singleton",0,0,0,0,0,0,0,0,0,0,0,5,"Reference range"
"224585",38.43,2,2025-06-21,"863302",48,"250827","2545109367","00728",2701,"2025",6,"Summer",2022-04-21,2023-05-02,25.6333333333333,FALSE,"2022",4,"Spring","non-G-coded","female","2",38.43,"31-42",FALSE,FALSE,FALSE,FALSE,FALSE,FALSE,FALSE,FALSE,FALSE,FALSE,1,1,"singleton",0,0,0,0,0,0,0,0,0,0,0,6,"Reference range"
"234839",26.17,1,2025-08-07,"22220607",36.8,"250983",NA,NA,2378,"2025",8,"Summer",2023-06-07,2024-05-02,15.1612903225806,FALSE,"2023",6,"Summer","non-G-coded","female","1",26.17,"<=30",FALSE,FALSE,FALSE,FALSE,FALSE,FALSE,FALSE,FALSE,FALSE,FALSE,1,1,"singleton",0,0,0,0,0,0,0,0,0,0,0,8,"Reference range"
"62128",120.51,7,2026-01-27,"65123650",40.3,"260057",NA,NA,1086,"2026",1,"Winter",2015-12-27,2016-06-02,115.806451612903,FALSE,"2015",12,"Winter","non-G-coded","female",">=7",120.51,">60",FALSE,FALSE,FALSE,FALSE,FALSE,FALSE,FALSE,FALSE,FALSE,FALSE,1,1,"singleton",0,0,0,0,0,0,0,0,0,0,0,1,"Reference range"
"60220",85.63,6,2023-05-29,"7402563907",35.6,"234802",NA,NA,8351,"2023",5,"Spring",2016-03-29,2019-05-02,48.8709677419355,FALSE,"2016",3,"Spring","non-G-coded","female","6",85.63,">60",FALSE,FALSE,FALSE,FALSE,FALSE,FALSE,FALSE,FALSE,FALSE,FALSE,1,1,"singleton",0,0,0,0,1,0,1,0,0,0,0,5,"Reference range"
"62645",114.04,7,2025-08-19,"41121260",40.2,"251013",NA,NA,2316,"2025",8,"Summer",2016-02-19,2017-01-02,103.548387096774,FALSE,"2016",2,"Winter","non-G-coded","female",">=7",114.04,">60",FALSE,FALSE,FALSE,FALSE,FALSE,FALSE,FALSE,FALSE,FALSE,FALSE,1,1,"singleton",0,0,0,0,0,0,0,0,0,0,0,8,"Reference range"
"201345",33.99,2,2023-01-15,"854282维利纳诺",47.5,"234079","606244","800019",9387,"2023",1,"Winter",2020-03-15,2023-09-02,-7.58064516129032,TRUE,"2020",3,"Spring","non-G-coded","female","2",33.99,"31-42",FALSE,FALSE,FALSE,FALSE,FALSE,FALSE,FALSE,FALSE,FALSE,FALSE,1,1,"singleton",0,0,0,0,0,0,0,0,0,0,0,1,"Reference range"
"00299",58.51,4,2024-02-04,"865530狼血",45.3,"240210L","171790","62045",6645,"2024",2,"Winter",2019-03-04,2021-08-02,30.0689655172414,FALSE,"2019",3,"Spring","non-G-coded","female","4",58.51,"43-60",FALSE,FALSE,FALSE,FALSE,FALSE,FALSE,FALSE,FALSE,FALSE,FALSE,1,1,"singleton",0,0,0,0,0,0,0,0,0,0,0,2,"Reference range"
"234840",28.3,1,2025-10-11,"15618075",40.2,"251178",NA,NA,1958,"2025",10,"Autumn",2023-06-11,2024-03-02,19.2903225806452,FALSE,"2023",6,"Summer","non-G-coded","female","1",28.3,"<=30",FALSE,FALSE,FALSE,FALSE,FALSE,FALSE,FALSE,FALSE,FALSE,FALSE,1,1,"singleton",0,0,0,0,0,0,0,0,0,0,0,10,"Reference range"
"234907",24.75,1,2025-07-06,"863302",44.5,"250885",NA,NA,2593,"2025",7,"Summer",2023-06-06,2024-06-02,13.1290322580645,TRUE,"2023",6,"Summer","non-G-coded","female","1",24.75,"<=30",FALSE,FALSE,FALSE,FALSE,FALSE,FALSE,FALSE,FALSE,FALSE,FALSE,1,1,"singleton",0,0,0,0,0,0,0,0,0,0,0,7,"Reference range"
"60516",109.27,7,2025-11-29,"65123650",43.8,"251402",NA,NA,1495,"2025",11,"Autumn",2016-10-29,2017-06-02,101.9,FALSE,"2016",10,"Autumn","non-G-coded","female",">=7",109.27,">60",FALSE,FALSE,FALSE,FALSE,FALSE,FALSE,FALSE,FALSE,FALSE,FALSE,1,1,"singleton",0,0,0,0,0,0,0,0,0,0,0,11,"Reference range"
"01336",45.69,2,2023-10-01,"854282维利纳诺",41.6,"235462",NA,NA,7599,"2023",10,"Autumn",2019-12-01,2022-09-02,12.9666666666667,TRUE,"2019",12,"Winter","non-G-coded","female","2",45.69,"43-60",FALSE,FALSE,FALSE,FALSE,FALSE,FALSE,FALSE,FALSE,FALSE,FALSE,1,1,"singleton",0,0,0,0,0,0,0,0,0,0,0,10,"Reference range"
"235597",24.92,1,2025-11-26,"21219011",36.8,"251437",NA,NA,1523,"2025",11,"Autumn",2023-10-26,2024-06-02,17.8,FALSE,"2023",10,"Autumn","non-G-coded","female","1",24.92,"<=30",FALSE,FALSE,FALSE,FALSE,FALSE,FALSE,FALSE,FALSE,FALSE,FALSE,1,1,"singleton",0,0,0,0,0,0,0,0,0,0,0,11,"Reference range"
"00323",64.79,4,2024-08-22,"15620128",40.3,"LG41018",NA,NA,5153,"2024",8,"Summer",2019-03-22,2021-02-02,42.6451612903226,FALSE,"2019",3,"Spring","non-G-coded","female","4",64.79,">60",FALSE,FALSE,FALSE,FALSE,FALSE,FALSE,FALSE,FALSE,FALSE,FALSE,1,1,"singleton",0,0,0,0,0,0,0,0,0,0,0,8,"Reference range"
"62433",114.23,8,2025-08-14,"863302",38.3,"251001",NA,NA,2341,"2025",8,"Summer",2016-02-14,2017-01-02,103.387096774194,FALSE,"2016",2,"Winter","non-G-coded","female",">=7",114.23,">60",FALSE,FALSE,FALSE,FALSE,FALSE,FALSE,FALSE,FALSE,FALSE,FALSE,1,1,"singleton",0,0,0,0,0,0,0,0,0,0,0,8,"Reference range"
"61445",121.4,8,2026-04-06,"65123650",41.6,"261360L",NA,NA,485,"2026",4,"Spring",2016-03-06,2016-06-02,118.133333333333,FALSE,"2016",3,"Spring","non-G-coded","female",">=7",121.4,">60",FALSE,FALSE,FALSE,FALSE,FALSE,FALSE,FALSE,FALSE,FALSE,FALSE,1,1,"singleton",0,0,0,0,0,0,0,0,0,0,0,4,"Reference range"
"60440",91.16,6,2024-03-31,"862025瓦特罗",45.8,"240569",NA,NA,5963,"2024",3,"Spring",2016-08-31,2018-12-02,63.9354838709677,FALSE,"2016",8,"Summer","non-G-coded","female","6",91.16,">60",FALSE,FALSE,FALSE,FALSE,FALSE,FALSE,FALSE,FALSE,FALSE,FALSE,1,1,"singleton",0,0,0,0,0,0,0,0,0,0,0,3,"Reference range"
"60306",87.48,6,2023-08-16,"7402563907",43.5,"235212",NA,NA,7894,"2023",8,"Summer",2016-05-16,2019-04-02,52.4516129032258,FALSE,"2016",5,"Spring","non-G-coded","female","6",87.48,">60",FALSE,FALSE,FALSE,FALSE,FALSE,FALSE,FALSE,FALSE,FALSE,FALSE,1,1,"singleton",0,0,0,0,0,0,0,0,0,0,0,8,"Reference range"
"01318",56.11,3,2024-06-21,"22220785",46.3,"240869",NA,NA,5419,"2024",6,"Summer",2019-10-21,2021-11-02,31.6333333333333,FALSE,"2019",10,"Autumn","non-G-coded","female","3",56.11,"43-60",FALSE,FALSE,FALSE,FALSE,FALSE,FALSE,FALSE,FALSE,FALSE,FALSE,1,1,"singleton",0,0,0,0,0,0,0,0,0,0,0,6,"Reference range"
"240720",25.08,1,2026-06-10,"41419139",41.4,"261584","22220785","224885",70,"2026",6,"Summer",2024-05-10,2024-06-02,24.2666666666667,FALSE,"2024",5,"Spring","non-G-coded","female","1",25.08,"<=30",FALSE,FALSE,FALSE,FALSE,FALSE,FALSE,FALSE,FALSE,FALSE,FALSE,1,1,"singleton",0,0,0,0,0,0,0,0,0,0,0,6,"Reference range"
"213589",48.55,3,2025-11-05,"21219011",42.2,"251283","2544424506","800773",1742,"2025",11,"Autumn",2021-10-05,2022-06-02,41.1,FALSE,"2021",10,"Autumn","non-G-coded","female","3",48.55,"43-60",FALSE,FALSE,FALSE,FALSE,FALSE,FALSE,FALSE,FALSE,FALSE,FALSE,1,1,"singleton",0,0,0,0,0,0,0,0,0,0,0,11,"Reference range"
"01522",38.59,2,2023-01-05,"854282维利纳诺",42.6,"234026",NA,NA,9451,"2023",1,"Winter",2019-10-05,2023-04-02,-2.90322580645161,TRUE,"2019",10,"Autumn","non-G-coded","female","2",38.59,"31-42",FALSE,FALSE,FALSE,FALSE,FALSE,FALSE,FALSE,FALSE,FALSE,FALSE,1,1,"singleton",0,0,0,0,0,0,0,0,0,0,0,1,"Reference range"
"212890",48.45,3,2025-05-28,"427133",43.8,"250757",NA,NA,2854,"2025",5,"Spring",2021-05-28,2022-07-02,34.8387096774194,FALSE,"2021",5,"Spring","non-G-coded","female","3",48.45,"43-60",FALSE,FALSE,FALSE,FALSE,FALSE,FALSE,FALSE,FALSE,FALSE,FALSE,1,1,"singleton",0,0,0,0,0,0,0,0,0,0,0,5,"Reference range"
"00635",85.08,6,2023-07-25,"854773威吉吉",36.6,"235793",NA,NA,8020,"2023",7,"Summer",2016-06-25,2019-06-02,49.741935483871,FALSE,"2016",6,"Summer","non-G-coded","female","6",85.08,">60",FALSE,FALSE,FALSE,FALSE,FALSE,FALSE,FALSE,FALSE,FALSE,FALSE,1,1,"singleton",0,0,0,0,0,0,0,0,0,0,0,7,"Reference range"
"225315",28.99,1,2025-03-22,"22220783",47.2,"250444","865530","00137",3477,"2025",3,"Spring",2022-10-22,2024-02-02,13.6451612903226,TRUE,"2022",10,"Autumn","non-G-coded","female","1",28.99,"<=30",FALSE,FALSE,FALSE,FALSE,FALSE,FALSE,FALSE,FALSE,FALSE,FALSE,1,1,"singleton",0,0,0,0,0,0,0,0,0,0,0,3,"Reference range"
"61600",85.67,5,2023-03-26,"7402563907",42.6,"234483",NA,NA,8799,"2023",3,"Spring",2016-01-26,2019-05-02,46.7741935483871,FALSE,"2016",1,"Winter","non-G-coded","female","5",85.67,">60",FALSE,FALSE,FALSE,FALSE,FALSE,FALSE,FALSE,FALSE,FALSE,FALSE,1,1,"singleton",0,0,0,0,0,0,0,0,0,0,0,3,"Reference range"
"000937",60.32,3,2024-08-30,"171206",40.6,"241058",NA,NA,5107,"2024",8,"Summer",2019-08-30,2021-07-02,37.9032258064516,FALSE,"2019",8,"Summer","non-G-coded","female","3",60.32,">60",FALSE,FALSE,FALSE,FALSE,FALSE,FALSE,FALSE,FALSE,FALSE,FALSE,1,1,"singleton",0,0,0,0,0,0,0,0,0,0,0,8,"Reference range"
"70401",75.28,5,2023-09-12,"7402563907",40.5,"235378",NA,NA,7706,"2023",9,"Autumn",2017-06-12,2020-04-02,41.3333333333333,FALSE,"2017",6,"Summer","non-G-coded","female","5",75.28,">60",FALSE,FALSE,FALSE,FALSE,FALSE,FALSE,FALSE,FALSE,FALSE,FALSE,1,1,"singleton",0,0,0,0,0,0,0,0,0,0,0,9,"Reference range"
"H212963",27.02,1,2024-02-25,"862025瓦特罗",40.4,"240383","854282","01383",6340,"2024",2,"Winter",2021-11-25,2024-04-02,-1.20689655172414,TRUE,"2021",11,"Autumn","non-G-coded","female","1",27.02,"<=30",FALSE,FALSE,FALSE,FALSE,FALSE,FALSE,FALSE,FALSE,FALSE,FALSE,1,1,"singleton",0,0,0,0,0,0,0,0,0,0,0,2,"Reference range"
"70528",81.36,5,2024-05-31,"22220785",40.7,"240795",NA,NA,5554,"2024",5,"Spring",2017-08-31,2019-10-02,55.9354838709677,FALSE,"2017",8,"Summer","non-G-coded","female","5",81.36,">60",FALSE,FALSE,FALSE,FALSE,FALSE,FALSE,FALSE,FALSE,FALSE,FALSE,1,1,"singleton",0,0,0,0,0,0,0,0,0,0,0,5,"Reference range"
"800013",69.56,4,2023-10-16,"7402563907",41.7,"HG9645",NA,NA,7520,"2023",10,"Autumn",2017-12-16,2020-09-02,37.4516129032258,FALSE,"2017",12,"Winter","non-G-coded","female","4",69.56,">60",FALSE,FALSE,FALSE,FALSE,FALSE,FALSE,FALSE,FALSE,FALSE,FALSE,1,1,"singleton",0,0,0,0,0,0,0,0,0,0,0,10,"Reference range"
"201949",57.4,3,2025-05-14,"22218621",44.7,"250704","865530","62084",2962,"2025",5,"Spring",2020-08-14,2021-10-02,43.3870967741936,FALSE,"2020",8,"Summer","non-G-coded","female","3",57.4,"43-60",FALSE,FALSE,FALSE,FALSE,FALSE,FALSE,FALSE,FALSE,FALSE,FALSE,1,1,"singleton",0,0,0,0,0,0,0,0,0,0,0,5,"Reference range"
"H01445",54.83,3,2025-03-24,"22220783",38.2,"250455","606244","40296",3451,"2025",3,"Spring",2020-08-24,2021-12-02,39.7096774193548,FALSE,"2020",8,"Summer","non-G-coded","female","3",54.83,"43-60",FALSE,FALSE,FALSE,FALSE,FALSE,FALSE,FALSE,FALSE,FALSE,FALSE,1,1,"singleton",0,0,0,0,0,0,0,0,0,0,0,3,"Reference range"
"201355",36.75,2,2023-03-28,"871041文尼哥",43.5,"234496",NA,NA,8778,"2023",3,"Spring",2020-02-28,2023-06-02,-2.16129032258065,TRUE,"2020",2,"Winter","non-G-coded","female","2",36.75,"31-42",FALSE,FALSE,FALSE,FALSE,FALSE,FALSE,FALSE,FALSE,FALSE,FALSE,1,1,"singleton",0,0,0,0,0,0,0,0,0,0,0,3,"Reference range"
"60465",86.09,6,2023-11-19,"FR2545422137",38.2,"235703","179398","13010",7322,"2023",11,"Autumn",2016-09-19,2019-05-02,54.5666666666667,FALSE,"2016",9,"Autumn","non-G-coded","female","6",86.09,">60",FALSE,FALSE,FALSE,FALSE,FALSE,FALSE,FALSE,FALSE,FALSE,FALSE,1,1,"singleton",0,0,0,0,0,0,0,0,0,0,0,11,"Reference range"
"212364",26.92,1,2023-05-31,"41119262",43.6,"234811",NA,NA,8340,"2023",5,"Spring",2021-02-28,2024-04-02,-10.0645161290323,TRUE,"2021",2,"Winter","non-G-coded","female","1",26.92,"<=30",FALSE,FALSE,FALSE,FALSE,FALSE,FALSE,FALSE,FALSE,FALSE,FALSE,1,1,"singleton",0,0,0,0,0,0,0,0,0,0,0,5,"Reference range"
"20061",77.78,4,2025-10-28,"65121614",39.8,"251253",NA,NA,1805,"2025",10,"Autumn",2019-04-28,2020-01-02,69.8387096774194,FALSE,"2019",4,"Spring","non-G-coded","female","4",77.78,">60",FALSE,FALSE,FALSE,FALSE,FALSE,FALSE,FALSE,FALSE,FALSE,FALSE,1,1,"singleton",0,0,0,0,0,0,0,0,0,0,0,10,"Reference range"
"235049",27.22,1,2025-10-17,"22217329",44.6,"251205","公牛","01194",1907,"2025",10,"Autumn",2023-07-17,2024-04-02,18.4838709677419,FALSE,"2023",7,"Summer","non-G-coded","female","1",27.22,"<=30",FALSE,FALSE,FALSE,FALSE,FALSE,FALSE,FALSE,FALSE,FALSE,FALSE,1,1,"singleton",0,0,0,0,0,0,0,0,0,0,0,10,"Reference range"
"60162",96.68,6,2024-04-17,"22220785",46.5,"240643L",NA,NA,5848,"2024",4,"Spring",2016-03-17,2018-06-02,70.5,FALSE,"2016",3,"Spring","non-G-coded","female","6",96.68,">60",FALSE,FALSE,FALSE,FALSE,FALSE,FALSE,FALSE,FALSE,FALSE,FALSE,1,1,"singleton",0,0,0,0,0,0,0,0,0,0,0,4,"Reference range"
"235378",24.79,1,2025-10-04,"15620193",36.4,"251150","7402563907","70401",2013,"2025",10,"Autumn",2023-09-04,2024-06-02,16.0645161290323,FALSE,"2023",9,"Autumn","non-G-coded","female","1",24.79,"<=30",FALSE,FALSE,FALSE,FALSE,FALSE,FALSE,FALSE,FALSE,FALSE,FALSE,1,1,"singleton",0,0,0,0,1,0,0,0,0,0,0,10,"Reference range"
"H201909",38.33,1,2023-12-08,"865530狼血",40.3,"235837","7402563907","140286",7202,"2023",12,"Winter",2020-10-08,2023-05-02,7.19354838709677,TRUE,"2020",10,"Autumn","non-G-coded","female","1",38.33,"31-42",FALSE,FALSE,FALSE,FALSE,FALSE,FALSE,FALSE,FALSE,FALSE,FALSE,1,1,"singleton",0,0,0,0,0,0,0,0,0,0,0,12,"Reference range"
"234257",25.08,1,2025-03-22,"427059",36.8,"250439",NA,NA,3478,"2025",3,"Spring",2023-02-22,2024-06-02,9.64516129032258,TRUE,"2023",2,"Winter","non-G-coded","female","1",25.08,"<=30",FALSE,FALSE,FALSE,FALSE,FALSE,FALSE,FALSE,FALSE,FALSE,FALSE,1,1,"singleton",0,0,0,0,0,0,0,0,0,0,0,3,"Reference range"
"201810",43.13,3,2024-01-27,"862025瓦特罗",44.1,"240159","15216113","800244",6724,"2024",1,"Winter",2020-06-27,2022-12-02,13.8064516129032,TRUE,"2020",6,"Summer","non-G-coded","female","3",43.13,"43-60",FALSE,FALSE,FALSE,FALSE,FALSE,FALSE,FALSE,FALSE,FALSE,FALSE,1,1,"singleton",0,0,0,0,0,0,0,0,0,0,0,1,"Reference range"
"70649",64.66,4,2023-03-22,"7402563907",46.3,"234451",NA,NA,8844,"2023",3,"Spring",2017-10-22,2021-02-02,25.6451612903226,FALSE,"2017",10,"Autumn","non-G-coded","female","4",64.66,">60",FALSE,FALSE,FALSE,FALSE,FALSE,FALSE,FALSE,FALSE,FALSE,FALSE,1,1,"singleton",0,0,0,0,0,0,0,0,0,0,0,3,"Reference range"
"60180",85.77,5,2023-05-25,"871041文尼哥",46.3,"234779",NA,NA,8387,"2023",5,"Spring",2016-03-25,2019-05-02,48.741935483871,FALSE,"2016",3,"Spring","non-G-coded","female","5",85.77,">60",FALSE,FALSE,FALSE,FALSE,FALSE,FALSE,FALSE,FALSE,FALSE,FALSE,1,1,"singleton",0,0,0,0,0,0,0,0,0,0,0,5,"Reference range"
"63009",96.42,6,2024-02-28,"862025瓦特罗",41.9,"240406",NA,NA,6280,"2024",2,"Winter",2016-02-28,2018-07-02,67.8965517241379,FALSE,"2016",2,"Winter","non-G-coded","female","6",96.42,">60",FALSE,FALSE,FALSE,FALSE,FALSE,FALSE,FALSE,FALSE,FALSE,FALSE,1,1,"singleton",0,0,0,0,0,0,0,0,0,0,0,2,"Reference range"
"202674",25.74,1,2023-11-02,"854282维利纳诺",38.4,"235613L","180600","1195",7423,"2023",11,"Autumn",2021-09-02,2024-05-02,-6,TRUE,"2021",9,"Autumn","non-G-coded","female","1",25.74,"<=30",FALSE,FALSE,FALSE,FALSE,FALSE,FALSE,FALSE,FALSE,FALSE,FALSE,1,1,"singleton",0,0,0,0,0,0,0,0,0,0,0,11,"Reference range"
"01348",67.32,5,2025-07-06,"863302",43.6,"250886","186756","61486",2588,"2025",7,"Summer",2019-12-06,2020-12-02,55.1290322580645,FALSE,"2019",12,"Winter","non-G-coded","female","5",67.32,">60",FALSE,FALSE,FALSE,FALSE,FALSE,FALSE,FALSE,FALSE,FALSE,FALSE,1,1,"singleton",0,0,0,0,0,0,0,0,0,0,0,7,"Reference range"
"800717",84.19,5,2025-10-09,"15618075",40.7,"251168","171350","60919",1974,"2025",10,"Autumn",2018-10-09,2019-07-02,75.2258064516129,FALSE,"2018",10,"Autumn","non-G-coded","female","5",84.19,">60",FALSE,FALSE,FALSE,FALSE,FALSE,FALSE,FALSE,FALSE,FALSE,FALSE,1,1,"singleton",0,0,0,0,0,0,0,0,0,0,0,10,"Reference range"
"213300",49.28,3,2025-10-08,"15618075",40.2,"251164","2544424506","60535",1982,"2025",10,"Autumn",2021-09-08,2022-06-02,40.1935483870968,FALSE,"2021",9,"Autumn","non-G-coded","female","3",49.28,"43-60",FALSE,FALSE,FALSE,FALSE,FALSE,FALSE,FALSE,FALSE,FALSE,FALSE,1,1,"singleton",0,0,0,0,0,0,0,0,0,0,0,10,"Reference range"
"G9167",26.07,1,2025-09-13,"15618075",45.3,"251062","公牛","01161",2198,"2025",9,"Autumn",2023-07-13,2024-05-02,16.3666666666667,FALSE,"2023",7,"Summer","non-G-coded","female","1",26.07,"<=30",FALSE,FALSE,FALSE,FALSE,FALSE,FALSE,FALSE,FALSE,FALSE,FALSE,1,1,"singleton",0,0,0,0,0,0,0,0,0,0,0,9,"Reference range"
"800045",73.41,5,2024-02-25,"862025瓦特罗",39.2,"240387",NA,NA,6332,"2024",2,"Winter",2018-01-25,2020-06-02,44.7931034482759,FALSE,"2018",1,"Winter","non-G-coded","female","5",73.41,">60",FALSE,FALSE,FALSE,FALSE,FALSE,FALSE,FALSE,FALSE,FALSE,FALSE,1,1,"singleton",0,0,0,0,0,0,0,0,0,0,0,2,"Reference range"
"61439",110.72,7,2025-05-10,"22218621",42,"250672",NA,NA,2995,"2025",5,"Spring",2016-02-10,2017-04-02,97.258064516129,FALSE,"2016",2,"Winter","non-G-coded","female",">=7",110.72,">60",FALSE,FALSE,FALSE,FALSE,FALSE,FALSE,FALSE,FALSE,FALSE,FALSE,1,1,"singleton",0,0,0,0,0,0,0,0,0,0,0,5,"Reference range"
"213709",53.16,3,2025-11-20,"21219011",42.3,"251362",NA,NA,1584,"2025",11,"Autumn",2021-06-20,2022-02-02,45.6,FALSE,"2021",6,"Summer","non-G-coded","female","3",53.16,"43-60",FALSE,FALSE,FALSE,FALSE,FALSE,FALSE,FALSE,FALSE,FALSE,FALSE,1,1,"singleton",0,0,0,0,0,0,0,0,0,0,0,11,"Reference range"
"202562",63.48,4,2026-03-14,"41121296",48.5,"261220","180600","70584",739,"2026",3,"Spring",2020-12-14,2021-04-02,59.3870967741936,FALSE,"2020",12,"Winter","non-G-coded","female","4",63.48,">60",FALSE,FALSE,FALSE,FALSE,FALSE,FALSE,FALSE,FALSE,FALSE,FALSE,1,1,"singleton",0,0,0,0,0,1,0,0,0,0,0,3,"Reference range"
"61274",115.22,8,2025-09-07,"863302",43.2,"251044",NA,NA,2234,"2025",9,"Autumn",2016-02-07,2016-12-02,105.166666666667,FALSE,"2016",2,"Winter","non-G-coded","female",">=7",115.22,">60",FALSE,FALSE,FALSE,FALSE,FALSE,FALSE,FALSE,FALSE,FALSE,FALSE,1,1,"singleton",0,0,0,0,0,0,0,0,0,0,0,9,"Reference range"
"213814",39.32,2,2025-03-13,"22218621",43,"250400","854282","910205",3585,"2025",3,"Spring",2021-12-13,2023-04-02,23.3548387096774,FALSE,"2021",12,"Winter","non-G-coded","female","2",39.32,"31-42",FALSE,FALSE,FALSE,FALSE,FALSE,FALSE,FALSE,FALSE,FALSE,FALSE,1,1,"singleton",0,0,0,0,0,0,0,0,0,0,0,3,"Reference range"
"60145",93.39,5,2024-01-03,"865530狼血",46.3,"240042L","179398","40734",6934,"2024",1,"Winter",2016-04-03,2018-10-02,63.0322580645161,FALSE,"2016",4,"Spring","non-G-coded","female","5",93.39,">60",FALSE,FALSE,FALSE,FALSE,FALSE,FALSE,FALSE,FALSE,FALSE,FALSE,1,1,"singleton",0,0,0,0,0,0,0,0,0,0,0,1,"Reference range"
"201425",59.2,4,2025-03-10,"22220783",42.2,"250377","606244","62211",3610,"2025",3,"Spring",2020-04-10,2021-08-02,43.258064516129,FALSE,"2020",4,"Spring","non-G-coded","female","4",59.2,"43-60",FALSE,FALSE,FALSE,FALSE,FALSE,FALSE,FALSE,FALSE,FALSE,FALSE,1,1,"singleton",0,0,0,0,0,0,0,0,0,0,0,3,"Reference range"
"212963",46.15,2,2026-01-02,"41121296",41.2,"260002","180781","00121",1206,"2026",1,"Winter",2022-03-02,2022-09-02,40,FALSE,"2022",3,"Spring","non-G-coded","female","2",46.15,"43-60",FALSE,FALSE,FALSE,FALSE,FALSE,FALSE,FALSE,FALSE,FALSE,FALSE,1,1,"singleton",0,0,0,0,0,0,0,0,0,0,0,1,"Reference range"
"225199",37.08,1,2025-10-25,"65121614",42.2,"251234",NA,NA,1835,"2025",10,"Autumn",2022-09-25,2023-06-02,28.741935483871,FALSE,"2022",9,"Autumn","non-G-coded","female","1",37.08,"31-42",FALSE,FALSE,FALSE,FALSE,FALSE,FALSE,FALSE,FALSE,FALSE,FALSE,1,1,"singleton",0,0,0,0,0,0,0,0,0,0,0,10,"Reference range"
"00368L",48.22,3,2025-09-13,"14121448",43.8,"251066",NA,NA,2195,"2025",9,"Autumn",2021-09-13,2022-07-02,38.3666666666667,FALSE,"2021",9,"Autumn","non-G-coded","female","3",48.22,"43-60",FALSE,FALSE,FALSE,FALSE,FALSE,FALSE,FALSE,FALSE,FALSE,FALSE,1,1,"singleton",0,0,0,0,0,0,0,0,0,0,0,9,"Reference range"
"61895",93.75,5,2023-11-05,"854282维利纳诺",38.9,"235628",NA,NA,7404,"2023",11,"Autumn",2016-01-05,2018-09-02,62.1,FALSE,"2016",1,"Winter","non-G-coded","female","5",93.75,">60",FALSE,FALSE,FALSE,FALSE,FALSE,FALSE,FALSE,FALSE,FALSE,FALSE,1,1,"singleton",0,0,0,0,0,0,0,0,0,0,0,11,"Reference range"
"00222",46.29,3,2023-01-09,"7029225762",46.3,"234042","171790","61679",9428,"2023",1,"Winter",2019-03-09,2022-09-02,4.2258064516129,TRUE,"2019",3,"Spring","non-G-coded","female","3",46.29,"43-60",FALSE,FALSE,FALSE,FALSE,FALSE,FALSE,FALSE,FALSE,FALSE,FALSE,1,1,"singleton",0,0,0,0,0,0,0,0,0,0,0,1,"Reference range"
"800792",65.81,4,2023-07-18,"XM-22218621",43.2,"235086",NA,NA,8069,"2023",7,"Summer",2018-01-18,2021-01-02,30.5161290322581,FALSE,"2018",1,"Winter","non-G-coded","female","4",65.81,">60",FALSE,FALSE,FALSE,FALSE,FALSE,FALSE,FALSE,FALSE,FALSE,FALSE,1,1,"singleton",0,0,0,0,0,0,0,0,0,0,0,7,"Reference range"
"61497",83.1,5,2023-01-19,"871041文尼哥",42.9,"234099",NA,NA,9364,"2023",1,"Winter",2016-02-19,2019-08-02,41.5483870967742,FALSE,"2016",2,"Winter","non-G-coded","female","5",83.1,">60",FALSE,FALSE,FALSE,FALSE,FALSE,FALSE,FALSE,FALSE,FALSE,FALSE,1,1,"singleton",0,0,0,0,0,0,0,0,0,0,0,1,"Reference range"
"800557",57.4,3,2023-05-25,"7402563907",40.2,"234775","171350","13074",8386,"2023",5,"Spring",2018-08-25,2021-10-02,19.741935483871,FALSE,"2018",8,"Summer","non-G-coded","female","3",57.4,"43-60",FALSE,FALSE,FALSE,FALSE,FALSE,FALSE,FALSE,FALSE,FALSE,FALSE,1,1,"singleton",0,0,0,0,0,0,0,0,0,0,0,5,"Reference range"
"240155",25.87,1,2026-03-22,"41418133",35.1,"261261","865530狼血","201178",661,"2026",3,"Spring",2024-01-22,2024-05-02,22.6451612903226,FALSE,"2024",1,"Winter","non-G-coded","female","1",25.87,"<=30",FALSE,FALSE,FALSE,FALSE,FALSE,FALSE,FALSE,FALSE,FALSE,FALSE,1,1,"singleton",0,0,0,0,1,0,1,0,0,0,0,3,"Reference range"
"50332",120.25,7,2025-03-18,"874165",48.8,"250418",NA,NA,3527,"2025",3,"Spring",2015-03-18,2016-07-02,104.516129032258,FALSE,"2015",3,"Spring","non-G-coded","female",">=7",120.25,">60",FALSE,FALSE,FALSE,FALSE,FALSE,FALSE,FALSE,FALSE,FALSE,FALSE,1,1,"singleton",0,0,0,0,0,1,0,0,0,0,0,3,"Reference range"
"62744",95.43,6,2024-02-08,"862025瓦特罗",47.5,"240245",NA,NA,6570,"2024",2,"Winter",2016-03-08,2018-08-02,66.2068965517241,FALSE,"2016",3,"Spring","non-G-coded","female","6",95.43,">60",FALSE,FALSE,FALSE,FALSE,FALSE,FALSE,FALSE,FALSE,FALSE,FALSE,1,1,"singleton",0,0,0,0,0,0,0,0,0,0,0,2,"Reference range"
"234491",25.51,1,2025-05-10,"22218621",48,"250677",NA,NA,3001,"2025",5,"Spring",2023-03-10,2024-05-02,12.258064516129,TRUE,"2023",3,"Spring","non-G-coded","female","1",25.51,"<=30",FALSE,FALSE,FALSE,FALSE,FALSE,FALSE,FALSE,FALSE,FALSE,FALSE,1,1,"singleton",0,0,0,0,0,0,0,0,0,0,0,5,"Reference range"
"201569",39.84,2,2023-08-21,"854773威吉吉",38.5,"235229","606244","62089",7858,"2023",8,"Summer",2020-04-21,2023-03-02,5.61290322580645,TRUE,"2020",4,"Spring","non-G-coded","female","2",39.84,"31-42",FALSE,FALSE,FALSE,FALSE,FALSE,FALSE,FALSE,FALSE,FALSE,FALSE,1,1,"singleton",0,0,0,0,0,0,0,0,0,0,0,8,"Reference range"
"61465",88.49,5,2023-07-01,"854773威吉吉",48.4,"234969",NA,NA,8150,"2023",7,"Summer",2016-03-01,2019-03-02,51.9666666666667,FALSE,"2016",3,"Spring","non-G-coded","female","5",88.49,">60",FALSE,FALSE,FALSE,FALSE,FALSE,FALSE,FALSE,FALSE,FALSE,FALSE,1,1,"singleton",0,0,0,0,0,0,0,0,0,0,0,7,"Reference range"
"234305",39.22,2,2026-06-03,"21219011",45,"261553",NA,NA,115,"2026",6,"Summer",2023-03-03,2023-04-02,38.0333333333333,FALSE,"2023",3,"Spring","non-G-coded","female","2",39.22,"31-42",FALSE,FALSE,FALSE,FALSE,FALSE,FALSE,FALSE,FALSE,FALSE,FALSE,1,1,"singleton",0,0,0,0,0,0,0,0,0,0,0,6,"Reference range"
"61876",111.44,6,2025-05-06,"427133",46.8,"250654",NA,NA,3041,"2025",5,"Spring",2016-02-06,2017-04-02,97.1290322580645,FALSE,"2016",2,"Winter","non-G-coded","female","6",111.44,">60",FALSE,FALSE,FALSE,FALSE,FALSE,FALSE,FALSE,FALSE,FALSE,FALSE,1,1,"singleton",0,0,0,0,0,0,0,0,0,0,0,5,"Reference range"
"201607",36.09,2,2023-05-05,"871041文尼哥",35.6,"234707","606244","70206",8482,"2023",5,"Spring",2020-05-05,2023-07-02,-1.90322580645161,TRUE,"2020",5,"Spring","non-G-coded","female","2",36.09,"31-42",FALSE,FALSE,FALSE,FALSE,FALSE,FALSE,FALSE,FALSE,FALSE,FALSE,1,1,"singleton",0,0,0,0,1,0,1,0,0,0,0,5,"Reference range"
"20072",37.64,2,2023-05-27,"7402563907",40.5,"234787",NA,NA,8367,"2023",5,"Spring",2020-03-27,2023-05-02,0.806451612903226,TRUE,"2020",3,"Spring","non-G-coded","female","2",37.64,"31-42",FALSE,FALSE,FALSE,FALSE,FALSE,FALSE,FALSE,FALSE,FALSE,FALSE,1,1,"singleton",0,0,0,0,0,0,0,0,0,0,0,5,"Reference range"
"910055",50.59,2,2023-07-18,"854773威吉吉",46.4,"235089",NA,NA,8061,"2023",7,"Summer",2019-04-18,2022-04-02,15.5161290322581,FALSE,"2019",4,"Spring","non-G-coded","female","2",50.59,"43-60",FALSE,FALSE,FALSE,FALSE,FALSE,FALSE,FALSE,FALSE,FALSE,FALSE,1,1,"singleton",0,0,0,0,0,0,0,0,0,0,0,7,"Reference range"
"62758",87.05,5,2023-05-15,"871041文尼哥",47.6,"234744",NA,NA,8441,"2023",5,"Spring",2016-02-15,2019-04-02,49.4193548387097,FALSE,"2016",2,"Winter","non-G-coded","female","5",87.05,">60",FALSE,FALSE,FALSE,FALSE,FALSE,FALSE,FALSE,FALSE,FALSE,FALSE,1,1,"singleton",0,0,0,0,0,0,0,0,0,0,0,5,"Reference range"
"62028",117.23,6,2025-10-06,"15620193",47.2,"251160",NA,NA,1994,"2025",10,"Autumn",2016-01-06,2016-10-02,108.129032258065,FALSE,"2016",1,"Winter","non-G-coded","female","6",117.23,">60",FALSE,FALSE,FALSE,FALSE,FALSE,FALSE,FALSE,FALSE,FALSE,FALSE,1,1,"singleton",0,0,0,0,0,0,0,0,0,0,0,10,"Reference range"
"800782",87.44,6,2026-01-30,"21219011",49.2,"260061","171350","50462",1068,"2026",1,"Winter",2018-10-30,2019-04-02,81.9032258064516,FALSE,"2018",10,"Autumn","non-G-coded","female","6",87.44,">60",FALSE,FALSE,FALSE,FALSE,FALSE,FALSE,FALSE,FALSE,FALSE,FALSE,1,1,"singleton",0,0,0,0,0,1,0,0,0,0,0,1,"Reference range"
"213775",48.09,3,2025-11-27,"41121286",45.4,"251396","854282","60838",1513,"2025",11,"Autumn",2021-11-27,2022-07-02,40.8333333333333,FALSE,"2021",11,"Autumn","non-G-coded","female","3",48.09,"43-60",FALSE,FALSE,FALSE,FALSE,FALSE,FALSE,FALSE,FALSE,FALSE,FALSE,1,1,"singleton",0,0,0,0,0,0,0,0,0,0,0,11,"Reference range"
"62152",108.78,7,2025-03-07,"427151",41.2,"250363",NA,NA,3639,"2025",3,"Spring",2016-02-07,2017-06-02,93.1612903225806,FALSE,"2016",2,"Winter","non-G-coded","female",">=7",108.78,">60",FALSE,FALSE,FALSE,FALSE,FALSE,FALSE,FALSE,FALSE,FALSE,FALSE,1,1,"singleton",0,0,0,0,0,0,0,0,0,0,0,3,"Reference range"
"212115",62.52,4,2026-03-26,"41121286",45.7,"261286","7402563907","40594",615,"2026",3,"Spring",2020-12-26,2021-04-02,59.7741935483871,FALSE,"2020",12,"Winter","non-G-coded","female","4",62.52,">60",FALSE,FALSE,FALSE,FALSE,FALSE,FALSE,FALSE,FALSE,FALSE,FALSE,1,1,"singleton",0,0,0,0,0,0,0,0,0,0,0,3,"Reference range"
"61198",101.08,6,2024-07-16,"171206",37,"240935",NA,NA,5352,"2024",7,"Summer",2016-02-16,2018-02-02,77.4516129032258,FALSE,"2016",2,"Winter","non-G-coded","female","6",101.08,">60",FALSE,FALSE,FALSE,FALSE,FALSE,FALSE,FALSE,FALSE,FALSE,FALSE,1,1,"singleton",0,0,0,0,0,0,0,0,0,0,0,7,"Reference range"
"212166",50.03,2,2025-03-21,"22218621",43.8,"250435",NA,NA,3491,"2025",3,"Spring",2021-01-21,2022-05-02,34.6129032258064,FALSE,"2021",1,"Winter","non-G-coded","female","2",50.03,"43-60",FALSE,FALSE,FALSE,FALSE,FALSE,FALSE,FALSE,FALSE,FALSE,FALSE,1,1,"singleton",0,0,0,0,0,0,0,0,0,0,0,3,"Reference range"
"00527",60.91,4,2024-06-02,"22220785",38.3,"240803",NA,NA,5542,"2024",6,"Summer",2019-05-02,2021-06-02,36,FALSE,"2019",5,"Spring","non-G-coded","female","4",60.91,">60",FALSE,FALSE,FALSE,FALSE,FALSE,FALSE,FALSE,FALSE,FALSE,FALSE,1,1,"singleton",0,0,0,0,0,0,0,0,0,0,0,6,"Reference range"
"234510",37.05,2,2026-04-29,"21219011",41.2,"261450",NA,NA,322,"2026",4,"Spring",2023-03-29,2023-06-02,34.9,FALSE,"2023",3,"Spring","non-G-coded","female","2",37.05,"31-42",FALSE,FALSE,FALSE,FALSE,FALSE,FALSE,FALSE,FALSE,FALSE,FALSE,1,1,"singleton",0,0,0,0,0,0,0,0,0,0,0,4,"Reference range"
"235243",30.31,1,2026-03-01,"61221015",45.4,"260162",NA,NA,870,"2026",3,"Spring",2023-09-01,2024-01-02,25.9642857142857,FALSE,"2023",9,"Autumn","non-G-coded","female","1",30.31,"31-42",FALSE,FALSE,FALSE,FALSE,FALSE,FALSE,FALSE,FALSE,FALSE,FALSE,1,1,"singleton",0,0,0,0,0,0,0,0,0,0,0,3,"Reference range"
"212278",38.13,2,2024-04-15,"22220785",46.4,"240125","606306","40574",5863,"2024",4,"Spring",2021-02-15,2023-05-02,11.4333333333333,TRUE,"2021",2,"Winter","non-G-coded","female","2",38.13,"31-42",FALSE,FALSE,FALSE,FALSE,FALSE,FALSE,FALSE,FALSE,FALSE,FALSE,1,1,"singleton",0,0,0,0,0,0,0,0,0,0,0,4,"Reference range"
"00253",49.31,2,2024-02-27,"862025瓦特罗",46.4,"240401",NA,NA,6308,"2024",2,"Winter",2020-01-27,2022-06-02,20.8620689655172,FALSE,"2020",1,"Winter","non-G-coded","female","2",49.31,"43-60",FALSE,FALSE,FALSE,FALSE,FALSE,FALSE,FALSE,FALSE,FALSE,FALSE,1,1,"singleton",0,0,0,0,0,0,0,0,0,0,0,2,"Reference range"
"70285",96.58,7,2025-05-11,"22218621",43.4,"250680",NA,NA,2993,"2025",5,"Spring",2017-04-11,2018-06-02,83.2903225806452,FALSE,"2017",4,"Spring","non-G-coded","female",">=7",96.58,">60",FALSE,FALSE,FALSE,FALSE,FALSE,FALSE,FALSE,FALSE,FALSE,FALSE,1,1,"singleton",0,0,0,0,0,0,0,0,0,0,0,5,"Reference range"
"800683",69.89,5,2024-07-23,"171206",41.2,"240951",NA,NA,5305,"2024",7,"Summer",2018-09-23,2020-09-02,46.6774193548387,FALSE,"2018",9,"Autumn","non-G-coded","female","5",69.89,">60",FALSE,FALSE,FALSE,FALSE,FALSE,FALSE,FALSE,FALSE,FALSE,FALSE,1,1,"singleton",0,0,0,0,0,0,0,0,0,0,0,7,"Reference range"
"235060",34.88,2,2026-06-08,"21219011",47,"261576","854773威吉吉","L212658",81,"2026",6,"Summer",2023-07-08,2023-08-02,34.2,FALSE,"2023",7,"Summer","non-G-coded","female","2",34.88,"31-42",FALSE,FALSE,FALSE,FALSE,FALSE,FALSE,FALSE,FALSE,FALSE,FALSE,1,1,"singleton",0,0,0,0,0,0,0,0,0,0,0,6,"Reference range"
"50382",95.04,6,2023-02-11,"854773威吉吉",48.3,"234196","191190","0109",9217,"2023",2,"Winter",2015-03-11,2018-08-02,54.3214285714286,FALSE,"2015",3,"Spring","non-G-coded","female","6",95.04,">60",FALSE,FALSE,FALSE,FALSE,FALSE,FALSE,FALSE,FALSE,FALSE,FALSE,1,1,"singleton",0,0,0,0,0,0,0,0,0,0,0,2,"Reference range"
"212031",25.41,1,2023-02-15,"13218239",46.2,"234221","740640209","61537",9179,"2023",2,"Winter",2021-01-15,2024-06-02,-15.5357142857143,TRUE,"2021",1,"Winter","non-G-coded","female","1",25.41,"<=30",FALSE,FALSE,FALSE,FALSE,FALSE,FALSE,FALSE,FALSE,FALSE,FALSE,1,1,"singleton",0,0,0,0,0,0,0,0,0,0,0,2,"Reference range"
"202484",26,1,2023-01-15,"854282维利纳诺",46.8,"234077",NA,NA,9385,"2023",1,"Winter",2020-11-15,2024-05-02,-15.5806451612903,TRUE,"2020",11,"Autumn","non-G-coded","female","1",26,"<=30",FALSE,FALSE,FALSE,FALSE,FALSE,FALSE,FALSE,FALSE,FALSE,FALSE,1,1,"singleton",0,0,0,0,0,0,0,0,0,0,0,1,"Reference range"
"212991",47.6,3,2025-05-19,"22218621",43.2,"250727",NA,NA,2906,"2025",5,"Spring",2021-05-19,2022-07-02,34.5483870967742,FALSE,"2021",5,"Spring","non-G-coded","female","3",47.6,"43-60",FALSE,FALSE,FALSE,FALSE,FALSE,FALSE,FALSE,FALSE,FALSE,FALSE,1,1,"singleton",0,0,0,0,0,0,0,0,0,0,0,5,"Reference range"
"202530",41.72,2,2024-05-15,"22220785",39.6,"240742","606318","62116",5666,"2024",5,"Spring",2020-11-15,2023-01-02,16.4193548387097,FALSE,"2020",11,"Autumn","non-G-coded","female","2",41.72,"31-42",FALSE,FALSE,FALSE,FALSE,FALSE,FALSE,FALSE,FALSE,FALSE,FALSE,1,1,"singleton",0,0,0,0,0,0,0,0,0,0,0,5,"Reference range"
"62323",102.27,7,2024-08-17,"15620126",46.4,"241026",NA,NA,5172,"2024",8,"Summer",2016-02-17,2018-01-02,79.4838709677419,FALSE,"2016",2,"Winter","non-G-coded","female",">=7",102.27,">60",FALSE,FALSE,FALSE,FALSE,FALSE,FALSE,FALSE,FALSE,FALSE,FALSE,1,1,"singleton",0,0,0,0,0,0,0,0,0,0,0,8,"Reference range"
"H01134",24.33,1,2024-03-30,"13220085",47.2,"240567","2545109367","70433",5968,"2024",3,"Spring",2022-03-30,2024-07-02,-3.09677419354839,TRUE,"2022",3,"Spring","non-G-coded","female","1",24.33,"<=30",FALSE,FALSE,FALSE,FALSE,FALSE,FALSE,FALSE,FALSE,FALSE,FALSE,1,1,"singleton",0,0,0,0,0,0,0,0,0,0,0,3,"Reference range"
"70359",72.02,4,2023-05-19,"865530狼血",38.2,"234761",NA,NA,8417,"2023",5,"Spring",2017-05-19,2020-07-02,34.5483870967742,FALSE,"2017",5,"Spring","non-G-coded","female","4",72.02,">60",FALSE,FALSE,FALSE,FALSE,FALSE,FALSE,FALSE,FALSE,FALSE,FALSE,1,1,"singleton",0,0,0,0,0,0,0,0,0,0,0,5,"Reference range"
"212720",23.31,1,2023-04-04,"65117533",46.3,"234536",NA,NA,8708,"2023",4,"Spring",2021-05-04,2024-08-02,-15.9333333333333,TRUE,"2021",5,"Spring","non-G-coded","female","1",23.31,"<=30",FALSE,FALSE,FALSE,FALSE,FALSE,FALSE,FALSE,FALSE,FALSE,FALSE,1,1,"singleton",0,0,0,0,0,0,0,0,0,0,0,4,"Reference range"
"61055",103.42,7,2024-08-17,"15620128",37.2,"241025",NA,NA,5173,"2024",8,"Summer",2016-01-17,2017-12-02,80.4838709677419,FALSE,"2016",1,"Winter","non-G-coded","female",">=7",103.42,">60",FALSE,FALSE,FALSE,FALSE,FALSE,FALSE,FALSE,FALSE,FALSE,FALSE,1,1,"singleton",0,0,0,0,0,0,0,0,0,0,0,8,"Reference range"
"00782",50.62,2,2023-09-03,"公牛",41.4,"9465",NA,NA,7760,"2023",9,"Autumn",2019-06-03,2022-04-02,17.0333333333333,FALSE,"2019",6,"Summer","non-G-coded","female","2",50.62,"43-60",FALSE,FALSE,FALSE,FALSE,FALSE,FALSE,FALSE,FALSE,FALSE,FALSE,1,1,"singleton",0,0,0,0,0,0,0,0,0,0,0,9,"Reference range"
"00269",86.46,6,2026-05-23,"41120238",45.4,"261514","171790","X085",198,"2026",5,"Spring",2019-03-23,2019-05-02,84.6774193548387,FALSE,"2019",3,"Spring","non-G-coded","female","6",86.46,">60",FALSE,FALSE,FALSE,FALSE,FALSE,FALSE,FALSE,FALSE,FALSE,FALSE,1,1,"singleton",0,0,0,0,0,0,0,0,0,0,0,5,"Reference range"
"800541",56.67,3,2023-04-23,"871041文尼哥",45,"234635",NA,NA,8557,"2023",4,"Spring",2018-07-23,2021-10-02,18.7,FALSE,"2018",7,"Summer","non-G-coded","female","3",56.67,"43-60",FALSE,FALSE,FALSE,FALSE,FALSE,FALSE,FALSE,FALSE,FALSE,FALSE,1,1,"singleton",0,0,0,0,0,0,0,0,0,0,0,4,"Reference range"
"800532",58.25,4,2023-06-05,"7402563907",37.5,"234850",NA,NA,8304,"2023",6,"Summer",2018-08-05,2021-09-02,21.1,FALSE,"2018",8,"Summer","non-G-coded","female","4",58.25,"43-60",FALSE,FALSE,FALSE,FALSE,FALSE,FALSE,FALSE,FALSE,FALSE,FALSE,1,1,"singleton",0,0,0,0,0,0,0,0,0,0,0,6,"Reference range"
"234831",23.6,1,2025-05-21,"427133",40.3,"250737","854773威吉吉","01033",2892,"2025",5,"Spring",2023-05-21,2024-07-02,10.6129032258065,TRUE,"2023",5,"Spring","non-G-coded","female","1",23.6,"<=30",FALSE,FALSE,FALSE,FALSE,FALSE,FALSE,FALSE,FALSE,FALSE,FALSE,1,1,"singleton",0,0,0,0,0,0,0,0,0,0,0,5,"Reference range"
"70554",104.8,7,2026-06-06,"41120238",40.2,"261564",NA,NA,95,"2026",6,"Summer",2017-09-06,2017-10-02,104.133333333333,FALSE,"2017",9,"Autumn","non-G-coded","female",">=7",104.8,">60",FALSE,FALSE,FALSE,FALSE,FALSE,FALSE,FALSE,FALSE,FALSE,FALSE,1,1,"singleton",0,0,0,0,0,0,0,0,0,0,0,6,"Reference range"
"212176",37.21,2,2024-02-26,"862025瓦特罗",42.4,"240393","180781","62352",6315,"2024",2,"Winter",2021-01-26,2023-06-02,8.82758620689655,TRUE,"2021",1,"Winter","non-G-coded","female","2",37.21,"31-42",FALSE,FALSE,FALSE,FALSE,FALSE,FALSE,FALSE,FALSE,FALSE,FALSE,1,1,"singleton",0,0,0,0,0,0,0,0,0,0,0,2,"Reference range"
"00054",81.36,5,2025-10-26,"22217329",47.2,"251240","171790","10532",1833,"2025",10,"Autumn",2019-01-26,2019-10-02,72.7741935483871,FALSE,"2019",1,"Winter","non-G-coded","female","5",81.36,">60",FALSE,FALSE,FALSE,FALSE,FALSE,FALSE,FALSE,FALSE,FALSE,FALSE,1,1,"singleton",0,0,0,0,0,0,0,0,0,0,0,10,"Reference range"
"201084",53.98,3,2024-07-19,"171206",46.2,"240945","186756","60094",5339,"2024",7,"Summer",2020-01-19,2022-01-02,30.5483870967742,FALSE,"2020",1,"Winter","non-G-coded","female","3",53.98,"43-60",FALSE,FALSE,FALSE,FALSE,FALSE,FALSE,FALSE,FALSE,FALSE,FALSE,1,1,"singleton",0,0,0,0,0,0,0,0,0,0,0,7,"Reference range"
"234541",37.57,1,2026-05-20,"21219011",41.2,"261503","854773威吉吉","20100",220,"2026",5,"Spring",2023-03-20,2023-05-02,36.5806451612903,FALSE,"2023",3,"Spring","non-G-coded","female","1",37.57,"31-42",FALSE,FALSE,FALSE,FALSE,FALSE,FALSE,FALSE,FALSE,FALSE,FALSE,1,1,"singleton",0,0,0,0,0,0,0,0,0,0,0,5,"Reference range"
"800091",72.16,4,2024-02-26,"862025瓦特罗",40.1,"240391",NA,NA,6321,"2024",2,"Winter",2018-02-26,2020-07-02,43.8275862068966,FALSE,"2018",2,"Winter","non-G-coded","female","4",72.16,">60",FALSE,FALSE,FALSE,FALSE,FALSE,FALSE,FALSE,FALSE,FALSE,FALSE,1,1,"singleton",0,0,0,0,0,0,0,0,0,0,0,2,"Reference range"
"62586",89.74,5,2023-08-09,"865530狼血",47.2,"235183",NA,NA,7926,"2023",8,"Summer",2016-02-09,2019-01-02,55.2258064516129,FALSE,"2016",2,"Winter","non-G-coded","female","5",89.74,">60",FALSE,FALSE,FALSE,FALSE,FALSE,FALSE,FALSE,FALSE,FALSE,FALSE,1,1,"singleton",0,0,0,0,0,0,0,0,0,0,0,8,"Reference range"
"62373",91.55,6,2023-09-20,"865530狼血",42.5,"235414",NA,NA,7664,"2023",9,"Autumn",2016-01-20,2018-11-02,58.6,FALSE,"2016",1,"Winter","non-G-coded","female","6",91.55,">60",FALSE,FALSE,FALSE,FALSE,FALSE,FALSE,FALSE,FALSE,FALSE,FALSE,1,1,"singleton",0,0,0,0,0,0,0,0,0,0,0,9,"Reference range"
"61834",112.36,7,2025-05-22,"863302",45,"250740",NA,NA,2880,"2025",5,"Spring",2016-01-22,2017-03-02,98.6451612903226,FALSE,"2016",1,"Winter","non-G-coded","female",">=7",112.36,">60",FALSE,FALSE,FALSE,FALSE,FALSE,FALSE,FALSE,FALSE,FALSE,FALSE,1,1,"singleton",0,0,0,0,0,0,0,0,0,0,0,5,"Reference range"
"61796",114.53,7,2025-07-20,"22121207",43.2,"250925",NA,NA,2497,"2025",7,"Summer",2015-12-20,2016-12-02,103.58064516129,FALSE,"2015",12,"Winter","non-G-coded","female",">=7",114.53,">60",FALSE,FALSE,FALSE,FALSE,FALSE,FALSE,FALSE,FALSE,FALSE,FALSE,1,1,"singleton",0,0,0,0,0,0,0,0,0,0,0,7,"Reference range"
"40526",96.84,6,2024-02-25,"862025瓦特罗",48.2,"240380",NA,NA,6342,"2024",2,"Winter",2016-01-25,2018-06-02,68.7931034482759,FALSE,"2016",1,"Winter","non-G-coded","female","6",96.84,">60",FALSE,FALSE,FALSE,FALSE,FALSE,FALSE,FALSE,FALSE,FALSE,FALSE,1,1,"singleton",0,0,0,0,0,0,0,0,0,0,0,2,"Reference range"
"234008",39.41,2,2026-04-10,"41120238",46.4,"261375","854282维利纳诺","212211",458,"2026",4,"Spring",2023-01-10,2023-04-02,36.2666666666667,FALSE,"2023",1,"Winter","non-G-coded","female","2",39.41,"31-42",FALSE,FALSE,FALSE,FALSE,FALSE,FALSE,FALSE,FALSE,FALSE,FALSE,1,1,"singleton",0,0,0,0,0,0,0,0,0,0,0,4,"Reference range"
"62820",111.67,7,2025-05-10,"427133",37.8,"250674",NA,NA,3000,"2025",5,"Spring",2016-01-10,2017-03-02,98.258064516129,FALSE,"2016",1,"Winter","non-G-coded","female",">=7",111.67,">60",FALSE,FALSE,FALSE,FALSE,FALSE,FALSE,FALSE,FALSE,FALSE,FALSE,1,1,"singleton",0,0,0,0,0,0,0,0,0,0,0,5,"Reference range"
"00388",50.26,3,2023-06-15,"7402563907",45.6,"234907",NA,NA,8226,"2023",6,"Summer",2019-04-15,2022-05-02,13.4333333333333,TRUE,"2019",4,"Spring","non-G-coded","female","3",50.26,"43-60",FALSE,FALSE,FALSE,FALSE,FALSE,FALSE,FALSE,FALSE,FALSE,FALSE,1,1,"singleton",0,0,0,0,0,0,0,0,0,0,0,6,"Reference range"
"240204",28.47,1,2026-06-18,"41121286",41.8,"261608","862025瓦特罗","224274",27,"2026",6,"Summer",2024-02-18,2024-03-02,27.5333333333333,FALSE,"2024",2,"Winter","non-G-coded","female","1",28.47,"<=30",FALSE,FALSE,FALSE,FALSE,FALSE,FALSE,FALSE,FALSE,FALSE,FALSE,1,1,"singleton",0,0,0,0,0,0,0,0,0,0,0,6,"Reference range"
"201876",111.97,5,2025-06-18,"863302",47.9,"250808",NA,NA,2734,"2025",6,"Summer",2016-02-18,2017-03-02,99.5333333333333,FALSE,"2016",2,"Winter","non-G-coded","female","5",111.97,">60",FALSE,FALSE,FALSE,FALSE,FALSE,FALSE,FALSE,FALSE,FALSE,FALSE,1,1,"singleton",0,0,0,0,0,0,0,0,0,0,0,6,"Reference range"
"212976",60.78,4,2026-06-20,"41120238",42.4,"261616","7029225762","14250",14,"2026",6,"Summer",2021-05-20,2021-06-02,60.6,FALSE,"2021",5,"Spring","non-G-coded","female","4",60.78,">60",FALSE,FALSE,FALSE,FALSE,FALSE,FALSE,FALSE,FALSE,FALSE,FALSE,1,1,"singleton",0,0,0,0,0,0,0,0,0,0,0,6,"Reference range"
"212227",73.96,4,2025-06-29,"863302",48.2,"250862",NA,NA,2646,"2025",6,"Summer",2019-04-29,2020-05-02,61.9,FALSE,"2019",4,"Spring","non-G-coded","female","4",73.96,">60",FALSE,FALSE,FALSE,FALSE,FALSE,FALSE,FALSE,FALSE,FALSE,FALSE,1,1,"singleton",0,0,0,0,0,0,0,0,0,0,0,6,"Reference range"
"70201",82.97,6,2024-02-22,"FR7045049997",35.9,"240356","426864","0019",6390,"2024",2,"Winter",2017-03-22,2019-08-02,54.6896551724138,FALSE,"2017",3,"Spring","non-G-coded","female","6",82.97,">60",FALSE,FALSE,FALSE,FALSE,FALSE,FALSE,FALSE,FALSE,FALSE,FALSE,1,1,"singleton",0,0,0,0,1,0,0,0,0,0,0,2,"Reference range"
"01268",45.53,2,2023-02-02,"871041文尼哥",41.5,"234152",NA,NA,9270,"2023",2,"Winter",2019-04-02,2022-09-02,5,TRUE,"2019",4,"Spring","non-G-coded","female","2",45.53,"43-60",FALSE,FALSE,FALSE,FALSE,FALSE,FALSE,FALSE,FALSE,FALSE,FALSE,1,1,"singleton",0,0,0,0,0,0,0,0,0,0,0,2,"Reference range"
"213763L",23.73,1,2023-11-14,"865530狼血",36.3,"235679",NA,NA,7354,"2023",11,"Autumn",2021-11-14,2024-07-02,-7.6,TRUE,"2021",11,"Autumn","non-G-coded","female","1",23.73,"<=30",FALSE,FALSE,FALSE,FALSE,FALSE,FALSE,FALSE,FALSE,FALSE,FALSE,1,1,"singleton",0,0,0,0,1,0,0,0,0,0,0,11,"Reference range"
"235877",27.68,1,2026-04-04,"41422157",46.4,"261348",NA,NA,502,"2026",4,"Spring",2023-12-04,2024-03-02,25.0666666666667,FALSE,"2023",12,"Winter","non-G-coded","female","1",27.68,"<=30",FALSE,FALSE,FALSE,FALSE,FALSE,FALSE,FALSE,FALSE,FALSE,FALSE,1,1,"singleton",0,0,0,0,0,0,0,0,0,0,0,4,"Reference range"
"202043",58.05,3,2025-06-30,"22218621",41.7,"250865","606244","60803",2633,"2025",6,"Summer",2020-08-30,2021-09-02,45.9333333333333,FALSE,"2020",8,"Summer","non-G-coded","female","3",58.05,"43-60",FALSE,FALSE,FALSE,FALSE,FALSE,FALSE,FALSE,FALSE,FALSE,FALSE,1,1,"singleton",0,0,0,0,0,0,0,0,0,0,0,6,"Reference range"
"1448",80.28,6,2024-08-15,"15620126",41.6,"241022",NA,NA,5183,"2024",8,"Summer",2017-12-15,2019-11-02,57.4193548387097,FALSE,"2017",12,"Winter","non-G-coded","female","6",80.28,">60",FALSE,FALSE,FALSE,FALSE,FALSE,FALSE,FALSE,FALSE,FALSE,FALSE,1,1,"singleton",0,0,0,0,0,0,0,0,0,0,0,8,"Reference range"
"213108",50.07,3,2024-05-27,"22220785",40.6,"240779","606244","62170",5591,"2024",5,"Spring",2020-03-27,2022-05-02,24.8064516129032,FALSE,"2020",3,"Spring","non-G-coded","female","3",50.07,"43-60",FALSE,FALSE,FALSE,FALSE,FALSE,FALSE,FALSE,FALSE,FALSE,FALSE,1,1,"singleton",0,0,0,0,0,0,0,0,0,0,0,5,"Reference range"
"201459",40.04,2,2023-08-08,"865530狼血",43.4,"235176L","606244","140550",7934,"2023",8,"Summer",2020-04-08,2023-03-02,5.19354838709677,TRUE,"2020",4,"Spring","non-G-coded","female","2",40.04,"31-42",FALSE,FALSE,FALSE,FALSE,FALSE,FALSE,FALSE,FALSE,FALSE,FALSE,1,1,"singleton",0,0,0,0,0,0,0,0,0,0,0,8,"Reference range"
"H212053",25.51,1,2023-08-26,"854282维利纳诺",39,"235279",NA,NA,7824,"2023",8,"Summer",2021-06-26,2024-05-02,-8.2258064516129,TRUE,"2021",6,"Summer","non-G-coded","female","1",25.51,"<=30",FALSE,FALSE,FALSE,FALSE,FALSE,FALSE,FALSE,FALSE,FALSE,FALSE,1,1,"singleton",0,0,0,0,0,0,0,0,0,0,0,8,"Reference range"
"224417",37.44,2,2025-04-25,"22218621",49.2,"250604","180781","62545",3157,"2025",4,"Spring",2022-03-25,2023-06-02,22.7666666666667,FALSE,"2022",3,"Spring","non-G-coded","female","2",37.44,"31-42",FALSE,FALSE,FALSE,FALSE,FALSE,FALSE,FALSE,FALSE,FALSE,FALSE,1,1,"singleton",0,0,0,0,0,1,0,0,0,0,0,4,"Reference range"
"G8334",33.1,2,2025-11-18,"41121286",44.6,"251353","865530狼血","70095",1608,"2025",11,"Autumn",2023-02-18,2023-10-02,25.5333333333333,FALSE,"2023",2,"Winter","non-G-coded","female","2",33.1,"31-42",FALSE,FALSE,FALSE,FALSE,FALSE,FALSE,FALSE,FALSE,FALSE,FALSE,1,1,"singleton",0,0,0,0,0,0,0,0,0,0,0,11,"Reference range"
"212227",47.67,2,2023-04-21,"871041文尼哥",42.5,"234627",NA,NA,8577,"2023",4,"Spring",2019-04-21,2022-07-02,9.63333333333333,TRUE,"2019",4,"Spring","non-G-coded","female","2",47.67,"43-60",FALSE,FALSE,FALSE,FALSE,FALSE,FALSE,FALSE,FALSE,FALSE,FALSE,1,1,"singleton",0,0,0,0,0,0,0,0,0,0,0,4,"Reference range"
"213660",47.73,3,2025-10-27,"41121286",38.6,"251252","854282","63016",1820,"2025",10,"Autumn",2021-10-27,2022-07-02,39.8064516129032,FALSE,"2021",10,"Autumn","non-G-coded","female","3",47.73,"43-60",FALSE,FALSE,FALSE,FALSE,FALSE,FALSE,FALSE,FALSE,FALSE,FALSE,1,1,"singleton",0,0,0,0,0,0,0,0,0,0,0,10,"Reference range"
"235053L",30.7,1,2026-02-01,"41121296",42.8,"260067",NA,NA,1058,"2026",2,"Winter",2023-07-01,2023-12-02,25.9677419354839,FALSE,"2023",7,"Summer","non-G-coded","female","1",30.7,"31-42",FALSE,FALSE,FALSE,FALSE,FALSE,FALSE,FALSE,FALSE,FALSE,FALSE,1,1,"singleton",0,0,0,0,0,0,0,0,0,0,0,2,"Reference range"
"202628",27.25,1,2023-03-21,"15618205",46.3,"234444","180600","70673",8857,"2023",3,"Spring",2020-12-21,2024-04-02,-12.3870967741935,TRUE,"2020",12,"Winter","non-G-coded","female","1",27.25,"<=30",FALSE,FALSE,FALSE,FALSE,FALSE,FALSE,FALSE,FALSE,FALSE,FALSE,1,1,"singleton",0,0,0,0,0,0,0,0,0,0,0,3,"Reference range"
"62339",100.13,6,2024-06-29,"171206",43.2,"240893",NA,NA,5383,"2024",6,"Summer",2016-02-29,2018-03-02,75.9,FALSE,"2016",2,"Winter","non-G-coded","female","6",100.13,">60",FALSE,FALSE,FALSE,FALSE,FALSE,FALSE,FALSE,FALSE,FALSE,FALSE,1,1,"singleton",0,0,0,0,0,0,0,0,0,0,0,6,"Reference range"
"30448",127.74,9,2023-08-30,"7402563907",49.3,"235301",NA,NA,7803,"2023",8,"Summer",2012-12-30,2015-11-02,93.9032258064516,FALSE,"2012",12,"Winter","non-G-coded","female",">=7",127.74,">60",FALSE,FALSE,FALSE,FALSE,FALSE,FALSE,FALSE,FALSE,FALSE,FALSE,1,1,"singleton",0,0,0,0,0,1,0,0,0,0,0,8,"Reference range"
"234875",35.96,2,2026-06-06,"41120238",44.5,"261563",NA,NA,90,"2026",6,"Summer",2023-06-06,2023-07-02,35.1333333333333,FALSE,"2023",6,"Summer","non-G-coded","female","2",35.96,"31-42",FALSE,FALSE,FALSE,FALSE,FALSE,FALSE,FALSE,FALSE,FALSE,FALSE,1,1,"singleton",0,0,0,0,0,0,0,0,0,0,0,6,"Reference range"
"201321",46.25,3,2024-01-19,"865530狼血",37.6,"240112",NA,NA,6799,"2024",1,"Winter",2020-03-19,2022-09-02,16.5483870967742,FALSE,"2020",3,"Spring","non-G-coded","female","3",46.25,"43-60",FALSE,FALSE,FALSE,FALSE,FALSE,FALSE,FALSE,FALSE,FALSE,FALSE,1,1,"singleton",0,0,0,0,0,0,0,0,0,0,0,1,"Reference range"
"240360",27.02,1,2026-05-23,"41422157",35.8,"261517","862025瓦特罗","801017",193,"2026",5,"Spring",2024-02-23,2024-04-02,25.6774193548387,FALSE,"2024",2,"Winter","non-G-coded","female","1",27.02,"<=30",FALSE,FALSE,FALSE,FALSE,FALSE,FALSE,FALSE,FALSE,FALSE,FALSE,1,1,"singleton",0,0,0,0,1,0,1,0,0,0,0,5,"Reference range"
"00213",55.75,4,2023-10-22,"7402563907",41.5,"235545",NA,NA,7484,"2023",10,"Autumn",2019-02-22,2021-11-02,23.6451612903226,FALSE,"2019",2,"Winter","non-G-coded","female","4",55.75,"43-60",FALSE,FALSE,FALSE,FALSE,FALSE,FALSE,FALSE,FALSE,FALSE,FALSE,1,1,"singleton",0,0,0,0,0,0,0,0,0,0,0,10,"Reference range"
"201752",49.67,3,2024-07-23,"15620128",36.6,"240955","865530","70157",5312,"2024",7,"Summer",2020-05-23,2022-05-02,26.6774193548387,FALSE,"2020",5,"Spring","non-G-coded","female","3",49.67,"43-60",FALSE,FALSE,FALSE,FALSE,FALSE,FALSE,FALSE,FALSE,FALSE,FALSE,1,1,"singleton",0,0,0,0,0,0,0,0,0,0,0,7,"Reference range"
"60066",114.6,7,2025-08-20,"863302",40.8,"251015L",NA,NA,2313,"2025",8,"Summer",2016-01-20,2016-12-02,104.58064516129,FALSE,"2016",1,"Winter","non-G-coded","female",">=7",114.6,">60",FALSE,FALSE,FALSE,FALSE,FALSE,FALSE,FALSE,FALSE,FALSE,FALSE,1,1,"singleton",0,0,0,0,0,0,0,0,0,0,0,8,"Reference range"
"60570",106.02,8,2025-09-27,"15618075",39.6,"251115","426864","1503",2074,"2025",9,"Autumn",2016-11-27,2017-09-02,96.8333333333333,FALSE,"2016",11,"Autumn","non-G-coded","female",">=7",106.02,">60",FALSE,FALSE,FALSE,FALSE,FALSE,FALSE,FALSE,FALSE,FALSE,FALSE,1,1,"singleton",0,0,0,0,0,0,0,0,0,0,0,9,"Reference range"
"212860",35.83,2,2024-05-04,"22220785",36.8,"240707","606306","61579",5741,"2024",5,"Spring",2021-05-04,2023-07-02,10.0645161290323,TRUE,"2021",5,"Spring","non-G-coded","female","2",35.83,"31-42",FALSE,FALSE,FALSE,FALSE,FALSE,FALSE,FALSE,FALSE,FALSE,FALSE,1,1,"singleton",0,0,0,0,0,0,0,0,0,0,0,5,"Reference range"
"212362L",41.68,2,2025-05-18,"22218621",44.6,"250721",NA,NA,2921,"2025",5,"Spring",2021-11-18,2023-01-02,28.5161290322581,FALSE,"2021",11,"Autumn","non-G-coded","female","2",41.68,"31-42",FALSE,FALSE,FALSE,FALSE,FALSE,FALSE,FALSE,FALSE,FALSE,FALSE,1,1,"singleton",0,0,0,0,0,0,0,0,0,0,0,5,"Reference range"
"61261",100.33,6,2024-06-26,"171206",40.2,"240886",NA,NA,5397,"2024",6,"Summer",2016-02-26,2018-03-02,75.8,FALSE,"2016",2,"Winter","non-G-coded","female","6",100.33,">60",FALSE,FALSE,FALSE,FALSE,FALSE,FALSE,FALSE,FALSE,FALSE,FALSE,1,1,"singleton",0,0,0,0,0,0,0,0,0,0,0,6,"Reference range"
"201488",63.21,4,2025-07-17,"22122089",35.8,"250915","606244","62106",2520,"2025",7,"Summer",2020-04-17,2021-04-02,51.4838709677419,FALSE,"2020",4,"Spring","non-G-coded","female","4",63.21,">60",FALSE,FALSE,FALSE,FALSE,FALSE,FALSE,FALSE,FALSE,FALSE,FALSE,1,1,"singleton",0,0,0,0,1,0,1,0,0,0,0,7,"Reference range"
"61639",85.24,5,2023-03-24,"871041文尼哥",45.3,"234466",NA,NA,8817,"2023",3,"Spring",2016-02-24,2019-06-02,45.7096774193548,FALSE,"2016",2,"Winter","non-G-coded","female","5",85.24,">60",FALSE,FALSE,FALSE,FALSE,FALSE,FALSE,FALSE,FALSE,FALSE,FALSE,1,1,"singleton",0,0,0,0,0,0,0,0,0,0,0,3,"Reference range"
"70281",95.96,7,2025-04-19,"427133",40.2,"250563",NA,NA,3224,"2025",4,"Spring",2017-04-19,2018-07-02,81.5666666666667,FALSE,"2017",4,"Spring","non-G-coded","female",">=7",95.96,">60",FALSE,FALSE,FALSE,FALSE,FALSE,FALSE,FALSE,FALSE,FALSE,FALSE,1,1,"singleton",0,0,0,0,0,0,0,0,0,0,0,4,"Reference range"
"235157",27.15,1,2025-11-06,"41121286",48.6,"251288","854773威吉吉","60548",1726,"2025",11,"Autumn",2023-08-06,2024-04-02,19.1333333333333,FALSE,"2023",8,"Summer","non-G-coded","female","1",27.15,"<=30",FALSE,FALSE,FALSE,FALSE,FALSE,FALSE,FALSE,FALSE,FALSE,FALSE,1,1,"singleton",0,0,0,0,0,1,0,0,0,0,0,11,"Reference range"
"212362",36.88,2,2024-04-26,"22220785",39.3,"240680",NA,NA,5791,"2024",4,"Spring",2021-03-26,2023-06-02,10.8,TRUE,"2021",3,"Spring","non-G-coded","female","2",36.88,"31-42",FALSE,FALSE,FALSE,FALSE,FALSE,FALSE,FALSE,FALSE,FALSE,FALSE,1,1,"singleton",0,0,0,0,0,0,0,0,0,0,0,4,"Reference range"
"H213281",35.17,2,2025-03-24,"427151",46.2,"250460","180781","00344",3454,"2025",3,"Spring",2022-04-24,2023-08-02,19.7096774193548,FALSE,"2022",4,"Spring","non-G-coded","female","2",35.17,"31-42",FALSE,FALSE,FALSE,FALSE,FALSE,FALSE,FALSE,FALSE,FALSE,FALSE,1,1,"singleton",0,0,0,0,0,0,0,0,0,0,0,3,"Reference range"
"60691",97.83,6,2024-03-12,"FR3917468802",45.6,"240479",NA,NA,6157,"2024",3,"Spring",2016-01-12,2018-05-02,70.3225806451613,FALSE,"2016",1,"Winter","non-G-coded","female","6",97.83,">60",FALSE,FALSE,FALSE,FALSE,FALSE,FALSE,FALSE,FALSE,FALSE,FALSE,1,1,"singleton",0,0,0,0,0,0,0,0,0,0,0,3,"Reference range"
"212016",47.44,3,2025-04-20,"22218621",45.2,"250567",NA,NA,3216,"2025",4,"Spring",2021-05-20,2022-08-02,32.6,FALSE,"2021",5,"Spring","non-G-coded","female","3",47.44,"43-60",FALSE,FALSE,FALSE,FALSE,FALSE,FALSE,FALSE,FALSE,FALSE,FALSE,1,1,"singleton",0,0,0,0,0,0,0,0,0,0,0,4,"Reference range"
"234931",22.55,1,2025-05-06,"22218621",44.3,"250653","854773威吉吉","00842",3042,"2025",5,"Spring",2023-06-06,2024-08-02,9.12903225806452,TRUE,"2023",6,"Summer","non-G-coded","female","1",22.55,"<=30",FALSE,FALSE,FALSE,FALSE,FALSE,FALSE,FALSE,FALSE,FALSE,FALSE,1,1,"singleton",0,0,0,0,0,0,0,0,0,0,0,5,"Reference range"
"224356",26.23,1,2024-05-10,"22220785",36.7,"240724","2545109367","60606",5699,"2024",5,"Spring",2022-03-10,2024-05-02,0.258064516129032,TRUE,"2022",3,"Spring","non-G-coded","female","1",26.23,"<=30",FALSE,FALSE,FALSE,FALSE,FALSE,FALSE,FALSE,FALSE,FALSE,FALSE,1,1,"singleton",0,0,0,0,0,0,0,0,0,0,0,5,"Reference range"
"202513",33.76,2,2023-09-12,"7402563907",35.8,"235376","163940","00680",7714,"2023",9,"Autumn",2020-11-12,2023-09-02,0.333333333333333,TRUE,"2020",11,"Autumn","non-G-coded","female","2",33.76,"31-42",FALSE,FALSE,FALSE,FALSE,FALSE,FALSE,FALSE,FALSE,FALSE,FALSE,1,1,"singleton",0,0,0,0,1,0,1,0,0,0,0,9,"Reference range"
"212411",59.63,3,2026-02-25,"41121296",40.3,"260139","180781","00247",902,"2026",2,"Winter",2021-02-25,2021-07-02,55.8214285714286,FALSE,"2021",2,"Winter","non-G-coded","female","3",59.63,"43-60",FALSE,FALSE,FALSE,FALSE,FALSE,FALSE,FALSE,FALSE,FALSE,FALSE,1,1,"singleton",0,0,0,0,0,0,0,0,0,0,0,2,"Reference range"
"213661",47.6,3,2025-10-24,"863302",49.3,"251233","606306","91137",1851,"2025",10,"Autumn",2021-10-24,2022-07-02,39.7096774193548,FALSE,"2021",10,"Autumn","non-G-coded","female","3",47.6,"43-60",FALSE,FALSE,FALSE,FALSE,FALSE,FALSE,FALSE,FALSE,FALSE,FALSE,1,1,"singleton",0,0,0,0,0,1,0,0,0,0,0,10,"Reference range"
"202429",44.64,2,2024-07-24,"22220785",38,"240958","163940","X153",5288,"2024",7,"Summer",2020-10-24,2022-10-02,21.7096774193548,FALSE,"2020",10,"Autumn","non-G-coded","female","2",44.64,"43-60",FALSE,FALSE,FALSE,FALSE,FALSE,FALSE,FALSE,FALSE,FALSE,FALSE,1,1,"singleton",0,0,0,0,0,0,0,0,0,0,0,7,"Reference range"
"212997",51.78,2,2025-09-25,"41121296",43.2,"251107",NA,NA,2099,"2025",9,"Autumn",2021-05-25,2022-03-02,42.7666666666667,FALSE,"2021",5,"Spring","non-G-coded","female","2",51.78,"43-60",FALSE,FALSE,FALSE,FALSE,FALSE,FALSE,FALSE,FALSE,FALSE,FALSE,1,1,"singleton",0,0,0,0,0,0,0,0,0,0,0,9,"Reference range"
"01322",57.26,2,2024-07-26,"171206",41.6,"240967",NA,NA,5277,"2024",7,"Summer",2019-10-26,2021-10-02,33.7741935483871,FALSE,"2019",10,"Autumn","non-G-coded","female","2",57.26,"43-60",FALSE,FALSE,FALSE,FALSE,FALSE,FALSE,FALSE,FALSE,FALSE,FALSE,1,1,"singleton",0,0,0,0,0,0,0,0,0,0,0,7,"Reference range"
"202117",67.13,5,2026-04-20,"41120238",49.4,"261417","606244","62613",386,"2026",4,"Spring",2020-09-20,2020-12-02,64.6,FALSE,"2020",9,"Autumn","non-G-coded","female","5",67.13,">60",FALSE,FALSE,FALSE,FALSE,FALSE,FALSE,FALSE,FALSE,FALSE,FALSE,1,1,"singleton",0,0,0,0,0,1,0,0,0,0,0,4,"Reference range"
"213845",48.72,3,2026-01-01,"21219011",44.2,"260000",NA,NA,1211,"2026",1,"Winter",2021-12-01,2022-06-02,42.9677419354839,FALSE,"2021",12,"Winter","non-G-coded","female","3",48.72,"43-60",FALSE,FALSE,FALSE,FALSE,FALSE,FALSE,FALSE,FALSE,FALSE,FALSE,1,1,"singleton",0,0,0,0,0,0,0,0,0,0,0,1,"Reference range"
"234629",24.65,1,2025-05-10,"22218621",35.5,"250675","871041文尼哥","61752",2999,"2025",5,"Spring",2023-04-10,2024-06-02,11.258064516129,TRUE,"2023",4,"Spring","non-G-coded","female","1",24.65,"<=30",FALSE,FALSE,FALSE,FALSE,FALSE,FALSE,FALSE,FALSE,FALSE,FALSE,1,1,"singleton",0,0,0,0,1,0,1,0,0,0,0,5,"Reference range"
"L213128",29.06,1,2023-12-17,"865530狼血",43.2,"235891",NA,NA,7109,"2023",12,"Winter",2021-07-17,2024-02-02,-1.51612903225806,TRUE,"2021",7,"Summer","non-G-coded","female","1",29.06,"<=30",FALSE,FALSE,FALSE,FALSE,FALSE,FALSE,FALSE,FALSE,FALSE,FALSE,1,1,"singleton",0,0,0,0,0,0,0,0,0,0,0,12,"Reference range"
"61038",95.1,5,2023-12-21,"854773威吉吉",45.3,"235930",NA,NA,7057,"2023",12,"Winter",2016-01-21,2018-08-02,64.6129032258064,FALSE,"2016",1,"Winter","non-G-coded","female","5",95.1,">60",FALSE,FALSE,FALSE,FALSE,FALSE,FALSE,FALSE,FALSE,FALSE,FALSE,1,1,"singleton",0,0,0,0,0,0,0,0,0,0,0,12,"Reference range"
"202572",37.94,1,2024-01-30,"865530狼血",44.6,"240177",NA,NA,6710,"2024",1,"Winter",2020-11-30,2023-05-02,8.90322580645161,TRUE,"2020",11,"Autumn","non-G-coded","female","1",37.94,"31-42",FALSE,FALSE,FALSE,FALSE,FALSE,FALSE,FALSE,FALSE,FALSE,FALSE,1,1,"singleton",0,0,0,0,0,0,0,0,0,0,0,1,"Reference range"
"212027",55.03,3,2025-11-24,"21219011",36.6,"251379",NA,NA,1539,"2025",11,"Autumn",2021-04-24,2021-12-02,47.7333333333333,FALSE,"2021",4,"Spring","non-G-coded","female","3",55.03,"43-60",FALSE,FALSE,FALSE,FALSE,FALSE,FALSE,FALSE,FALSE,FALSE,FALSE,1,1,"singleton",0,0,0,0,0,0,0,0,0,0,0,11,"Reference range"
"20064",33.17,2,2023-03-08,"854773威吉吉",48.5,"234354",NA,NA,8991,"2023",3,"Spring",2020-06-08,2023-10-02,-6.80645161290323,TRUE,"2020",6,"Summer","non-G-coded","female","2",33.17,"31-42",FALSE,FALSE,FALSE,FALSE,FALSE,FALSE,FALSE,FALSE,FALSE,FALSE,1,1,"singleton",0,0,0,0,0,1,0,0,0,0,0,3,"Reference range"
"212945",50.36,3,2025-08-02,"22121105",44.7,"250965","603268","00727",2407,"2025",8,"Summer",2021-06-02,2022-05-02,39,FALSE,"2021",6,"Summer","non-G-coded","female","3",50.36,"43-60",FALSE,FALSE,FALSE,FALSE,FALSE,FALSE,FALSE,FALSE,FALSE,FALSE,1,1,"singleton",0,0,0,0,0,0,0,0,0,0,0,8,"Reference range"
"62480",94.21,6,2024-01-01,"FR7045049997",42.3,"240025",NA,NA,6947,"2024",1,"Winter",2016-03-01,2018-09-02,63.9677419354839,FALSE,"2016",3,"Spring","non-G-coded","female","6",94.21,">60",FALSE,FALSE,FALSE,FALSE,FALSE,FALSE,FALSE,FALSE,FALSE,FALSE,1,1,"singleton",0,0,0,0,0,0,0,0,0,0,0,1,"Reference range"
"61395",99.21,7,2024-05-13,"862025瓦特罗",46.7,"240734",NA,NA,5681,"2024",5,"Spring",2016-02-13,2018-04-02,73.3548387096774,FALSE,"2016",2,"Winter","non-G-coded","female",">=7",99.21,">60",FALSE,FALSE,FALSE,FALSE,FALSE,FALSE,FALSE,FALSE,FALSE,FALSE,1,1,"singleton",0,0,0,0,0,0,0,0,0,0,0,5,"Reference range"
"224160",45.76,3,2025-11-18,"41121286",40.6,"251350","6868671111","Z00150",1604,"2025",11,"Autumn",2022-01-18,2022-09-02,38.5333333333333,FALSE,"2022",1,"Winter","non-G-coded","female","3",45.76,"43-60",FALSE,FALSE,FALSE,FALSE,FALSE,FALSE,FALSE,FALSE,FALSE,FALSE,1,1,"singleton",0,0,0,0,0,0,0,0,0,0,0,11,"Reference range"
"95121",59.01,3,2024-07-10,"171206",43.6,"240925",NA,NA,5366,"2024",7,"Summer",2019-08-10,2021-08-02,35.258064516129,FALSE,"2019",8,"Summer","non-G-coded","female","3",59.01,"43-60",FALSE,FALSE,FALSE,FALSE,FALSE,FALSE,FALSE,FALSE,FALSE,FALSE,1,1,"singleton",0,0,0,0,0,0,0,0,0,0,0,7,"Reference range"
"62594",116.27,7,2025-11-01,"41121286",48.8,"251266",NA,NA,1768,"2025",11,"Autumn",2016-03-01,2016-11-02,107.967741935484,FALSE,"2016",3,"Spring","non-G-coded","female",">=7",116.27,">60",FALSE,FALSE,FALSE,FALSE,FALSE,FALSE,FALSE,FALSE,FALSE,FALSE,1,1,"singleton",0,0,0,0,0,1,0,0,0,0,0,11,"Reference range"
"213762",26.73,1,2024-02-13,"862025瓦特罗",41.3,"240279","2544424506","61277",6507,"2024",2,"Winter",2021-11-13,2024-04-02,-1.62068965517241,TRUE,"2021",11,"Autumn","non-G-coded","female","1",26.73,"<=30",FALSE,FALSE,FALSE,FALSE,FALSE,FALSE,FALSE,FALSE,FALSE,FALSE,1,1,"singleton",0,0,0,0,0,0,0,0,0,0,0,2,"Reference range"
"61252",83.76,5,2023-01-30,"871041文尼哥",42.3,"234139",NA,NA,9290,"2023",1,"Winter",2016-01-30,2019-07-02,42.9032258064516,FALSE,"2016",1,"Winter","non-G-coded","female","5",83.76,">60",FALSE,FALSE,FALSE,FALSE,FALSE,FALSE,FALSE,FALSE,FALSE,FALSE,1,1,"singleton",0,0,0,0,0,0,0,0,0,0,0,1,"Reference range"
"00379",60.98,3,2024-05-04,"22220785",41.8,"240711","171790","60051",5729,"2024",5,"Spring",2019-04-04,2021-06-02,35.0645161290323,FALSE,"2019",4,"Spring","non-G-coded","female","3",60.98,">60",FALSE,FALSE,FALSE,FALSE,FALSE,FALSE,FALSE,FALSE,FALSE,FALSE,1,1,"singleton",0,0,0,0,0,0,0,0,0,0,0,5,"Reference range"
"61159",83.6,5,2023-01-24,"871041文尼哥",46.5,"234118",NA,NA,9333,"2023",1,"Winter",2016-01-24,2019-07-02,42.7096774193548,FALSE,"2016",1,"Winter","non-G-coded","female","5",83.6,">60",FALSE,FALSE,FALSE,FALSE,FALSE,FALSE,FALSE,FALSE,FALSE,FALSE,1,1,"singleton",0,0,0,0,0,0,0,0,0,0,0,1,"Reference range"
"212338",51.38,3,2025-06-10,"22218621",49,"250788L","180781","801145",2775,"2025",6,"Summer",2021-03-10,2022-04-02,38.2666666666667,FALSE,"2021",3,"Spring","non-G-coded","female","3",51.38,"43-60",FALSE,FALSE,FALSE,FALSE,FALSE,FALSE,FALSE,FALSE,FALSE,FALSE,1,1,"singleton",0,0,0,0,0,1,0,0,0,0,0,6,"Reference range"
"201230",41.12,2,2023-07-29,"854773威吉吉",38.4,"235139","606192","91102",7983,"2023",7,"Summer",2020-02-29,2023-02-02,5.87096774193548,TRUE,"2020",2,"Winter","non-G-coded","female","2",41.12,"31-42",FALSE,FALSE,FALSE,FALSE,FALSE,FALSE,FALSE,FALSE,FALSE,FALSE,1,1,"singleton",0,0,0,0,0,0,0,0,0,0,0,7,"Reference range"
"213619",25.87,1,2023-12-22,"865530狼血",40.3,"235939","6868671111","50586",7040,"2023",12,"Winter",2021-10-22,2024-05-02,-4.35483870967742,TRUE,"2021",10,"Autumn","non-G-coded","female","1",25.87,"<=30",FALSE,FALSE,FALSE,FALSE,FALSE,FALSE,FALSE,FALSE,FALSE,FALSE,1,1,"singleton",0,0,0,0,0,0,0,0,0,0,0,12,"Reference range"
"240524",27.12,1,2026-06-22,"41122272",36.4,"261622","FR3917468802","70108",2,"2026",6,"Summer",2024-03-22,2024-04-02,26.6666666666667,FALSE,"2024",3,"Spring","non-G-coded","female","1",27.12,"<=30",FALSE,FALSE,FALSE,FALSE,FALSE,FALSE,FALSE,FALSE,FALSE,FALSE,1,1,"singleton",0,0,0,0,1,0,0,0,0,0,0,6,"Reference range"
"213738",48.09,3,2025-11-20,"41121286",43.4,"251364","606306","62035",1591,"2025",11,"Autumn",2021-11-20,2022-07-02,40.6,FALSE,"2021",11,"Autumn","non-G-coded","female","3",48.09,"43-60",FALSE,FALSE,FALSE,FALSE,FALSE,FALSE,FALSE,FALSE,FALSE,FALSE,1,1,"singleton",0,0,0,0,0,0,0,0,0,0,0,11,"Reference range"
"70486",80.01,5,2024-03-25,"FR3917468802",47.5,"240549",NA,NA,6018,"2024",3,"Spring",2017-07-25,2019-11-02,52.741935483871,FALSE,"2017",7,"Summer","non-G-coded","female","5",80.01,">60",FALSE,FALSE,FALSE,FALSE,FALSE,FALSE,FALSE,FALSE,FALSE,FALSE,1,1,"singleton",0,0,0,0,0,0,0,0,0,0,0,3,"Reference range"
"235323",24.75,1,2025-09-23,"15618075",47.3,"251099","871041文尼哥","61929",2113,"2025",9,"Autumn",2023-08-23,2024-06-02,15.7,FALSE,"2023",8,"Summer","non-G-coded","female","1",24.75,"<=30",FALSE,FALSE,FALSE,FALSE,FALSE,FALSE,FALSE,FALSE,FALSE,FALSE,1,1,"singleton",0,0,0,0,0,0,0,0,0,0,0,9,"Reference range"
"00264",80.93,5,2025-12-05,"41121296",35.3,"251445","171790","61895",1422,"2025",12,"Winter",2019-03-05,2019-10-02,74.0967741935484,FALSE,"2019",3,"Spring","non-G-coded","female","5",80.93,">60",FALSE,FALSE,FALSE,FALSE,FALSE,FALSE,FALSE,FALSE,FALSE,FALSE,1,1,"singleton",0,0,0,0,1,0,1,0,0,0,0,12,"Reference range"
"212435",33.53,1,2023-12-27,"865530狼血",47.2,"235972","180781","00236",6990,"2023",12,"Winter",2021-02-27,2023-09-02,3.80645161290323,TRUE,"2021",2,"Winter","non-G-coded","female","1",33.53,"31-42",FALSE,FALSE,FALSE,FALSE,FALSE,FALSE,FALSE,FALSE,FALSE,FALSE,1,1,"singleton",0,0,0,0,0,0,0,0,0,0,0,12,"Reference range"
"213439L",49.21,2,2025-10-29,"15618075",42.8,"251255",NA,NA,1798,"2025",10,"Autumn",2021-09-29,2022-06-02,40.8709677419355,FALSE,"2021",9,"Autumn","non-G-coded","female","2",49.21,"43-60",FALSE,FALSE,FALSE,FALSE,FALSE,FALSE,FALSE,FALSE,FALSE,FALSE,1,1,"singleton",0,0,0,0,0,0,0,0,0,0,0,10,"Reference range"
"201571",42.37,2,2023-11-07,"854773威吉吉",41.3,"235645",NA,NA,7391,"2023",11,"Autumn",2020-05-07,2023-01-02,10.1666666666667,TRUE,"2020",5,"Spring","non-G-coded","female","2",42.37,"43-60",FALSE,FALSE,FALSE,FALSE,FALSE,FALSE,FALSE,FALSE,FALSE,FALSE,1,1,"singleton",0,0,0,0,0,0,0,0,0,0,0,11,"Reference range"
"212275",61.87,4,2026-04-06,"21219011",44.6,"261356","7402563907","62033",487,"2026",4,"Spring",2021-02-06,2021-05-02,59.1333333333333,FALSE,"2021",2,"Winter","non-G-coded","female","4",61.87,">60",FALSE,FALSE,FALSE,FALSE,FALSE,FALSE,FALSE,FALSE,FALSE,FALSE,1,1,"singleton",0,0,0,0,0,0,0,0,0,0,0,4,"Reference range"
"217024",24.03,1,2024-04-08,"65119601",36,"240607",NA,NA,5906,"2024",4,"Spring",2022-04-08,2024-07-02,-2.8,TRUE,"2022",4,"Spring","non-G-coded","female","1",24.03,"<=30",FALSE,FALSE,FALSE,FALSE,FALSE,FALSE,FALSE,FALSE,FALSE,FALSE,1,1,"singleton",0,0,0,0,1,0,0,0,0,0,0,4,"Reference range"
"61976",101.45,6,2024-06-20,"171206",45.4,"240866",NA,NA,5423,"2024",6,"Summer",2016-01-20,2018-02-02,76.6,FALSE,"2016",1,"Winter","non-G-coded","female","6",101.45,">60",FALSE,FALSE,FALSE,FALSE,FALSE,FALSE,FALSE,FALSE,FALSE,FALSE,1,1,"singleton",0,0,0,0,0,0,0,0,0,0,0,6,"Reference range"
"800141",64.96,4,2023-08-12,"865530狼血",42.3,"235189",NA,NA,7914,"2023",8,"Summer",2018-03-12,2021-02-02,30.3225806451613,FALSE,"2018",3,"Spring","non-G-coded","female","4",64.96,">60",FALSE,FALSE,FALSE,FALSE,FALSE,FALSE,FALSE,FALSE,FALSE,FALSE,1,1,"singleton",0,0,0,0,0,0,0,0,0,0,0,8,"Reference range"
"70108",72.91,4,2023-03-19,"7029225762",46.2,"234430",NA,NA,8873,"2023",3,"Spring",2017-02-19,2020-06-02,33.5483870967742,FALSE,"2017",2,"Winter","non-G-coded","female","4",72.91,">60",FALSE,FALSE,FALSE,FALSE,FALSE,FALSE,FALSE,FALSE,FALSE,FALSE,1,1,"singleton",0,0,0,0,0,0,0,0,0,0,0,3,"Reference range"
"201396",41.03,2,2023-08-24,"854773威吉吉",44,"235330","606244","62125",7848,"2023",8,"Summer",2020-03-24,2023-02-02,6.70967741935484,TRUE,"2020",3,"Spring","non-G-coded","female","2",41.03,"31-42",FALSE,FALSE,FALSE,FALSE,FALSE,FALSE,FALSE,FALSE,FALSE,FALSE,1,1,"singleton",0,0,0,0,0,0,0,0,0,0,0,8,"Reference range"
"61439",99.67,6,2024-06-08,"22220785",42.3,"240836",NA,NA,5494,"2024",6,"Summer",2016-02-08,2018-03-02,75.2,FALSE,"2016",2,"Winter","non-G-coded","female","6",99.67,">60",FALSE,FALSE,FALSE,FALSE,FALSE,FALSE,FALSE,FALSE,FALSE,FALSE,1,1,"singleton",0,0,0,0,0,0,0,0,0,0,0,6,"Reference range"
"235226",25.28,1,2025-09-26,"15618075",43.4,"251112",NA,NA,2084,"2025",9,"Autumn",2023-08-26,2024-06-02,15.8,FALSE,"2023",8,"Summer","non-G-coded","female","1",25.28,"<=30",FALSE,FALSE,FALSE,FALSE,FALSE,FALSE,FALSE,FALSE,FALSE,FALSE,1,1,"singleton",0,0,0,0,0,0,0,0,0,0,0,9,"Reference range"
"20061",55.56,3,2023-12-22,"865530狼血",45.7,"HG10068",NA,NA,7047,"2023",12,"Winter",2019-04-22,2021-11-02,25.6451612903226,FALSE,"2019",4,"Spring","non-G-coded","female","3",55.56,"43-60",FALSE,FALSE,FALSE,FALSE,FALSE,FALSE,FALSE,FALSE,FALSE,FALSE,1,1,"singleton",0,0,0,0,0,0,0,0,0,0,0,12,"Reference range"
"00735",45.89,3,2023-04-04,"7402563907",37.6,"234538",NA,NA,8711,"2023",4,"Spring",2019-06-04,2022-09-02,7.06666666666667,TRUE,"2019",6,"Summer","non-G-coded","female","3",45.89,"43-60",FALSE,FALSE,FALSE,FALSE,FALSE,FALSE,FALSE,FALSE,FALSE,FALSE,1,1,"singleton",0,0,0,0,0,0,0,0,0,0,0,4,"Reference range"
"65058",91.52,4,2023-11-26,"854400西部公园",47.3,"241433",NA,NA,7284,"2023",11,"Autumn",2016-03-26,2018-11-02,60.8,FALSE,"2016",3,"Spring","non-G-coded","female","4",91.52,">60",FALSE,FALSE,FALSE,FALSE,FALSE,FALSE,FALSE,FALSE,FALSE,FALSE,1,1,"singleton",0,0,0,0,0,0,0,0,0,0,0,11,"Reference range"
"800989",56.74,4,2023-08-27,"865530狼血",46.3,"235281",NA,NA,7822,"2023",8,"Summer",2018-11-27,2021-10-02,22.8064516129032,FALSE,"2018",11,"Autumn","non-G-coded","female","4",56.74,"43-60",FALSE,FALSE,FALSE,FALSE,FALSE,FALSE,FALSE,FALSE,FALSE,FALSE,1,1,"singleton",0,0,0,0,0,0,0,0,0,0,0,8,"Reference range"
"60860",110.78,5,2025-03-26,"427151",34.8,"250477",NA,NA,3432,"2025",3,"Spring",2015-12-26,2017-04-02,95.7741935483871,FALSE,"2015",12,"Winter","non-G-coded","female","5",110.78,">60",FALSE,FALSE,FALSE,FALSE,FALSE,FALSE,FALSE,FALSE,FALSE,FALSE,1,1,"singleton",0,0,0,0,1,0,1,0,0,0,0,3,"Reference range"
"212056",35.37,2,2023-12-16,"FR2545422137",38.6,"10016","740640209","801133",7123,"2023",12,"Winter",2021-01-16,2023-08-02,4.45161290322581,TRUE,"2021",1,"Winter","non-G-coded","female","2",35.37,"31-42",FALSE,FALSE,FALSE,FALSE,FALSE,FALSE,FALSE,FALSE,FALSE,FALSE,1,1,"singleton",0,0,0,0,0,0,0,0,0,0,0,12,"Reference range"
"212899",34.45,2,2024-03-30,"862025瓦特罗",45.3,"240568",NA,NA,5972,"2024",3,"Spring",2021-05-30,2023-09-02,6.90322580645161,TRUE,"2021",5,"Spring","non-G-coded","female","2",34.45,"31-42",FALSE,FALSE,FALSE,FALSE,FALSE,FALSE,FALSE,FALSE,FALSE,FALSE,1,1,"singleton",0,0,0,0,0,0,0,0,0,0,0,3,"Reference range"
"212720",34.58,2,2024-03-12,"862025瓦特罗",42.1,"240478",NA,NA,6149,"2024",3,"Spring",2021-04-12,2023-08-02,7.32258064516129,TRUE,"2021",4,"Spring","non-G-coded","female","2",34.58,"31-42",FALSE,FALSE,FALSE,FALSE,FALSE,FALSE,FALSE,FALSE,FALSE,FALSE,1,1,"singleton",0,0,0,0,0,0,0,0,0,0,0,3,"Reference range"
"01186",44.08,2,2023-06-23,"65118599",38.6,"234940",NA,NA,8187,"2023",6,"Summer",2019-10-23,2022-11-02,7.7,TRUE,"2019",10,"Autumn","non-G-coded","female","2",44.08,"43-60",FALSE,FALSE,FALSE,FALSE,FALSE,FALSE,FALSE,FALSE,FALSE,FALSE,1,1,"singleton",0,0,0,0,0,0,0,0,0,0,0,6,"Reference range"
"212863",36.72,2,2024-05-31,"863025",39.4,"240791","186967","L20023",5549,"2024",5,"Spring",2021-04-30,2023-06-02,11.9354838709677,TRUE,"2021",4,"Spring","non-G-coded","female","2",36.72,"31-42",FALSE,FALSE,FALSE,FALSE,FALSE,FALSE,FALSE,FALSE,FALSE,FALSE,1,1,"singleton",0,0,0,0,0,0,0,0,0,0,0,5,"Reference range"
"213311L",25.84,1,2023-10-28,"854282维利纳诺",44.3,"9695",NA,NA,7457,"2023",10,"Autumn",2021-08-28,2024-05-02,-6.16129032258065,TRUE,"2021",8,"Summer","non-G-coded","female","1",25.84,"<=30",FALSE,FALSE,FALSE,FALSE,FALSE,FALSE,FALSE,FALSE,FALSE,FALSE,1,1,"singleton",0,0,0,0,0,0,0,0,0,0,0,10,"Reference range"
"00368",59.99,4,2024-05-28,"863025",42.2,"240782",NA,NA,5586,"2024",5,"Spring",2019-05-28,2021-07-02,34.8387096774194,FALSE,"2019",5,"Spring","non-G-coded","female","4",59.99,"43-60",FALSE,FALSE,FALSE,FALSE,FALSE,FALSE,FALSE,FALSE,FALSE,FALSE,1,1,"singleton",0,0,0,0,0,0,0,0,0,0,0,5,"Reference range"
"910054",50.72,3,2023-04-06,"7029225762",45.6,"234559",NA,NA,8690,"2023",4,"Spring",2019-01-06,2022-04-02,12.1333333333333,TRUE,"2019",1,"Winter","non-G-coded","female","3",50.72,"43-60",FALSE,FALSE,FALSE,FALSE,FALSE,FALSE,FALSE,FALSE,FALSE,FALSE,1,1,"singleton",0,0,0,0,0,0,0,0,0,0,0,4,"Reference range"
"201502",36.55,2,2023-04-30,"871041文尼哥",39.5,"234683","606244","70100",8514,"2023",4,"Spring",2020-03-30,2023-06-02,-1.06666666666667,TRUE,"2020",3,"Spring","non-G-coded","female","2",36.55,"31-42",FALSE,FALSE,FALSE,FALSE,FALSE,FALSE,FALSE,FALSE,FALSE,FALSE,1,1,"singleton",0,0,0,0,0,0,0,0,0,0,0,4,"Reference range"
"224062",40.96,2,2025-06-04,"427133",37.7,"250772","854062","201153",2805,"2025",6,"Summer",2022-01-04,2023-02-02,28.0666666666667,FALSE,"2022",1,"Winter","non-G-coded","female","2",40.96,"31-42",FALSE,FALSE,FALSE,FALSE,FALSE,FALSE,FALSE,FALSE,FALSE,FALSE,1,1,"singleton",0,0,0,0,0,0,0,0,0,0,0,6,"Reference range"
"213543",26.13,1,2023-12-13,"865530狼血",35.4,"235862","606306","70628",7159,"2023",12,"Winter",2021-10-13,2024-05-02,-4.64516129032258,TRUE,"2021",10,"Autumn","non-G-coded","female","1",26.13,"<=30",FALSE,FALSE,FALSE,FALSE,FALSE,FALSE,FALSE,FALSE,FALSE,FALSE,1,1,"singleton",0,0,0,0,1,0,1,0,0,0,0,12,"Reference range"
"212489",34.58,2,2024-02-05,"862025瓦特罗",38.8,"240219","62544424506","40100",6616,"2024",2,"Winter",2021-03-05,2023-08-02,6.10344827586207,TRUE,"2021",3,"Spring","non-G-coded","female","2",34.58,"31-42",FALSE,FALSE,FALSE,FALSE,FALSE,FALSE,FALSE,FALSE,FALSE,FALSE,1,1,"singleton",0,0,0,0,0,0,0,0,0,0,0,2,"Reference range"
"201423",48.59,3,2024-04-21,"22220785",45.4,"240662","606244","60458",5813,"2024",4,"Spring",2020-03-21,2022-06-02,22.6333333333333,FALSE,"2020",3,"Spring","non-G-coded","female","3",48.59,"43-60",FALSE,FALSE,FALSE,FALSE,FALSE,FALSE,FALSE,FALSE,FALSE,FALSE,1,1,"singleton",0,0,0,0,0,0,0,0,0,0,0,4,"Reference range"
"234837",25.58,1,2025-07-20,"863302",38.5,"250928",NA,"212859",2502,"2025",7,"Summer",2023-05-20,2024-05-02,14.5806451612903,TRUE,"2023",5,"Spring","non-G-coded","female","1",25.58,"<=30",FALSE,FALSE,FALSE,FALSE,FALSE,FALSE,FALSE,FALSE,FALSE,FALSE,1,1,"singleton",0,0,0,0,0,0,0,0,0,0,0,7,"Reference range"
"201291",47.44,3,2024-02-20,"FR3917468802",38.4,"240344","606244","800040",6419,"2024",2,"Winter",2020-03-20,2022-08-02,18.6206896551724,FALSE,"2020",3,"Spring","non-G-coded","female","3",47.44,"43-60",FALSE,FALSE,FALSE,FALSE,FALSE,FALSE,FALSE,FALSE,FALSE,FALSE,1,1,"singleton",0,0,0,0,0,0,0,0,0,0,0,2,"Reference range"
"235491",28.9,1,2026-03-03,"14117309",49.2,"260170","854282维利纳诺","70645",850,"2026",3,"Spring",2023-10-03,2024-02-02,25.0322580645161,FALSE,"2023",10,"Autumn","non-G-coded","female","1",28.9,"<=30",FALSE,FALSE,FALSE,FALSE,FALSE,FALSE,FALSE,FALSE,FALSE,FALSE,1,1,"singleton",0,0,0,0,0,1,0,0,0,0,0,3,"Reference range"
"00742",48.52,3,2023-06-23,"854773威吉吉",48.5,"234939","167285","70114",8183,"2023",6,"Summer",2019-05-23,2022-06-02,12.7,TRUE,"2019",5,"Spring","non-G-coded","female","3",48.52,"43-60",FALSE,FALSE,FALSE,FALSE,FALSE,FALSE,FALSE,FALSE,FALSE,FALSE,1,1,"singleton",0,0,0,0,0,1,0,0,0,0,0,6,"Reference range"
"60321",111.67,7,2025-08-30,"15621175",45.4,"251031",NA,NA,2269,"2025",8,"Summer",2016-04-30,2017-03-02,101.903225806452,FALSE,"2016",4,"Spring","non-G-coded","female",">=7",111.67,">60",FALSE,FALSE,FALSE,FALSE,FALSE,FALSE,FALSE,FALSE,FALSE,FALSE,1,1,"singleton",0,0,0,0,0,0,0,0,0,0,0,8,"Reference range"
"201717",35.31,2,2023-05-03,"65117532",42.4,"234696","865530","Z61033",8497,"2023",5,"Spring",2020-06-03,2023-08-02,-2.96774193548387,TRUE,"2020",6,"Summer","non-G-coded","female","2",35.31,"31-42",FALSE,FALSE,FALSE,FALSE,FALSE,FALSE,FALSE,FALSE,FALSE,FALSE,1,1,"singleton",0,0,0,0,0,0,0,0,0,0,0,5,"Reference range"
"202332",45.36,3,2024-08-06,"171206",45.6,"240994","163940","62077",5229,"2024",8,"Summer",2020-11-06,2022-10-02,22.1290322580645,FALSE,"2020",11,"Autumn","non-G-coded","female","3",45.36,"43-60",FALSE,FALSE,FALSE,FALSE,FALSE,FALSE,FALSE,FALSE,FALSE,FALSE,1,1,"singleton",0,0,0,0,0,0,0,0,0,0,0,8,"Reference range"
"61103",91.16,6,2023-08-25,"865530狼血",37,"235266",NA,NA,7835,"2023",8,"Summer",2016-01-25,2018-12-02,56.741935483871,FALSE,"2016",1,"Winter","non-G-coded","female","6",91.16,">60",FALSE,FALSE,FALSE,FALSE,FALSE,FALSE,FALSE,FALSE,FALSE,FALSE,1,1,"singleton",0,0,0,0,0,0,0,0,0,0,0,8,"Reference range"
"234303",36.75,2,2026-03-20,"41121286",36.5,"261245","854773威吉吉","201757",679,"2026",3,"Spring",2023-02-20,2023-06-02,33.5806451612903,FALSE,"2023",2,"Winter","non-G-coded","female","2",36.75,"31-42",FALSE,FALSE,FALSE,FALSE,FALSE,FALSE,FALSE,FALSE,FALSE,FALSE,1,1,"singleton",0,0,0,0,1,0,0,0,0,0,0,3,"Reference range"
"61335",111.41,6,2025-05-16,"22218621",48.7,"250716",NA,NA,2931,"2025",5,"Spring",2016-02-16,2017-04-02,97.4516129032258,FALSE,"2016",2,"Winter","non-G-coded","female","6",111.41,">60",FALSE,FALSE,FALSE,FALSE,FALSE,FALSE,FALSE,FALSE,FALSE,FALSE,1,1,"singleton",0,0,0,0,0,1,0,0,0,0,0,5,"Reference range"
"00644",48.42,3,2023-06-03,"865530狼血",46.3,"234827","167285","61374",8318,"2023",6,"Summer",2019-06-03,2022-07-02,11.0333333333333,TRUE,"2019",6,"Summer","non-G-coded","female","3",48.42,"43-60",FALSE,FALSE,FALSE,FALSE,FALSE,FALSE,FALSE,FALSE,FALSE,FALSE,1,1,"singleton",0,0,0,0,0,0,0,0,0,0,0,6,"Reference range"
"50382",106.84,7,2024-02-05,"FR7045049997",40.2,"240217","191190","0109",6617,"2024",2,"Winter",2015-03-05,2017-08-02,78.1034482758621,FALSE,"2015",3,"Spring","non-G-coded","female",">=7",106.84,">60",FALSE,FALSE,FALSE,FALSE,FALSE,FALSE,FALSE,FALSE,FALSE,FALSE,1,1,"singleton",0,0,0,0,0,0,0,0,0,0,0,2,"Reference range"
"61605",122.75,7,2026-05-02,"65123650",40.6,"261458",NA,NA,304,"2026",5,"Spring",2016-02-02,2016-04-02,121,FALSE,"2016",2,"Winter","non-G-coded","female",">=7",122.75,">60",FALSE,FALSE,FALSE,FALSE,FALSE,FALSE,FALSE,FALSE,FALSE,FALSE,1,1,"singleton",0,0,0,0,0,0,0,0,0,0,0,5,"Reference range"
"01144",74.42,5,2025-12-09,"21219011",49.3,"251461",NA,NA,1377,"2025",12,"Winter",2019-10-09,2020-05-02,67.2258064516129,FALSE,"2019",10,"Autumn","non-G-coded","female","5",74.42,">60",FALSE,FALSE,FALSE,FALSE,FALSE,FALSE,FALSE,FALSE,FALSE,FALSE,1,1,"singleton",0,0,0,0,0,1,0,0,0,0,0,12,"Reference range"
"61065",114.27,8,2025-07-23,"13221223",36.2,"250941",NA,NA,2476,"2025",7,"Summer",2016-01-23,2017-01-02,102.677419354839,FALSE,"2016",1,"Winter","non-G-coded","female",">=7",114.27,">60",FALSE,FALSE,FALSE,FALSE,FALSE,FALSE,FALSE,FALSE,FALSE,FALSE,1,1,"singleton",0,0,0,0,1,0,0,0,0,0,0,7,"Reference range"
"34022",129.82,7,2024-02-10,"862025瓦特罗",41.4,"240265",NA,NA,6554,"2024",2,"Winter",2013-04-10,2015-09-02,101.275862068966,FALSE,"2013",4,"Spring","non-G-coded","female",">=7",129.82,">60",FALSE,FALSE,FALSE,FALSE,FALSE,FALSE,FALSE,FALSE,FALSE,FALSE,1,1,"singleton",0,0,0,0,0,0,0,0,0,0,0,2,"Reference range"
"00581",56.31,4,2024-01-19,"865530狼血",37.5,"240114","167285","62184",6802,"2024",1,"Winter",2019-05-19,2021-11-02,26.5483870967742,FALSE,"2019",5,"Spring","non-G-coded","female","4",56.31,"43-60",FALSE,FALSE,FALSE,FALSE,FALSE,FALSE,FALSE,FALSE,FALSE,FALSE,1,1,"singleton",0,0,0,0,0,0,0,0,0,0,0,1,"Reference range"
"800564",72.42,5,2024-08-28,"171206",37.5,"241050",NA,NA,5118,"2024",8,"Summer",2018-08-28,2020-07-02,49.8387096774194,FALSE,"2018",8,"Summer","non-G-coded","female","5",72.42,">60",FALSE,FALSE,FALSE,FALSE,FALSE,FALSE,FALSE,FALSE,FALSE,FALSE,1,1,"singleton",0,0,0,0,0,0,0,0,0,0,0,8,"Reference range"
"201543",51.25,3,2024-07-28,"171206",46.4,"240976",NA,NA,5264,"2024",7,"Summer",2020-04-28,2022-04-02,27.8387096774194,FALSE,"2020",4,"Spring","non-G-coded","female","3",51.25,"43-60",FALSE,FALSE,FALSE,FALSE,FALSE,FALSE,FALSE,FALSE,FALSE,FALSE,1,1,"singleton",0,0,0,0,0,0,0,0,0,0,0,7,"Reference range"
"801081",51.38,2,2023-03-28,"871041文尼哥",48.2,"234500","171350","62360",8772,"2023",3,"Spring",2018-12-28,2022-04-02,11.8387096774194,TRUE,"2018",12,"Winter","non-G-coded","female","2",51.38,"43-60",FALSE,FALSE,FALSE,FALSE,FALSE,FALSE,FALSE,FALSE,FALSE,FALSE,1,1,"singleton",0,0,0,0,0,0,0,0,0,0,0,3,"Reference range"
"235564",27.35,1,2025-11-14,"863302",38.2,"251332",NA,NA,1646,"2025",11,"Autumn",2023-08-14,2024-04-02,19.4,FALSE,"2023",8,"Summer","non-G-coded","female","1",27.35,"<=30",FALSE,FALSE,FALSE,FALSE,FALSE,FALSE,FALSE,FALSE,FALSE,FALSE,1,1,"singleton",0,0,0,0,0,0,0,0,0,0,0,11,"Reference range"
"00296",59.47,4,2024-03-03,"FR7045049997",45.4,"240428","171790","Z61935",6254,"2024",3,"Spring",2019-04-03,2021-08-02,31.0322580645161,FALSE,"2019",4,"Spring","non-G-coded","female","4",59.47,"43-60",FALSE,FALSE,FALSE,FALSE,FALSE,FALSE,FALSE,FALSE,FALSE,FALSE,1,1,"singleton",0,0,0,0,0,0,0,0,0,0,0,3,"Reference range"
"235533",28.44,1,2026-03-01,"41418133",49.7,"260160","854282维利纳诺","60736",866,"2026",3,"Spring",2023-11-01,2024-03-02,23.9642857142857,FALSE,"2023",11,"Autumn","non-G-coded","female","1",28.44,"<=30",FALSE,FALSE,FALSE,FALSE,FALSE,FALSE,FALSE,FALSE,FALSE,FALSE,1,1,"singleton",0,0,0,0,0,1,0,0,0,0,0,3,"Reference range"
"62093",121.43,7,2026-02-18,"65123650",41.2,"260120",NA,NA,958,"2026",2,"Winter",2016-01-18,2016-06-02,116.571428571429,FALSE,"2016",1,"Winter","non-G-coded","female",">=7",121.43,">60",FALSE,FALSE,FALSE,FALSE,FALSE,FALSE,FALSE,FALSE,FALSE,FALSE,1,1,"singleton",0,0,0,0,0,0,0,0,0,0,0,2,"Reference range"
"00428",50.46,3,2023-06-27,"7402563907",45.6,"234952",NA,NA,8169,"2023",6,"Summer",2019-04-27,2022-05-02,13.8333333333333,TRUE,"2019",4,"Spring","non-G-coded","female","3",50.46,"43-60",FALSE,FALSE,FALSE,FALSE,FALSE,FALSE,FALSE,FALSE,FALSE,FALSE,1,1,"singleton",0,0,0,0,0,0,0,0,0,0,0,6,"Reference range"
"227010",26.27,1,2024-04-24,"22220785",40.2,"240673","180781","201537",5798,"2024",4,"Spring",2022-02-24,2024-05-02,-0.266666666666667,TRUE,"2022",2,"Winter","non-G-coded","female","1",26.27,"<=30",FALSE,FALSE,FALSE,FALSE,FALSE,FALSE,FALSE,FALSE,FALSE,FALSE,1,1,"singleton",0,0,0,0,0,0,0,0,0,0,0,4,"Reference range"
"61615",109.73,7,2025-04-11,"427133",41.6,"250534",NA,NA,3283,"2025",4,"Spring",2016-02-11,2017-05-02,95.3,FALSE,"2016",2,"Winter","non-G-coded","female",">=7",109.73,">60",FALSE,FALSE,FALSE,FALSE,FALSE,FALSE,FALSE,FALSE,FALSE,FALSE,1,1,"singleton",0,0,0,0,0,0,0,0,0,0,0,4,"Reference range"
"201005",48.98,2,2024-01-31,"865530狼血",44.1,"40151","41115278","61048",6682,"2024",1,"Winter",2019-12-31,2022-06-02,19.9354838709677,FALSE,"2019",12,"Winter","non-G-coded","female","2",48.98,"43-60",FALSE,FALSE,FALSE,FALSE,FALSE,FALSE,FALSE,FALSE,FALSE,FALSE,1,1,"singleton",0,0,0,0,0,0,0,0,0,0,0,1,"Reference range"
"70201",107.96,8,2026-03-23,"65123650",37.2,"261262","426864","0019",650,"2026",3,"Spring",2017-03-23,2017-07-02,104.677419354839,FALSE,"2017",3,"Spring","non-G-coded","female",">=7",107.96,">60",FALSE,FALSE,FALSE,FALSE,FALSE,FALSE,FALSE,FALSE,FALSE,FALSE,1,1,"singleton",0,0,0,0,0,0,0,0,0,0,0,3,"Reference range"
"61546",83.99,5,2023-02-06,"871041文尼哥",46.2,"234166",NA,NA,9248,"2023",2,"Winter",2016-02-06,2019-07-02,43.1428571428571,FALSE,"2016",2,"Winter","non-G-coded","female","5",83.99,">60",FALSE,FALSE,FALSE,FALSE,FALSE,FALSE,FALSE,FALSE,FALSE,FALSE,1,1,"singleton",0,0,0,0,0,0,0,0,0,0,0,2,"Reference range"
"213344",27.45,1,2023-12-20,"854773威吉吉",43.7,"235922","180781","800865",7066,"2023",12,"Winter",2021-09-20,2024-04-02,-3.41935483870968,TRUE,"2021",9,"Autumn","non-G-coded","female","1",27.45,"<=30",FALSE,FALSE,FALSE,FALSE,FALSE,FALSE,FALSE,FALSE,FALSE,FALSE,1,1,"singleton",0,0,0,0,0,0,0,0,0,0,0,12,"Reference range"
"61013",109.47,7,2025-03-08,"22220783",41.8,"250370",NA,NA,3634,"2025",3,"Spring",2016-02-08,2017-06-02,93.1935483870968,FALSE,"2016",2,"Winter","non-G-coded","female",">=7",109.47,">60",FALSE,FALSE,FALSE,FALSE,FALSE,FALSE,FALSE,FALSE,FALSE,FALSE,1,1,"singleton",0,0,0,0,0,0,0,0,0,0,0,3,"Reference range"
"202465",38.07,2,2024-01-12,"865530狼血",43.2,"240086","163940","30961",6843,"2024",1,"Winter",2020-11-12,2023-05-02,8.32258064516129,TRUE,"2020",11,"Autumn","non-G-coded","female","2",38.07,"31-42",FALSE,FALSE,FALSE,FALSE,FALSE,FALSE,FALSE,FALSE,FALSE,FALSE,1,1,"singleton",0,0,0,0,0,0,0,0,0,0,0,1,"Reference range"
"800598L",52.1,3,2023-08-21,"7402563907",46.8,"235235",NA,NA,7864,"2023",8,"Summer",2019-04-21,2022-03-02,17.6129032258065,FALSE,"2019",4,"Spring","non-G-coded","female","3",52.1,"43-60",FALSE,FALSE,FALSE,FALSE,FALSE,FALSE,FALSE,FALSE,FALSE,FALSE,1,1,"singleton",0,0,0,0,0,0,0,0,0,0,0,8,"Reference range"
"00175",50.33,3,2023-04-27,"871041文尼哥",38.6,"234661",NA,NA,8529,"2023",4,"Spring",2019-02-27,2022-05-02,11.8333333333333,TRUE,"2019",2,"Winter","non-G-coded","female","3",50.33,"43-60",FALSE,FALSE,FALSE,FALSE,FALSE,FALSE,FALSE,FALSE,FALSE,FALSE,1,1,"singleton",0,0,0,0,0,0,0,0,0,0,0,4,"Reference range"
"201345",48.69,3,2024-04-06,"FR3917468802",39.6,"240595","606244","800019",5930,"2024",4,"Spring",2020-03-06,2022-06-02,22.1333333333333,FALSE,"2020",3,"Spring","non-G-coded","female","3",48.69,"43-60",FALSE,FALSE,FALSE,FALSE,FALSE,FALSE,FALSE,FALSE,FALSE,FALSE,1,1,"singleton",0,0,0,0,0,0,0,0,0,0,0,4,"Reference range"
"20039",45.99,3,2023-03-20,"7029225762",46.3,"234439","171790","40492",8864,"2023",3,"Spring",2019-05-20,2022-09-02,6.58064516129032,TRUE,"2019",5,"Spring","non-G-coded","female","3",45.99,"43-60",FALSE,FALSE,FALSE,FALSE,FALSE,FALSE,FALSE,FALSE,FALSE,FALSE,1,1,"singleton",0,0,0,0,0,0,0,0,0,0,0,3,"Reference range"
"70540",69.26,4,2023-06-07,"7402563907",38.9,"234859",NA,NA,8284,"2023",6,"Summer",2017-09-07,2020-10-02,32.1666666666667,FALSE,"2017",9,"Autumn","non-G-coded","female","4",69.26,">60",FALSE,FALSE,FALSE,FALSE,FALSE,FALSE,FALSE,FALSE,FALSE,FALSE,1,1,"singleton",0,0,0,0,0,0,0,0,0,0,0,6,"Reference range"
"800130",70.55,5,2024-01-22,"FR7045049997",45.4,"240128",NA,NA,6770,"2024",1,"Winter",2018-02-22,2020-08-02,41.6451612903226,FALSE,"2018",2,"Winter","non-G-coded","female","5",70.55,">60",FALSE,FALSE,FALSE,FALSE,FALSE,FALSE,FALSE,FALSE,FALSE,FALSE,1,1,"singleton",0,0,0,0,0,0,0,0,0,0,0,1,"Reference range"
"201207",46.29,2,2023-12-29,"865530狼血",36.8,"240009",NA,NA,6968,"2023",12,"Winter",2020-02-29,2022-09-02,15.8709677419355,FALSE,"2020",2,"Winter","non-G-coded","female","2",46.29,"43-60",FALSE,FALSE,FALSE,FALSE,FALSE,FALSE,FALSE,FALSE,FALSE,FALSE,1,1,"singleton",0,0,0,0,0,0,0,0,0,0,0,12,"Reference range"
"202122",40.27,2,2024-01-25,"865530狼血",37.3,"240149","606244","65025",6751,"2024",1,"Winter",2020-09-25,2023-03-02,10.741935483871,TRUE,"2020",9,"Autumn","non-G-coded","female","2",40.27,"31-42",FALSE,FALSE,FALSE,FALSE,FALSE,FALSE,FALSE,FALSE,FALSE,FALSE,1,1,"singleton",0,0,0,0,0,0,0,0,0,0,0,1,"Reference range"
"01323",71.07,1,2025-09-19,"15620193",42.6,"251085",NA,NA,2148,"2025",9,"Autumn",2019-10-19,2020-08-02,61.5666666666667,FALSE,"2019",10,"Autumn","non-G-coded","female","1",71.07,">60",FALSE,FALSE,FALSE,FALSE,FALSE,FALSE,FALSE,FALSE,FALSE,FALSE,1,1,"singleton",0,0,0,0,0,0,0,0,0,0,0,9,"Reference range"
"H800013",61.08,4,2023-02-02,"871041文尼哥",48.3,"L213662",NA,NA,9269,"2023",2,"Winter",2018-01-02,2021-06-02,20,FALSE,"2018",1,"Winter","non-G-coded","female","4",61.08,">60",FALSE,FALSE,FALSE,FALSE,FALSE,FALSE,FALSE,FALSE,FALSE,FALSE,1,1,"singleton",0,0,0,0,0,0,0,0,0,0,0,2,"Reference range"
"61063",92.67,6,2023-10-03,"854282维利纳诺",41.7,"235476",NA,NA,7579,"2023",10,"Autumn",2016-01-03,2018-10-02,60.0322580645161,FALSE,"2016",1,"Winter","non-G-coded","female","6",92.67,">60",FALSE,FALSE,FALSE,FALSE,FALSE,FALSE,FALSE,FALSE,FALSE,FALSE,1,1,"singleton",0,0,0,0,0,0,0,0,0,0,0,10,"Reference range"
"213439L",26.99,1,2023-12-23,"854773威吉吉",45.4,"235954",NA,NA,7031,"2023",12,"Winter",2021-09-23,2024-04-02,-3.32258064516129,TRUE,"2021",9,"Autumn","non-G-coded","female","1",26.99,"<=30",FALSE,FALSE,FALSE,FALSE,FALSE,FALSE,FALSE,FALSE,FALSE,FALSE,1,1,"singleton",0,0,0,0,0,0,0,0,0,0,0,12,"Reference range"
"234865",23.73,1,2025-05-29,"427133",37.8,"250760","41418183","L212714",2847,"2025",5,"Spring",2023-05-29,2024-07-02,10.8709677419355,TRUE,"2023",5,"Spring","non-G-coded","female","1",23.73,"<=30",FALSE,FALSE,FALSE,FALSE,FALSE,FALSE,FALSE,FALSE,FALSE,FALSE,1,1,"singleton",0,0,0,0,0,0,0,0,0,0,0,5,"Reference range"
"00068",57.17,4,2023-10-27,"854282维利纳诺",37.3,"235573",NA,NA,7461,"2023",10,"Autumn",2019-01-27,2021-10-02,24.8064516129032,FALSE,"2019",1,"Winter","non-G-coded","female","4",57.17,"43-60",FALSE,FALSE,FALSE,FALSE,FALSE,FALSE,FALSE,FALSE,FALSE,FALSE,1,1,"singleton",0,0,0,0,0,0,0,0,0,0,0,10,"Reference range"
"62288",96.19,5,2024-02-09,"854773威吉吉",37.6,"240255",NA,NA,6564,"2024",2,"Winter",2016-02-09,2018-07-02,67.2413793103448,FALSE,"2016",2,"Winter","non-G-coded","female","5",96.19,">60",FALSE,FALSE,FALSE,FALSE,FALSE,FALSE,FALSE,FALSE,FALSE,FALSE,1,1,"singleton",0,0,0,0,0,0,0,0,0,0,0,2,"Reference range"
"00674",46.02,3,2023-03-28,"871041文尼哥",36.4,"234497","186756","BU13008",8774,"2023",3,"Spring",2019-05-28,2022-09-02,6.83870967741935,TRUE,"2019",5,"Spring","non-G-coded","female","3",46.02,"43-60",FALSE,FALSE,FALSE,FALSE,FALSE,FALSE,FALSE,FALSE,FALSE,FALSE,1,1,"singleton",0,0,0,0,1,0,0,0,0,0,0,3,"Reference range"
"213482",27.35,1,2024-01-09,"865530狼血",37.5,"240070","180781","800945",6866,"2024",1,"Winter",2021-10-09,2024-04-02,-2.7741935483871,TRUE,"2021",10,"Autumn","non-G-coded","female","1",27.35,"<=30",FALSE,FALSE,FALSE,FALSE,FALSE,FALSE,FALSE,FALSE,FALSE,FALSE,1,1,"singleton",0,0,0,0,0,0,0,0,0,0,0,1,"Reference range"
"60939",97.53,4,2024-02-26,"862025瓦特罗",41.5,"240392",NA,NA,6324,"2024",2,"Winter",2015-12-26,2018-05-02,69.8275862068966,FALSE,"2015",12,"Winter","non-G-coded","female","4",97.53,">60",FALSE,FALSE,FALSE,FALSE,FALSE,FALSE,FALSE,FALSE,FALSE,FALSE,1,1,"singleton",0,0,0,0,0,0,0,0,0,0,0,2,"Reference range"
"60209",97.9,7,2024-06-03,"863025",45.6,"240812",NA,NA,5537,"2024",6,"Summer",2016-04-03,2018-05-02,73.0333333333333,FALSE,"2016",4,"Spring","non-G-coded","female",">=7",97.9,">60",FALSE,FALSE,FALSE,FALSE,FALSE,FALSE,FALSE,FALSE,FALSE,FALSE,1,1,"singleton",0,0,0,0,0,0,0,0,0,0,0,6,"Reference range"
"213795",26.53,1,2024-02-14,"862025瓦特罗",41.5,"240295","854282","70713",6492,"2024",2,"Winter",2021-11-14,2024-04-02,-1.58620689655172,TRUE,"2021",11,"Autumn","non-G-coded","female","1",26.53,"<=30",FALSE,FALSE,FALSE,FALSE,FALSE,FALSE,FALSE,FALSE,FALSE,FALSE,1,1,"singleton",0,0,0,0,0,0,0,0,0,0,0,2,"Reference range"
"61603",93.26,6,2023-11-15,"854400西部公园",40.6,"235685",NA,NA,7343,"2023",11,"Autumn",2016-02-15,2018-10-02,61.4333333333333,FALSE,"2016",2,"Winter","non-G-coded","female","6",93.26,">60",FALSE,FALSE,FALSE,FALSE,FALSE,FALSE,FALSE,FALSE,FALSE,FALSE,1,1,"singleton",0,0,0,0,0,0,0,0,0,0,0,11,"Reference range"
"212557",53.55,1,2025-09-13,"863302",40.2,"251065","180600","20013",2191,"2025",9,"Autumn",2021-03-13,2022-01-02,44.3666666666667,FALSE,"2021",3,"Spring","non-G-coded","female","1",53.55,"43-60",FALSE,FALSE,FALSE,FALSE,FALSE,FALSE,FALSE,FALSE,FALSE,FALSE,1,1,"singleton",0,0,0,0,0,0,0,0,0,0,0,9,"Reference range"
"201890",68.61,5,2026-04-01,"21219011",43.4,"261326","865530","l50552",540,"2026",4,"Spring",2020-07-01,2020-10-02,65.9677419354839,FALSE,"2020",7,"Summer","non-G-coded","female","5",68.61,">60",FALSE,FALSE,FALSE,FALSE,FALSE,FALSE,FALSE,FALSE,FALSE,FALSE,1,1,"singleton",0,0,0,0,0,0,0,0,0,0,0,4,"Reference range"
"62327",84.22,5,2023-02-19,"854773威吉吉",49.3,"234255",NA,NA,9140,"2023",2,"Winter",2016-02-19,2019-07-02,43.6071428571429,FALSE,"2016",2,"Winter","non-G-coded","female","5",84.22,">60",FALSE,FALSE,FALSE,FALSE,FALSE,FALSE,FALSE,FALSE,FALSE,FALSE,1,1,"singleton",0,0,0,0,0,1,0,0,0,0,0,2,"Reference range"
"00100",65.68,4,2025-03-19,"22218621",47.5,"250423","186756","60613",3514,"2025",3,"Spring",2019-09-19,2021-01-02,50.5483870967742,FALSE,"2019",9,"Autumn","non-G-coded","female","4",65.68,">60",FALSE,FALSE,FALSE,FALSE,FALSE,FALSE,FALSE,FALSE,FALSE,FALSE,1,1,"singleton",0,0,0,0,0,0,0,0,0,0,0,3,"Reference range"
"800929",69.13,5,2024-08-28,"15620126",46.5,"241054",NA,NA,5120,"2024",8,"Summer",2018-11-28,2020-10-02,46.8387096774194,FALSE,"2018",11,"Autumn","non-G-coded","female","5",69.13,">60",FALSE,FALSE,FALSE,FALSE,FALSE,FALSE,FALSE,FALSE,FALSE,FALSE,1,1,"singleton",0,0,0,0,0,0,0,0,0,0,0,8,"Reference range"
"213399",26.46,1,2023-11-30,"865530狼血",37.5,"235789","180781","61758",7258,"2023",11,"Autumn",2021-09-30,2024-05-02,-5.06666666666667,TRUE,"2021",9,"Autumn","non-G-coded","female","1",26.46,"<=30",FALSE,FALSE,FALSE,FALSE,FALSE,FALSE,FALSE,FALSE,FALSE,FALSE,1,1,"singleton",0,0,0,0,0,0,0,0,0,0,0,11,"Reference range"
"70330",94.71,7,2025-03-28,"427151",48.8,"250484",NA,NA,3411,"2025",3,"Spring",2017-04-28,2018-08-02,79.8387096774194,FALSE,"2017",4,"Spring","non-G-coded","female",">=7",94.71,">60",FALSE,FALSE,FALSE,FALSE,FALSE,FALSE,FALSE,FALSE,FALSE,FALSE,1,1,"singleton",0,0,0,0,0,1,0,0,0,0,0,3,"Reference range"
"212143",24.13,1,2023-01-18,"854282维利纳诺",45.7,"234097",NA,NA,9367,"2023",1,"Winter",2021-01-18,2024-07-02,-17.4838709677419,TRUE,"2021",1,"Winter","non-G-coded","female","1",24.13,"<=30",FALSE,FALSE,FALSE,FALSE,FALSE,FALSE,FALSE,FALSE,FALSE,FALSE,1,1,"singleton",0,0,0,0,0,0,0,0,0,0,0,1,"Reference range"
"213392",27.02,1,2023-12-15,"865530狼血",40.6,"235872",NA,NA,7139,"2023",12,"Winter",2021-09-15,2024-04-02,-3.58064516129032,TRUE,"2021",9,"Autumn","non-G-coded","female","1",27.02,"<=30",FALSE,FALSE,FALSE,FALSE,FALSE,FALSE,FALSE,FALSE,FALSE,FALSE,1,1,"singleton",0,0,0,0,0,0,0,0,0,0,0,12,"Reference range"
"235085",23.27,1,2025-06-24,"22218621",42.4,"250838","854773威吉吉","201697",2676,"2025",6,"Summer",2023-07-24,2024-08-02,10.7333333333333,TRUE,"2023",7,"Summer","non-G-coded","female","1",23.27,"<=30",FALSE,FALSE,FALSE,FALSE,FALSE,FALSE,FALSE,FALSE,FALSE,FALSE,1,1,"singleton",0,0,0,0,0,0,0,0,0,0,0,6,"Reference range"
"60184",91.22,6,2023-11-08,"854282维利纳诺",41.2,"225283",NA,NA,7390,"2023",11,"Autumn",2016-04-08,2018-12-02,59.2,FALSE,"2016",4,"Spring","non-G-coded","female","6",91.22,">60",FALSE,FALSE,FALSE,FALSE,FALSE,FALSE,FALSE,FALSE,FALSE,FALSE,1,1,"singleton",0,0,0,0,0,0,0,0,0,0,0,11,"Reference range"
"234893",35.93,2,2026-06-07,"41120238",46.6,"261572","7402563907","00637",84,"2026",6,"Summer",2023-06-07,2023-07-02,35.1666666666667,FALSE,"2023",6,"Summer","non-G-coded","female","2",35.93,"31-42",FALSE,FALSE,FALSE,FALSE,FALSE,FALSE,FALSE,FALSE,FALSE,FALSE,1,1,"singleton",0,0,0,0,0,0,0,0,0,0,0,6,"Reference range"
"201407",46.94,2,2024-02-28,"862025瓦特罗",46.4,"240405",NA,NA,6285,"2024",2,"Winter",2020-03-28,2022-08-02,18.8965517241379,FALSE,"2020",3,"Spring","non-G-coded","female","2",46.94,"43-60",FALSE,FALSE,FALSE,FALSE,FALSE,FALSE,FALSE,FALSE,FALSE,FALSE,1,1,"singleton",0,0,0,0,0,0,0,0,0,0,0,2,"Reference range"
"62259",101.28,6,2024-07-14,"171206",38.6,"240930L",NA,NA,5358,"2024",7,"Summer",2016-02-14,2018-02-02,77.3870967741936,FALSE,"2016",2,"Winter","non-G-coded","female","6",101.28,">60",FALSE,FALSE,FALSE,FALSE,FALSE,FALSE,FALSE,FALSE,FALSE,FALSE,1,1,"singleton",0,0,0,0,0,0,0,0,0,0,0,7,"Reference range"
"H01025",59.8,4,2025-05-23,"427133",41.3,"250743","865530","1279",2874,"2025",5,"Spring",2020-05-23,2021-07-02,46.6774193548387,FALSE,"2020",5,"Spring","non-G-coded","female","4",59.8,"43-60",FALSE,FALSE,FALSE,FALSE,FALSE,FALSE,FALSE,FALSE,FALSE,FALSE,1,1,"singleton",0,0,0,0,0,0,0,0,0,0,0,5,"Reference range"
"213028L",26.3,1,2025-10-21,"41121286",42.8,"251218",NA,NA,1874,"2025",10,"Autumn",2023-08-21,2024-05-02,17.6129032258065,FALSE,"2023",8,"Summer","non-G-coded","female","1",26.3,"<=30",FALSE,FALSE,FALSE,FALSE,FALSE,FALSE,FALSE,FALSE,FALSE,FALSE,1,1,"singleton",0,0,0,0,0,0,0,0,0,0,0,10,"Reference range"
"91143",95.43,6,2025-04-27,"427133",49.4,"250620",NA,NA,3124,"2025",4,"Spring",2017-05-27,2018-08-02,80.8333333333333,FALSE,"2017",5,"Spring","non-G-coded","female","6",95.43,">60",FALSE,FALSE,FALSE,FALSE,FALSE,FALSE,FALSE,FALSE,FALSE,FALSE,1,1,"singleton",0,0,0,0,0,1,0,0,0,0,0,4,"Reference range"
"201268",47.57,3,2024-05-01,"22220785",42.3,"240697",NA,NA,5754,"2024",5,"Spring",2020-05-01,2022-07-02,21.9666666666667,FALSE,"2020",5,"Spring","non-G-coded","female","3",47.57,"43-60",FALSE,FALSE,FALSE,FALSE,FALSE,FALSE,FALSE,FALSE,FALSE,FALSE,1,1,"singleton",0,0,0,0,0,0,0,0,0,0,0,5,"Reference range"
"L202679",26.89,1,2023-03-16,"15619507",46,"234408",NA,NA,8900,"2023",3,"Spring",2020-12-16,2024-04-02,-12.5483870967742,TRUE,"2020",12,"Winter","non-G-coded","female","1",26.89,"<=30",FALSE,FALSE,FALSE,FALSE,FALSE,FALSE,FALSE,FALSE,FALSE,FALSE,1,1,"singleton",0,0,0,0,0,0,0,0,0,0,0,3,"Reference range"
"234648",23.83,1,2025-04-19,"22218621",41.2,"250564","871041文尼哥","201483",3227,"2025",4,"Spring",2023-04-19,2024-07-02,9.56666666666667,TRUE,"2023",4,"Spring","non-G-coded","female","1",23.83,"<=30",FALSE,FALSE,FALSE,FALSE,FALSE,FALSE,FALSE,FALSE,FALSE,FALSE,1,1,"singleton",0,0,0,0,0,0,0,0,0,0,0,4,"Reference range"
"00270",84.45,5,2026-03-23,"41121286",39.2,"261264",NA,NA,654,"2026",3,"Spring",2019-03-23,2019-07-02,80.6774193548387,FALSE,"2019",3,"Spring","non-G-coded","female","5",84.45,">60",FALSE,FALSE,FALSE,FALSE,FALSE,FALSE,FALSE,FALSE,FALSE,FALSE,1,1,"singleton",0,0,0,0,0,0,0,0,0,0,0,3,"Reference range"
"62427",97.76,6,2024-03-25,"862025瓦特罗",38.8,"240547",NA,NA,6032,"2024",3,"Spring",2016-01-25,2018-05-02,70.741935483871,FALSE,"2016",1,"Winter","non-G-coded","female","6",97.76,">60",FALSE,FALSE,FALSE,FALSE,FALSE,FALSE,FALSE,FALSE,FALSE,FALSE,1,1,"singleton",0,0,0,0,0,0,0,0,0,0,0,3,"Reference range"
"234333",26.73,1,2025-05-23,"427133",36.6,"250745","7029225762","20101",2873,"2025",5,"Spring",2023-02-23,2024-04-02,13.6774193548387,TRUE,"2023",2,"Winter","non-G-coded","female","1",26.73,"<=30",FALSE,FALSE,FALSE,FALSE,FALSE,FALSE,FALSE,FALSE,FALSE,FALSE,1,1,"singleton",0,0,0,0,0,0,0,0,0,0,0,5,"Reference range"
"212996",54.77,3,2025-12-24,"41121286",44.4,"251528","606306","950112",1261,"2025",12,"Winter",2021-05-24,2021-12-02,48.7096774193548,FALSE,"2021",5,"Spring","non-G-coded","female","3",54.77,"43-60",FALSE,FALSE,FALSE,FALSE,FALSE,FALSE,FALSE,FALSE,FALSE,FALSE,1,1,"singleton",0,0,0,0,0,0,0,0,0,0,0,12,"Reference range"
"70590",100.07,7,2026-02-10,"65123933",47.8,"260093","426864","10007",1002,"2026",2,"Winter",2017-10-10,2018-03-02,95.2857142857143,FALSE,"2017",10,"Autumn","non-G-coded","female",">=7",100.07,">60",FALSE,FALSE,FALSE,FALSE,FALSE,FALSE,FALSE,FALSE,FALSE,FALSE,1,1,"singleton",0,0,0,0,0,0,0,0,0,0,0,2,"Reference range"
"212499",26.99,1,2023-06-20,"XM-22218621",39.5,"234929","606306","00039",8197,"2023",6,"Summer",2021-03-20,2024-04-02,-9.4,TRUE,"2021",3,"Spring","non-G-coded","female","1",26.99,"<=30",FALSE,FALSE,FALSE,FALSE,FALSE,FALSE,FALSE,FALSE,FALSE,FALSE,1,1,"singleton",0,0,0,0,0,0,0,0,0,0,0,6,"Reference range"
"00382",79.45,5,2025-11-18,"21219011",41.8,"251355","171790","60598",1613,"2025",11,"Autumn",2019-04-18,2019-12-02,71.5333333333333,FALSE,"2019",4,"Spring","non-G-coded","female","5",79.45,">60",FALSE,FALSE,FALSE,FALSE,FALSE,FALSE,FALSE,FALSE,FALSE,FALSE,1,1,"singleton",0,0,0,0,0,0,0,0,0,0,0,11,"Reference range"
"70535",78.96,5,2024-03-22,"FR3917468802",43.4,"240529",NA,NA,6058,"2024",3,"Spring",2017-08-22,2019-12-02,51.6451612903226,FALSE,"2017",8,"Summer","non-G-coded","female","5",78.96,">60",FALSE,FALSE,FALSE,FALSE,FALSE,FALSE,FALSE,FALSE,FALSE,FALSE,1,1,"singleton",0,0,0,0,0,0,0,0,0,0,0,3,"Reference range"
"234367",39.41,2,2026-06-20,"41121286",41,"261617","854773威吉吉","60687",13,"2026",6,"Summer",2023-03-20,2023-04-02,38.6,FALSE,"2023",3,"Spring","non-G-coded","female","2",39.41,"31-42",FALSE,FALSE,FALSE,FALSE,FALSE,FALSE,FALSE,FALSE,FALSE,FALSE,1,1,"singleton",0,0,0,0,0,0,0,0,0,0,0,6,"Reference range"
"234728",24.56,1,2025-05-26,"22218621",43.8,"250749","65118581","61342",2863,"2025",5,"Spring",2023-04-26,2024-06-02,11.7741935483871,TRUE,"2023",4,"Spring","non-G-coded","female","1",24.56,"<=30",FALSE,FALSE,FALSE,FALSE,FALSE,FALSE,FALSE,FALSE,FALSE,FALSE,1,1,"singleton",0,0,0,0,0,0,0,0,0,0,0,5,"Reference range"
"70162",89.02,6,2024-08-13,"15620126",43.8,"241005",NA,NA,5201,"2024",8,"Summer",2017-03-13,2019-02-02,66.3548387096774,FALSE,"2017",3,"Spring","non-G-coded","female","6",89.02,">60",FALSE,FALSE,FALSE,FALSE,FALSE,FALSE,FALSE,FALSE,FALSE,FALSE,1,1,"singleton",0,0,0,0,0,0,0,0,0,0,0,8,"Reference range"
"801056",61.37,3,2024-01-24,"865530狼血",45.1,"240142","171350","62213",6759,"2024",1,"Winter",2018-12-24,2021-06-02,31.7096774193548,FALSE,"2018",12,"Winter","non-G-coded","female","3",61.37,">60",FALSE,FALSE,FALSE,FALSE,FALSE,FALSE,FALSE,FALSE,FALSE,FALSE,1,1,"singleton",0,0,0,0,0,0,0,0,0,0,0,1,"Reference range"
"61992",111.54,7,2025-05-09,"22218621",46.4,"250665",NA,NA,3015,"2025",5,"Spring",2016-01-09,2017-03-02,98.2258064516129,FALSE,"2016",1,"Winter","non-G-coded","female",">=7",111.54,">60",FALSE,FALSE,FALSE,FALSE,FALSE,FALSE,FALSE,FALSE,FALSE,FALSE,1,1,"singleton",0,0,0,0,0,0,0,0,0,0,0,5,"Reference range"
"234691",26.59,1,2025-07-18,"22520578",41.4,"250920",NA,NA,2516,"2025",7,"Summer",2023-04-18,2024-04-02,15.5161290322581,FALSE,"2023",4,"Spring","non-G-coded","female","1",26.59,"<=30",FALSE,FALSE,FALSE,FALSE,FALSE,FALSE,FALSE,FALSE,FALSE,FALSE,1,1,"singleton",0,0,0,0,0,0,0,0,0,0,0,7,"Reference range"
"213168L",36.26,2,2024-08-06,"171206",44.5,"240996",NA,NA,5230,"2024",8,"Summer",2021-08-06,2023-07-02,13.1290322580645,TRUE,"2021",8,"Summer","non-G-coded","female","2",36.26,"31-42",FALSE,FALSE,FALSE,FALSE,FALSE,FALSE,FALSE,FALSE,FALSE,FALSE,1,1,"singleton",0,0,0,0,0,0,0,0,0,0,0,8,"Reference range"
"235426",30.18,1,2026-03-28,"41422157",48.8,"261301","865530狼血","70694",584,"2026",3,"Spring",2023-09-28,2024-01-02,26.8387096774194,FALSE,"2023",9,"Autumn","non-G-coded","female","1",30.18,"31-42",FALSE,FALSE,FALSE,FALSE,FALSE,FALSE,FALSE,FALSE,FALSE,FALSE,1,1,"singleton",0,0,0,0,0,1,0,0,0,0,0,3,"Reference range"
"224121",25.08,1,2024-02-20,"862025瓦特罗",42.6,"240339","871041","62287",6421,"2024",2,"Winter",2022-01-20,2024-06-02,-3.37931034482759,TRUE,"2022",1,"Winter","non-G-coded","female","1",25.08,"<=30",FALSE,FALSE,FALSE,FALSE,FALSE,FALSE,FALSE,FALSE,FALSE,FALSE,1,1,"singleton",0,0,0,0,0,0,0,0,0,0,0,2,"Reference range"
"213518",42.93,2,2025-05-03,"22218621",42.2,"250642",NA,NA,3075,"2025",5,"Spring",2021-10-03,2022-12-02,29.0322580645161,FALSE,"2021",10,"Autumn","non-G-coded","female","2",42.93,"43-60",FALSE,FALSE,FALSE,FALSE,FALSE,FALSE,FALSE,FALSE,FALSE,FALSE,1,1,"singleton",0,0,0,0,0,0,0,0,0,0,0,5,"Reference range"
"62396",121.01,7,2026-03-27,"65123650",40.3,"261294L",NA,NA,592,"2026",3,"Spring",2016-02-27,2016-06-02,117.806451612903,FALSE,"2016",2,"Winter","non-G-coded","female",">=7",121.01,">60",FALSE,FALSE,FALSE,FALSE,FALSE,FALSE,FALSE,FALSE,FALSE,FALSE,1,1,"singleton",0,0,0,0,0,0,0,0,0,0,0,3,"Reference range"
"70575",96.88,7,2025-10-26,"21219011",47.8,"251244",NA,NA,1832,"2025",10,"Autumn",2017-09-26,2018-06-02,88.7741935483871,FALSE,"2017",9,"Autumn","non-G-coded","female",">=7",96.88,">60",FALSE,FALSE,FALSE,FALSE,FALSE,FALSE,FALSE,FALSE,FALSE,FALSE,1,1,"singleton",0,0,0,0,0,0,0,0,0,0,0,10,"Reference range"
"800355",61.64,4,2023-07-11,"7402563907",43.4,"235025",NA,NA,8123,"2023",7,"Summer",2018-05-11,2021-05-02,26.2903225806452,FALSE,"2018",5,"Spring","non-G-coded","female","4",61.64,">60",FALSE,FALSE,FALSE,FALSE,FALSE,FALSE,FALSE,FALSE,FALSE,FALSE,1,1,"singleton",0,0,0,0,0,0,0,0,0,0,0,7,"Reference range"
"62715",96.98,6,2024-02-28,"862025瓦特罗",45.2,"240411",NA,NA,6291,"2024",2,"Winter",2016-01-28,2018-06-02,68.8965517241379,FALSE,"2016",1,"Winter","non-G-coded","female","6",96.98,">60",FALSE,FALSE,FALSE,FALSE,FALSE,FALSE,FALSE,FALSE,FALSE,FALSE,1,1,"singleton",0,0,0,0,0,0,0,0,0,0,0,2,"Reference range"
"240320",26.17,1,2026-04-23,"41120238",37.3,"261423",NA,NA,368,"2026",4,"Spring",2024-02-23,2024-05-02,23.7,FALSE,"2024",2,"Winter","non-G-coded","female","1",26.17,"<=30",FALSE,FALSE,FALSE,FALSE,FALSE,FALSE,FALSE,FALSE,FALSE,FALSE,1,1,"singleton",0,0,0,0,0,0,0,0,0,0,0,4,"Reference range"
"202293",39.88,2,2024-02-14,"862025瓦特罗",44.2,"240292","606244","800770",6493,"2024",2,"Winter",2020-10-14,2023-03-02,11.4137931034483,TRUE,"2020",10,"Autumn","non-G-coded","female","2",39.88,"31-42",FALSE,FALSE,FALSE,FALSE,FALSE,FALSE,FALSE,FALSE,FALSE,FALSE,1,1,"singleton",0,0,0,0,0,0,0,0,0,0,0,2,"Reference range"
"62421",82.71,4,2023-01-14,"854282维利纳诺",46.3,"234075",NA,NA,9397,"2023",1,"Winter",2016-02-14,2019-08-02,41.3870967741936,FALSE,"2016",2,"Winter","non-G-coded","female","4",82.71,">60",FALSE,FALSE,FALSE,FALSE,FALSE,FALSE,FALSE,FALSE,FALSE,FALSE,1,1,"singleton",0,0,0,0,0,0,0,0,0,0,0,1,"Reference range"
"00149",49.34,3,2023-03-19,"7402563907",45.3,"234424",NA,NA,8875,"2023",3,"Spring",2019-02-19,2022-06-02,9.54838709677419,TRUE,"2019",2,"Winter","non-G-coded","female","3",49.34,"43-60",FALSE,FALSE,FALSE,FALSE,FALSE,FALSE,FALSE,FALSE,FALSE,FALSE,1,1,"singleton",0,0,0,0,0,0,0,0,0,0,0,3,"Reference range"
"217024L",26.89,1,2024-03-06,"854400西部公园",42.5,"240447",NA,NA,6219,"2024",3,"Spring",2021-12-06,2024-04-02,-0.870967741935484,TRUE,"2021",12,"Winter","non-G-coded","female","1",26.89,"<=30",FALSE,FALSE,FALSE,FALSE,FALSE,FALSE,FALSE,FALSE,FALSE,FALSE,1,1,"singleton",0,0,0,0,0,0,0,0,0,0,0,3,"Reference range"
"00545",46.88,3,2023-04-03,"871041文尼哥",49.6,"234529","167285","62451",8721,"2023",4,"Spring",2019-05-03,2022-08-02,8.03333333333333,TRUE,"2019",5,"Spring","non-G-coded","female","3",46.88,"43-60",FALSE,FALSE,FALSE,FALSE,FALSE,FALSE,FALSE,FALSE,FALSE,FALSE,1,1,"singleton",0,0,0,0,0,1,0,0,0,0,0,4,"Reference range"
"00428",62.1,4,2024-06-15,"22220785",42.6,"240855",NA,NA,5444,"2024",6,"Summer",2019-04-15,2021-05-02,37.4333333333333,FALSE,"2019",4,"Spring","non-G-coded","female","4",62.1,">60",FALSE,FALSE,FALSE,FALSE,FALSE,FALSE,FALSE,FALSE,FALSE,FALSE,1,1,"singleton",0,0,0,0,0,0,0,0,0,0,0,6,"Reference range"
"62398",116.67,7,2025-10-20,"15620193",45.6,"251212",NA,NA,1883,"2025",10,"Autumn",2016-01-20,2016-10-02,108.58064516129,FALSE,"2016",1,"Winter","non-G-coded","female",">=7",116.67,">60",FALSE,FALSE,FALSE,FALSE,FALSE,FALSE,FALSE,FALSE,FALSE,FALSE,1,1,"singleton",0,0,0,0,0,0,0,0,0,0,0,10,"Reference range"
"234554",35.96,2,2026-04-03,"41120238",46.2,"261335","871041文尼哥","70413",527,"2026",4,"Spring",2023-04-03,2023-07-02,33.0333333333333,FALSE,"2023",4,"Spring","non-G-coded","female","2",35.96,"31-42",FALSE,FALSE,FALSE,FALSE,FALSE,FALSE,FALSE,FALSE,FALSE,FALSE,1,1,"singleton",0,0,0,0,0,0,0,0,0,0,0,4,"Reference range"
"201531",59.11,4,2025-03-22,"427151",37.8,"250449","606244","62618",3471,"2025",3,"Spring",2020-04-22,2021-08-02,43.6451612903226,FALSE,"2020",4,"Spring","non-G-coded","female","4",59.11,"43-60",FALSE,FALSE,FALSE,FALSE,FALSE,FALSE,FALSE,FALSE,FALSE,FALSE,1,1,"singleton",0,0,0,0,0,0,0,0,0,0,0,3,"Reference range"
"H212559",85.44,5,2023-03-03,"854773威吉吉",48.2,"234332",NA,NA,9035,"2023",3,"Spring",2016-02-03,2019-06-02,45.0322580645161,FALSE,"2016",2,"Winter","non-G-coded","female","5",85.44,">60",FALSE,FALSE,FALSE,FALSE,FALSE,FALSE,FALSE,FALSE,FALSE,FALSE,1,1,"singleton",0,0,0,0,0,0,0,0,0,0,0,3,"Reference range"
"213100",33.83,1,2024-05-01,"15620128",41,"240694",NA,NA,5758,"2024",5,"Spring",2021-07-01,2023-09-02,7.96666666666667,TRUE,"2021",7,"Summer","non-G-coded","female","1",33.83,"31-42",FALSE,FALSE,FALSE,FALSE,FALSE,FALSE,FALSE,FALSE,FALSE,FALSE,1,1,"singleton",0,0,0,0,0,0,0,0,0,0,0,5,"Reference range"
"00404",50.72,3,2023-07-02,"7402563907",48.4,"234976","171790","40166",8149,"2023",7,"Summer",2019-04-02,2022-04-02,15,FALSE,"2019",4,"Spring","non-G-coded","female","3",50.72,"43-60",FALSE,FALSE,FALSE,FALSE,FALSE,FALSE,FALSE,FALSE,FALSE,FALSE,1,1,"singleton",0,0,0,0,0,0,0,0,0,0,0,7,"Reference range"
"213277",27.88,1,2023-12-23,"865530狼血",39.8,"235951","2544424506","70371",7029,"2023",12,"Winter",2021-08-23,2024-03-02,-2.32258064516129,TRUE,"2021",8,"Summer","non-G-coded","female","1",27.88,"<=30",FALSE,FALSE,FALSE,FALSE,FALSE,FALSE,FALSE,FALSE,FALSE,FALSE,1,1,"singleton",0,0,0,0,0,0,0,0,0,0,0,12,"Reference range"
"235559",22.45,1,2025-06-20,"22218621",42.1,"250826",NA,NA,2712,"2025",6,"Summer",2023-08-20,2024-09-02,9.6,TRUE,"2023",8,"Summer","non-G-coded","female","1",22.45,"<=30",FALSE,FALSE,FALSE,FALSE,FALSE,FALSE,FALSE,FALSE,FALSE,FALSE,1,1,"singleton",0,0,0,0,0,0,0,0,0,0,0,6,"Reference range"
"800111",99.01,5,2026-05-31,"21219011",36.6,"261543",NA,NA,132,"2026",5,"Spring",2018-02-28,2018-04-02,97.9354838709677,FALSE,"2018",2,"Winter","non-G-coded","female","5",99.01,">60",FALSE,FALSE,FALSE,FALSE,FALSE,FALSE,FALSE,FALSE,FALSE,FALSE,1,1,"singleton",0,0,0,0,0,0,0,0,0,0,0,5,"Reference range"
"61378",108.81,7,2025-03-12,"427151",40.2,"250389",NA,NA,3590,"2025",3,"Spring",2016-02-12,2017-06-02,93.3225806451613,FALSE,"2016",2,"Winter","non-G-coded","female",">=7",108.81,">60",FALSE,FALSE,FALSE,FALSE,FALSE,FALSE,FALSE,FALSE,FALSE,FALSE,1,1,"singleton",0,0,0,0,0,0,0,0,0,0,0,3,"Reference range"
"70102",74.06,5,2023-04-18,"7402563907",42.5,"234613",NA,NA,8598,"2023",4,"Spring",2017-02-18,2020-05-02,35.5333333333333,FALSE,"2017",2,"Winter","non-G-coded","female","5",74.06,">60",FALSE,FALSE,FALSE,FALSE,FALSE,FALSE,FALSE,FALSE,FALSE,FALSE,1,1,"singleton",0,0,0,0,0,0,0,0,0,0,0,4,"Reference range"
"212133",36.92,2,2024-02-09,"FR7045049997",44.5,"240259","7402563907","40153",6562,"2024",2,"Winter",2021-01-09,2023-06-02,8.24137931034483,TRUE,"2021",1,"Winter","non-G-coded","female","2",36.92,"31-42",FALSE,FALSE,FALSE,FALSE,FALSE,FALSE,FALSE,FALSE,FALSE,FALSE,1,1,"singleton",0,0,0,0,0,0,0,0,0,0,0,2,"Reference range"
"1448",69.46,5,2023-09-21,"7402563907",45.8,"235422",NA,NA,7657,"2023",9,"Autumn",2017-12-21,2020-10-02,35.6333333333333,FALSE,"2017",12,"Winter","non-G-coded","female","5",69.46,">60",FALSE,FALSE,FALSE,FALSE,FALSE,FALSE,FALSE,FALSE,FALSE,FALSE,1,1,"singleton",0,0,0,0,0,0,0,0,0,0,0,9,"Reference range"
"201318",44.97,2,2023-12-11,"865530狼血",42.8,"235849","606244","62444",7181,"2023",12,"Winter",2020-03-11,2022-10-02,14.2903225806452,TRUE,"2020",3,"Spring","non-G-coded","female","2",44.97,"43-60",FALSE,FALSE,FALSE,FALSE,FALSE,FALSE,FALSE,FALSE,FALSE,FALSE,1,1,"singleton",0,0,0,0,0,0,0,0,0,0,0,12,"Reference range"
"70685",90.43,6,2025-05-31,"22218621",46.2,"250765",NA,NA,2837,"2025",5,"Spring",2017-11-30,2019-01-02,76.9354838709677,FALSE,"2017",11,"Autumn","non-G-coded","female","6",90.43,">60",FALSE,FALSE,FALSE,FALSE,FALSE,FALSE,FALSE,FALSE,FALSE,FALSE,1,1,"singleton",0,0,0,0,0,0,0,0,0,0,0,5,"Reference range"
"234960",24.23,1,2025-06-12,"22218621",45.4,"250795","854773威吉吉","212957",2764,"2025",6,"Summer",2023-06-12,2024-07-02,11.3333333333333,TRUE,"2023",6,"Summer","non-G-coded","female","1",24.23,"<=30",FALSE,FALSE,FALSE,FALSE,FALSE,FALSE,FALSE,FALSE,FALSE,FALSE,1,1,"singleton",0,0,0,0,0,0,0,0,0,0,0,6,"Reference range"
"212266",64.23,3,2026-06-15,"41419139",41.4,"261596","606306","Z61935",42,"2026",6,"Summer",2021-02-15,2021-03-02,63.4333333333333,FALSE,"2021",2,"Winter","non-G-coded","female","3",64.23,">60",FALSE,FALSE,FALSE,FALSE,FALSE,FALSE,FALSE,FALSE,FALSE,FALSE,1,1,"singleton",0,0,0,0,0,0,0,0,0,0,0,6,"Reference range"
"00718",51.28,2,2023-09-12,"865530狼血",48.6,"235384","167285","Z70243",7702,"2023",9,"Autumn",2019-06-12,2022-04-02,17.3333333333333,FALSE,"2019",6,"Summer","non-G-coded","female","2",51.28,"43-60",FALSE,FALSE,FALSE,FALSE,FALSE,FALSE,FALSE,FALSE,FALSE,FALSE,1,1,"singleton",0,0,0,0,0,1,0,0,0,0,0,9,"Reference range"
"212636",34.06,1,2024-02-13,"862025瓦特罗",43.7,"240284","606318","61176",6515,"2024",2,"Winter",2021-04-13,2023-09-02,5.37931034482759,TRUE,"2021",4,"Spring","non-G-coded","female","1",34.06,"31-42",FALSE,FALSE,FALSE,FALSE,FALSE,FALSE,FALSE,FALSE,FALSE,FALSE,1,1,"singleton",0,0,0,0,0,0,0,0,0,0,0,2,"Reference range"
"800226L",45.07,3,2023-02-19,"854773威吉吉",46.3,"234254",NA,NA,9136,"2023",2,"Winter",2019-05-19,2022-10-02,4.60714285714286,TRUE,"2019",5,"Spring","non-G-coded","female","3",45.07,"43-60",FALSE,FALSE,FALSE,FALSE,FALSE,FALSE,FALSE,FALSE,FALSE,FALSE,1,1,"singleton",0,0,0,0,0,0,0,0,0,0,0,2,"Reference range"
"224072",25.31,1,2024-02-16,"862025瓦特罗",42.6,"240306",NA,NA,6468,"2024",2,"Winter",2022-01-16,2024-06-02,-3.51724137931034,TRUE,"2022",1,"Winter","non-G-coded","female","1",25.31,"<=30",FALSE,FALSE,FALSE,FALSE,FALSE,FALSE,FALSE,FALSE,FALSE,FALSE,1,1,"singleton",0,0,0,0,0,0,0,0,0,0,0,2,"Reference range"
"61979",91.68,5,2023-08-31,"865530狼血",35.4,"235310",NA,NA,7787,"2023",8,"Summer",2015-12-31,2018-11-02,57.9354838709677,FALSE,"2015",12,"Winter","non-G-coded","female","5",91.68,">60",FALSE,FALSE,FALSE,FALSE,FALSE,FALSE,FALSE,FALSE,FALSE,FALSE,1,1,"singleton",0,0,0,0,1,0,1,0,0,0,0,8,"Reference range"
"62825",94.02,6,2023-12-17,"865530狼血",46.8,"235902",NA,NA,7112,"2023",12,"Winter",2016-02-17,2018-09-02,63.4838709677419,FALSE,"2016",2,"Winter","non-G-coded","female","6",94.02,">60",FALSE,FALSE,FALSE,FALSE,FALSE,FALSE,FALSE,FALSE,FALSE,FALSE,1,1,"singleton",0,0,0,0,0,0,0,0,0,0,0,12,"Reference range"
"212598",59.5,4,2026-02-15,"41222118",41.6,"260113",NA,NA,967,"2026",2,"Winter",2021-02-15,2021-07-02,55.4642857142857,FALSE,"2021",2,"Winter","non-G-coded","female","4",59.5,"43-60",FALSE,FALSE,FALSE,FALSE,FALSE,FALSE,FALSE,FALSE,FALSE,FALSE,1,1,"singleton",0,0,0,0,0,0,0,0,0,0,0,2,"Reference range"
"H20026",26.96,1,2024-03-02,"862025瓦特罗",46.5,"240424",NA,NA,6262,"2024",3,"Spring",2021-12-02,2024-04-02,-1,TRUE,"2021",12,"Winter","non-G-coded","female","1",26.96,"<=30",FALSE,FALSE,FALSE,FALSE,FALSE,FALSE,FALSE,FALSE,FALSE,FALSE,1,1,"singleton",0,0,0,0,0,0,0,0,0,0,0,3,"Reference range"
"70197",102.47,7,2025-10-06,"15620193",41.2,"251159",NA,NA,1995,"2025",10,"Autumn",2017-04-06,2018-01-02,93.1290322580645,FALSE,"2017",4,"Spring","non-G-coded","female",">=7",102.47,">60",FALSE,FALSE,FALSE,FALSE,FALSE,FALSE,FALSE,FALSE,FALSE,FALSE,1,1,"singleton",0,0,0,0,0,0,0,0,0,0,0,10,"Reference range"
"00125",60.82,4,2024-02-27,"FR3917468802",44.3,"240398",NA,NA,6306,"2024",2,"Winter",2019-01-27,2021-06-02,32.8620689655172,FALSE,"2019",1,"Winter","non-G-coded","female","4",60.82,">60",FALSE,FALSE,FALSE,FALSE,FALSE,FALSE,FALSE,FALSE,FALSE,FALSE,1,1,"singleton",0,0,0,0,0,0,0,0,0,0,0,2,"Reference range"
"234638",23.24,1,2025-03-29,"22220783",46.4,"250486",NA,NA,3404,"2025",3,"Spring",2023-04-29,2024-08-02,7.87096774193548,TRUE,"2023",4,"Spring","non-G-coded","female","1",23.24,"<=30",FALSE,FALSE,FALSE,FALSE,FALSE,FALSE,FALSE,FALSE,FALSE,FALSE,1,1,"singleton",0,0,0,0,0,0,0,0,0,0,0,3,"Reference range"
"201201",53.85,2,2024-08-14,"15620126",42.4,"241011","606192","62670",5195,"2024",8,"Summer",2020-02-14,2022-01-02,31.3870967741935,FALSE,"2020",2,"Winter","non-G-coded","female","2",53.85,"43-60",FALSE,FALSE,FALSE,FALSE,FALSE,FALSE,FALSE,FALSE,FALSE,FALSE,1,1,"singleton",0,0,0,0,0,0,0,0,0,0,0,8,"Reference range"
"234571",34.85,2,2026-03-03,"21219011",43.2,"260169","871041文尼哥","201200",848,"2026",3,"Spring",2023-04-03,2023-08-02,31.0322580645161,FALSE,"2023",4,"Spring","non-G-coded","female","2",34.85,"31-42",FALSE,FALSE,FALSE,FALSE,FALSE,FALSE,FALSE,FALSE,FALSE,FALSE,1,1,"singleton",0,0,0,0,0,0,0,0,0,0,0,3,"Reference range"
"240035",26.69,1,2026-03-23,"41122272",39.7,"261265","865530狼血","213339",653,"2026",3,"Spring",2023-12-23,2024-04-02,23.6774193548387,FALSE,"2023",12,"Winter","non-G-coded","female","1",26.69,"<=30",FALSE,FALSE,FALSE,FALSE,FALSE,FALSE,FALSE,FALSE,FALSE,FALSE,1,1,"singleton",0,0,0,0,0,0,0,0,0,0,0,3,"Reference range"
"225229",30.08,1,2025-04-05,"427059",42.2,"250510",NA,NA,3345,"2025",4,"Spring",2022-10-05,2024-01-02,15.1,FALSE,"2022",10,"Autumn","non-G-coded","female","1",30.08,"31-42",FALSE,FALSE,FALSE,FALSE,FALSE,FALSE,FALSE,FALSE,FALSE,FALSE,1,1,"singleton",0,0,0,0,0,0,0,0,0,0,0,4,"Reference range"
"800302",57.26,3,2023-02-04,"871041文尼哥",46.1,"234159","606192","50394",9262,"2023",2,"Winter",2018-05-04,2021-10-02,16.0714285714286,FALSE,"2018",5,"Spring","non-G-coded","female","3",57.26,"43-60",FALSE,FALSE,FALSE,FALSE,FALSE,FALSE,FALSE,FALSE,FALSE,FALSE,1,1,"singleton",0,0,0,0,0,0,0,0,0,0,0,2,"Reference range"
"00797",45.04,3,2023-03-20,"871041文尼哥",44.2,"234438",NA,NA,8863,"2023",3,"Spring",2019-06-20,2022-10-02,5.58064516129032,TRUE,"2019",6,"Summer","non-G-coded","female","3",45.04,"43-60",FALSE,FALSE,FALSE,FALSE,FALSE,FALSE,FALSE,FALSE,FALSE,FALSE,1,1,"singleton",0,0,0,0,0,0,0,0,0,0,0,3,"Reference range"
"00022",59.63,4,2024-06-04,"22220785",47.5,"240821",NA,NA,5526,"2024",6,"Summer",2019-06-04,2021-07-02,35.0666666666667,FALSE,"2019",6,"Summer","non-G-coded","female","4",59.63,"43-60",FALSE,FALSE,FALSE,FALSE,FALSE,FALSE,FALSE,FALSE,FALSE,FALSE,1,1,"singleton",0,0,0,0,0,0,0,0,0,0,0,6,"Reference range"
"95117",47.07,2,2023-04-15,"854773威吉吉",45.6,"234601",NA,NA,8621,"2023",4,"Spring",2019-05-15,2022-08-02,8.43333333333333,TRUE,"2019",5,"Spring","non-G-coded","female","2",47.07,"43-60",FALSE,FALSE,FALSE,FALSE,FALSE,FALSE,FALSE,FALSE,FALSE,FALSE,1,1,"singleton",0,0,0,0,0,0,0,0,0,0,0,4,"Reference range"
"01177",56.87,3,2024-07-14,"22220785",38.6,"240931","606192","60963",5360,"2024",7,"Summer",2019-10-14,2021-10-02,33.3870967741936,FALSE,"2019",10,"Autumn","non-G-coded","female","3",56.87,"43-60",FALSE,FALSE,FALSE,FALSE,FALSE,FALSE,FALSE,FALSE,FALSE,FALSE,1,1,"singleton",0,0,0,0,0,0,0,0,0,0,0,7,"Reference range"
"212057",24.23,1,2023-01-11,"854282维利纳诺",40.5,"234061","740640209","61598",9409,"2023",1,"Winter",2021-01-11,2024-07-02,-17.7096774193548,TRUE,"2021",1,"Winter","non-G-coded","female","1",24.23,"<=30",FALSE,FALSE,FALSE,FALSE,FALSE,FALSE,FALSE,FALSE,FALSE,FALSE,1,1,"singleton",0,0,0,0,0,0,0,0,0,0,0,1,"Reference range"
"00555",57.53,4,2024-02-22,"862025瓦特罗",39.8,"240359","167285","70379",6386,"2024",2,"Winter",2019-04-22,2021-09-02,29.6896551724138,FALSE,"2019",4,"Spring","non-G-coded","female","4",57.53,"43-60",FALSE,FALSE,FALSE,FALSE,FALSE,FALSE,FALSE,FALSE,FALSE,FALSE,1,1,"singleton",0,0,0,0,0,0,0,0,0,0,0,2,"Reference range"
"800929",57.92,4,2023-09-22,"865530狼血",48.1,"235424",NA,NA,7653,"2023",9,"Autumn",2018-11-22,2021-09-02,24.6666666666667,FALSE,"2018",11,"Autumn","non-G-coded","female","4",57.92,"43-60",FALSE,FALSE,FALSE,FALSE,FALSE,FALSE,FALSE,FALSE,FALSE,FALSE,1,1,"singleton",0,0,0,0,0,0,0,0,0,0,0,9,"Reference range"
"00268",48.72,3,2023-04-01,"871041文尼哥",46.3,"234517","171790","61191",8749,"2023",4,"Spring",2019-03-01,2022-06-02,9.96774193548387,TRUE,"2019",3,"Spring","non-G-coded","female","3",48.72,"43-60",FALSE,FALSE,FALSE,FALSE,FALSE,FALSE,FALSE,FALSE,FALSE,FALSE,1,1,"singleton",0,0,0,0,0,0,0,0,0,0,0,4,"Reference range"
"225158",38,2,2025-11-12,"21219011",37.1,"251328","西西弗斯180561","202231",1657,"2025",11,"Autumn",2022-09-12,2023-05-02,30.3333333333333,FALSE,"2022",9,"Autumn","non-G-coded","female","2",38,"31-42",FALSE,FALSE,FALSE,FALSE,FALSE,FALSE,FALSE,FALSE,FALSE,FALSE,1,1,"singleton",0,0,0,0,0,0,0,0,0,0,0,11,"Reference range"
"00216",49.93,3,2023-04-29,"7402563907",45.6,"234673","171790","62209",8517,"2023",4,"Spring",2019-02-28,2022-05-02,11.9,TRUE,"2019",2,"Winter","non-G-coded","female","3",49.93,"43-60",FALSE,FALSE,FALSE,FALSE,FALSE,FALSE,FALSE,FALSE,FALSE,FALSE,1,1,"singleton",0,0,0,0,0,0,0,0,0,0,0,4,"Reference range"
"00360",53.09,3,2023-09-04,"7029225762",46.2,"235341",NA,NA,7754,"2023",9,"Autumn",2019-04-04,2022-02-02,19.0666666666667,FALSE,"2019",4,"Spring","non-G-coded","female","3",53.09,"43-60",FALSE,FALSE,FALSE,FALSE,FALSE,FALSE,FALSE,FALSE,FALSE,FALSE,1,1,"singleton",0,0,0,0,0,0,0,0,0,0,0,9,"Reference range"
"H202106",94.48,5,2024-01-06,"865530狼血",48.6,"240054",NA,NA,6907,"2024",1,"Winter",2016-03-06,2018-09-02,64.1290322580645,FALSE,"2016",3,"Spring","non-G-coded","female","5",94.48,">60",FALSE,FALSE,FALSE,FALSE,FALSE,FALSE,FALSE,FALSE,FALSE,FALSE,1,1,"singleton",0,0,0,0,0,1,0,0,0,0,0,1,"Reference range"
"201580",33.93,2,2023-02-24,"854773威吉吉",45.3,"234284",NA,NA,9095,"2023",2,"Winter",2020-04-24,2023-09-02,-6.21428571428571,TRUE,"2020",4,"Spring","non-G-coded","female","2",33.93,"31-42",FALSE,FALSE,FALSE,FALSE,FALSE,FALSE,FALSE,FALSE,FALSE,FALSE,1,1,"singleton",0,0,0,0,0,0,0,0,0,0,0,2,"Reference range"
"212404",27.12,1,2023-06-11,"65118598",43.5,"234888","180781","910092",8259,"2023",6,"Summer",2021-03-11,2024-04-02,-9.7,TRUE,"2021",3,"Spring","non-G-coded","female","1",27.12,"<=30",FALSE,FALSE,FALSE,FALSE,FALSE,FALSE,FALSE,FALSE,FALSE,FALSE,1,1,"singleton",0,0,0,0,0,0,0,0,0,0,0,6,"Reference range"
"235339",25.94,1,2025-10-31,"21219011",39.4,"251263","公牛","00345",1777,"2025",10,"Autumn",2023-08-31,2024-05-02,17.9354838709677,FALSE,"2023",8,"Summer","non-G-coded","female","1",25.94,"<=30",FALSE,FALSE,FALSE,FALSE,FALSE,FALSE,FALSE,FALSE,FALSE,FALSE,1,1,"singleton",0,0,0,0,0,0,0,0,0,0,0,10,"Reference range"
"225270",36.39,2,2025-10-23,"41121286",39.7,"251229","865530","63054",1856,"2025",10,"Autumn",2022-10-23,2023-07-02,27.6774193548387,FALSE,"2022",10,"Autumn","non-G-coded","female","2",36.39,"31-42",FALSE,FALSE,FALSE,FALSE,FALSE,FALSE,FALSE,FALSE,FALSE,FALSE,1,1,"singleton",0,0,0,0,0,0,0,0,0,0,0,10,"Reference range"
"212682",36.69,2,2024-05-09,"22220785",38.3,"240719","606318","800044",5708,"2024",5,"Spring",2021-04-09,2023-06-02,11.2258064516129,TRUE,"2021",4,"Spring","non-G-coded","female","2",36.69,"31-42",FALSE,FALSE,FALSE,FALSE,FALSE,FALSE,FALSE,FALSE,FALSE,FALSE,1,1,"singleton",0,0,0,0,0,0,0,0,0,0,0,5,"Reference range"
"70194",74.59,5,2023-06-11,"65117535",37.6,"234889",NA,NA,8258,"2023",6,"Summer",2017-03-11,2020-04-02,38.3,FALSE,"2017",3,"Spring","non-G-coded","female","5",74.59,">60",FALSE,FALSE,FALSE,FALSE,FALSE,FALSE,FALSE,FALSE,FALSE,FALSE,1,1,"singleton",0,0,0,0,0,0,0,0,0,0,0,6,"Reference range"
"800863",77.12,5,2025-04-13,"22220783",45.8,"250539","171350","60811",3270,"2025",4,"Spring",2018-11-13,2020-02-02,62.3666666666667,FALSE,"2018",11,"Autumn","non-G-coded","female","5",77.12,">60",FALSE,FALSE,FALSE,FALSE,FALSE,FALSE,FALSE,FALSE,FALSE,FALSE,1,1,"singleton",0,0,0,0,0,0,0,0,0,0,0,4,"Reference range"
"234175",26.36,1,2025-04-18,"22218621",41.6,"250559","871041文尼哥","800853",3228,"2025",4,"Spring",2023-02-18,2024-05-02,11.5333333333333,TRUE,"2023",2,"Winter","non-G-coded","female","1",26.36,"<=30",FALSE,FALSE,FALSE,FALSE,FALSE,FALSE,FALSE,FALSE,FALSE,FALSE,1,1,"singleton",0,0,0,0,0,0,0,0,0,0,0,4,"Reference range"
"70628",103.06,6,2026-05-26,"65123650",43.6,"261529",NA,NA,166,"2026",5,"Spring",2017-10-26,2017-12-02,101.774193548387,FALSE,"2017",10,"Autumn","non-G-coded","female","6",103.06,">60",FALSE,FALSE,FALSE,FALSE,FALSE,FALSE,FALSE,FALSE,FALSE,FALSE,1,1,"singleton",0,0,0,0,0,0,0,0,0,0,0,5,"Reference range"
"202016",56.8,3,2025-05-13,"22218621",43.6,"250697","606244","L800553",2972,"2025",5,"Spring",2020-08-13,2021-10-02,43.3548387096774,FALSE,"2020",8,"Summer","non-G-coded","female","3",56.8,"43-60",FALSE,FALSE,FALSE,FALSE,FALSE,FALSE,FALSE,FALSE,FALSE,FALSE,1,1,"singleton",0,0,0,0,0,0,0,0,0,0,0,5,"Reference range"
"224051",26.36,1,2024-03-16,"41220100",48.5,"240509","854062","40245",6104,"2024",3,"Spring",2022-01-16,2024-05-02,-1.54838709677419,TRUE,"2022",1,"Winter","non-G-coded","female","1",26.36,"<=30",FALSE,FALSE,FALSE,FALSE,FALSE,FALSE,FALSE,FALSE,FALSE,FALSE,1,1,"singleton",0,0,0,0,0,1,0,0,0,0,0,3,"Reference range"
"235102",28.14,1,2025-11-22,"41121286",44.5,"251367","公牛","62089",1563,"2025",11,"Autumn",2023-07-22,2024-03-02,20.6666666666667,FALSE,"2023",7,"Summer","non-G-coded","female","1",28.14,"<=30",FALSE,FALSE,FALSE,FALSE,FALSE,FALSE,FALSE,FALSE,FALSE,FALSE,1,1,"singleton",0,0,0,0,0,0,0,0,0,0,0,11,"Reference range"
"01255",50.49,3,2024-01-02,"865530狼血",48.2,"LG41034",NA,NA,6936,"2024",1,"Winter",2019-11-02,2022-05-02,20,FALSE,"2019",11,"Autumn","non-G-coded","female","3",50.49,"43-60",FALSE,FALSE,FALSE,FALSE,FALSE,FALSE,FALSE,FALSE,FALSE,FALSE,1,1,"singleton",0,0,0,0,0,0,0,0,0,0,0,1,"Reference range"
"60250",92.04,6,2023-12-16,"865530狼血",40.7,"235881",NA,NA,7127,"2023",12,"Winter",2016-04-16,2018-11-02,61.4516129032258,FALSE,"2016",4,"Spring","non-G-coded","female","6",92.04,">60",FALSE,FALSE,FALSE,FALSE,FALSE,FALSE,FALSE,FALSE,FALSE,FALSE,1,1,"singleton",0,0,0,0,0,0,0,0,0,0,0,12,"Reference range"
"212805",23.5,1,2023-04-13,"212119025",35.5,"232012",NA,NA,8641,"2023",4,"Spring",2021-04-13,2024-07-02,-14.6333333333333,TRUE,"2021",4,"Spring","non-G-coded","female","1",23.5,"<=30",FALSE,FALSE,FALSE,FALSE,FALSE,FALSE,FALSE,FALSE,FALSE,FALSE,1,1,"singleton",0,0,0,0,1,0,1,0,0,0,0,4,"Reference range"
"00305",60.26,4,2025-08-22,"15621175",45.2,"251021","606244","800505",2301,"2025",8,"Summer",2020-08-22,2021-07-02,49.6451612903226,FALSE,"2020",8,"Summer","non-G-coded","female","4",60.26,">60",FALSE,FALSE,FALSE,FALSE,FALSE,FALSE,FALSE,FALSE,FALSE,FALSE,1,1,"singleton",0,0,0,0,0,0,0,0,0,0,0,8,"Reference range"
"01450",51.45,3,2024-01-31,"865530狼血",48.6,"240187",NA,NA,6683,"2024",1,"Winter",2019-10-31,2022-04-02,21.9354838709677,FALSE,"2019",10,"Autumn","non-G-coded","female","3",51.45,"43-60",FALSE,FALSE,FALSE,FALSE,FALSE,FALSE,FALSE,FALSE,FALSE,FALSE,1,1,"singleton",0,0,0,0,0,1,0,0,0,0,0,1,"Reference range"
"202242",39.05,2,2024-01-13,"865530狼血",37.5,"240093","163940","65016",6836,"2024",1,"Winter",2020-10-13,2023-04-02,9.35483870967742,TRUE,"2020",10,"Autumn","non-G-coded","female","2",39.05,"31-42",FALSE,FALSE,FALSE,FALSE,FALSE,FALSE,FALSE,FALSE,FALSE,FALSE,1,1,"singleton",0,0,0,0,0,0,0,0,0,0,0,1,"Reference range"
"212751",48.55,3,2025-05-14,"427133",38.7,"250702","606318","61943",2961,"2025",5,"Spring",2021-04-14,2022-06-02,35.3870967741936,FALSE,"2021",4,"Spring","non-G-coded","female","3",48.55,"43-60",FALSE,FALSE,FALSE,FALSE,FALSE,FALSE,FALSE,FALSE,FALSE,FALSE,1,1,"singleton",0,0,0,0,0,0,0,0,0,0,0,5,"Reference range"
"L70094",82.81,6,2024-01-04,"FR7045049997",43.5,"240047L",NA,NA,6917,"2024",1,"Winter",2017-02-04,2019-08-02,53.0645161290323,FALSE,"2017",2,"Winter","non-G-coded","female","6",82.81,">60",FALSE,FALSE,FALSE,FALSE,FALSE,FALSE,FALSE,FALSE,FALSE,FALSE,1,1,"singleton",0,0,0,0,0,0,0,0,0,0,0,1,"Reference range"
"212694",50.33,2,2025-06-30,"22218621",43.2,"250867","606318","00795",2636,"2025",6,"Summer",2021-04-30,2022-05-02,37.9333333333333,FALSE,"2021",4,"Spring","non-G-coded","female","2",50.33,"43-60",FALSE,FALSE,FALSE,FALSE,FALSE,FALSE,FALSE,FALSE,FALSE,FALSE,1,1,"singleton",0,0,0,0,0,0,0,0,0,0,0,6,"Reference range"
"800845",57.63,4,2023-08-25,"7402563907",38.9,"9403","171350","L40243",7842,"2023",8,"Summer",2018-10-25,2021-09-02,23.741935483871,FALSE,"2018",10,"Autumn","non-G-coded","female","4",57.63,"43-60",FALSE,FALSE,FALSE,FALSE,FALSE,FALSE,FALSE,FALSE,FALSE,FALSE,1,1,"singleton",0,0,0,0,0,0,0,0,0,0,0,8,"Reference range"
"00106",83.66,5,2026-01-18,"41121286",47.6,"260032","171790","34001",1134,"2026",1,"Winter",2019-01-18,2019-07-02,78.5161290322581,FALSE,"2019",1,"Winter","non-G-coded","female","5",83.66,">60",FALSE,FALSE,FALSE,FALSE,FALSE,FALSE,FALSE,FALSE,FALSE,FALSE,1,1,"singleton",0,0,0,0,0,0,0,0,0,0,0,1,"Reference range"
"201745",45.83,3,2024-03-27,"862025瓦特罗",38.4,"240555","865530","60521",5999,"2024",3,"Spring",2020-05-27,2022-09-02,18.8064516129032,FALSE,"2020",5,"Spring","non-G-coded","female","3",45.83,"43-60",FALSE,FALSE,FALSE,FALSE,FALSE,FALSE,FALSE,FALSE,FALSE,FALSE,1,1,"singleton",0,0,0,0,0,0,0,0,0,0,0,3,"Reference range"
"240566",24.03,1,2026-03-30,"41422157",43.7,"261312","862025瓦特罗","201329",569,"2026",3,"Spring",2024-03-30,2024-07-02,20.9032258064516,FALSE,"2024",3,"Spring","non-G-coded","female","1",24.03,"<=30",FALSE,FALSE,FALSE,FALSE,FALSE,FALSE,FALSE,FALSE,FALSE,FALSE,1,1,"singleton",0,0,0,0,0,0,0,0,0,0,0,3,"Reference range"
"212988",53.88,3,2025-11-25,"21219011",42.8,"251386","7029225762","800515",1530,"2025",11,"Autumn",2021-05-25,2022-01-02,46.7666666666667,FALSE,"2021",5,"Spring","non-G-coded","female","3",53.88,"43-60",FALSE,FALSE,FALSE,FALSE,FALSE,FALSE,FALSE,FALSE,FALSE,FALSE,1,1,"singleton",0,0,0,0,0,0,0,0,0,0,0,11,"Reference range"
"201881",69.59,4,2026-01-27,"41121286",49.2,"260056",NA,NA,1084,"2026",1,"Winter",2020-03-27,2020-09-02,64.8064516129032,FALSE,"2020",3,"Spring","non-G-coded","female","4",69.59,">60",FALSE,FALSE,FALSE,FALSE,FALSE,FALSE,FALSE,FALSE,FALSE,FALSE,1,1,"singleton",0,0,0,0,0,1,0,0,0,0,0,1,"Reference range"
"62119",85.67,5,2023-02-24,"854773威吉吉",46.2,"234281",NA,NA,9089,"2023",2,"Winter",2015-12-24,2019-05-02,45.7857142857143,FALSE,"2015",12,"Winter","non-G-coded","female","5",85.67,">60",FALSE,FALSE,FALSE,FALSE,FALSE,FALSE,FALSE,FALSE,FALSE,FALSE,1,1,"singleton",0,0,0,0,0,0,0,0,0,0,0,2,"Reference range"
"60014",115.55,6,2025-08-18,"863302",42.2,"251010",NA,NA,2326,"2025",8,"Summer",2015-12-18,2016-11-02,105.516129032258,FALSE,"2015",12,"Winter","non-G-coded","female","6",115.55,">60",FALSE,FALSE,FALSE,FALSE,FALSE,FALSE,FALSE,FALSE,FALSE,FALSE,1,1,"singleton",0,0,0,0,0,0,0,0,0,0,0,8,"Reference range"
"20016",85.47,5,2026-03-04,"12120008",37.5,"260176",NA,NA,844,"2026",3,"Spring",2019-02-04,2019-06-02,81.0645161290323,FALSE,"2019",2,"Winter","non-G-coded","female","5",85.47,">60",FALSE,FALSE,FALSE,FALSE,FALSE,FALSE,FALSE,FALSE,FALSE,FALSE,1,1,"singleton",0,0,0,0,0,0,0,0,0,0,0,3,"Reference range"
"00345",53.12,3,2023-09-04,"公牛",40.8,"235339","171790","63016",7750,"2023",9,"Autumn",2019-04-04,2022-02-02,19.0666666666667,FALSE,"2019",4,"Spring","non-G-coded","female","3",53.12,"43-60",FALSE,FALSE,FALSE,FALSE,FALSE,FALSE,FALSE,FALSE,FALSE,FALSE,1,1,"singleton",0,0,0,0,0,0,0,0,0,0,0,9,"Reference range"
"201082",38.36,2,2023-12-31,"865530狼血",41.6,"240016","606244","61441",6956,"2023",12,"Winter",2020-10-31,2023-05-02,7.93548387096774,TRUE,"2020",10,"Autumn","non-G-coded","female","2",38.36,"31-42",FALSE,FALSE,FALSE,FALSE,FALSE,FALSE,FALSE,FALSE,FALSE,FALSE,1,1,"singleton",0,0,0,0,0,0,0,0,0,0,0,12,"Reference range"
"70684",79.55,5,2025-10-12,"41121286",40.5,"251188","171790","61479",1943,"2025",10,"Autumn",2019-02-12,2019-11-02,71.3225806451613,FALSE,"2019",2,"Winter","non-G-coded","female","5",79.55,">60",FALSE,FALSE,FALSE,FALSE,FALSE,FALSE,FALSE,FALSE,FALSE,FALSE,1,1,"singleton",0,0,0,0,0,0,0,0,0,0,0,10,"Reference range"
"202632",37.51,2,2024-01-28,"865530狼血",44.5,"240165","180600","70501",6722,"2024",1,"Winter",2020-11-28,2023-05-02,8.83870967741935,TRUE,"2020",11,"Autumn","non-G-coded","female","2",37.51,"31-42",FALSE,FALSE,FALSE,FALSE,FALSE,FALSE,FALSE,FALSE,FALSE,FALSE,1,1,"singleton",0,0,0,0,0,0,0,0,0,0,0,1,"Reference range"
"60971",100.56,6,2024-05-29,"22220785",48.1,"240784",NA,NA,5573,"2024",5,"Spring",2015-12-29,2018-02-02,75.8709677419355,FALSE,"2015",12,"Winter","non-G-coded","female","6",100.56,">60",FALSE,FALSE,FALSE,FALSE,FALSE,FALSE,FALSE,FALSE,FALSE,FALSE,1,1,"singleton",0,0,0,0,0,0,0,0,0,0,0,5,"Reference range"
"212244",64.37,4,2026-06-14,"21219011",43.5,"261594","7402563907","L150112",45,"2026",6,"Summer",2021-02-14,2021-03-02,63.4,FALSE,"2021",2,"Winter","non-G-coded","female","4",64.37,">60",FALSE,FALSE,FALSE,FALSE,FALSE,FALSE,FALSE,FALSE,FALSE,FALSE,1,1,"singleton",0,0,0,0,0,0,0,0,0,0,0,6,"Reference range"
"800605",64.92,4,2024-02-03,"865530狼血",43.2,"240203","171350","61390",6651,"2024",2,"Winter",2018-09-03,2021-02-02,36.0344827586207,FALSE,"2018",9,"Autumn","non-G-coded","female","4",64.92,">60",FALSE,FALSE,FALSE,FALSE,FALSE,FALSE,FALSE,FALSE,FALSE,FALSE,1,1,"singleton",0,0,0,0,0,0,0,0,0,0,0,2,"Reference range"
"20006",53.65,3,2023-07-03,"7402563907",47.6,"234979","171790","1551",8143,"2023",7,"Summer",2019-01-03,2022-01-02,18.0322580645161,FALSE,"2019",1,"Winter","non-G-coded","female","3",53.65,"43-60",FALSE,FALSE,FALSE,FALSE,FALSE,FALSE,FALSE,FALSE,FALSE,FALSE,1,1,"singleton",0,0,0,0,0,0,0,0,0,0,0,7,"Reference range"
"800033",72.16,4,2024-01-09,"FR7045049997",48.6,"240072",NA,NA,6870,"2024",1,"Winter",2018-01-09,2020-07-02,42.2258064516129,FALSE,"2018",1,"Winter","non-G-coded","female","4",72.16,">60",FALSE,FALSE,FALSE,FALSE,FALSE,FALSE,FALSE,FALSE,FALSE,FALSE,1,1,"singleton",0,0,0,0,0,1,0,0,0,0,0,1,"Reference range"
"61992",88.07,5,2023-05-26,"7402563907",47.6,"234785",NA,NA,8376,"2023",5,"Spring",2016-01-26,2019-03-02,50.7741935483871,FALSE,"2016",1,"Winter","non-G-coded","female","5",88.07,">60",FALSE,FALSE,FALSE,FALSE,FALSE,FALSE,FALSE,FALSE,FALSE,FALSE,1,1,"singleton",0,0,0,0,0,0,0,0,0,0,0,5,"Reference range"
"234699",24.46,1,2025-05-18,"22218621",41.8,"250720",NA,NA,2914,"2025",5,"Spring",2023-05-18,2024-07-02,10.5161290322581,TRUE,"2023",5,"Spring","non-G-coded","female","1",24.46,"<=30",FALSE,FALSE,FALSE,FALSE,FALSE,FALSE,FALSE,FALSE,FALSE,FALSE,1,1,"singleton",0,0,0,0,0,0,0,0,0,0,0,5,"Reference range"
"235064",23.7,1,2025-07-04,"22218621",37.2,"250879","854773威吉吉","70288",2599,"2025",7,"Summer",2023-07-04,2024-07-02,12.0645161290323,TRUE,"2023",7,"Summer","non-G-coded","female","1",23.7,"<=30",FALSE,FALSE,FALSE,FALSE,FALSE,FALSE,FALSE,FALSE,FALSE,FALSE,1,1,"singleton",0,0,0,0,0,0,0,0,0,0,0,7,"Reference range"
"62746",86.92,5,2023-04-29,"7402563907",35.6,"234676",NA,NA,8516,"2023",4,"Spring",2016-01-29,2019-04-02,48.9,FALSE,"2016",1,"Winter","non-G-coded","female","5",86.92,">60",FALSE,FALSE,FALSE,FALSE,FALSE,FALSE,FALSE,FALSE,FALSE,FALSE,1,1,"singleton",0,0,0,0,1,0,1,0,0,0,0,4,"Reference range"
"202005",57.23,3,2026-01-01,"41121286",48.7,"260001",NA,NA,1212,"2026",1,"Winter",2021-04-01,2021-10-02,50.9677419354839,FALSE,"2021",4,"Spring","non-G-coded","female","3",57.23,"43-60",FALSE,FALSE,FALSE,FALSE,FALSE,FALSE,FALSE,FALSE,FALSE,FALSE,1,1,"singleton",0,0,0,0,0,1,0,0,0,0,0,1,"Reference range"
"212766",53.29,3,2025-10-07,"15620193",43.8,"251161",NA,NA,1990,"2025",10,"Autumn",2021-05-07,2022-02-02,44.1612903225806,FALSE,"2021",5,"Spring","non-G-coded","female","3",53.29,"43-60",FALSE,FALSE,FALSE,FALSE,FALSE,FALSE,FALSE,FALSE,FALSE,FALSE,1,1,"singleton",0,0,0,0,0,0,0,0,0,0,0,10,"Reference range"
"800968",49.01,3,2023-01-01,"854282维利纳诺",41,"234017","171350","62649",9479,"2023",1,"Winter",2018-12-01,2022-06-02,6.96774193548387,TRUE,"2018",12,"Winter","non-G-coded","female","3",49.01,"43-60",FALSE,FALSE,FALSE,FALSE,FALSE,FALSE,FALSE,FALSE,FALSE,FALSE,1,1,"singleton",0,0,0,0,0,0,0,0,0,0,0,1,"Reference range"
"225344",40.66,2,2026-03-22,"21219011",43.2,"261201","606045","91164",658,"2026",3,"Spring",2022-10-22,2023-02-02,37.6451612903226,FALSE,"2022",10,"Autumn","non-G-coded","female","2",40.66,"31-42",FALSE,FALSE,FALSE,FALSE,FALSE,FALSE,FALSE,FALSE,FALSE,FALSE,1,1,"singleton",0,0,0,0,0,0,0,0,0,0,0,3,"Reference range"
"61900",99.28,6,2024-04-26,"22220785",48.6,"240679",NA,NA,5792,"2024",4,"Spring",2016-01-26,2018-04-02,72.8,FALSE,"2016",1,"Winter","non-G-coded","female","6",99.28,">60",FALSE,FALSE,FALSE,FALSE,FALSE,FALSE,FALSE,FALSE,FALSE,FALSE,1,1,"singleton",0,0,0,0,0,1,0,0,0,0,0,4,"Reference range"
"61453",100.66,6,2024-06-24,"22220785",38.6,"240876",NA,NA,5406,"2024",6,"Summer",2016-01-24,2018-02-02,76.7333333333333,FALSE,"2016",1,"Winter","non-G-coded","female","6",100.66,">60",FALSE,FALSE,FALSE,FALSE,FALSE,FALSE,FALSE,FALSE,FALSE,FALSE,1,1,"singleton",0,0,0,0,0,0,0,0,0,0,0,6,"Reference range"
"65027",65.38,3,2026-02-11,"41120238",45.8,"260098","606244","61274",995,"2026",2,"Winter",2020-09-11,2021-02-02,60.3214285714286,FALSE,"2020",9,"Autumn","non-G-coded","female","3",65.38,">60",FALSE,FALSE,FALSE,FALSE,FALSE,FALSE,FALSE,FALSE,FALSE,FALSE,1,1,"singleton",0,0,0,0,0,0,0,0,0,0,0,2,"Reference range"
"65001",118.77,8,2025-12-03,"21219011",45.6,"251119",NA,NA,1456,"2025",12,"Winter",2016-01-03,2016-08-02,112.032258064516,FALSE,"2016",1,"Winter","non-G-coded","female",">=7",118.77,">60",FALSE,FALSE,FALSE,FALSE,FALSE,FALSE,FALSE,FALSE,FALSE,FALSE,1,1,"singleton",0,0,0,0,0,0,0,0,0,0,0,12,"Reference range"
"00834",53.25,3,2023-12-07,"865530狼血",43.3,"235242L","186756","70356",7207,"2023",12,"Winter",2019-07-07,2022-02-02,22.1612903225806,FALSE,"2019",7,"Summer","non-G-coded","female","3",53.25,"43-60",FALSE,FALSE,FALSE,FALSE,FALSE,FALSE,FALSE,FALSE,FALSE,FALSE,1,1,"singleton",0,0,0,0,0,0,0,0,0,0,0,12,"Reference range"
"00728",45.96,3,2023-04-05,"7402563907",48.2,"234552","167285","60274",8704,"2023",4,"Spring",2019-06-05,2022-09-02,7.1,TRUE,"2019",6,"Summer","non-G-coded","female","3",45.96,"43-60",FALSE,FALSE,FALSE,FALSE,FALSE,FALSE,FALSE,FALSE,FALSE,FALSE,1,1,"singleton",0,0,0,0,0,0,0,0,0,0,0,4,"Reference range"
"70155",103.06,6,2025-10-13,"15618075",40.5,"251192",NA,NA,1930,"2025",10,"Autumn",2017-03-13,2017-12-02,94.3548387096774,FALSE,"2017",3,"Spring","non-G-coded","female","6",103.06,">60",FALSE,FALSE,FALSE,FALSE,FALSE,FALSE,FALSE,FALSE,FALSE,FALSE,1,1,"singleton",0,0,0,0,0,0,0,0,0,0,0,10,"Reference range"
"L217014",51.38,3,2026-02-28,"41122926",46.8,"260157",NA,NA,876,"2026",2,"Winter",2021-11-28,2022-04-02,46.9285714285714,FALSE,"2021",11,"Autumn","non-G-coded","female","3",51.38,"43-60",FALSE,FALSE,FALSE,FALSE,FALSE,FALSE,FALSE,FALSE,FALSE,FALSE,1,1,"singleton",0,0,0,0,0,0,0,0,0,0,0,2,"Reference range"
"217009",35.86,1,2025-05-14,"22218621",39.4,"250701","606045","00078",2955,"2025",5,"Spring",2022-05-14,2023-07-02,22.3870967741935,FALSE,"2022",5,"Spring","non-G-coded","female","1",35.86,"31-42",FALSE,FALSE,FALSE,FALSE,FALSE,FALSE,FALSE,FALSE,FALSE,FALSE,1,1,"singleton",0,0,0,0,0,0,0,0,0,0,0,5,"Reference range"
"70500",70.02,4,2023-06-07,"854773威吉吉",38.2,"234860",NA,NA,8285,"2023",6,"Summer",2017-08-07,2020-09-02,33.1666666666667,FALSE,"2017",8,"Summer","non-G-coded","female","4",70.02,">60",FALSE,FALSE,FALSE,FALSE,FALSE,FALSE,FALSE,FALSE,FALSE,FALSE,1,1,"singleton",0,0,0,0,0,0,0,0,0,0,0,6,"Reference range"
"213023",30.67,1,2023-12-31,"865530狼血",45.4,"240015",NA,NA,6955,"2023",12,"Winter",2021-05-31,2023-12-02,0.935483870967742,TRUE,"2021",5,"Spring","non-G-coded","female","1",30.67,"31-42",FALSE,FALSE,FALSE,FALSE,FALSE,FALSE,FALSE,FALSE,FALSE,FALSE,1,1,"singleton",0,0,0,0,0,0,0,0,0,0,0,12,"Reference range"
"60419",92.34,5,2024-04-03,"862025瓦特罗",39.8,"240582",NA,NA,5953,"2024",4,"Spring",2016-08-03,2018-11-02,65.0333333333333,FALSE,"2016",8,"Summer","non-G-coded","female","5",92.34,">60",FALSE,FALSE,FALSE,FALSE,FALSE,FALSE,FALSE,FALSE,FALSE,FALSE,1,1,"singleton",0,0,0,0,0,0,0,0,0,0,0,4,"Reference range"
"60829",84.94,5,2023-01-29,"871041文尼哥",48.2,"234134",NA,NA,9304,"2023",1,"Winter",2015-12-29,2019-06-02,43.8709677419355,FALSE,"2015",12,"Winter","non-G-coded","female","5",84.94,">60",FALSE,FALSE,FALSE,FALSE,FALSE,FALSE,FALSE,FALSE,FALSE,FALSE,1,1,"singleton",0,0,0,0,0,0,0,0,0,0,0,1,"Reference range"
"91162",56.64,4,2023-06-04,"854773威吉吉",38.7,"234834","171350","61650",8307,"2023",6,"Summer",2018-09-04,2021-10-02,20.0666666666667,FALSE,"2018",9,"Autumn","non-G-coded","female","4",56.64,"43-60",FALSE,FALSE,FALSE,FALSE,FALSE,FALSE,FALSE,FALSE,FALSE,FALSE,1,1,"singleton",0,0,0,0,0,0,0,0,0,0,0,6,"Reference range"
"201820",31.43,1,2023-02-08,"13219066",46.8,"234179","865530","800488",9241,"2023",2,"Winter",2020-07-08,2023-12-02,-9.78571428571429,TRUE,"2020",7,"Summer","non-G-coded","female","1",31.43,"31-42",FALSE,FALSE,FALSE,FALSE,FALSE,FALSE,FALSE,FALSE,FALSE,FALSE,1,1,"singleton",0,0,0,0,0,0,0,0,0,0,0,2,"Reference range"
"234340",25.35,1,2025-04-12,"427133",40.8,"250537","854773威吉吉","00455",3279,"2025",4,"Spring",2023-03-12,2024-06-02,10.3333333333333,TRUE,"2023",3,"Spring","non-G-coded","female","1",25.35,"<=30",FALSE,FALSE,FALSE,FALSE,FALSE,FALSE,FALSE,FALSE,FALSE,FALSE,1,1,"singleton",0,0,0,0,0,0,0,0,0,0,0,4,"Reference range"
"70638",63.48,4,2023-02-10,"854773威吉吉",45.6,"234190",NA,NA,9220,"2023",2,"Winter",2017-11-10,2021-04-02,22.2857142857143,FALSE,"2017",11,"Autumn","non-G-coded","female","4",63.48,">60",FALSE,FALSE,FALSE,FALSE,FALSE,FALSE,FALSE,FALSE,FALSE,FALSE,1,1,"singleton",0,0,0,0,0,0,0,0,0,0,0,2,"Reference range"
"224420",25.28,1,2024-04-21,"22220785",43.6,"240664","2545109367","910054",5821,"2024",4,"Spring",2022-03-21,2024-06-02,-1.36666666666667,TRUE,"2022",3,"Spring","non-G-coded","female","1",25.28,"<=30",FALSE,FALSE,FALSE,FALSE,FALSE,FALSE,FALSE,FALSE,FALSE,FALSE,1,1,"singleton",0,0,0,0,0,0,0,0,0,0,0,4,"Reference range"
"70225",76.4,5,2023-08-14,"865530狼血",38.4,"235199",NA,NA,7903,"2023",8,"Summer",2017-04-14,2020-03-02,41.3870967741936,FALSE,"2017",4,"Spring","non-G-coded","female","5",76.4,">60",FALSE,FALSE,FALSE,FALSE,FALSE,FALSE,FALSE,FALSE,FALSE,FALSE,1,1,"singleton",0,0,0,0,0,0,0,0,0,0,0,8,"Reference range"
"62148",84.35,5,2023-02-19,"854773威吉吉",42.3,"234256",NA,NA,9131,"2023",2,"Winter",2016-02-19,2019-07-02,43.6071428571429,FALSE,"2016",2,"Winter","non-G-coded","female","5",84.35,">60",FALSE,FALSE,FALSE,FALSE,FALSE,FALSE,FALSE,FALSE,FALSE,FALSE,1,1,"singleton",0,0,0,0,0,0,0,0,0,0,0,2,"Reference range"
"70303",79.32,5,2023-12-08,"865530狼血",38.4,"235839",NA,NA,7201,"2023",12,"Winter",2017-05-08,2019-12-02,48.1935483870968,FALSE,"2017",5,"Spring","non-G-coded","female","5",79.32,">60",FALSE,FALSE,FALSE,FALSE,FALSE,FALSE,FALSE,FALSE,FALSE,FALSE,1,1,"singleton",0,0,0,0,0,0,0,0,0,0,0,12,"Reference range"
"213843",39.45,2,2025-03-24,"427151",45.6,"250462","854282","61726",3448,"2025",3,"Spring",2021-12-24,2023-04-02,23.7096774193548,FALSE,"2021",12,"Winter","non-G-coded","female","2",39.45,"31-42",FALSE,FALSE,FALSE,FALSE,FALSE,FALSE,FALSE,FALSE,FALSE,FALSE,1,1,"singleton",0,0,0,0,0,0,0,0,0,0,0,3,"Reference range"
"213763",46.68,3,2025-04-24,"427133",47.2,"250594",NA,NA,3168,"2025",4,"Spring",2021-05-24,2022-08-02,32.7333333333333,FALSE,"2021",5,"Spring","non-G-coded","female","3",46.68,"43-60",FALSE,FALSE,FALSE,FALSE,FALSE,FALSE,FALSE,FALSE,FALSE,FALSE,1,1,"singleton",0,0,0,0,0,0,0,0,0,0,0,4,"Reference range"
"00239",52.4,3,2023-07-17,"7402563907",36.2,"235079","171790","61781",8075,"2023",7,"Summer",2019-03-17,2022-03-02,16.4838709677419,FALSE,"2019",3,"Spring","non-G-coded","female","3",52.4,"43-60",FALSE,FALSE,FALSE,FALSE,FALSE,FALSE,FALSE,FALSE,FALSE,FALSE,1,1,"singleton",0,0,0,0,1,0,0,0,0,0,0,7,"Reference range"
"213894",39.68,2,2025-04-11,"22218621",41.6,"250531","854282","800992",3285,"2025",4,"Spring",2021-12-11,2023-03-02,25.3,FALSE,"2021",12,"Winter","non-G-coded","female","2",39.68,"31-42",FALSE,FALSE,FALSE,FALSE,FALSE,FALSE,FALSE,FALSE,FALSE,FALSE,1,1,"singleton",0,0,0,0,0,0,0,0,0,0,0,4,"Reference range"
"202139",53.85,2,2025-03-15,"22220783",40.3,"250404","606244","61217",3560,"2025",3,"Spring",2020-09-15,2022-01-02,38.4193548387097,FALSE,"2020",9,"Autumn","non-G-coded","female","2",53.85,"43-60",FALSE,FALSE,FALSE,FALSE,FALSE,FALSE,FALSE,FALSE,FALSE,FALSE,1,1,"singleton",0,0,0,0,0,0,0,0,0,0,0,3,"Reference range"
"40673",114.37,7,2025-07-07,"21219011",48.7,"250887",NA,NA,2586,"2025",7,"Summer",2016-01-07,2017-01-02,102.161290322581,FALSE,"2016",1,"Winter","non-G-coded","female",">=7",114.37,">60",FALSE,FALSE,FALSE,FALSE,FALSE,FALSE,FALSE,FALSE,FALSE,FALSE,1,1,"singleton",0,0,0,0,0,1,0,0,0,0,0,7,"Reference range"
"L212227",61.83,3,2026-03-26,"21219011",42.4,"261282",NA,NA,614,"2026",3,"Spring",2021-01-26,2021-05-02,58.7741935483871,FALSE,"2021",1,"Winter","non-G-coded","female","3",61.83,">60",FALSE,FALSE,FALSE,FALSE,FALSE,FALSE,FALSE,FALSE,FALSE,FALSE,1,1,"singleton",0,0,0,0,0,0,0,0,0,0,0,3,"Reference range"
"201648",48.72,3,2024-05-30,"22220785",46.4,"240787","606244","60233",5570,"2024",5,"Spring",2020-04-30,2022-06-02,23.9032258064516,FALSE,"2020",4,"Spring","non-G-coded","female","3",48.72,"43-60",FALSE,FALSE,FALSE,FALSE,FALSE,FALSE,FALSE,FALSE,FALSE,FALSE,1,1,"singleton",0,0,0,0,0,0,0,0,0,0,0,5,"Reference range"
"62474",89.15,5,2023-07-25,"854773威吉吉",47.4,"235114",NA,NA,8026,"2023",7,"Summer",2016-02-25,2019-02-02,53.741935483871,FALSE,"2016",2,"Winter","non-G-coded","female","5",89.15,">60",FALSE,FALSE,FALSE,FALSE,FALSE,FALSE,FALSE,FALSE,FALSE,FALSE,1,1,"singleton",0,0,0,0,0,0,0,0,0,0,0,7,"Reference range"
"225030",38.89,2,2025-06-18,"863302",45.2,"250811","180781","70722",2725,"2025",6,"Summer",2022-03-18,2023-04-02,26.5333333333333,FALSE,"2022",3,"Spring","non-G-coded","female","2",38.89,"31-42",FALSE,FALSE,FALSE,FALSE,FALSE,FALSE,FALSE,FALSE,FALSE,FALSE,1,1,"singleton",0,0,0,0,0,0,0,0,0,0,0,6,"Reference range"
"60964",95.17,6,2023-12-10,"865530狼血",36.4,"235845",NA,NA,7183,"2023",12,"Winter",2016-01-10,2018-08-02,64.258064516129,FALSE,"2016",1,"Winter","non-G-coded","female","6",95.17,">60",FALSE,FALSE,FALSE,FALSE,FALSE,FALSE,FALSE,FALSE,FALSE,FALSE,1,1,"singleton",0,0,0,0,1,0,0,0,0,0,0,12,"Reference range"
"800587",91.58,7,2026-04-16,"21219011",48.9,"261392","171350","2132",416,"2026",4,"Spring",2018-08-16,2018-11-02,89.4666666666667,FALSE,"2018",8,"Summer","non-G-coded","female",">=7",91.58,">60",FALSE,FALSE,FALSE,FALSE,FALSE,FALSE,FALSE,FALSE,FALSE,FALSE,1,1,"singleton",0,0,0,0,0,1,0,0,0,0,0,4,"Reference range"
"91145",87.41,5,2023-05-27,"871041文尼哥",41.6,"234788",NA,NA,8368,"2023",5,"Spring",2016-02-27,2019-04-02,49.8064516129032,FALSE,"2016",2,"Winter","non-G-coded","female","5",87.41,">60",FALSE,FALSE,FALSE,FALSE,FALSE,FALSE,FALSE,FALSE,FALSE,FALSE,1,1,"singleton",0,0,0,0,0,0,0,0,0,0,0,5,"Reference range"
"240128",26.1,1,2026-03-25,"21219011",40.3,"261271","FR7045049997","800130",641,"2026",3,"Spring",2024-01-25,2024-05-02,22.741935483871,FALSE,"2024",1,"Winter","non-G-coded","female","1",26.1,"<=30",FALSE,FALSE,FALSE,FALSE,FALSE,FALSE,FALSE,FALSE,FALSE,FALSE,1,1,"singleton",0,0,0,0,0,0,0,0,0,0,0,3,"Reference range"
"00204",59.43,4,2024-02-08,"FR7045049997",46.8,"240243","171790","70003",6567,"2024",2,"Winter",2019-03-08,2021-08-02,30.2068965517241,FALSE,"2019",3,"Spring","non-G-coded","female","4",59.43,"43-60",FALSE,FALSE,FALSE,FALSE,FALSE,FALSE,FALSE,FALSE,FALSE,FALSE,1,1,"singleton",0,0,0,0,0,0,0,0,0,0,0,2,"Reference range"
"01392",73.6,5,2025-12-05,"41121286",49.6,"251434",NA,NA,1427,"2025",12,"Winter",2019-10-05,2020-05-02,67.0967741935484,FALSE,"2019",10,"Autumn","non-G-coded","female","5",73.6,">60",FALSE,FALSE,FALSE,FALSE,FALSE,FALSE,FALSE,FALSE,FALSE,FALSE,1,1,"singleton",0,0,0,0,0,1,0,0,0,0,0,12,"Reference range"
"62094",110.09,7,2025-03-11,"427151",45.6,"250381",NA,NA,3597,"2025",3,"Spring",2016-01-11,2017-05-02,94.2903225806452,FALSE,"2016",1,"Winter","non-G-coded","female",">=7",110.09,">60",FALSE,FALSE,FALSE,FALSE,FALSE,FALSE,FALSE,FALSE,FALSE,FALSE,1,1,"singleton",0,0,0,0,0,0,0,0,0,0,0,3,"Reference range"
"61605",111.11,6,2025-05-13,"427133",37.8,"250695",NA,NA,2964,"2025",5,"Spring",2016-02-13,2017-04-02,97.3548387096774,FALSE,"2016",2,"Winter","non-G-coded","female","6",111.11,">60",FALSE,FALSE,FALSE,FALSE,FALSE,FALSE,FALSE,FALSE,FALSE,FALSE,1,1,"singleton",0,0,0,0,0,0,0,0,0,0,0,5,"Reference range"
"60411L",81.49,5,2023-05-02,"871041文尼哥",45.2,"234693",NA,NA,8499,"2023",5,"Spring",2016-08-02,2019-10-02,43,FALSE,"2016",8,"Summer","non-G-coded","female","5",81.49,">60",FALSE,FALSE,FALSE,FALSE,FALSE,FALSE,FALSE,FALSE,FALSE,FALSE,1,1,"singleton",0,0,0,0,0,0,0,0,0,0,0,5,"Reference range"
"01355",57.1,4,2024-05-11,"22220785",47.6,"240730",NA,NA,5688,"2024",5,"Spring",2019-08-11,2021-10-02,31.2903225806452,FALSE,"2019",8,"Summer","non-G-coded","female","4",57.1,"43-60",FALSE,FALSE,FALSE,FALSE,FALSE,FALSE,FALSE,FALSE,FALSE,FALSE,1,1,"singleton",0,0,0,0,0,0,0,0,0,0,0,5,"Reference range"
"201775",40.4,1,2023-10-24,"865530狼血",42.8,"235555","865530","70135",7476,"2023",10,"Autumn",2020-06-24,2023-03-02,7.70967741935484,TRUE,"2020",6,"Summer","non-G-coded","female","1",40.4,"31-42",FALSE,FALSE,FALSE,FALSE,FALSE,FALSE,FALSE,FALSE,FALSE,FALSE,1,1,"singleton",0,0,0,0,0,0,0,0,0,0,0,10,"Reference range"
"213734",26.43,1,2024-01-31,"865530狼血",43.2,"240190","2544424506","801057",6691,"2024",1,"Winter",2021-11-30,2024-05-02,-3.06451612903226,TRUE,"2021",11,"Autumn","non-G-coded","female","1",26.43,"<=30",FALSE,FALSE,FALSE,FALSE,FALSE,FALSE,FALSE,FALSE,FALSE,FALSE,1,1,"singleton",0,0,0,0,0,0,0,0,0,0,0,1,"Reference range"
"801123",83.63,5,2025-12-09,"41121286",41.1,"251459","171790","60956",1381,"2025",12,"Winter",2018-12-09,2019-07-02,77.2258064516129,FALSE,"2018",12,"Winter","non-G-coded","female","5",83.63,">60",FALSE,FALSE,FALSE,FALSE,FALSE,FALSE,FALSE,FALSE,FALSE,FALSE,1,1,"singleton",0,0,0,0,0,0,0,0,0,0,0,12,"Reference range"
"L800710",67.98,5,2024-06-02,"22220785",43.8,"240804",NA,NA,5543,"2024",6,"Summer",2018-10-02,2020-11-02,43,FALSE,"2018",10,"Autumn","non-G-coded","female","5",67.98,">60",FALSE,FALSE,FALSE,FALSE,FALSE,FALSE,FALSE,FALSE,FALSE,FALSE,1,1,"singleton",0,0,0,0,0,0,0,0,0,0,0,6,"Reference range"
"00865",68.01,4,2025-03-15,"22218621",43,"250405","167285","60197",3562,"2025",3,"Spring",2019-07-15,2020-11-02,52.4193548387097,FALSE,"2019",7,"Summer","non-G-coded","female","4",68.01,">60",FALSE,FALSE,FALSE,FALSE,FALSE,FALSE,FALSE,FALSE,FALSE,FALSE,1,1,"singleton",0,0,0,0,0,0,0,0,0,0,0,3,"Reference range"
"201567",44.74,3,2024-01-17,"FR7045049997",42.8,"240106",NA,NA,6808,"2024",1,"Winter",2020-04-17,2022-10-02,15.4838709677419,FALSE,"2020",4,"Spring","non-G-coded","female","3",44.74,"43-60",FALSE,FALSE,FALSE,FALSE,FALSE,FALSE,FALSE,FALSE,FALSE,FALSE,1,1,"singleton",0,0,0,0,0,0,0,0,0,0,0,1,"Reference range"
"20100",50.39,3,2023-04-04,"854773威吉吉",46.3,"234541","167285","150102",8710,"2023",4,"Spring",2019-02-04,2022-05-02,11.0666666666667,TRUE,"2019",2,"Winter","non-G-coded","female","3",50.39,"43-60",FALSE,FALSE,FALSE,FALSE,FALSE,FALSE,FALSE,FALSE,FALSE,FALSE,1,1,"singleton",0,0,0,0,0,0,0,0,0,0,0,4,"Reference range"
"801155",63.77,4,2023-10-08,"865530狼血",44.5,"235496",NA,NA,7558,"2023",10,"Autumn",2018-06-08,2021-03-02,31.1935483870968,FALSE,"2018",6,"Summer","non-G-coded","female","4",63.77,">60",FALSE,FALSE,FALSE,FALSE,FALSE,FALSE,FALSE,FALSE,FALSE,FALSE,1,1,"singleton",0,0,0,0,0,0,0,0,0,0,0,10,"Reference range"
"202669",58.94,4,2025-11-14,"41121286",45.6,"251334","180600","20006",1642,"2025",11,"Autumn",2020-12-14,2021-08-02,51.4,FALSE,"2020",12,"Winter","non-G-coded","female","4",58.94,"43-60",FALSE,FALSE,FALSE,FALSE,FALSE,FALSE,FALSE,FALSE,FALSE,FALSE,1,1,"singleton",0,0,0,0,0,0,0,0,0,0,0,11,"Reference range"
"63067",85.31,5,2023-03-17,"871041文尼哥",45.6,"234410",NA,NA,8896,"2023",3,"Spring",2016-02-17,2019-06-02,45.4838709677419,FALSE,"2016",2,"Winter","non-G-coded","female","5",85.31,">60",FALSE,FALSE,FALSE,FALSE,FALSE,FALSE,FALSE,FALSE,FALSE,FALSE,1,1,"singleton",0,0,0,0,0,0,0,0,0,0,0,3,"Reference range"
"60508",91.91,6,2024-06-15,"863025",45.2,"240857",NA,NA,5447,"2024",6,"Summer",2016-10-15,2018-11-02,67.4333333333333,FALSE,"2016",10,"Autumn","non-G-coded","female","6",91.91,">60",FALSE,FALSE,FALSE,FALSE,FALSE,FALSE,FALSE,FALSE,FALSE,FALSE,1,1,"singleton",0,0,0,0,0,0,0,0,0,0,0,6,"Reference range"
"H213256",47.04,2,2024-04-03,"862025瓦特罗",41.8,"240135","606244","60339",5943,"2024",4,"Spring",2020-05-03,2022-08-02,20.0333333333333,FALSE,"2020",5,"Spring","non-G-coded","female","2",47.04,"43-60",FALSE,FALSE,FALSE,FALSE,FALSE,FALSE,FALSE,FALSE,FALSE,FALSE,1,1,"singleton",0,0,0,0,0,0,0,0,0,0,0,4,"Reference range"
"212707",23.7,1,2023-04-14,"21219022",39.2,"233010","606318","00181",8632,"2023",4,"Spring",2021-04-14,2024-07-02,-14.6,TRUE,"2021",4,"Spring","non-G-coded","female","1",23.7,"<=30",FALSE,FALSE,FALSE,FALSE,FALSE,FALSE,FALSE,FALSE,FALSE,FALSE,1,1,"singleton",0,0,0,0,0,0,0,0,0,0,0,4,"Reference range"
"00382",55.26,4,2023-11-13,"854282维利纳诺",47.3,"235676","171790","60598",7361,"2023",11,"Autumn",2019-04-13,2021-12-02,23.3666666666667,FALSE,"2019",4,"Spring","non-G-coded","female","4",55.26,"43-60",FALSE,FALSE,FALSE,FALSE,FALSE,FALSE,FALSE,FALSE,FALSE,FALSE,1,1,"singleton",0,0,0,0,0,0,0,0,0,0,0,11,"Reference range"
"800396",85.4,6,2025-07-10,"863302",38.2,"250895",NA,NA,2560,"2025",7,"Summer",2018-06-10,2019-06-02,73.258064516129,FALSE,"2018",6,"Summer","non-G-coded","female","6",85.4,">60",FALSE,FALSE,FALSE,FALSE,FALSE,FALSE,FALSE,FALSE,FALSE,FALSE,1,1,"singleton",0,0,0,0,0,0,0,0,0,0,0,7,"Reference range"
"212631",37.05,2,2024-05-19,"22220785",40.4,"240757",NA,NA,5635,"2024",5,"Spring",2021-04-19,2023-06-02,11.5483870967742,TRUE,"2021",4,"Spring","non-G-coded","female","2",37.05,"31-42",FALSE,FALSE,FALSE,FALSE,FALSE,FALSE,FALSE,FALSE,FALSE,FALSE,1,1,"singleton",0,0,0,0,0,0,0,0,0,0,0,5,"Reference range"
"H202560",72.78,5,2023-03-02,"854773威吉吉",49.3,"234320",NA,NA,9043,"2023",3,"Spring",2017-02-02,2020-06-02,33,FALSE,"2017",2,"Winter","non-G-coded","female","5",72.78,">60",FALSE,FALSE,FALSE,FALSE,FALSE,FALSE,FALSE,FALSE,FALSE,FALSE,1,1,"singleton",0,0,0,0,0,1,0,0,0,0,0,3,"Reference range"
"224041",49.64,2,2026-02-20,"41122936",46.4,"260128","6868671111","62033",938,"2026",2,"Winter",2021-12-20,2022-05-02,45.6428571428571,FALSE,"2021",12,"Winter","non-G-coded","female","2",49.64,"43-60",FALSE,FALSE,FALSE,FALSE,FALSE,FALSE,FALSE,FALSE,FALSE,FALSE,1,1,"singleton",0,0,0,0,0,0,0,0,0,0,0,2,"Reference range"
"224712",36.55,2,2025-05-11,"427133",43.5,"250682",NA,NA,2985,"2025",5,"Spring",2022-04-11,2023-06-02,23.2903225806452,FALSE,"2022",4,"Spring","non-G-coded","female","2",36.55,"31-42",FALSE,FALSE,FALSE,FALSE,FALSE,FALSE,FALSE,FALSE,FALSE,FALSE,1,1,"singleton",0,0,0,0,0,0,0,0,0,0,0,5,"Reference range"
"212826",54.34,2,2025-11-14,"21219011",39.8,"251331",NA,NA,1643,"2025",11,"Autumn",2021-05-14,2022-01-02,46.4,FALSE,"2021",5,"Spring","non-G-coded","female","2",54.34,"43-60",FALSE,FALSE,FALSE,FALSE,FALSE,FALSE,FALSE,FALSE,FALSE,FALSE,1,1,"singleton",0,0,0,0,0,0,0,0,0,0,0,11,"Reference range"
"202333",38.89,2,2024-01-22,"865530狼血",36.6,"240129","163940","62227",6777,"2024",1,"Winter",2020-10-22,2023-04-02,9.64516129032258,TRUE,"2020",10,"Autumn","non-G-coded","female","2",38.89,"31-42",FALSE,FALSE,FALSE,FALSE,FALSE,FALSE,FALSE,FALSE,FALSE,FALSE,1,1,"singleton",0,0,0,0,0,0,0,0,0,0,0,1,"Reference range"
"234316",26.3,1,2025-05-09,"427133",48.6,"250669","7029225762","60505",3016,"2025",5,"Spring",2023-03-09,2024-05-02,12.2258064516129,TRUE,"2023",3,"Spring","non-G-coded","female","1",26.3,"<=30",FALSE,FALSE,FALSE,FALSE,FALSE,FALSE,FALSE,FALSE,FALSE,FALSE,1,1,"singleton",0,0,0,0,0,1,0,0,0,0,0,5,"Reference range"
"213661",21.79,1,2023-08-31,"854282维利纳诺",46.3,"9437","606306","91137",7788,"2023",8,"Summer",2021-10-31,2024-09-02,-12.0645161290323,TRUE,"2021",10,"Autumn","non-G-coded","female","1",21.79,"<=30",FALSE,FALSE,FALSE,FALSE,FALSE,FALSE,FALSE,FALSE,FALSE,FALSE,1,1,"singleton",0,0,0,0,0,0,0,0,0,0,0,8,"Reference range"
"235185",23.64,1,2025-07-29,"863302",41.2,"250955","7402563907","70564",2435,"2025",7,"Summer",2023-07-29,2024-07-02,12.8709677419355,TRUE,"2023",7,"Summer","non-G-coded","female","1",23.64,"<=30",FALSE,FALSE,FALSE,FALSE,FALSE,FALSE,FALSE,FALSE,FALSE,FALSE,1,1,"singleton",0,0,0,0,0,0,0,0,0,0,0,7,"Reference range"
"234576",25.28,1,2025-05-16,"427133",46.8,"250713","854773威吉吉","00140",2930,"2025",5,"Spring",2023-04-16,2024-06-02,11.4516129032258,TRUE,"2023",4,"Spring","non-G-coded","female","1",25.28,"<=30",FALSE,FALSE,FALSE,FALSE,FALSE,FALSE,FALSE,FALSE,FALSE,FALSE,1,1,"singleton",0,0,0,0,0,0,0,0,0,0,0,5,"Reference range"
"H60503",59.73,2,2024-02-15,"862025瓦特罗",46.8,"240297",NA,NA,6480,"2024",2,"Winter",2019-02-15,2021-07-02,31.448275862069,FALSE,"2019",2,"Winter","non-G-coded","female","2",59.73,"43-60",FALSE,FALSE,FALSE,FALSE,FALSE,FALSE,FALSE,FALSE,FALSE,FALSE,1,1,"singleton",0,0,0,0,0,0,0,0,0,0,0,2,"Reference range"
"00947",78.67,5,2026-03-14,"65123650",39.7,"261221",NA,NA,738,"2026",3,"Spring",2019-08-14,2019-12-02,75.3870967741936,FALSE,"2019",8,"Summer","non-G-coded","female","5",78.67,">60",FALSE,FALSE,FALSE,FALSE,FALSE,FALSE,FALSE,FALSE,FALSE,FALSE,1,1,"singleton",0,0,0,0,0,0,0,0,0,0,0,3,"Reference range"
"62421",121.76,7,2026-04-16,"65123650",42.7,"261395",NA,NA,417,"2026",4,"Spring",2016-02-16,2016-05-02,119.466666666667,FALSE,"2016",2,"Winter","non-G-coded","female",">=7",121.76,">60",FALSE,FALSE,FALSE,FALSE,FALSE,FALSE,FALSE,FALSE,FALSE,FALSE,1,1,"singleton",0,0,0,0,0,0,0,0,0,0,0,4,"Reference range"
"1475",116.6,8,2026-01-18,"65123650",42.4,"260031",NA,NA,1135,"2026",1,"Winter",2016-04-18,2016-10-02,111.516129032258,FALSE,"2016",4,"Spring","non-G-coded","female",">=7",116.6,">60",FALSE,FALSE,FALSE,FALSE,FALSE,FALSE,FALSE,FALSE,FALSE,FALSE,1,1,"singleton",0,0,0,0,0,0,0,0,0,0,0,1,"Reference range"
"00695",57.46,3,2024-03-13,"862025瓦特罗",45.4,"241221","167285","61664",6136,"2024",3,"Spring",2019-06-13,2021-10-02,29.3548387096774,FALSE,"2019",6,"Summer","non-G-coded","female","3",57.46,"43-60",FALSE,FALSE,FALSE,FALSE,FALSE,FALSE,FALSE,TRUE,FALSE,FALSE,1,1,"singleton",0,0,0,0,0,0,0,0,0,0,0,3,"Reference range"
"01348",55.03,4,2024-06-27,"171206",43.6,"240887","186756","61486",5389,"2024",6,"Summer",2019-11-27,2021-12-02,30.8333333333333,FALSE,"2019",11,"Autumn","non-G-coded","female","4",55.03,"43-60",FALSE,FALSE,FALSE,FALSE,FALSE,FALSE,FALSE,FALSE,FALSE,FALSE,1,1,"singleton",0,0,0,0,0,0,0,0,0,0,0,6,"Reference range"
"212751",37.21,2,2024-06-03,"22220785",37.7,"240808","606318","61943",5535,"2024",6,"Summer",2021-05-03,2023-06-02,12.0333333333333,TRUE,"2021",5,"Spring","non-G-coded","female","2",37.21,"31-42",FALSE,FALSE,FALSE,FALSE,FALSE,FALSE,FALSE,FALSE,FALSE,FALSE,1,1,"singleton",0,0,0,0,0,0,0,0,0,0,0,6,"Reference range"
"213444",29.36,1,2024-03-04,"862025瓦特罗",45.3,"240434","180781","61636",6239,"2024",3,"Spring",2021-10-04,2024-02-02,1.06451612903226,TRUE,"2021",10,"Autumn","non-G-coded","female","1",29.36,"<=30",FALSE,FALSE,FALSE,FALSE,FALSE,FALSE,FALSE,FALSE,FALSE,FALSE,1,1,"singleton",0,0,0,0,0,0,0,0,0,0,0,3,"Reference range"
"234544",24.59,1,2025-04-21,"22218621",46.2,"250573","7402563907","00461",3205,"2025",4,"Spring",2023-03-21,2024-06-02,10.6333333333333,TRUE,"2023",3,"Spring","non-G-coded","female","1",24.59,"<=30",FALSE,FALSE,FALSE,FALSE,FALSE,FALSE,FALSE,FALSE,FALSE,FALSE,1,1,"singleton",0,0,0,0,0,0,0,0,0,0,0,4,"Reference range"
"00178",46.58,3,2023-01-03,"854282维利纳诺",42.3,"234023","171790","Z61742",9458,"2023",1,"Winter",2019-02-03,2022-08-02,5.03225806451613,TRUE,"2019",2,"Winter","non-G-coded","female","3",46.58,"43-60",FALSE,FALSE,FALSE,FALSE,FALSE,FALSE,FALSE,FALSE,FALSE,FALSE,1,1,"singleton",0,0,0,0,0,0,0,0,0,0,0,1,"Reference range"
"201789L",45.04,3,2024-03-16,"862025瓦特罗",36.7,"240508",NA,NA,6097,"2024",3,"Spring",2020-06-16,2022-10-02,17.4516129032258,FALSE,"2020",6,"Summer","non-G-coded","female","3",45.04,"43-60",FALSE,FALSE,FALSE,FALSE,FALSE,FALSE,FALSE,FALSE,FALSE,FALSE,1,1,"singleton",0,0,0,0,0,0,0,0,0,0,0,3,"Reference range"
"70155",79.32,5,2023-10-22,"854282维利纳诺",44.3,"235544",NA,NA,7483,"2023",10,"Autumn",2017-03-22,2019-12-02,46.6451612903226,FALSE,"2017",3,"Spring","non-G-coded","female","5",79.32,">60",FALSE,FALSE,FALSE,FALSE,FALSE,FALSE,FALSE,FALSE,FALSE,FALSE,1,1,"singleton",0,0,0,0,0,0,0,0,0,0,0,10,"Reference range"
"213337",47.67,3,2025-07-31,"22220525",41.3,"250957",NA,NA,2424,"2025",7,"Summer",2021-07-31,2022-07-02,36.9354838709677,FALSE,"2021",7,"Summer","non-G-coded","female","3",47.67,"43-60",FALSE,FALSE,FALSE,FALSE,FALSE,FALSE,FALSE,FALSE,FALSE,FALSE,1,1,"singleton",0,0,0,0,0,0,0,0,0,0,0,7,"Reference range"
"234530",26.17,1,2025-06-06,"22218621",41.2,"250777","871041文尼哥","00417",2794,"2025",6,"Summer",2023-04-06,2024-05-02,13.1333333333333,TRUE,"2023",4,"Spring","non-G-coded","female","1",26.17,"<=30",FALSE,FALSE,FALSE,FALSE,FALSE,FALSE,FALSE,FALSE,FALSE,FALSE,1,1,"singleton",0,0,0,0,0,0,0,0,0,0,0,6,"Reference range"
"213268",24,1,2023-08-24,"865530狼血",47,"HG9394",NA,NA,7849,"2023",8,"Summer",2021-08-24,2024-07-02,-10.2903225806452,TRUE,"2021",8,"Summer","non-G-coded","female","1",24,"<=30",FALSE,FALSE,FALSE,FALSE,FALSE,FALSE,FALSE,FALSE,FALSE,FALSE,1,1,"singleton",0,0,0,0,0,0,0,0,0,0,0,8,"Reference range"
"00468",53.91,2,2023-10-21,"865530狼血",38.4,"235541L",NA,NA,7488,"2023",10,"Autumn",2019-04-21,2022-01-02,21.6129032258065,FALSE,"2019",4,"Spring","non-G-coded","female","2",53.91,"43-60",FALSE,FALSE,FALSE,FALSE,FALSE,FALSE,FALSE,FALSE,FALSE,FALSE,1,1,"singleton",0,0,0,0,0,0,0,0,0,0,0,10,"Reference range"
"01443",57.23,3,2024-07-25,"22220785",45.2,"240964",NA,NA,5283,"2024",7,"Summer",2019-10-25,2021-10-02,33.741935483871,FALSE,"2019",10,"Autumn","non-G-coded","female","3",57.23,"43-60",FALSE,FALSE,FALSE,FALSE,FALSE,FALSE,FALSE,FALSE,FALSE,FALSE,1,1,"singleton",0,0,0,0,0,0,0,0,0,0,0,7,"Reference range"
"61586",94.05,5,2023-12-20,"854773威吉吉",46.5,"235921",NA,NA,7079,"2023",12,"Winter",2016-02-20,2018-09-02,63.5806451612903,FALSE,"2016",2,"Winter","non-G-coded","female","5",94.05,">60",FALSE,FALSE,FALSE,FALSE,FALSE,FALSE,FALSE,FALSE,FALSE,FALSE,1,1,"singleton",0,0,0,0,0,0,0,0,0,0,0,12,"Reference range"
"213885",27.68,1,2024-04-08,"22220785",35.6,"240609","606306","62450",5917,"2024",4,"Spring",2021-12-08,2024-03-02,1.2,TRUE,"2021",12,"Winter","non-G-coded","female","1",27.68,"<=30",FALSE,FALSE,FALSE,FALSE,FALSE,FALSE,FALSE,FALSE,FALSE,FALSE,1,1,"singleton",0,0,0,0,1,0,1,0,0,0,0,4,"Reference range"
"00082",57.33,4,2023-11-04,"854282维利纳诺",43.5,"235622L","171790","61928",7413,"2023",11,"Autumn",2019-02-04,2021-10-02,25.0666666666667,FALSE,"2019",2,"Winter","non-G-coded","female","4",57.33,"43-60",FALSE,FALSE,FALSE,FALSE,FALSE,FALSE,FALSE,FALSE,FALSE,FALSE,1,1,"singleton",0,0,0,0,0,0,0,0,0,0,0,11,"Reference range"
"213491",29.22,1,2024-03-08,"41220100",44.6,"240463",NA,NA,6188,"2024",3,"Spring",2021-10-08,2024-02-02,1.19354838709677,TRUE,"2021",10,"Autumn","non-G-coded","female","1",29.22,"<=30",FALSE,FALSE,FALSE,FALSE,FALSE,FALSE,FALSE,FALSE,FALSE,FALSE,1,1,"singleton",0,0,0,0,0,0,0,0,0,0,0,3,"Reference range"
"213426",28.17,1,2024-01-26,"862025瓦特罗",44.1,"240154","2544424506","800849",6737,"2024",1,"Winter",2021-09-26,2024-03-02,-1.2258064516129,TRUE,"2021",9,"Autumn","non-G-coded","female","1",28.17,"<=30",FALSE,FALSE,FALSE,FALSE,FALSE,FALSE,FALSE,FALSE,FALSE,FALSE,1,1,"singleton",0,0,0,0,0,0,0,0,0,0,0,1,"Reference range"
"201527",64.92,4,2025-09-14,"15618075",46.4,"251073","606244","70184",2187,"2025",9,"Autumn",2020-04-14,2021-02-02,55.4,FALSE,"2020",4,"Spring","non-G-coded","female","4",64.92,">60",FALSE,FALSE,FALSE,FALSE,FALSE,FALSE,FALSE,FALSE,FALSE,FALSE,1,1,"singleton",0,0,0,0,0,0,0,0,0,0,0,9,"Reference range"
"800093",62.59,4,2023-05-12,"7402563907",49.2,"234730","178434","10448",8455,"2023",5,"Spring",2018-02-12,2021-04-02,25.3225806451613,FALSE,"2018",2,"Winter","non-G-coded","female","4",62.59,">60",FALSE,FALSE,FALSE,FALSE,FALSE,FALSE,FALSE,FALSE,FALSE,FALSE,1,1,"singleton",0,0,0,0,0,1,0,0,0,0,0,5,"Reference range"
"201385",36.88,2,2023-04-23,"7402563907",45.2,"234638","606244","62580",8559,"2023",4,"Spring",2020-03-23,2023-06-02,-1.3,TRUE,"2020",3,"Spring","non-G-coded","female","2",36.88,"31-42",FALSE,FALSE,FALSE,FALSE,FALSE,FALSE,FALSE,FALSE,FALSE,FALSE,1,1,"singleton",0,0,0,0,0,0,0,0,0,0,0,4,"Reference range"
"L212237",47.34,3,2024-02-15,"FR3917468802",40.8,"240305","606244","62601",6478,"2024",2,"Winter",2020-03-15,2022-08-02,18.448275862069,FALSE,"2020",3,"Spring","non-G-coded","female","3",47.34,"43-60",FALSE,FALSE,FALSE,FALSE,FALSE,FALSE,FALSE,FALSE,FALSE,FALSE,1,1,"singleton",0,0,0,0,0,0,0,0,0,0,0,2,"Reference range"
"213057",31.89,1,2024-02-15,"862025瓦特罗",35.3,"240301","7029225762","61041",6477,"2024",2,"Winter",2021-06-15,2023-11-02,3.44827586206897,TRUE,"2021",6,"Summer","non-G-coded","female","1",31.89,"31-42",FALSE,FALSE,FALSE,FALSE,FALSE,FALSE,FALSE,FALSE,FALSE,FALSE,1,1,"singleton",0,0,0,0,1,0,1,0,0,0,0,2,"Reference range"
"201759",33.46,2,2023-03-21,"871041文尼哥",46.3,"234441","865530","70303",8858,"2023",3,"Spring",2020-06-21,2023-10-02,-6.38709677419355,TRUE,"2020",6,"Summer","non-G-coded","female","2",33.46,"31-42",FALSE,FALSE,FALSE,FALSE,FALSE,FALSE,FALSE,FALSE,FALSE,FALSE,1,1,"singleton",0,0,0,0,0,0,0,0,0,0,0,3,"Reference range"
"50332",102.7,6,2023-10-01,"854282维利纳诺",45.2,"235466",NA,NA,7603,"2023",10,"Autumn",2015-03-01,2017-12-02,69.9666666666667,FALSE,"2015",3,"Spring","non-G-coded","female","6",102.7,">60",FALSE,FALSE,FALSE,FALSE,FALSE,FALSE,FALSE,FALSE,FALSE,FALSE,1,1,"singleton",0,0,0,0,0,0,0,0,0,0,0,10,"Reference range"
"213764",51.02,3,2026-02-22,"41121296",40.5,"260132",NA,NA,923,"2026",2,"Winter",2021-11-22,2022-04-02,46.7142857142857,FALSE,"2021",11,"Autumn","non-G-coded","female","3",51.02,"43-60",FALSE,FALSE,FALSE,FALSE,FALSE,FALSE,FALSE,FALSE,FALSE,FALSE,1,1,"singleton",0,0,0,0,0,0,0,0,0,0,0,2,"Reference range"
"212435",56.34,3,2025-11-20,"41121286",40.7,"251357","180781","00236",1587,"2025",11,"Autumn",2021-03-20,2021-11-02,48.6,FALSE,"2021",3,"Spring","non-G-coded","female","3",56.34,"43-60",FALSE,FALSE,FALSE,FALSE,FALSE,FALSE,FALSE,FALSE,FALSE,FALSE,1,1,"singleton",0,0,0,0,0,0,0,0,0,0,0,11,"Reference range"
"00455",46.48,3,2023-03-04,"854773威吉吉",46.2,"234340","167285","61089",9020,"2023",3,"Spring",2019-05-04,2022-09-02,6.06451612903226,TRUE,"2019",5,"Spring","non-G-coded","female","3",46.48,"43-60",FALSE,FALSE,FALSE,FALSE,FALSE,FALSE,FALSE,FALSE,FALSE,FALSE,1,1,"singleton",0,0,0,0,0,0,0,0,0,0,0,3,"Reference range"
"65026",73.67,3,2024-01-24,"865530狼血",44.2,"240139",NA,NA,6762,"2024",1,"Winter",2017-11-24,2020-05-02,44.7096774193548,FALSE,"2017",11,"Autumn","non-G-coded","female","3",73.67,">60",FALSE,FALSE,FALSE,FALSE,FALSE,FALSE,FALSE,FALSE,FALSE,FALSE,1,1,"singleton",0,0,0,0,0,0,0,0,0,0,0,1,"Reference range"
"00438",50.26,3,2023-06-24,"7402563907",47.5,"234941","171790","3007",8179,"2023",6,"Summer",2019-04-24,2022-05-02,13.7333333333333,TRUE,"2019",4,"Spring","non-G-coded","female","3",50.26,"43-60",FALSE,FALSE,FALSE,FALSE,FALSE,FALSE,FALSE,FALSE,FALSE,FALSE,1,1,"singleton",0,0,0,0,0,0,0,0,0,0,0,6,"Reference range"
"00364",48.45,2,2023-04-16,"854773威吉吉",45.9,"234605","171790","10412",8613,"2023",4,"Spring",2019-04-16,2022-07-02,9.46666666666667,TRUE,"2019",4,"Spring","non-G-coded","female","2",48.45,"43-60",FALSE,FALSE,FALSE,FALSE,FALSE,FALSE,FALSE,FALSE,FALSE,FALSE,1,1,"singleton",0,0,0,0,0,0,0,0,0,0,0,4,"Reference range"
"40591",99.67,7,2023-09-11,"865530狼血",47.3,"235370",NA,NA,7719,"2023",9,"Autumn",2015-05-11,2018-03-02,66.3,FALSE,"2015",5,"Spring","non-G-coded","female",">=7",99.67,">60",FALSE,FALSE,FALSE,FALSE,FALSE,FALSE,FALSE,FALSE,FALSE,FALSE,1,1,"singleton",0,0,0,0,0,0,0,0,0,0,0,9,"Reference range"
"61651",84.29,5,2023-02-07,"871041文尼哥",39.5,"234173",NA,NA,9244,"2023",2,"Winter",2016-02-07,2019-07-02,43.1785714285714,FALSE,"2016",2,"Winter","non-G-coded","female","5",84.29,">60",FALSE,FALSE,FALSE,FALSE,FALSE,FALSE,FALSE,FALSE,FALSE,FALSE,1,1,"singleton",0,0,0,0,0,0,0,0,0,0,0,2,"Reference range"
"01298",112.72,7,2025-05-28,"427133",40.8,"250756",NA,NA,2849,"2025",5,"Spring",2015-12-28,2017-02-02,99.8387096774194,FALSE,"2015",12,"Winter","non-G-coded","female",">=7",112.72,">60",FALSE,FALSE,FALSE,FALSE,FALSE,FALSE,FALSE,FALSE,FALSE,FALSE,1,1,"singleton",0,0,0,0,0,0,0,0,0,0,0,5,"Reference range"
"00174",50.89,3,2023-05-14,"871041文尼哥",47.4,"234740","171790","62188",8446,"2023",5,"Spring",2019-02-14,2022-04-02,13.3870967741935,TRUE,"2019",2,"Winter","non-G-coded","female","3",50.89,"43-60",FALSE,FALSE,FALSE,FALSE,FALSE,FALSE,FALSE,FALSE,FALSE,FALSE,1,1,"singleton",0,0,0,0,0,0,0,0,0,0,0,5,"Reference range"
"213843",27.42,1,2024-03-23,"15420614",35.4,"240534","854282","61726",6052,"2024",3,"Spring",2021-12-23,2024-04-02,-0.32258064516129,TRUE,"2021",12,"Winter","non-G-coded","female","1",27.42,"<=30",FALSE,FALSE,FALSE,FALSE,FALSE,FALSE,FALSE,FALSE,FALSE,FALSE,1,1,"singleton",0,0,0,0,1,0,1,0,0,0,0,3,"Reference range"
"00693",76.86,5,2025-10-24,"41121286",43.2,"251232","167285","1651",1847,"2025",10,"Autumn",2019-05-24,2020-02-02,68.7096774193548,FALSE,"2019",5,"Spring","non-G-coded","female","5",76.86,">60",FALSE,FALSE,FALSE,FALSE,FALSE,FALSE,FALSE,FALSE,FALSE,FALSE,1,1,"singleton",0,0,0,0,0,0,0,0,0,0,0,10,"Reference range"
"213816",48.75,3,2023-05-02,"871041文尼哥",47.8,"234691",NA,NA,8502,"2023",5,"Spring",2019-04-02,2022-06-02,11,TRUE,"2019",4,"Spring","non-G-coded","female","3",48.75,"43-60",FALSE,FALSE,FALSE,FALSE,FALSE,FALSE,FALSE,FALSE,FALSE,FALSE,1,1,"singleton",0,0,0,0,0,0,0,0,0,0,0,5,"Reference range"
"213739",25.15,1,2023-12-24,"865530狼血",40.7,"235955","854282","L62392",7013,"2023",12,"Winter",2021-11-24,2024-06-02,-5.29032258064516,TRUE,"2021",11,"Autumn","non-G-coded","female","1",25.15,"<=30",FALSE,FALSE,FALSE,FALSE,FALSE,FALSE,FALSE,FALSE,FALSE,FALSE,1,1,"singleton",0,0,0,0,0,0,0,0,0,0,0,12,"Reference range"
"60633",90.86,5,2023-08-15,"865530狼血",47,"235203",NA,NA,7897,"2023",8,"Summer",2016-01-15,2018-12-02,56.4193548387097,FALSE,"2016",1,"Winter","non-G-coded","female","5",90.86,">60",FALSE,FALSE,FALSE,FALSE,FALSE,FALSE,FALSE,FALSE,FALSE,FALSE,1,1,"singleton",0,0,0,0,0,0,0,0,0,0,0,8,"Reference range"
"202473",36.36,2,2023-11-24,"854400西部公园",45.6,"235731","163940","62213",7292,"2023",11,"Autumn",2020-11-24,2023-07-02,4.73333333333333,TRUE,"2020",11,"Autumn","non-G-coded","female","2",36.36,"31-42",FALSE,FALSE,FALSE,FALSE,FALSE,FALSE,FALSE,FALSE,FALSE,FALSE,1,1,"singleton",0,0,0,0,0,0,0,0,0,0,0,11,"Reference range"
"201933",46.71,3,2024-06-18,"15620126",42.3,"240860",NA,NA,5428,"2024",6,"Summer",2020-07-18,2022-08-02,22.5333333333333,FALSE,"2020",7,"Summer","non-G-coded","female","3",46.71,"43-60",FALSE,FALSE,FALSE,FALSE,FALSE,FALSE,FALSE,FALSE,FALSE,FALSE,1,1,"singleton",0,0,0,0,0,0,0,0,0,0,0,6,"Reference range"
"60180",98.03,6,2024-06-01,"22220785",36.8,"240801",NA,NA,5546,"2024",6,"Summer",2016-04-01,2018-05-02,72.9677419354839,FALSE,"2016",4,"Spring","non-G-coded","female","6",98.03,">60",FALSE,FALSE,FALSE,FALSE,FALSE,FALSE,FALSE,FALSE,FALSE,FALSE,1,1,"singleton",0,0,0,0,0,0,0,0,0,0,0,6,"Reference range"
"70469",67.55,5,2023-03-06,"854773威吉吉",48.5,"234344",NA,NA,9009,"2023",3,"Spring",2017-07-06,2020-11-02,28.1290322580645,FALSE,"2017",7,"Summer","non-G-coded","female","5",67.55,">60",FALSE,FALSE,FALSE,FALSE,FALSE,FALSE,FALSE,FALSE,FALSE,FALSE,1,1,"singleton",0,0,0,0,0,1,0,0,0,0,0,3,"Reference range"
"62298",94.21,6,2023-12-20,"854773威吉吉",46.5,"235920",NA,NA,7078,"2023",12,"Winter",2016-02-20,2018-09-02,63.5806451612903,FALSE,"2016",2,"Winter","non-G-coded","female","6",94.21,">60",FALSE,FALSE,FALSE,FALSE,FALSE,FALSE,FALSE,FALSE,FALSE,FALSE,1,1,"singleton",0,0,0,0,0,0,0,0,0,0,0,12,"Reference range"
"140422",110.03,7,2023-09-25,"854282维利纳诺",40.3,"235439",NA,NA,7639,"2023",9,"Autumn",2014-07-25,2017-05-02,76.7666666666667,FALSE,"2014",7,"Summer","non-G-coded","female",">=7",110.03,">60",FALSE,FALSE,FALSE,FALSE,FALSE,FALSE,FALSE,FALSE,FALSE,FALSE,1,1,"singleton",0,0,0,0,0,0,0,0,0,0,0,9,"Reference range"
"212636",59.83,3,2026-04-07,"41120238",40.5,"261365","606318","61176",479,"2026",4,"Spring",2021-04-07,2021-07-02,57.1666666666667,FALSE,"2021",4,"Spring","non-G-coded","female","3",59.83,"43-60",FALSE,FALSE,FALSE,FALSE,FALSE,FALSE,FALSE,FALSE,FALSE,FALSE,1,1,"singleton",0,0,0,0,0,0,0,0,0,0,0,4,"Reference range"
"00446",49.84,3,2023-06-12,"854773威吉吉",43.6,"234896",NA,NA,8251,"2023",6,"Summer",2019-04-12,2022-05-02,13.3333333333333,TRUE,"2019",4,"Spring","non-G-coded","female","3",49.84,"43-60",FALSE,FALSE,FALSE,FALSE,FALSE,FALSE,FALSE,FALSE,FALSE,FALSE,1,1,"singleton",0,0,0,0,0,0,0,0,0,0,0,6,"Reference range"
"201885",70.51,5,2026-05-26,"41120238",35.8,"261527","865530","61256",172,"2026",5,"Spring",2020-06-26,2020-08-02,69.7741935483871,FALSE,"2020",6,"Summer","non-G-coded","female","5",70.51,">60",FALSE,FALSE,FALSE,FALSE,FALSE,FALSE,FALSE,FALSE,FALSE,FALSE,1,1,"singleton",0,0,0,0,1,0,1,0,0,0,0,5,"Reference range"
"213478",26.92,1,2023-12-27,"865530狼血",44.6,"235968","2544424506","60167",6986,"2023",12,"Winter",2021-09-27,2024-04-02,-3.19354838709677,TRUE,"2021",9,"Autumn","non-G-coded","female","1",26.92,"<=30",FALSE,FALSE,FALSE,FALSE,FALSE,FALSE,FALSE,FALSE,FALSE,FALSE,1,1,"singleton",0,0,0,0,0,0,0,0,0,0,0,12,"Reference range"
"800937L",66.93,4,2024-06-24,"22220785",45.7,"240879",NA,NA,5409,"2024",6,"Summer",2018-11-24,2020-12-02,42.7333333333333,FALSE,"2018",11,"Autumn","non-G-coded","female","4",66.93,">60",FALSE,FALSE,FALSE,FALSE,FALSE,FALSE,FALSE,FALSE,FALSE,FALSE,1,1,"singleton",0,0,0,0,0,0,0,0,0,0,0,6,"Reference range"
"91149",88.69,5,2023-06-30,"854773威吉吉",37.4,"234966",NA,NA,8154,"2023",6,"Summer",2016-01-30,2019-02-02,52.9333333333333,FALSE,"2016",1,"Winter","non-G-coded","female","5",88.69,">60",FALSE,FALSE,FALSE,FALSE,FALSE,FALSE,FALSE,FALSE,FALSE,FALSE,1,1,"singleton",0,0,0,0,0,0,0,0,0,0,0,6,"Reference range"
"H01086",61.18,4,2023-12-29,"FR7045049997",46.8,"240982L","171350","61061",6969,"2023",12,"Winter",2018-11-29,2021-06-02,30.8709677419355,FALSE,"2018",11,"Autumn","non-G-coded","female","4",61.18,">60",FALSE,FALSE,FALSE,FALSE,FALSE,FALSE,FALSE,FALSE,FALSE,FALSE,1,1,"singleton",0,0,0,0,0,0,0,0,0,0,0,12,"Reference range"
"00802",73.93,4,2025-08-16,"15221363",35.6,"251007","167285","70189",2336,"2025",8,"Summer",2019-06-16,2020-05-02,63.4516129032258,FALSE,"2019",6,"Summer","non-G-coded","female","4",73.93,">60",FALSE,FALSE,FALSE,FALSE,FALSE,FALSE,FALSE,FALSE,FALSE,FALSE,1,1,"singleton",0,0,0,0,1,0,1,0,0,0,0,8,"Reference range"
"60318",80.08,4,2023-01-11,"854282维利纳诺",43.5,"234054",NA,NA,9411,"2023",1,"Winter",2016-05-11,2019-11-02,38.2903225806452,FALSE,"2016",5,"Spring","non-G-coded","female","4",80.08,">60",FALSE,FALSE,FALSE,FALSE,FALSE,FALSE,FALSE,FALSE,FALSE,FALSE,1,1,"singleton",0,0,0,0,0,0,0,0,0,0,0,1,"Reference range"
"61417",116.04,7,2025-10-25,"41121286",45.6,"251236",NA,NA,1841,"2025",10,"Autumn",2016-02-25,2016-11-02,107.741935483871,FALSE,"2016",2,"Winter","non-G-coded","female",">=7",116.04,">60",FALSE,FALSE,FALSE,FALSE,FALSE,FALSE,FALSE,FALSE,FALSE,FALSE,1,1,"singleton",0,0,0,0,0,0,0,0,0,0,0,10,"Reference range"
"00418",48.52,3,2023-06-13,"7402563907",42.6,"234904",NA,NA,8238,"2023",6,"Summer",2019-05-13,2022-06-02,12.3666666666667,TRUE,"2019",5,"Spring","non-G-coded","female","3",48.52,"43-60",FALSE,FALSE,FALSE,FALSE,FALSE,FALSE,FALSE,FALSE,FALSE,FALSE,1,1,"singleton",0,0,0,0,0,0,0,0,0,0,0,6,"Reference range"
"201079",39.05,2,2023-04-21,"7029225762",47.2,"234626",NA,NA,8576,"2023",4,"Spring",2020-01-21,2023-04-02,0.633333333333333,TRUE,"2020",1,"Winter","non-G-coded","female","2",39.05,"31-42",FALSE,FALSE,FALSE,FALSE,FALSE,FALSE,FALSE,FALSE,FALSE,FALSE,1,1,"singleton",0,0,0,0,0,0,0,0,0,0,0,4,"Reference range"
"H202523",73.67,5,2026-06-05,"41120238",41.8,"261560","606244","62096",103,"2026",6,"Summer",2020-04-05,2020-05-02,73.1,FALSE,"2020",4,"Spring","non-G-coded","female","5",73.67,">60",FALSE,FALSE,FALSE,FALSE,FALSE,FALSE,FALSE,FALSE,FALSE,FALSE,1,1,"singleton",0,0,0,0,0,0,0,0,0,0,0,6,"Reference range"
"201757",65.38,5,2025-11-14,"41121286",44.3,"251333","865530","Z62175",1651,"2025",11,"Autumn",2020-06-14,2021-02-02,57.4,FALSE,"2020",6,"Summer","non-G-coded","female","5",65.38,">60",FALSE,FALSE,FALSE,FALSE,FALSE,FALSE,FALSE,FALSE,FALSE,FALSE,1,1,"singleton",0,0,0,0,0,0,0,0,0,0,0,11,"Reference range"
"213506",24.82,1,2023-10-28,"854282维利纳诺",37.5,"9693","606306","00865",7454,"2023",10,"Autumn",2021-09-28,2024-06-02,-7.16129032258065,TRUE,"2021",9,"Autumn","non-G-coded","female","1",24.82,"<=30",FALSE,FALSE,FALSE,FALSE,FALSE,FALSE,FALSE,FALSE,FALSE,FALSE,1,1,"singleton",0,0,0,0,0,0,0,0,0,0,0,10,"Reference range"
"202433",28.07,1,2023-12-18,"865530狼血",42.3,"235903","163940","61860",7101,"2023",12,"Winter",2021-08-18,2024-03-02,-2.48387096774194,TRUE,"2021",8,"Summer","non-G-coded","female","1",28.07,"<=30",FALSE,FALSE,FALSE,FALSE,FALSE,FALSE,FALSE,FALSE,FALSE,FALSE,1,1,"singleton",0,0,0,0,0,0,0,0,0,0,0,12,"Reference range"
"61016",115.68,5,2025-09-16,"863302",45.7,"251078",NA,NA,2169,"2025",9,"Autumn",2016-01-16,2016-11-02,106.466666666667,FALSE,"2016",1,"Winter","non-G-coded","female","5",115.68,">60",FALSE,FALSE,FALSE,FALSE,FALSE,FALSE,FALSE,FALSE,FALSE,FALSE,1,1,"singleton",0,0,0,0,0,0,0,0,0,0,0,9,"Reference range"
"201258",38.13,1,2023-05-08,"871041文尼哥",37.8,"234715","606192","62242",8472,"2023",5,"Spring",2020-03-08,2023-05-02,0.193548387096774,TRUE,"2020",3,"Spring","non-G-coded","female","1",38.13,"31-42",FALSE,FALSE,FALSE,FALSE,FALSE,FALSE,FALSE,FALSE,FALSE,FALSE,1,1,"singleton",0,0,0,0,0,0,0,0,0,0,0,5,"Reference range"
"201466",39.97,2,2023-08-07,"7402563907",39.8,"235168","606244","800155",7940,"2023",8,"Summer",2020-04-07,2023-03-02,5.16129032258065,TRUE,"2020",4,"Spring","non-G-coded","female","2",39.97,"31-42",FALSE,FALSE,FALSE,FALSE,FALSE,FALSE,FALSE,FALSE,FALSE,FALSE,1,1,"singleton",0,0,0,0,0,0,0,0,0,0,0,8,"Reference range"
"202000",41.26,2,2024-01-22,"FR7045049997",45,"240130",NA,NA,6774,"2024",1,"Winter",2020-08-22,2023-02-02,11.6451612903226,TRUE,"2020",8,"Summer","non-G-coded","female","2",41.26,"31-42",FALSE,FALSE,FALSE,FALSE,FALSE,FALSE,FALSE,FALSE,FALSE,FALSE,1,1,"singleton",0,0,0,0,0,0,0,0,0,0,0,1,"Reference range"
"01152",65.12,3,2025-03-12,"22220783",48.8,"250393",NA,NA,3593,"2025",3,"Spring",2019-10-12,2021-02-02,49.3225806451613,FALSE,"2019",10,"Autumn","non-G-coded","female","3",65.12,">60",FALSE,FALSE,FALSE,FALSE,FALSE,FALSE,FALSE,FALSE,FALSE,FALSE,1,1,"singleton",0,0,0,0,0,1,0,0,0,0,0,3,"Reference range"
"00462",77.78,5,2025-10-13,"15618075",47.3,"251191","171790","60036",1931,"2025",10,"Autumn",2019-04-13,2020-01-02,69.3548387096774,FALSE,"2019",4,"Spring","non-G-coded","female","5",77.78,">60",FALSE,FALSE,FALSE,FALSE,FALSE,FALSE,FALSE,FALSE,FALSE,FALSE,1,1,"singleton",0,0,0,0,0,0,0,0,0,0,0,10,"Reference range"
"212314",24.49,1,2023-03-11,"15619507",48.2,"234374","180781","61822",8952,"2023",3,"Spring",2021-03-11,2024-07-02,-15.7096774193548,TRUE,"2021",3,"Spring","non-G-coded","female","1",24.49,"<=30",FALSE,FALSE,FALSE,FALSE,FALSE,FALSE,FALSE,FALSE,FALSE,FALSE,1,1,"singleton",0,0,0,0,0,0,0,0,0,0,0,3,"Reference range"
"60156",95.36,7,2024-03-06,"862025瓦特罗",44.4,"240442",NA,NA,6217,"2024",3,"Spring",2016-04-06,2018-08-02,67.1290322580645,FALSE,"2016",4,"Spring","non-G-coded","female",">=7",95.36,">60",FALSE,FALSE,FALSE,FALSE,FALSE,FALSE,FALSE,FALSE,FALSE,FALSE,1,1,"singleton",0,0,0,0,0,0,0,0,0,0,0,3,"Reference range"
"212258",49.97,3,2025-04-04,"22218621",46.7,"250509",NA,NA,3346,"2025",4,"Spring",2021-02-04,2022-05-02,35.0666666666667,FALSE,"2021",2,"Winter","non-G-coded","female","3",49.97,"43-60",FALSE,FALSE,FALSE,FALSE,FALSE,FALSE,FALSE,FALSE,FALSE,FALSE,1,1,"singleton",0,0,0,0,0,0,0,0,0,0,0,4,"Reference range"
"212025",36.65,2,2024-01-12,"865530狼血",43.7,"240088","740640209","70639",6846,"2024",1,"Winter",2020-12-12,2023-06-02,7.32258064516129,TRUE,"2020",12,"Winter","non-G-coded","female","2",36.65,"31-42",FALSE,FALSE,FALSE,FALSE,FALSE,FALSE,FALSE,FALSE,FALSE,FALSE,1,1,"singleton",0,0,0,0,0,0,0,0,0,0,0,1,"Reference range"
"00786",44.67,3,2023-03-06,"7029225762",46.3,"234347","167285","62472",9001,"2023",3,"Spring",2019-06-06,2022-10-02,5.12903225806452,TRUE,"2019",6,"Summer","non-G-coded","female","3",44.67,"43-60",FALSE,FALSE,FALSE,FALSE,FALSE,FALSE,FALSE,FALSE,FALSE,FALSE,1,1,"singleton",0,0,0,0,0,0,0,0,0,0,0,3,"Reference range"
"202376",35.83,2,2023-10-25,"854282维利纳诺",45.1,"235562","163940","60656",7471,"2023",10,"Autumn",2020-10-25,2023-07-02,3.74193548387097,TRUE,"2020",10,"Autumn","non-G-coded","female","2",35.83,"31-42",FALSE,FALSE,FALSE,FALSE,FALSE,FALSE,FALSE,FALSE,FALSE,FALSE,1,1,"singleton",0,0,0,0,0,0,0,0,0,0,0,10,"Reference range"
"234675",23.87,1,2025-04-23,"427133",46.4,"250587","871041文尼哥","62460",3190,"2025",4,"Spring",2023-04-23,2024-07-02,9.7,TRUE,"2023",4,"Spring","non-G-coded","female","1",23.87,"<=30",FALSE,FALSE,FALSE,FALSE,FALSE,FALSE,FALSE,FALSE,FALSE,FALSE,1,1,"singleton",0,0,0,0,0,0,0,0,0,0,0,4,"Reference range"
"60735",118.11,7,2025-12-01,"65123933",43.5,"251413",NA,NA,1473,"2025",12,"Winter",2016-02-01,2016-09-02,110.966666666667,FALSE,"2016",2,"Winter","non-G-coded","female",">=7",118.11,">60",FALSE,FALSE,FALSE,FALSE,FALSE,FALSE,FALSE,FALSE,FALSE,FALSE,1,1,"singleton",0,0,0,0,0,0,0,0,0,0,0,12,"Reference range"
"240241",26.66,1,2026-04-28,"41221179",38.6,"261446","862025瓦特罗","201763",327,"2026",4,"Spring",2024-01-28,2024-04-02,24.8666666666667,FALSE,"2024",1,"Winter","non-G-coded","female","1",26.66,"<=30",FALSE,FALSE,FALSE,FALSE,FALSE,FALSE,FALSE,FALSE,FALSE,FALSE,1,1,"singleton",0,0,0,0,0,0,0,0,0,0,0,4,"Reference range"
"H201287",57.96,4,2023-10-29,"854282维利纳诺",47.2,"235583",NA,NA,7453,"2023",10,"Autumn",2018-12-29,2021-09-02,25.8709677419355,FALSE,"2018",12,"Winter","non-G-coded","female","4",57.96,"43-60",FALSE,FALSE,FALSE,FALSE,FALSE,FALSE,FALSE,FALSE,FALSE,FALSE,1,1,"singleton",0,0,0,0,0,0,0,0,0,0,0,10,"Reference range"
"00118",81.33,5,2025-11-11,"41121286",48.2,"251314",NA,NA,1678,"2025",11,"Autumn",2019-02-11,2019-10-02,73.3,FALSE,"2019",2,"Winter","non-G-coded","female","5",81.33,">60",FALSE,FALSE,FALSE,FALSE,FALSE,FALSE,FALSE,FALSE,FALSE,FALSE,1,1,"singleton",0,0,0,0,0,0,0,0,0,0,0,11,"Reference range"
"61847",85.54,5,2023-03-10,"854773威吉吉",46.2,"234371",NA,NA,8965,"2023",3,"Spring",2016-01-10,2019-05-02,46.258064516129,FALSE,"2016",1,"Winter","non-G-coded","female","5",85.54,">60",FALSE,FALSE,FALSE,FALSE,FALSE,FALSE,FALSE,FALSE,FALSE,FALSE,1,1,"singleton",0,0,0,0,0,0,0,0,0,0,0,3,"Reference range"
"00389",56.34,3,2023-12-17,"865530狼血",47.5,"235613",NA,NA,7114,"2023",12,"Winter",2019-04-17,2021-11-02,25.4838709677419,FALSE,"2019",4,"Spring","non-G-coded","female","3",56.34,"43-60",FALSE,FALSE,FALSE,FALSE,FALSE,FALSE,FALSE,FALSE,FALSE,FALSE,1,1,"singleton",0,0,0,0,0,0,0,0,0,0,0,12,"Reference range"
"62213",95.92,6,2024-02-14,"862025瓦特罗",39.7,"LG40274",NA,NA,6498,"2024",2,"Winter",2016-02-14,2018-07-02,67.4137931034483,FALSE,"2016",2,"Winter","non-G-coded","female","6",95.92,">60",FALSE,FALSE,FALSE,FALSE,FALSE,FALSE,FALSE,FALSE,FALSE,FALSE,1,1,"singleton",0,0,0,0,0,0,0,0,0,0,0,2,"Reference range"
"70500",80.64,5,2024-04-25,"22220785",40.4,"240674",NA,NA,5797,"2024",4,"Spring",2017-07-25,2019-10-02,54.7666666666667,FALSE,"2017",7,"Summer","non-G-coded","female","5",80.64,">60",FALSE,FALSE,FALSE,FALSE,FALSE,FALSE,FALSE,FALSE,FALSE,FALSE,1,1,"singleton",0,0,0,0,0,0,0,0,0,0,0,4,"Reference range"
"01015",78.24,4,2026-03-16,"41121286",43.6,"261227",NA,NA,722,"2026",3,"Spring",2019-09-16,2020-01-02,74.4516129032258,FALSE,"2019",9,"Autumn","non-G-coded","female","4",78.24,">60",FALSE,FALSE,FALSE,FALSE,FALSE,FALSE,FALSE,FALSE,FALSE,FALSE,1,1,"singleton",0,0,0,0,0,0,0,0,0,0,0,3,"Reference range"
"213818",26.07,1,2024-02-04,"862025瓦特罗",40.6,"240209",NA,NA,6636,"2024",2,"Winter",2021-12-04,2024-05-02,-2.93103448275862,TRUE,"2021",12,"Winter","non-G-coded","female","1",26.07,"<=30",FALSE,FALSE,FALSE,FALSE,FALSE,FALSE,FALSE,FALSE,FALSE,FALSE,1,1,"singleton",0,0,0,0,0,0,0,0,0,0,0,2,"Reference range"
"234477",35.54,2,2026-03-10,"13222529",40.8,"261206","871041文尼哥","61606",772,"2026",3,"Spring",2023-03-10,2023-07-02,32.258064516129,FALSE,"2023",3,"Spring","non-G-coded","female","2",35.54,"31-42",FALSE,FALSE,FALSE,FALSE,FALSE,FALSE,FALSE,FALSE,FALSE,FALSE,1,1,"singleton",0,0,0,0,0,0,0,0,0,0,0,3,"Reference range"
"225423",34.91,2,2025-10-23,"41121286",44.4,"251228","甘露606318","800584",1854,"2025",10,"Autumn",2022-11-23,2023-08-02,26.6774193548387,FALSE,"2022",11,"Autumn","non-G-coded","female","2",34.91,"31-42",FALSE,FALSE,FALSE,FALSE,FALSE,FALSE,FALSE,FALSE,FALSE,FALSE,1,1,"singleton",0,0,0,0,0,0,0,0,0,0,0,10,"Reference range"
"61487",121.14,7,2026-03-13,"65123650",48.7,"261215",NA,NA,753,"2026",3,"Spring",2016-02-13,2016-06-02,117.354838709677,FALSE,"2016",2,"Winter","non-G-coded","female",">=7",121.14,">60",FALSE,FALSE,FALSE,FALSE,FALSE,FALSE,FALSE,FALSE,FALSE,FALSE,1,1,"singleton",0,0,0,0,0,1,0,0,0,0,0,3,"Reference range"
"201746",44.81,3,2024-02-25,"862025瓦特罗",46.8,"240465","865530","62530",6341,"2024",2,"Winter",2020-05-25,2022-10-02,16.7931034482759,FALSE,"2020",5,"Spring","non-G-coded","female","3",44.81,"43-60",FALSE,FALSE,FALSE,FALSE,FALSE,FALSE,FALSE,FALSE,FALSE,FALSE,1,1,"singleton",0,0,0,0,0,0,0,0,0,0,0,2,"Reference range"
"70323",98.39,6,2025-07-17,"22218621",48.6,"250916","426864","10302",2519,"2025",7,"Summer",2017-05-17,2018-05-02,86.4838709677419,FALSE,"2017",5,"Spring","non-G-coded","female","6",98.39,">60",FALSE,FALSE,FALSE,FALSE,FALSE,FALSE,FALSE,FALSE,FALSE,FALSE,1,1,"singleton",0,0,0,0,0,1,0,0,0,0,0,7,"Reference range"
"212669",36.75,2,2024-05-10,"22220785",42.5,"240725","606318","61555",5702,"2024",5,"Spring",2021-04-10,2023-06-02,11.258064516129,TRUE,"2021",4,"Spring","non-G-coded","female","2",36.75,"31-42",FALSE,FALSE,FALSE,FALSE,FALSE,FALSE,FALSE,FALSE,FALSE,FALSE,1,1,"singleton",0,0,0,0,0,0,0,0,0,0,0,5,"Reference range"
"01510",58.61,3,2024-03-06,"862025瓦特罗",38.6,"240450",NA,NA,6223,"2024",3,"Spring",2019-04-06,2021-08-02,31.1290322580645,FALSE,"2019",4,"Spring","non-G-coded","female","3",58.61,"43-60",FALSE,FALSE,FALSE,FALSE,FALSE,FALSE,FALSE,FALSE,FALSE,FALSE,1,1,"singleton",0,0,0,0,0,0,0,0,0,0,0,3,"Reference range"
"201965",35.44,2,2023-07-21,"854773威吉吉",46.3,"235096",NA,NA,8045,"2023",7,"Summer",2020-08-21,2023-08-02,-0.387096774193548,TRUE,"2020",8,"Summer","non-G-coded","female","2",35.44,"31-42",FALSE,FALSE,FALSE,FALSE,FALSE,FALSE,FALSE,FALSE,FALSE,FALSE,1,1,"singleton",0,0,0,0,0,0,0,0,0,0,0,7,"Reference range"
"235042",24.06,1,2025-07-13,"22218621",48.2,"250905",NA,NA,2543,"2025",7,"Summer",2023-07-13,2024-07-02,12.3548387096774,TRUE,"2023",7,"Summer","non-G-coded","female","1",24.06,"<=30",FALSE,FALSE,FALSE,FALSE,FALSE,FALSE,FALSE,FALSE,FALSE,FALSE,1,1,"singleton",0,0,0,0,0,0,0,0,0,0,0,7,"Reference range"
"61424",88.89,5,2023-07-01,"XM-22218621",36.8,"234974",NA,NA,8151,"2023",7,"Summer",2016-02-01,2019-02-02,52.9666666666667,FALSE,"2016",2,"Winter","non-G-coded","female","5",88.89,">60",FALSE,FALSE,FALSE,FALSE,FALSE,FALSE,FALSE,FALSE,FALSE,FALSE,1,1,"singleton",0,0,0,0,0,0,0,0,0,0,0,7,"Reference range"
"62532",120.55,7,2026-02-19,"65123933",37.2,"260127",NA,NA,947,"2026",2,"Winter",2016-01-19,2016-06-02,116.607142857143,FALSE,"2016",1,"Winter","non-G-coded","female",">=7",120.55,">60",FALSE,FALSE,FALSE,FALSE,FALSE,FALSE,FALSE,FALSE,FALSE,FALSE,1,1,"singleton",0,0,0,0,0,0,0,0,0,0,0,2,"Reference range"
"00767",73.8,5,2025-08-05,"863302",41.7,"250975",NA,NA,2388,"2025",8,"Summer",2019-06-05,2020-05-02,63.0967741935484,FALSE,"2019",6,"Summer","non-G-coded","female","5",73.8,">60",FALSE,FALSE,FALSE,FALSE,FALSE,FALSE,FALSE,FALSE,FALSE,FALSE,1,1,"singleton",0,0,0,0,0,0,0,0,0,0,0,8,"Reference range"
"235156",30.87,1,2026-02-26,"13221223",45.2,"260143","7402563907","60858",894,"2026",2,"Winter",2023-07-26,2023-12-02,26.8571428571429,FALSE,"2023",7,"Summer","non-G-coded","female","1",30.87,"31-42",FALSE,FALSE,FALSE,FALSE,FALSE,FALSE,FALSE,FALSE,FALSE,FALSE,1,1,"singleton",0,0,0,0,0,0,0,0,0,0,0,2,"Reference range"
"212730",37.28,2,2024-06-03,"22220785",37.6,"240805",NA,NA,5528,"2024",6,"Summer",2021-05-03,2023-06-02,12.0333333333333,TRUE,"2021",5,"Spring","non-G-coded","female","2",37.28,"31-42",FALSE,FALSE,FALSE,FALSE,FALSE,FALSE,FALSE,FALSE,FALSE,FALSE,1,1,"singleton",0,0,0,0,0,0,0,0,0,0,0,6,"Reference range"
"60791",84.02,5,2023-01-25,"854282维利纳诺",46.3,"234122",NA,NA,9327,"2023",1,"Winter",2016-01-25,2019-07-02,42.741935483871,FALSE,"2016",1,"Winter","non-G-coded","female","5",84.02,">60",FALSE,FALSE,FALSE,FALSE,FALSE,FALSE,FALSE,FALSE,FALSE,FALSE,1,1,"singleton",0,0,0,0,0,0,0,0,0,0,0,1,"Reference range"
"213078",36.72,2,2024-07-20,"22220785",47.4,"240947",NA,NA,5331,"2024",7,"Summer",2021-06-20,2023-06-02,13.5806451612903,TRUE,"2021",6,"Summer","non-G-coded","female","2",36.72,"31-42",FALSE,FALSE,FALSE,FALSE,FALSE,FALSE,FALSE,FALSE,FALSE,FALSE,1,1,"singleton",0,0,0,0,0,0,0,0,0,0,0,7,"Reference range"
"62276",96.78,7,2024-03-15,"FR3917468802",40.6,"240504",NA,NA,6118,"2024",3,"Spring",2016-02-15,2018-06-02,69.4193548387097,FALSE,"2016",2,"Winter","non-G-coded","female",">=7",96.78,">60",FALSE,FALSE,FALSE,FALSE,FALSE,FALSE,FALSE,FALSE,FALSE,FALSE,1,1,"singleton",0,0,0,0,0,0,0,0,0,0,0,3,"Reference range"
"61242",118.21,8,2025-12-31,"65123650",47.6,"251546",NA,NA,1220,"2025",12,"Winter",2016-02-29,2016-09-02,111.935483870968,FALSE,"2016",2,"Winter","non-G-coded","female",">=7",118.21,">60",FALSE,FALSE,FALSE,FALSE,FALSE,FALSE,FALSE,FALSE,FALSE,FALSE,1,1,"singleton",0,0,0,0,0,0,0,0,0,0,0,12,"Reference range"
"213417",26.82,1,2023-12-14,"865530狼血",37.8,"235869",NA,NA,7144,"2023",12,"Winter",2021-09-14,2024-04-02,-3.61290322580645,TRUE,"2021",9,"Autumn","non-G-coded","female","1",26.82,"<=30",FALSE,FALSE,FALSE,FALSE,FALSE,FALSE,FALSE,FALSE,FALSE,FALSE,1,1,"singleton",0,0,0,0,0,0,0,0,0,0,0,12,"Reference range"
"234466",26.46,1,2025-06-05,"22120025",39.8,"250776","871041文尼哥","61639",2798,"2025",6,"Summer",2023-04-05,2024-05-02,13.1,TRUE,"2023",4,"Spring","non-G-coded","female","1",26.46,"<=30",FALSE,FALSE,FALSE,FALSE,FALSE,FALSE,FALSE,FALSE,FALSE,FALSE,1,1,"singleton",0,0,0,0,0,0,0,0,0,0,0,6,"Reference range"
"225284",33.17,1,2025-07-20,"863302",36.6,"250929","606045","202513",2494,"2025",7,"Summer",2022-10-20,2023-10-02,21.5806451612903,FALSE,"2022",10,"Autumn","non-G-coded","female","1",33.17,"31-42",FALSE,FALSE,FALSE,FALSE,FALSE,FALSE,FALSE,FALSE,FALSE,FALSE,1,1,"singleton",0,0,0,0,0,0,0,0,0,0,0,7,"Reference range"
"01529",78.53,4,2025-11-02,"15618075",46.2,"251270L",NA,NA,1760,"2025",11,"Autumn",2019-04-02,2019-12-02,71,FALSE,"2019",4,"Spring","non-G-coded","female","4",78.53,">60",FALSE,FALSE,FALSE,FALSE,FALSE,FALSE,FALSE,FALSE,FALSE,FALSE,1,1,"singleton",0,0,0,0,0,0,0,0,0,0,0,11,"Reference range"
"62508",92.87,5,2023-11-20,"854400西部公园",40.4,"235718",NA,NA,7315,"2023",11,"Autumn",2016-02-20,2018-10-02,61.6,FALSE,"2016",2,"Winter","non-G-coded","female","5",92.87,">60",FALSE,FALSE,FALSE,FALSE,FALSE,FALSE,FALSE,FALSE,FALSE,FALSE,1,1,"singleton",0,0,0,0,0,0,0,0,0,0,0,11,"Reference range"
"202027",38.56,2,2023-11-08,"854282维利纳诺",41.9,"235650","606244","61310",7389,"2023",11,"Autumn",2020-08-08,2023-04-02,7.2,TRUE,"2020",8,"Summer","non-G-coded","female","2",38.56,"31-42",FALSE,FALSE,FALSE,FALSE,FALSE,FALSE,FALSE,FALSE,FALSE,FALSE,1,1,"singleton",0,0,0,0,0,0,0,0,0,0,0,11,"Reference range"
"62114L",93.79,5,2023-10-24,"854282维利纳诺",39.3,"235556",NA,NA,7475,"2023",10,"Autumn",2015-12-24,2018-09-02,61.7096774193548,FALSE,"2015",12,"Winter","non-G-coded","female","5",93.79,">60",FALSE,FALSE,FALSE,FALSE,FALSE,FALSE,FALSE,FALSE,FALSE,FALSE,1,1,"singleton",0,0,0,0,0,0,0,0,0,0,0,10,"Reference range"
"212787",25.97,1,2024-04-16,"22220785",37.5,"240641",NA,NA,5857,"2024",4,"Spring",2022-02-16,2024-05-02,-0.533333333333333,TRUE,"2022",2,"Winter","non-G-coded","female","1",25.97,"<=30",FALSE,FALSE,FALSE,FALSE,FALSE,FALSE,FALSE,FALSE,FALSE,FALSE,1,1,"singleton",0,0,0,0,0,0,0,0,0,0,0,4,"Reference range"
"234416",27.32,1,2025-06-25,"863302",48.4,"250842","871041文尼哥","60467",2667,"2025",6,"Summer",2023-03-25,2024-04-02,14.7666666666667,TRUE,"2023",3,"Spring","non-G-coded","female","1",27.32,"<=30",FALSE,FALSE,FALSE,FALSE,FALSE,FALSE,FALSE,FALSE,FALSE,FALSE,1,1,"singleton",0,0,0,0,0,0,0,0,0,0,0,6,"Reference range"
"61796",99.57,6,2024-04-21,"22220785",41.4,"240660",NA,NA,5822,"2024",4,"Spring",2015-12-21,2018-03-02,73.6333333333333,FALSE,"2015",12,"Winter","non-G-coded","female","6",99.57,">60",FALSE,FALSE,FALSE,FALSE,FALSE,FALSE,FALSE,FALSE,FALSE,FALSE,1,1,"singleton",0,0,0,0,0,0,0,0,0,0,0,4,"Reference range"
"224013",24.95,1,2024-01-30,"862025瓦特罗",38.4,"240168","854062","62128",6698,"2024",1,"Winter",2021-12-30,2024-06-02,-4.09677419354839,TRUE,"2021",12,"Winter","non-G-coded","female","1",24.95,"<=30",FALSE,FALSE,FALSE,FALSE,FALSE,FALSE,FALSE,FALSE,FALSE,FALSE,1,1,"singleton",0,0,0,0,0,0,0,0,0,0,0,1,"Reference range"
"00270",73.9,4,2025-05-06,"22218621",43,"250656",NA,NA,3048,"2025",5,"Spring",2019-03-06,2020-05-02,60.1290322580645,FALSE,"2019",3,"Spring","non-G-coded","female","4",73.9,">60",FALSE,FALSE,FALSE,FALSE,FALSE,FALSE,FALSE,FALSE,FALSE,FALSE,1,1,"singleton",0,0,0,0,0,0,0,0,0,0,0,5,"Reference range"
"213436",41.45,2,2025-03-06,"427151",40.2,"250354",NA,NA,3651,"2025",3,"Spring",2021-10-06,2023-02-02,25.1290322580645,FALSE,"2021",10,"Autumn","non-G-coded","female","2",41.45,"31-42",FALSE,FALSE,FALSE,FALSE,FALSE,FALSE,FALSE,FALSE,FALSE,FALSE,1,1,"singleton",0,0,0,0,0,0,0,0,0,0,0,3,"Reference range"
"800685",81.16,5,2025-07-02,"863302",44.8,"250876","171350","L40574",2617,"2025",7,"Summer",2018-10-02,2019-10-02,69,FALSE,"2018",10,"Autumn","non-G-coded","female","5",81.16,">60",FALSE,FALSE,FALSE,FALSE,FALSE,FALSE,FALSE,FALSE,FALSE,FALSE,1,1,"singleton",0,0,0,0,0,0,0,0,0,0,0,7,"Reference range"
"235195L",26.92,1,2025-11-08,"21219011",35.2,"251296",NA,NA,1715,"2025",11,"Autumn",2023-08-08,2024-04-02,19.2,FALSE,"2023",8,"Summer","non-G-coded","female","1",26.92,"<=30",FALSE,FALSE,FALSE,FALSE,FALSE,FALSE,FALSE,FALSE,FALSE,FALSE,1,1,"singleton",0,0,0,0,1,0,1,0,0,0,0,11,"Reference range"
"234673",28.44,1,2025-09-09,"863302",44.8,"251047","7402563907","00216",2227,"2025",9,"Autumn",2023-05-09,2024-03-02,18.2333333333333,FALSE,"2023",5,"Spring","non-G-coded","female","1",28.44,"<=30",FALSE,FALSE,FALSE,FALSE,FALSE,FALSE,FALSE,FALSE,FALSE,FALSE,1,1,"singleton",0,0,0,0,0,0,0,0,0,0,0,9,"Reference range"
"01441",72.65,5,2025-11-06,"41121286",45.5,"251287",NA,NA,1730,"2025",11,"Autumn",2019-10-06,2020-06-02,65.1333333333333,FALSE,"2019",10,"Autumn","non-G-coded","female","5",72.65,">60",FALSE,FALSE,FALSE,FALSE,FALSE,FALSE,FALSE,FALSE,FALSE,FALSE,1,1,"singleton",0,0,0,0,0,0,0,0,0,0,0,11,"Reference range"
"800685",68.34,4,2024-06-07,"863025",37.1,"240826","171350","L40574",5505,"2024",6,"Summer",2018-10-07,2020-11-02,43.1666666666667,FALSE,"2018",10,"Autumn","non-G-coded","female","4",68.34,">60",FALSE,FALSE,FALSE,FALSE,FALSE,FALSE,FALSE,FALSE,FALSE,FALSE,1,1,"singleton",0,0,0,0,0,0,0,0,0,0,0,6,"Reference range"
"801133",84.68,6,2025-07-20,"22220619",37.3,"250923",NA,NA,2496,"2025",7,"Summer",2018-06-20,2019-06-02,73.5806451612903,FALSE,"2018",6,"Summer","non-G-coded","female","6",84.68,">60",FALSE,FALSE,FALSE,FALSE,FALSE,FALSE,FALSE,FALSE,FALSE,FALSE,1,1,"singleton",0,0,0,0,0,0,0,0,0,0,0,7,"Reference range"
"60050",117,8,2025-10-23,"15620193",39.7,"251227",NA,NA,1860,"2025",10,"Autumn",2016-01-23,2016-10-02,108.677419354839,FALSE,"2016",1,"Winter","non-G-coded","female",">=7",117,">60",FALSE,FALSE,FALSE,FALSE,FALSE,FALSE,FALSE,FALSE,FALSE,FALSE,1,1,"singleton",0,0,0,0,0,0,0,0,0,0,0,10,"Reference range"
"60559",75.67,4,2023-03-09,"7029225762",46.6,"234363",NA,NA,8971,"2023",3,"Spring",2016-11-09,2020-03-02,36.2258064516129,FALSE,"2016",11,"Autumn","non-G-coded","female","4",75.67,">60",FALSE,FALSE,FALSE,FALSE,FALSE,FALSE,FALSE,FALSE,FALSE,FALSE,1,1,"singleton",0,0,0,0,0,0,0,0,0,0,0,3,"Reference range"
"00486",52.47,3,2023-09-12,"865530狼血",47.4,"235383",NA,NA,7701,"2023",9,"Autumn",2019-05-12,2022-03-02,18.3333333333333,FALSE,"2019",5,"Spring","non-G-coded","female","3",52.47,"43-60",FALSE,FALSE,FALSE,FALSE,FALSE,FALSE,FALSE,FALSE,FALSE,FALSE,1,1,"singleton",0,0,0,0,0,0,0,0,0,0,0,9,"Reference range"
"70460",92.01,6,2025-03-15,"427151",47.4,"250403",NA,NA,3554,"2025",3,"Spring",2017-07-15,2018-11-02,76.4193548387097,FALSE,"2017",7,"Summer","non-G-coded","female","6",92.01,">60",FALSE,FALSE,FALSE,FALSE,FALSE,FALSE,FALSE,FALSE,FALSE,FALSE,1,1,"singleton",0,0,0,0,0,0,0,0,0,0,0,3,"Reference range"
"212468",47.96,2,2025-03-14,"427151",46.4,"250402","180781","61794",3565,"2025",3,"Spring",2021-03-14,2022-07-02,32.3870967741936,FALSE,"2021",3,"Spring","non-G-coded","female","2",47.96,"43-60",FALSE,FALSE,FALSE,FALSE,FALSE,FALSE,FALSE,FALSE,FALSE,FALSE,1,1,"singleton",0,0,0,0,0,0,0,0,0,0,0,3,"Reference range"
"235832",28.17,1,2026-04-10,"41120238",39.5,"261374",NA,NA,457,"2026",4,"Spring",2023-12-10,2024-03-02,25.2666666666667,FALSE,"2023",12,"Winter","non-G-coded","female","1",28.17,"<=30",FALSE,FALSE,FALSE,FALSE,FALSE,FALSE,FALSE,FALSE,FALSE,FALSE,1,1,"singleton",0,0,0,0,0,0,0,0,0,0,0,4,"Reference range"
"212818",60.72,3,2026-03-04,"861404",49.7,"260172",NA,NA,845,"2026",3,"Spring",2021-02-04,2021-06-02,57.0645161290323,FALSE,"2021",2,"Winter","non-G-coded","female","3",60.72,">60",FALSE,FALSE,FALSE,FALSE,FALSE,FALSE,FALSE,FALSE,FALSE,FALSE,1,1,"singleton",0,0,0,0,0,1,0,0,0,0,0,3,"Reference range"
"H213311",39.88,2,2024-03-06,"862025瓦特罗",49.4,"241190","7402563907","70475",6214,"2024",3,"Spring",2020-11-06,2023-03-02,12.1290322580645,TRUE,"2020",11,"Autumn","non-G-coded","female","2",39.88,"31-42",FALSE,FALSE,FALSE,FALSE,FALSE,FALSE,FALSE,FALSE,FALSE,FALSE,1,1,"singleton",0,0,0,0,0,1,0,0,0,0,0,3,"Reference range"
"212805",34.55,2,2024-03-14,"862025瓦特罗",45.3,"240496",NA,NA,6130,"2024",3,"Spring",2021-04-14,2023-08-02,7.38709677419355,TRUE,"2021",4,"Spring","non-G-coded","female","2",34.55,"31-42",FALSE,FALSE,FALSE,FALSE,FALSE,FALSE,FALSE,FALSE,FALSE,FALSE,1,1,"singleton",0,0,0,0,0,0,0,0,0,0,0,3,"Reference range"
"201098",62.98,3,2025-04-22,"427133",47.4,"250578",NA,NA,3201,"2025",4,"Spring",2020-01-22,2021-04-02,48.6666666666667,FALSE,"2020",1,"Winter","non-G-coded","female","3",62.98,">60",FALSE,FALSE,FALSE,FALSE,FALSE,FALSE,FALSE,FALSE,FALSE,FALSE,1,1,"singleton",0,0,0,0,0,0,0,0,0,0,0,4,"Reference range"
"800088",117.09,7,2025-10-22,"863302",49.2,"251225",NA,NA,1869,"2025",10,"Autumn",2016-01-22,2016-10-02,108.645161290323,FALSE,"2016",1,"Winter","non-G-coded","female",">=7",117.09,">60",FALSE,FALSE,FALSE,FALSE,FALSE,FALSE,FALSE,FALSE,FALSE,FALSE,1,1,"singleton",0,0,0,0,0,1,0,0,0,0,0,10,"Reference range"
"235441",29.09,1,2026-02-26,"11116912",44.4,"260145","854282维利纳诺","L213066",889,"2026",2,"Winter",2023-09-26,2024-02-02,24.8571428571429,FALSE,"2023",9,"Autumn","non-G-coded","female","1",29.09,"<=30",FALSE,FALSE,FALSE,FALSE,FALSE,FALSE,FALSE,FALSE,FALSE,FALSE,1,1,"singleton",0,0,0,0,0,0,0,0,0,0,0,2,"Reference range"
"234255",35.9,2,2026-02-14,"41121296",42.8,"260108","854773威吉吉","62327",981,"2026",2,"Winter",2023-02-14,2023-07-02,31.4285714285714,FALSE,"2023",2,"Winter","non-G-coded","female","2",35.9,"31-42",FALSE,FALSE,FALSE,FALSE,FALSE,FALSE,FALSE,FALSE,FALSE,FALSE,1,1,"singleton",0,0,0,0,0,0,0,0,0,0,0,2,"Reference range"
"224712",24.46,1,2024-05-08,"22220785",42.6,"240716",NA,NA,5712,"2024",5,"Spring",2022-05-08,2024-07-02,-1.80645161290323,TRUE,"2022",5,"Spring","non-G-coded","female","1",24.46,"<=30",FALSE,FALSE,FALSE,FALSE,FALSE,FALSE,FALSE,FALSE,FALSE,FALSE,1,1,"singleton",0,0,0,0,0,0,0,0,0,0,0,5,"Reference range"
"202339",28.73,1,2023-03-20,"22218717",47.2,"234436",NA,NA,8869,"2023",3,"Spring",2020-10-20,2024-02-02,-10.4193548387097,TRUE,"2020",10,"Autumn","non-G-coded","female","1",28.73,"<=30",FALSE,FALSE,FALSE,FALSE,FALSE,FALSE,FALSE,FALSE,FALSE,FALSE,1,1,"singleton",0,0,0,0,0,0,0,0,0,0,0,3,"Reference range"
"00013",83.37,4,2025-12-13,"41121286",42.4,"251493","171790","62821",1358,"2025",12,"Winter",2019-01-13,2019-08-02,76.3548387096774,FALSE,"2019",1,"Winter","non-G-coded","female","4",83.37,">60",FALSE,FALSE,FALSE,FALSE,FALSE,FALSE,FALSE,FALSE,FALSE,FALSE,1,1,"singleton",0,0,0,0,0,0,0,0,0,0,0,12,"Reference range"
"224426",24.03,1,2024-03-14,"862025瓦特罗",46.9,"240494","2545109367","60757",6129,"2024",3,"Spring",2022-03-14,2024-07-02,-3.61290322580645,TRUE,"2022",3,"Spring","non-G-coded","female","1",24.03,"<=30",FALSE,FALSE,FALSE,FALSE,FALSE,FALSE,FALSE,FALSE,FALSE,FALSE,1,1,"singleton",0,0,0,0,0,0,0,0,0,0,0,3,"Reference range"
"62280",82.45,5,2023-01-08,"854773威吉吉",48.3,"234033",NA,NA,9433,"2023",1,"Winter",2016-03-08,2019-09-02,40.1935483870968,FALSE,"2016",3,"Spring","non-G-coded","female","5",82.45,">60",FALSE,FALSE,FALSE,FALSE,FALSE,FALSE,FALSE,FALSE,FALSE,FALSE,1,1,"singleton",0,0,0,0,0,0,0,0,0,0,0,1,"Reference range"
"62049",123.27,8,2026-04-27,"65123650",39.2,"261441",NA,NA,339,"2026",4,"Spring",2016-01-27,2016-04-02,120.833333333333,FALSE,"2016",1,"Winter","non-G-coded","female",">=7",123.27,">60",FALSE,FALSE,FALSE,FALSE,FALSE,FALSE,FALSE,FALSE,FALSE,FALSE,1,1,"singleton",0,0,0,0,0,0,0,0,0,0,0,4,"Reference range"
"62425",95.13,6,2024-01-03,"865530狼血",42.3,"240891",NA,NA,6928,"2024",1,"Winter",2016-02-03,2018-08-02,65.0322580645161,FALSE,"2016",2,"Winter","non-G-coded","female","6",95.13,">60",FALSE,FALSE,FALSE,FALSE,FALSE,FALSE,FALSE,TRUE,FALSE,FALSE,1,1,"singleton",0,0,0,0,0,0,0,0,0,0,0,1,"Reference range"
"235454",25.41,1,2025-11-08,"41121286",44.3,"251300","854282维利纳诺","800977",1718,"2025",11,"Autumn",2023-10-08,2024-06-02,17.2,FALSE,"2023",10,"Autumn","non-G-coded","female","1",25.41,"<=30",FALSE,FALSE,FALSE,FALSE,FALSE,FALSE,FALSE,FALSE,FALSE,FALSE,1,1,"singleton",0,0,0,0,0,0,0,0,0,0,0,11,"Reference range"
"225000",43.06,2,2026-02-26,"41122272",36.2,"260141","606045","01521",897,"2026",2,"Winter",2022-07-26,2022-12-02,38.8571428571429,FALSE,"2022",7,"Summer","non-G-coded","female","2",43.06,"43-60",FALSE,FALSE,FALSE,FALSE,FALSE,FALSE,FALSE,FALSE,FALSE,FALSE,1,1,"singleton",0,0,0,0,1,0,0,0,0,0,0,2,"Reference range"
"60714",88.86,5,2023-06-04,"865530狼血",45.1,"234833",NA,NA,8315,"2023",6,"Summer",2016-01-04,2019-02-02,52.0666666666667,FALSE,"2016",1,"Winter","non-G-coded","female","5",88.86,">60",FALSE,FALSE,FALSE,FALSE,FALSE,FALSE,FALSE,FALSE,FALSE,FALSE,1,1,"singleton",0,0,0,0,0,0,0,0,0,0,0,6,"Reference range"
"235200",34.29,2,2024-04-19,"22220785",42.8,"240651","606306","00806",5834,"2024",4,"Spring",2021-06-19,2023-09-02,7.56666666666667,TRUE,"2021",6,"Summer","non-G-coded","female","2",34.29,"31-42",FALSE,FALSE,FALSE,FALSE,FALSE,FALSE,FALSE,FALSE,FALSE,FALSE,1,1,"singleton",0,0,0,0,0,0,0,0,0,0,0,4,"Reference range"
"213539",26.23,1,2023-12-15,"865530狼血",43.8,"235875","606306","Z00908",7136,"2023",12,"Winter",2021-10-15,2024-05-02,-4.58064516129032,TRUE,"2021",10,"Autumn","non-G-coded","female","1",26.23,"<=30",FALSE,FALSE,FALSE,FALSE,FALSE,FALSE,FALSE,FALSE,FALSE,FALSE,1,1,"singleton",0,0,0,0,0,0,0,0,0,0,0,12,"Reference range"
"201176",45.89,3,2023-12-11,"865530狼血",43.5,"235851","186756","12029",7173,"2023",12,"Winter",2020-02-11,2022-09-02,15.2903225806452,FALSE,"2020",2,"Winter","non-G-coded","female","3",45.89,"43-60",FALSE,FALSE,FALSE,FALSE,FALSE,FALSE,FALSE,FALSE,FALSE,FALSE,1,1,"singleton",0,0,0,0,0,0,0,0,0,0,0,12,"Reference range"
"801123",59.53,3,2023-12-07,"854773威吉吉",40.5,"235835","171790","60956",7208,"2023",12,"Winter",2018-12-07,2021-07-02,29.1612903225806,FALSE,"2018",12,"Winter","non-G-coded","female","3",59.53,"43-60",FALSE,FALSE,FALSE,FALSE,FALSE,FALSE,FALSE,FALSE,FALSE,FALSE,1,1,"singleton",0,0,0,0,0,0,0,0,0,0,0,12,"Reference range"
"70215",70.81,4,2023-02-20,"854773威吉吉",49.2,"234261",NA,NA,9124,"2023",2,"Winter",2017-03-20,2020-08-02,30.6428571428571,FALSE,"2017",3,"Spring","non-G-coded","female","4",70.81,">60",FALSE,FALSE,FALSE,FALSE,FALSE,FALSE,FALSE,FALSE,FALSE,FALSE,1,1,"singleton",0,0,0,0,0,1,0,0,0,0,0,2,"Reference range"
"213323",24.33,1,2023-09-14,"865530狼血",42.8,"235392",NA,NA,7695,"2023",9,"Autumn",2021-09-14,2024-07-02,-9.6,TRUE,"2021",9,"Autumn","non-G-coded","female","1",24.33,"<=30",FALSE,FALSE,FALSE,FALSE,FALSE,FALSE,FALSE,FALSE,FALSE,FALSE,1,1,"singleton",0,0,0,0,0,0,0,0,0,0,0,9,"Reference range"
"800088",96.25,6,2024-01-27,"865530狼血",41.1,"240160L",NA,NA,6725,"2024",1,"Winter",2016-01-27,2018-07-02,66.8064516129032,FALSE,"2016",1,"Winter","non-G-coded","female","6",96.25,">60",FALSE,FALSE,FALSE,FALSE,FALSE,FALSE,FALSE,FALSE,FALSE,FALSE,1,1,"singleton",0,0,0,0,0,0,0,0,0,0,0,1,"Reference range"
"234357",36.19,2,2026-03-12,"21219011",40.8,"261213","871041文尼哥","801052",764,"2026",3,"Spring",2023-03-12,2023-07-02,32.3225806451613,FALSE,"2023",3,"Spring","non-G-coded","female","2",36.19,"31-42",FALSE,FALSE,FALSE,FALSE,FALSE,FALSE,FALSE,FALSE,FALSE,FALSE,1,1,"singleton",0,0,0,0,0,0,0,0,0,0,0,3,"Reference range"
"61360",95.86,5,2024-01-25,"865530狼血",43.6,"240145",NA,NA,6752,"2024",1,"Winter",2016-01-25,2018-07-02,66.741935483871,FALSE,"2016",1,"Winter","non-G-coded","female","5",95.86,">60",FALSE,FALSE,FALSE,FALSE,FALSE,FALSE,FALSE,FALSE,FALSE,FALSE,1,1,"singleton",0,0,0,0,0,0,0,0,0,0,0,1,"Reference range"
"201477",34.55,2,2023-02-25,"854773威吉吉",46.2,"234290","606244","X253",9084,"2023",2,"Winter",2020-03-25,2023-08-02,-5.17857142857143,TRUE,"2020",3,"Spring","non-G-coded","female","2",34.55,"31-42",FALSE,FALSE,FALSE,FALSE,FALSE,FALSE,FALSE,FALSE,FALSE,FALSE,1,1,"singleton",0,0,0,0,0,0,0,0,0,0,0,2,"Reference range"
"800948",58.68,4,2023-10-18,"854282维利纳诺",47.8,"235526",NA,NA,7512,"2023",10,"Autumn",2018-11-18,2021-08-02,26.5161290322581,FALSE,"2018",11,"Autumn","non-G-coded","female","4",58.68,"43-60",FALSE,FALSE,FALSE,FALSE,FALSE,FALSE,FALSE,FALSE,FALSE,FALSE,1,1,"singleton",0,0,0,0,0,0,0,0,0,0,0,10,"Reference range"
"1649",90.96,6,2023-08-15,"865530狼血",42.3,"235202",NA,NA,7900,"2023",8,"Summer",2016-01-15,2018-12-02,56.4193548387097,FALSE,"2016",1,"Winter","non-G-coded","female","6",90.96,">60",FALSE,FALSE,FALSE,FALSE,FALSE,FALSE,FALSE,FALSE,FALSE,FALSE,1,1,"singleton",0,0,0,0,0,0,0,0,0,0,0,8,"Reference range"
"234305",25.77,1,2025-04-20,"22218621",49.6,"250569",NA,NA,3211,"2025",4,"Spring",2023-02-20,2024-05-02,11.6,TRUE,"2023",2,"Winter","non-G-coded","female","1",25.77,"<=30",FALSE,FALSE,FALSE,FALSE,FALSE,FALSE,FALSE,FALSE,FALSE,FALSE,1,1,"singleton",0,0,0,0,0,1,0,0,0,0,0,4,"Reference range"
"800091",61.08,3,2023-03-26,"7402563907",35.6,"234478",NA,NA,8791,"2023",3,"Spring",2018-02-26,2021-06-02,21.7741935483871,FALSE,"2018",2,"Winter","non-G-coded","female","3",61.08,">60",FALSE,FALSE,FALSE,FALSE,FALSE,FALSE,FALSE,FALSE,FALSE,FALSE,1,1,"singleton",0,0,0,0,1,0,1,0,0,0,0,3,"Reference range"
"212827",25.08,1,2023-06-08,"65117530",35.6,"234868",NA,NA,8278,"2023",6,"Summer",2021-05-08,2024-06-02,-11.8,TRUE,"2021",5,"Spring","non-G-coded","female","1",25.08,"<=30",FALSE,FALSE,FALSE,FALSE,FALSE,FALSE,FALSE,FALSE,FALSE,FALSE,1,1,"singleton",0,0,0,0,1,0,1,0,0,0,0,6,"Reference range"
"800939",84.91,6,2025-12-23,"41121286",40.7,"251520","171350","91126",1269,"2025",12,"Winter",2018-11-23,2019-06-02,78.6774193548387,FALSE,"2018",11,"Autumn","non-G-coded","female","6",84.91,">60",FALSE,FALSE,FALSE,FALSE,FALSE,FALSE,FALSE,FALSE,FALSE,FALSE,1,1,"singleton",0,0,0,0,0,0,0,0,0,0,0,12,"Reference range"
"225377",29.55,1,2025-04-28,"427133",44.3,"250627","865530","00509",3118,"2025",4,"Spring",2022-10-28,2024-01-02,15.8666666666667,FALSE,"2022",10,"Autumn","non-G-coded","female","1",29.55,"<=30",FALSE,FALSE,FALSE,FALSE,FALSE,FALSE,FALSE,FALSE,FALSE,FALSE,1,1,"singleton",0,0,0,0,0,0,0,0,0,0,0,4,"Reference range"
"201194",67.42,4,2025-09-30,"15618075",47.2,"251132","606192","140292",2047,"2025",9,"Autumn",2020-02-29,2020-12-02,57.9333333333333,FALSE,"2020",2,"Winter","non-G-coded","female","4",67.42,">60",FALSE,FALSE,FALSE,FALSE,FALSE,FALSE,FALSE,FALSE,FALSE,FALSE,1,1,"singleton",0,0,0,0,0,0,0,0,0,0,0,9,"Reference range"
"234656",35.77,2,2026-04-17,"41120238",39.7,"261403","871041文尼哥","00607",408,"2026",4,"Spring",2023-04-17,2023-07-02,33.5,FALSE,"2023",4,"Spring","non-G-coded","female","2",35.77,"31-42",FALSE,FALSE,FALSE,FALSE,FALSE,FALSE,FALSE,FALSE,FALSE,FALSE,1,1,"singleton",0,0,0,0,0,0,0,0,0,0,0,4,"Reference range"
"212177",62.03,3,2026-03-23,"21219011",40.2,"261263",NA,NA,652,"2026",3,"Spring",2021-01-23,2021-05-02,58.6774193548387,FALSE,"2021",1,"Winter","non-G-coded","female","3",62.03,">60",FALSE,FALSE,FALSE,FALSE,FALSE,FALSE,FALSE,FALSE,FALSE,FALSE,1,1,"singleton",0,0,0,0,0,0,0,0,0,0,0,3,"Reference range"
"201268",36.26,2,2023-05-23,"7402563907",39.4,"234770",NA,NA,8398,"2023",5,"Spring",2020-05-23,2023-07-02,-1.32258064516129,TRUE,"2020",5,"Spring","non-G-coded","female","2",36.26,"31-42",FALSE,FALSE,FALSE,FALSE,FALSE,FALSE,FALSE,TRUE,FALSE,FALSE,1,1,"singleton",0,0,0,0,0,0,0,0,0,0,0,5,"Reference range"
"60600",73.11,5,2023-01-22,"871041文尼哥",47.2,"234106",NA,NA,9346,"2023",1,"Winter",2016-12-22,2020-06-02,31.6451612903226,FALSE,"2016",12,"Winter","non-G-coded","female","5",73.11,">60",FALSE,FALSE,FALSE,FALSE,FALSE,FALSE,FALSE,FALSE,FALSE,FALSE,1,1,"singleton",0,0,0,0,0,0,0,0,0,0,0,1,"Reference range"
"213742",53.98,3,2026-05-19,"41120238",43.4,"261496","854282","01260",225,"2026",5,"Spring",2021-11-19,2022-01-02,52.5483870967742,FALSE,"2021",11,"Autumn","non-G-coded","female","3",53.98,"43-60",FALSE,FALSE,FALSE,FALSE,FALSE,FALSE,FALSE,FALSE,FALSE,FALSE,1,1,"singleton",0,0,0,0,0,0,0,0,0,0,0,5,"Reference range"
"235052",26.5,1,2025-09-25,"15618075",41.3,"251109","7402563907","70714",2093,"2025",9,"Autumn",2023-07-25,2024-05-02,16.7666666666667,FALSE,"2023",7,"Summer","non-G-coded","female","1",26.5,"<=30",FALSE,FALSE,FALSE,FALSE,FALSE,FALSE,FALSE,FALSE,FALSE,FALSE,1,1,"singleton",0,0,0,0,0,0,0,0,0,0,0,9,"Reference range"
"201002",70.94,5,2025-11-28,"41121286",41.4,"251397","186756","61765",1501,"2025",11,"Autumn",2019-12-28,2020-08-02,63.8666666666667,FALSE,"2019",12,"Winter","non-G-coded","female","5",70.94,">60",FALSE,FALSE,FALSE,FALSE,FALSE,FALSE,FALSE,FALSE,FALSE,FALSE,1,1,"singleton",0,0,0,0,0,0,0,0,0,0,0,11,"Reference range"
"62488",100.69,5,2024-06-26,"171206",41.2,"240885",NA,NA,5393,"2024",6,"Summer",2016-01-26,2018-02-02,76.8,FALSE,"2016",1,"Winter","non-G-coded","female","5",100.69,">60",FALSE,FALSE,FALSE,FALSE,FALSE,FALSE,FALSE,FALSE,FALSE,FALSE,1,1,"singleton",0,0,0,0,0,0,0,0,0,0,0,6,"Reference range"
"212087",29.16,1,2023-09-27,"854282维利纳诺",41.7,"235446",NA,NA,7625,"2023",9,"Autumn",2021-04-27,2024-02-02,-4.16666666666667,TRUE,"2021",4,"Spring","non-G-coded","female","1",29.16,"<=30",FALSE,FALSE,FALSE,FALSE,FALSE,FALSE,FALSE,FALSE,FALSE,FALSE,1,1,"singleton",0,0,0,0,0,0,0,0,0,0,0,9,"Reference range"
"213655",27.51,1,2024-02-19,"862025瓦特罗",40.2,"240332","606306","800966",6436,"2024",2,"Winter",2021-10-19,2024-03-02,-0.413793103448276,TRUE,"2021",10,"Autumn","non-G-coded","female","1",27.51,"<=30",FALSE,FALSE,FALSE,FALSE,FALSE,FALSE,FALSE,FALSE,FALSE,FALSE,1,1,"singleton",0,0,0,0,0,0,0,0,0,0,0,2,"Reference range"
"212641",38.46,2,2024-06-27,"22220785",41.3,"240888","606306","70528",5387,"2024",6,"Summer",2021-04-27,2023-05-02,13.8333333333333,TRUE,"2021",4,"Spring","non-G-coded","female","2",38.46,"31-42",FALSE,FALSE,FALSE,FALSE,FALSE,FALSE,FALSE,FALSE,FALSE,FALSE,1,1,"singleton",0,0,0,0,0,0,0,0,0,0,0,6,"Reference range"
"235784",27.71,1,2026-03-20,"41121286",38.5,"261249",NA,"01522",674,"2026",3,"Spring",2023-11-20,2024-03-02,24.5806451612903,FALSE,"2023",11,"Autumn","non-G-coded","female","1",27.71,"<=30",FALSE,FALSE,FALSE,FALSE,FALSE,FALSE,FALSE,FALSE,FALSE,FALSE,1,1,"singleton",0,0,0,0,0,0,0,0,0,0,0,3,"Reference range"
"60580",76.43,5,2023-04-16,"7402563907",41.2,"234604",NA,NA,8614,"2023",4,"Spring",2016-12-16,2020-03-02,37.4666666666667,FALSE,"2016",12,"Winter","non-G-coded","female","5",76.43,">60",FALSE,FALSE,FALSE,FALSE,FALSE,FALSE,FALSE,FALSE,FALSE,FALSE,1,1,"singleton",0,0,0,0,0,0,0,0,0,0,0,4,"Reference range"
"L213084",23.7,1,2024-02-22,"862025瓦特罗",42.7,"240930",NA,NA,6387,"2024",2,"Winter",2022-02-22,2024-07-02,-4.31034482758621,TRUE,"2022",2,"Winter","non-G-coded","female","1",23.7,"<=30",FALSE,FALSE,FALSE,FALSE,FALSE,FALSE,FALSE,FALSE,FALSE,FALSE,1,1,"singleton",0,0,0,0,0,0,0,0,0,0,0,2,"Reference range"
"201627",66.11,5,2025-11-07,"41121286",48.3,"251292","606244","1510",1721,"2025",11,"Autumn",2020-05-07,2021-01-02,58.1666666666667,FALSE,"2020",5,"Spring","non-G-coded","female","5",66.11,">60",FALSE,FALSE,FALSE,FALSE,FALSE,FALSE,FALSE,FALSE,FALSE,FALSE,1,1,"singleton",0,0,0,0,0,0,0,0,0,0,0,11,"Reference range"
"235342",25.35,1,2025-10-14,"15620193",42.4,"251194","公牛","00730",1929,"2025",10,"Autumn",2023-09-14,2024-06-02,16.3870967741935,FALSE,"2023",9,"Autumn","non-G-coded","female","1",25.35,"<=30",FALSE,FALSE,FALSE,FALSE,FALSE,FALSE,FALSE,FALSE,FALSE,FALSE,1,1,"singleton",0,0,0,0,0,0,0,0,0,0,0,10,"Reference range"
"202145",66.47,3,2026-04-05,"21219011",38.3,"261350","606192","60939",490,"2026",4,"Spring",2020-10-05,2021-01-02,63.1,FALSE,"2020",10,"Autumn","non-G-coded","female","3",66.47,">60",FALSE,FALSE,FALSE,FALSE,FALSE,FALSE,FALSE,FALSE,FALSE,FALSE,1,1,"singleton",0,0,0,0,0,0,0,0,0,0,0,4,"Reference range"
"235881",25.64,1,2026-02-02,"41121296",45.6,"260069","865530狼血","60250",1046,"2026",2,"Winter",2023-12-02,2024-05-02,21,FALSE,"2023",12,"Winter","non-G-coded","female","1",25.64,"<=30",FALSE,FALSE,FALSE,FALSE,FALSE,FALSE,FALSE,FALSE,FALSE,FALSE,1,1,"singleton",0,0,0,0,0,0,0,0,0,0,0,2,"Reference range"
"61425",93.62,5,2023-11-23,"854400西部公园",46.6,"235729",NA,NA,7297,"2023",11,"Autumn",2016-01-23,2018-09-02,62.7,FALSE,"2016",1,"Winter","non-G-coded","female","5",93.62,">60",FALSE,FALSE,FALSE,FALSE,FALSE,FALSE,FALSE,FALSE,FALSE,FALSE,1,1,"singleton",0,0,0,0,0,0,0,0,0,0,0,11,"Reference range"
"234904",26.17,1,2025-08-16,"863302",44.3,"251004","7402563907","00685",2334,"2025",8,"Summer",2023-06-16,2024-05-02,15.4516129032258,FALSE,"2023",6,"Summer","non-G-coded","female","1",26.17,"<=30",FALSE,FALSE,FALSE,FALSE,FALSE,FALSE,FALSE,FALSE,FALSE,FALSE,1,1,"singleton",0,0,0,0,0,0,0,0,0,0,0,8,"Reference range"
"212996",24.59,1,2024-03-19,"61219009",40.5,"240519","606306","950112",6076,"2024",3,"Spring",2022-02-19,2024-06-02,-2.45161290322581,TRUE,"2022",2,"Winter","non-G-coded","female","1",24.59,"<=30",FALSE,FALSE,FALSE,FALSE,FALSE,FALSE,FALSE,FALSE,FALSE,FALSE,1,1,"singleton",0,0,0,0,0,0,0,0,0,0,0,3,"Reference range"
"213040",45.56,3,2025-04-01,"427059",39.5,"250497",NA,NA,3376,"2025",4,"Spring",2021-06-01,2022-09-02,30.9677419354839,FALSE,"2021",6,"Summer","non-G-coded","female","3",45.56,"43-60",FALSE,FALSE,FALSE,FALSE,FALSE,FALSE,FALSE,FALSE,FALSE,FALSE,1,1,"singleton",0,0,0,0,0,0,0,0,0,0,0,4,"Reference range"
"61521",111.18,7,2025-05-18,"427133",41.2,"250722",NA,NA,2920,"2025",5,"Spring",2016-02-18,2017-04-02,97.5161290322581,FALSE,"2016",2,"Winter","non-G-coded","female",">=7",111.18,">60",FALSE,FALSE,FALSE,FALSE,FALSE,FALSE,FALSE,FALSE,FALSE,FALSE,1,1,"singleton",0,0,0,0,0,0,0,0,0,0,0,5,"Reference range"
"800966",88.1,6,2026-04-03,"21219011",38.4,"261341","171350","61743",520,"2026",4,"Spring",2018-12-03,2019-03-02,85.0333333333333,FALSE,"2018",12,"Winter","non-G-coded","female","6",88.1,">60",FALSE,FALSE,FALSE,FALSE,FALSE,FALSE,FALSE,FALSE,FALSE,FALSE,1,1,"singleton",0,0,0,0,0,0,0,0,0,0,0,4,"Reference range"
"212382",26.33,1,2024-02-06,"862025瓦特罗",46.2,"240232","606306","140536",6598,"2024",2,"Winter",2021-12-06,2024-05-02,-2.86206896551724,TRUE,"2021",12,"Winter","non-G-coded","female","1",26.33,"<=30",FALSE,FALSE,FALSE,FALSE,FALSE,FALSE,FALSE,FALSE,FALSE,FALSE,1,1,"singleton",0,0,0,0,0,0,0,0,0,0,0,2,"Reference range"
"202269",61.57,4,2025-12-02,"21219011",42.2,"251414","606244","62576",1467,"2025",12,"Winter",2020-10-02,2021-05-02,55,FALSE,"2020",10,"Autumn","non-G-coded","female","4",61.57,">60",FALSE,FALSE,FALSE,FALSE,FALSE,FALSE,FALSE,FALSE,FALSE,FALSE,1,1,"singleton",0,0,0,0,0,0,0,0,0,0,0,12,"Reference range"
"H60177",89.25,5,2024-03-10,"862025瓦特罗",42.3,"240468",NA,NA,6179,"2024",3,"Spring",2016-10-10,2019-02-02,61.258064516129,FALSE,"2016",10,"Autumn","non-G-coded","female","5",89.25,">60",FALSE,FALSE,FALSE,FALSE,FALSE,FALSE,FALSE,FALSE,FALSE,FALSE,1,1,"singleton",0,0,0,0,0,0,0,0,0,0,0,3,"Reference range"
"01329",47.37,2,2023-02-21,"854773威吉吉",47.6,"234266",NA,NA,9115,"2023",2,"Winter",2019-03-21,2022-08-02,6.67857142857143,TRUE,"2019",3,"Spring","non-G-coded","female","2",47.37,"43-60",FALSE,FALSE,FALSE,FALSE,FALSE,FALSE,FALSE,FALSE,FALSE,FALSE,1,1,"singleton",0,0,0,0,0,0,0,0,0,0,0,2,"Reference range"
"00393",61.28,3,2024-05-15,"22220785",41.6,"240746",NA,NA,5664,"2024",5,"Spring",2019-04-15,2021-06-02,35.4193548387097,FALSE,"2019",4,"Spring","non-G-coded","female","3",61.28,">60",FALSE,FALSE,FALSE,FALSE,FALSE,FALSE,FALSE,FALSE,FALSE,FALSE,1,1,"singleton",0,0,0,0,0,0,0,0,0,0,0,5,"Reference range"
"60570",82.45,6,2023-10-11,"7402563907",45.1,"235509","426864","1503",7540,"2023",10,"Autumn",2016-12-11,2019-09-02,49.2903225806452,FALSE,"2016",12,"Winter","non-G-coded","female","6",82.45,">60",FALSE,FALSE,FALSE,FALSE,FALSE,FALSE,FALSE,FALSE,FALSE,FALSE,1,1,"singleton",0,0,0,0,0,0,0,0,0,0,0,10,"Reference range"
"201437",34.91,1,2023-03-04,"22218119",45.3,"234337",NA,NA,9024,"2023",3,"Spring",2020-04-04,2023-08-02,-4.93548387096774,TRUE,"2020",4,"Spring","non-G-coded","female","1",34.91,"31-42",FALSE,FALSE,FALSE,FALSE,FALSE,FALSE,FALSE,FALSE,FALSE,FALSE,1,1,"singleton",0,0,0,0,0,0,0,0,0,0,0,3,"Reference range"
"62040",114.14,7,2025-07-14,"15420626",39.4,"250909",NA,NA,2534,"2025",7,"Summer",2016-01-14,2017-01-02,102.387096774194,FALSE,"2016",1,"Winter","non-G-coded","female",">=7",114.14,">60",FALSE,FALSE,FALSE,FALSE,FALSE,FALSE,FALSE,FALSE,FALSE,FALSE,1,1,"singleton",0,0,0,0,0,0,0,0,0,0,0,7,"Reference range"
"201185",43.56,3,2023-10-02,"854282维利纳诺",44.2,"235472L","606192","61361",7594,"2023",10,"Autumn",2020-02-02,2022-11-02,11,TRUE,"2020",2,"Winter","non-G-coded","female","3",43.56,"43-60",FALSE,FALSE,FALSE,FALSE,FALSE,FALSE,FALSE,FALSE,FALSE,FALSE,1,1,"singleton",0,0,0,0,0,0,0,0,0,0,0,10,"Reference range"
"70486",94.87,6,2025-06-20,"22218621",47,"250823",NA,NA,2706,"2025",6,"Summer",2017-07-20,2018-08-02,82.6,FALSE,"2017",7,"Summer","non-G-coded","female","6",94.87,">60",FALSE,FALSE,FALSE,FALSE,FALSE,FALSE,FALSE,FALSE,FALSE,FALSE,1,1,"singleton",0,0,0,0,0,0,0,0,0,0,0,6,"Reference range"
"213633",42.77,2,2025-05-22,"427133",43.8,"250738","606306","01152",2887,"2025",5,"Spring",2021-10-22,2022-12-02,29.6451612903226,FALSE,"2021",10,"Autumn","non-G-coded","female","2",42.77,"43-60",FALSE,FALSE,FALSE,FALSE,FALSE,FALSE,FALSE,FALSE,FALSE,FALSE,1,1,"singleton",0,0,0,0,0,0,0,0,0,0,0,5,"Reference range"
"801017",51.81,3,2023-04-03,"7402563907",49.6,"234532","171350","L09016",8724,"2023",4,"Spring",2018-12-03,2022-03-02,13.0333333333333,TRUE,"2018",12,"Winter","non-G-coded","female","3",51.81,"43-60",FALSE,FALSE,FALSE,FALSE,FALSE,FALSE,FALSE,FALSE,FALSE,FALSE,1,1,"singleton",0,0,0,0,0,1,0,0,0,0,0,4,"Reference range"
"70036",83.73,6,2024-01-02,"865530狼血",40.7,"240030",NA,NA,6939,"2024",1,"Winter",2017-01-02,2019-07-02,54,FALSE,"2017",1,"Winter","non-G-coded","female","6",83.73,">60",FALSE,FALSE,FALSE,FALSE,FALSE,FALSE,FALSE,FALSE,FALSE,FALSE,1,1,"singleton",0,0,0,0,0,0,0,0,0,0,0,1,"Reference range"
"213438",51.18,3,2025-12-28,"41121286",41.8,"251537","2544424506","Z70745",1234,"2025",12,"Winter",2021-09-28,2022-04-02,44.8387096774194,FALSE,"2021",9,"Autumn","non-G-coded","female","3",51.18,"43-60",FALSE,FALSE,FALSE,FALSE,FALSE,FALSE,FALSE,FALSE,FALSE,FALSE,1,1,"singleton",0,0,0,0,0,0,0,0,0,0,0,12,"Reference range"
"91152",76.1,4,2023-09-19,"865530狼血",47.1,"235409",NA,NA,7667,"2023",9,"Autumn",2017-05-19,2020-03-02,42.5666666666667,FALSE,"2017",5,"Spring","non-G-coded","female","4",76.1,">60",FALSE,FALSE,FALSE,FALSE,FALSE,FALSE,FALSE,FALSE,FALSE,FALSE,1,1,"singleton",0,0,0,0,0,0,0,0,0,0,0,9,"Reference range"
"202452",37.87,2,2023-12-06,"865530狼血",43.7,"235832",NA,NA,7210,"2023",12,"Winter",2020-10-06,2023-05-02,7.12903225806452,TRUE,"2020",10,"Autumn","non-G-coded","female","2",37.87,"31-42",FALSE,FALSE,FALSE,FALSE,FALSE,FALSE,FALSE,FALSE,FALSE,FALSE,1,1,"singleton",0,0,0,0,0,0,0,0,0,0,0,12,"Reference range"
"234134",33.86,2,2025-11-23,"21219011",44.4,"251372","871041文尼哥","60829",1552,"2025",11,"Autumn",2023-01-23,2023-09-02,26.7,FALSE,"2023",1,"Winter","non-G-coded","female","2",33.86,"31-42",FALSE,FALSE,FALSE,FALSE,FALSE,FALSE,FALSE,FALSE,FALSE,FALSE,1,1,"singleton",0,0,0,0,0,0,0,0,0,0,0,11,"Reference range"
"00726",82.25,6,2026-04-12,"41120238",40.2,"261382",NA,NA,445,"2026",4,"Spring",2019-06-12,2019-09-02,79.3333333333333,FALSE,"2019",6,"Summer","non-G-coded","female","6",82.25,">60",FALSE,FALSE,FALSE,FALSE,FALSE,FALSE,FALSE,FALSE,FALSE,FALSE,1,1,"singleton",0,0,0,0,0,0,0,0,0,0,0,4,"Reference range"
"H212121",36.09,2,2025-12-07,"41121286",47.8,"251446","606045","202547",1405,"2025",12,"Winter",2022-12-07,2023-07-02,29.1612903225806,FALSE,"2022",12,"Winter","non-G-coded","female","2",36.09,"31-42",FALSE,FALSE,FALSE,FALSE,FALSE,FALSE,FALSE,FALSE,FALSE,FALSE,1,1,"singleton",0,0,0,0,0,0,0,0,0,0,0,12,"Reference range"
"H201869",98.72,5,2024-04-23,"22220785",38.2,"240669",NA,NA,5804,"2024",4,"Spring",2016-01-23,2018-04-02,72.7,FALSE,"2016",1,"Winter","non-G-coded","female","5",98.72,">60",FALSE,FALSE,FALSE,FALSE,FALSE,FALSE,FALSE,FALSE,FALSE,FALSE,1,1,"singleton",0,0,0,0,0,0,0,0,0,0,0,4,"Reference range"
"62475",114,8,2025-08-20,"863302",39.7,"251016",NA,NA,2314,"2025",8,"Summer",2016-02-20,2017-01-02,103.58064516129,FALSE,"2016",2,"Winter","non-G-coded","female",">=7",114,">60",FALSE,FALSE,FALSE,FALSE,FALSE,FALSE,FALSE,FALSE,FALSE,FALSE,1,1,"singleton",0,0,0,0,0,0,0,0,0,0,0,8,"Reference range"
"224738",36.46,1,2025-05-12,"41122202",42.4,"250689","606045","61600",2981,"2025",5,"Spring",2022-05-12,2023-07-02,22.3225806451613,FALSE,"2022",5,"Spring","non-G-coded","female","1",36.46,"31-42",FALSE,FALSE,FALSE,FALSE,FALSE,FALSE,FALSE,FALSE,FALSE,FALSE,1,1,"singleton",0,0,0,0,0,0,0,0,0,0,0,5,"Reference range"
"213822",48.13,2,2025-12-07,"41121286",36.2,"251447","854282","70531",1408,"2025",12,"Winter",2021-12-07,2022-07-02,41.1612903225806,FALSE,"2021",12,"Winter","non-G-coded","female","2",48.13,"43-60",FALSE,FALSE,FALSE,FALSE,FALSE,FALSE,FALSE,FALSE,FALSE,FALSE,1,1,"singleton",0,0,0,0,1,0,0,0,0,0,0,12,"Reference range"
"20015",60.45,4,2024-07-27,"171206",36.6,"240972",NA,NA,5274,"2024",7,"Summer",2019-07-27,2021-07-02,36.8064516129032,FALSE,"2019",7,"Summer","non-G-coded","female","4",60.45,">60",FALSE,FALSE,FALSE,FALSE,FALSE,FALSE,FALSE,FALSE,FALSE,FALSE,1,1,"singleton",0,0,0,0,0,0,0,0,0,0,0,7,"Reference range"
"234472",24.03,1,2025-03-24,"427151",45.6,"250459","871041文尼哥","201703",3453,"2025",3,"Spring",2023-03-24,2024-07-02,8.70967741935484,TRUE,"2023",3,"Spring","non-G-coded","female","1",24.03,"<=30",FALSE,FALSE,FALSE,FALSE,FALSE,FALSE,FALSE,FALSE,FALSE,FALSE,1,1,"singleton",0,0,0,0,0,0,0,0,0,0,0,3,"Reference range"
"01257",73.57,4,2025-12-25,"21219011",45.2,"251529","606192","62018",1256,"2025",12,"Winter",2019-10-25,2020-05-02,67.741935483871,FALSE,"2019",10,"Autumn","non-G-coded","female","4",73.57,">60",FALSE,FALSE,FALSE,FALSE,FALSE,FALSE,FALSE,FALSE,FALSE,FALSE,1,1,"singleton",0,0,0,0,0,0,0,0,0,0,0,12,"Reference range"
"60532",81.89,2,2023-08-30,"公牛",45.1,"235303",NA,NA,7800,"2023",8,"Summer",2016-10-30,2019-09-02,47.9032258064516,FALSE,"2016",10,"Autumn","non-G-coded","female","2",81.89,">60",FALSE,FALSE,FALSE,FALSE,FALSE,FALSE,FALSE,FALSE,FALSE,FALSE,1,1,"singleton",0,0,0,0,0,0,0,0,0,0,0,8,"Reference range"
"800021",86.23,6,2025-03-08,"22218621",47.8,"250368",NA,NA,3633,"2025",3,"Spring",2018-01-08,2019-05-02,70.1935483870968,FALSE,"2018",1,"Winter","non-G-coded","female","6",86.23,">60",FALSE,FALSE,FALSE,FALSE,FALSE,FALSE,FALSE,FALSE,FALSE,FALSE,1,1,"singleton",0,0,0,0,0,0,0,0,0,0,0,3,"Reference range"
"91156",101.78,6,2024-06-22,"22220785",42.3,"240872",NA,NA,5412,"2024",6,"Summer",2015-12-22,2018-01-02,77.6666666666667,FALSE,"2015",12,"Winter","non-G-coded","female","6",101.78,">60",FALSE,FALSE,FALSE,FALSE,FALSE,FALSE,FALSE,FALSE,FALSE,FALSE,1,1,"singleton",0,0,0,0,0,0,0,0,0,0,0,6,"Reference range"
"H213242",70.51,5,2026-03-17,"41121296",46.2,"261231",NA,NA,707,"2026",3,"Spring",2020-04-17,2020-08-02,67.4838709677419,FALSE,"2020",4,"Spring","non-G-coded","female","5",70.51,">60",FALSE,FALSE,FALSE,FALSE,FALSE,FALSE,FALSE,FALSE,FALSE,FALSE,1,1,"singleton",0,0,0,0,0,0,0,0,0,0,0,3,"Reference range"
"801090",88.36,6,2026-04-28,"41120238",36.3,"261444",NA,NA,332,"2026",4,"Spring",2018-12-28,2019-03-02,85.8666666666667,FALSE,"2018",12,"Winter","non-G-coded","female","6",88.36,">60",FALSE,FALSE,FALSE,FALSE,FALSE,FALSE,FALSE,FALSE,FALSE,FALSE,1,1,"singleton",0,0,0,0,1,0,0,0,0,0,0,4,"Reference range"
"800232",86.13,6,2025-06-16,"22218621",48.7,"250806",NA,NA,2736,"2025",6,"Summer",2018-04-16,2019-05-02,73.4666666666667,FALSE,"2018",4,"Spring","non-G-coded","female","6",86.13,">60",FALSE,FALSE,FALSE,FALSE,FALSE,FALSE,FALSE,FALSE,FALSE,FALSE,1,1,"singleton",0,0,0,0,0,1,0,0,0,0,0,6,"Reference range"
"00871",72.62,5,2025-08-04,"15621315",36.4,"250974",NA,NA,2398,"2025",8,"Summer",2019-07-04,2020-06-02,62.0645161290323,FALSE,"2019",7,"Summer","non-G-coded","female","5",72.62,">60",FALSE,FALSE,FALSE,FALSE,FALSE,FALSE,FALSE,FALSE,FALSE,FALSE,1,1,"singleton",0,0,0,0,1,0,0,0,0,0,0,8,"Reference range"
"235850",26.82,1,2026-03-05,"41121920",36.2,"260150",NA,NA,836,"2026",3,"Spring",2023-12-05,2024-04-02,23.0967741935484,FALSE,"2023",12,"Winter","non-G-coded","female","1",26.82,"<=30",FALSE,FALSE,FALSE,FALSE,FALSE,FALSE,FALSE,FALSE,FALSE,FALSE,1,1,"singleton",0,0,0,0,1,0,0,0,0,0,0,3,"Reference range"
"201401",34.98,2,2023-03-01,"854773威吉吉",48.2,"234313","606244","60836",9052,"2023",3,"Spring",2020-04-01,2023-08-02,-5.03571428571429,TRUE,"2020",4,"Spring","non-G-coded","female","2",34.98,"31-42",FALSE,FALSE,FALSE,FALSE,FALSE,FALSE,FALSE,FALSE,FALSE,FALSE,1,1,"singleton",0,0,0,0,0,0,0,0,0,0,0,3,"Reference range"
"201607",60.39,4,2025-05-13,"427133",39.5,"250696","606244","70206",2965,"2025",5,"Spring",2020-05-13,2021-07-02,46.3548387096774,FALSE,"2020",5,"Spring","non-G-coded","female","4",60.39,">60",FALSE,FALSE,FALSE,FALSE,FALSE,FALSE,FALSE,FALSE,FALSE,FALSE,1,1,"singleton",0,0,0,0,0,0,0,0,0,0,0,5,"Reference range"
"00780",77.94,5,2025-12-11,"41121286",48.2,"251469","606192","70217",1367,"2025",12,"Winter",2019-06-11,2020-01-02,71.2903225806452,FALSE,"2019",6,"Summer","non-G-coded","female","5",77.94,">60",FALSE,FALSE,FALSE,FALSE,FALSE,FALSE,FALSE,FALSE,FALSE,FALSE,1,1,"singleton",0,0,0,0,0,0,0,0,0,0,0,12,"Reference range"
"01230",52.04,2,2024-02-18,"862025瓦特罗",42.6,"240322",NA,NA,6451,"2024",2,"Winter",2019-10-18,2022-03-02,23.551724137931,FALSE,"2019",10,"Autumn","non-G-coded","female","2",52.04,"43-60",FALSE,FALSE,FALSE,FALSE,FALSE,FALSE,FALSE,FALSE,FALSE,FALSE,1,1,"singleton",0,0,0,0,0,0,0,0,0,0,0,2,"Reference range"
"60528",83.66,6,2023-10-21,"7402563907",47.5,"235539",NA,NA,7487,"2023",10,"Autumn",2016-10-21,2019-07-02,51.6129032258064,FALSE,"2016",10,"Autumn","non-G-coded","female","6",83.66,">60",FALSE,FALSE,FALSE,FALSE,FALSE,FALSE,FALSE,FALSE,FALSE,FALSE,1,1,"singleton",0,0,0,0,0,0,0,0,0,0,0,10,"Reference range"
"201178",38.92,2,2024-01-26,"865530狼血",38.7,"240155","163940","70461",6740,"2024",1,"Winter",2020-10-26,2023-04-02,9.7741935483871,TRUE,"2020",10,"Autumn","non-G-coded","female","2",38.92,"31-42",FALSE,FALSE,FALSE,FALSE,FALSE,FALSE,FALSE,FALSE,FALSE,FALSE,1,1,"singleton",0,0,0,0,0,0,0,0,0,0,0,1,"Reference range"
"H213815",27.42,1,2024-03-16,"22121001",42.2,"240505","2544424506","50764",6102,"2024",3,"Spring",2021-12-16,2024-04-02,-0.548387096774194,TRUE,"2021",12,"Winter","non-G-coded","female","1",27.42,"<=30",FALSE,FALSE,FALSE,FALSE,FALSE,FALSE,FALSE,FALSE,FALSE,FALSE,1,1,"singleton",0,0,0,0,0,0,0,0,0,0,0,3,"Reference range"
"240140",26.5,1,2026-04-08,"41120238",39.6,"261369","865530狼血","224160",469,"2026",4,"Spring",2024-02-08,2024-05-02,23.2,FALSE,"2024",2,"Winter","non-G-coded","female","1",26.5,"<=30",FALSE,FALSE,FALSE,FALSE,FALSE,FALSE,FALSE,FALSE,FALSE,FALSE,1,1,"singleton",0,0,0,0,0,0,0,0,0,0,0,4,"Reference range"
"201230",51.87,3,2024-06-20,"171206",38.2,"240868","606192","91102",5421,"2024",6,"Summer",2020-02-20,2022-03-02,27.6,FALSE,"2020",2,"Winter","non-G-coded","female","3",51.87,"43-60",FALSE,FALSE,FALSE,FALSE,FALSE,FALSE,FALSE,FALSE,FALSE,FALSE,1,1,"singleton",0,0,0,0,0,0,0,0,0,0,0,6,"Reference range"
"61362",113.61,6,2025-07-20,"863302",36.5,"250927",NA,NA,2503,"2025",7,"Summer",2016-01-20,2017-01-02,102.58064516129,FALSE,"2016",1,"Winter","non-G-coded","female","6",113.61,">60",FALSE,FALSE,FALSE,FALSE,FALSE,FALSE,FALSE,FALSE,FALSE,FALSE,1,1,"singleton",0,0,0,0,1,0,0,0,0,0,0,7,"Reference range"
"H212159",36.65,2,2023-01-23,"871041文尼哥",45.3,"234112","186756","61474",9339,"2023",1,"Winter",2019-12-23,2023-06-02,-4.32258064516129,TRUE,"2019",12,"Winter","non-G-coded","female","2",36.65,"31-42",FALSE,FALSE,FALSE,FALSE,FALSE,FALSE,FALSE,FALSE,FALSE,FALSE,1,1,"singleton",0,0,0,0,0,0,0,0,0,0,0,1,"Reference range"
"01117",57.73,4,2024-07-23,"171206",48.4,"240956","186756","61870",5314,"2024",7,"Summer",2019-09-23,2021-09-02,34.6774193548387,FALSE,"2019",9,"Autumn","non-G-coded","female","4",57.73,"43-60",FALSE,FALSE,FALSE,FALSE,FALSE,FALSE,FALSE,FALSE,FALSE,FALSE,1,1,"singleton",0,0,0,0,0,0,0,0,0,0,0,7,"Reference range"
"91116",96.06,6,2024-08-14,"171206",37.6,"241010",NA,NA,5197,"2024",8,"Summer",2016-08-14,2018-07-02,73.3870967741936,FALSE,"2016",8,"Summer","non-G-coded","female","6",96.06,">60",FALSE,FALSE,FALSE,FALSE,FALSE,FALSE,FALSE,FALSE,FALSE,FALSE,1,1,"singleton",0,0,0,0,0,0,0,0,0,0,0,8,"Reference range"
"70025",85.73,6,2024-02-27,"FR3917468802",42,"240346",NA,NA,6309,"2024",2,"Winter",2016-12-27,2019-05-02,57.8620689655172,FALSE,"2016",12,"Winter","non-G-coded","female","6",85.73,">60",FALSE,FALSE,FALSE,FALSE,FALSE,FALSE,FALSE,FALSE,FALSE,FALSE,1,1,"singleton",0,0,0,0,0,0,0,0,0,0,0,2,"Reference range"
"00368L",24.75,1,2023-09-30,"854282维利纳诺",41.2,"235464",NA,NA,7607,"2023",9,"Autumn",2021-08-30,2024-06-02,-8.06666666666667,TRUE,"2021",8,"Summer","non-G-coded","female","1",24.75,"<=30",FALSE,FALSE,FALSE,FALSE,FALSE,FALSE,FALSE,FALSE,FALSE,FALSE,1,1,"singleton",0,0,0,0,0,0,0,0,0,0,0,9,"Reference range"
"800699",64.66,4,2024-02-19,"FR3917468802",40,"240333","171350","60634",6437,"2024",2,"Winter",2018-09-19,2021-02-02,36.5862068965517,FALSE,"2018",9,"Autumn","non-G-coded","female","4",64.66,">60",FALSE,FALSE,FALSE,FALSE,FALSE,FALSE,FALSE,FALSE,FALSE,FALSE,1,1,"singleton",0,0,0,0,0,0,0,0,0,0,0,2,"Reference range"
"212654",52.07,3,2023-07-26,"854773威吉吉",38.2,"235125","171790","70030",8009,"2023",7,"Summer",2019-03-26,2022-03-02,16.7741935483871,FALSE,"2019",3,"Spring","non-G-coded","female","3",52.07,"43-60",FALSE,FALSE,FALSE,FALSE,FALSE,FALSE,FALSE,FALSE,FALSE,FALSE,1,1,"singleton",0,0,0,0,0,0,0,0,0,0,0,7,"Reference range"
"H212997",91.75,6,2023-10-16,"854282维利纳诺",35.4,"235520",NA,NA,7519,"2023",10,"Autumn",2016-02-16,2018-11-02,59.4516129032258,FALSE,"2016",2,"Winter","non-G-coded","female","6",91.75,">60",FALSE,FALSE,FALSE,FALSE,FALSE,FALSE,FALSE,FALSE,FALSE,FALSE,1,1,"singleton",0,0,0,0,1,0,1,0,0,0,0,10,"Reference range"
"800931",52.96,2,2023-04-25,"871041文尼哥",46.8,"234644","171350","62093",8554,"2023",4,"Spring",2018-11-25,2022-02-02,14.7666666666667,TRUE,"2018",11,"Autumn","non-G-coded","female","2",52.96,"43-60",FALSE,FALSE,FALSE,FALSE,FALSE,FALSE,FALSE,FALSE,FALSE,FALSE,1,1,"singleton",0,0,0,0,0,0,0,0,0,0,0,4,"Reference range"
"201569",51.05,3,2024-07-27,"171206",37.4,"240974","606244","62089",5272,"2024",7,"Summer",2020-04-27,2022-04-02,27.8064516129032,FALSE,"2020",4,"Spring","non-G-coded","female","3",51.05,"43-60",FALSE,FALSE,FALSE,FALSE,FALSE,FALSE,FALSE,FALSE,FALSE,FALSE,1,1,"singleton",0,0,0,0,0,0,0,0,0,0,0,7,"Reference range"
"00569",60.09,4,2024-05-12,"FR3917468802",47.6,"240731",NA,NA,5687,"2024",5,"Spring",2019-05-12,2021-07-02,34.3225806451613,FALSE,"2019",5,"Spring","non-G-coded","female","4",60.09,">60",FALSE,FALSE,FALSE,FALSE,FALSE,FALSE,FALSE,FALSE,FALSE,FALSE,1,1,"singleton",0,0,0,0,0,0,0,0,0,0,0,5,"Reference range"
"212295",23.87,1,2023-02-09,"871041文尼哥",47.2,"234189","740640209","62398",9234,"2023",2,"Winter",2021-02-09,2024-07-02,-16.75,TRUE,"2021",2,"Winter","non-G-coded","female","1",23.87,"<=30",FALSE,FALSE,FALSE,FALSE,FALSE,FALSE,FALSE,FALSE,FALSE,FALSE,1,1,"singleton",0,0,0,0,0,0,0,0,0,0,0,2,"Reference range"
"235722",27.48,1,2026-03-05,"41122940",42.5,"260188",NA,NA,835,"2026",3,"Spring",2023-12-05,2024-04-02,23.0967741935484,FALSE,"2023",12,"Winter","non-G-coded","female","1",27.48,"<=30",FALSE,FALSE,FALSE,FALSE,FALSE,FALSE,FALSE,FALSE,FALSE,FALSE,1,1,"singleton",0,0,0,0,0,0,0,0,0,0,0,3,"Reference range"
"00537",63.74,2,2024-08-28,"15420616",35.6,"241053","167285","70112",5121,"2024",8,"Summer",2019-04-28,2021-03-02,41.8387096774194,FALSE,"2019",4,"Spring","non-G-coded","female","2",63.74,">60",FALSE,FALSE,FALSE,FALSE,FALSE,FALSE,FALSE,FALSE,FALSE,FALSE,1,1,"singleton",0,0,0,0,1,0,1,0,0,0,0,8,"Reference range"
"234365",25.41,1,2025-04-19,"427133",36.8,"250562",NA,"212292",3225,"2025",4,"Spring",2023-03-19,2024-06-02,10.5666666666667,TRUE,"2023",3,"Spring","non-G-coded","female","1",25.41,"<=30",FALSE,FALSE,FALSE,FALSE,FALSE,FALSE,FALSE,FALSE,FALSE,FALSE,1,1,"singleton",0,0,0,0,0,0,0,0,0,0,0,4,"Reference range"
"225011",39.55,2,2025-11-18,"21219011",37.4,"251354","606045","00910",1603,"2025",11,"Autumn",2022-07-18,2023-03-02,32.5333333333333,FALSE,"2022",7,"Summer","non-G-coded","female","2",39.55,"31-42",FALSE,FALSE,FALSE,FALSE,FALSE,FALSE,FALSE,FALSE,FALSE,FALSE,1,1,"singleton",0,0,0,0,0,0,0,0,0,0,0,11,"Reference range"
"201368",49.51,3,2024-05-08,"22220785",37.4,"240717",NA,NA,5711,"2024",5,"Spring",2020-03-08,2022-05-02,24.1935483870968,FALSE,"2020",3,"Spring","non-G-coded","female","3",49.51,"43-60",FALSE,FALSE,FALSE,FALSE,FALSE,FALSE,FALSE,FALSE,FALSE,FALSE,1,1,"singleton",0,0,0,0,0,0,0,0,0,0,0,5,"Reference range"
"61200",94.61,6,2024-01-03,"865530狼血",42.4,"240038L",NA,NA,6935,"2024",1,"Winter",2016-02-03,2018-08-02,65.0322580645161,FALSE,"2016",2,"Winter","non-G-coded","female","6",94.61,">60",FALSE,FALSE,FALSE,FALSE,FALSE,FALSE,FALSE,FALSE,FALSE,FALSE,1,1,"singleton",0,0,0,0,0,0,0,0,0,0,0,1,"Reference range"
"212748",23.54,1,2024-01-31,"862025瓦特罗",39.1,"240189",NA,NA,6693,"2024",1,"Winter",2022-01-31,2024-07-02,-5.06451612903226,TRUE,"2022",1,"Winter","non-G-coded","female","1",23.54,"<=30",FALSE,FALSE,FALSE,FALSE,FALSE,FALSE,FALSE,FALSE,FALSE,FALSE,1,1,"singleton",0,0,0,0,0,0,0,0,0,0,0,1,"Reference range"
"202396",52.3,2,2025-03-10,"427151",47.5,"250379","163940","801054",3614,"2025",3,"Spring",2020-11-10,2022-03-02,36.258064516129,FALSE,"2020",11,"Autumn","non-G-coded","female","2",52.3,"43-60",FALSE,FALSE,FALSE,FALSE,FALSE,FALSE,FALSE,FALSE,FALSE,FALSE,1,1,"singleton",0,0,0,0,0,0,0,0,0,0,0,3,"Reference range"
"800494",54.83,3,2023-02-05,"871041文尼哥",46.3,"234163",NA,NA,9256,"2023",2,"Winter",2018-07-05,2021-12-02,14.1071428571429,TRUE,"2018",7,"Summer","non-G-coded","female","3",54.83,"43-60",FALSE,FALSE,FALSE,FALSE,FALSE,FALSE,FALSE,FALSE,FALSE,FALSE,1,1,"singleton",0,0,0,0,0,0,0,0,0,0,0,2,"Reference range"
"225398",37.11,2,2025-12-19,"21219011",46.5,"251486","甘露606318","62076",1301,"2025",12,"Winter",2022-11-19,2023-06-02,30.5483870967742,FALSE,"2022",11,"Autumn","non-G-coded","female","2",37.11,"31-42",FALSE,FALSE,FALSE,FALSE,FALSE,FALSE,FALSE,FALSE,FALSE,FALSE,1,1,"singleton",0,0,0,0,0,0,0,0,0,0,0,12,"Reference range"
"00381",54.5,3,2023-10-20,"854282维利纳诺",45.6,"235535","171790","62481",7495,"2023",10,"Autumn",2019-04-20,2022-01-02,21.5806451612903,FALSE,"2019",4,"Spring","non-G-coded","female","3",54.5,"43-60",FALSE,FALSE,FALSE,FALSE,FALSE,FALSE,FALSE,FALSE,FALSE,FALSE,1,1,"singleton",0,0,0,0,0,0,0,0,0,0,0,10,"Reference range"
"201630",45.04,3,2024-02-05,"FR7045049997",40,"240215","606244","62115",6623,"2024",2,"Winter",2020-05-05,2022-10-02,16.1034482758621,FALSE,"2020",5,"Spring","non-G-coded","female","3",45.04,"43-60",FALSE,FALSE,FALSE,FALSE,FALSE,FALSE,FALSE,FALSE,FALSE,FALSE,1,1,"singleton",0,0,0,0,0,0,0,0,0,0,0,2,"Reference range"
"212162",35.77,2,2024-01-11,"FR7045049997",45,"240066","7402563907","60219",6855,"2024",1,"Winter",2021-01-11,2023-07-02,6.29032258064516,TRUE,"2021",1,"Winter","non-G-coded","female","2",35.77,"31-42",FALSE,FALSE,FALSE,FALSE,FALSE,FALSE,FALSE,FALSE,FALSE,FALSE,1,1,"singleton",0,0,0,0,0,0,0,0,0,0,0,1,"Reference range"
"213652",44.51,2,2025-07-19,"22520578",45,"250921","2544424506","62365",2505,"2025",7,"Summer",2021-10-19,2022-10-02,33.5483870967742,FALSE,"2021",10,"Autumn","non-G-coded","female","2",44.51,"43-60",FALSE,FALSE,FALSE,FALSE,FALSE,FALSE,FALSE,FALSE,FALSE,FALSE,1,1,"singleton",0,0,0,0,0,0,0,0,0,0,0,7,"Reference range"
"800865",60.59,4,2023-11-27,"854400西部公园",48.6,"235748","171350","61792",7272,"2023",11,"Autumn",2018-10-27,2021-06-02,29.8333333333333,FALSE,"2018",10,"Autumn","non-G-coded","female","4",60.59,">60",FALSE,FALSE,FALSE,FALSE,FALSE,FALSE,FALSE,FALSE,FALSE,FALSE,1,1,"singleton",0,0,0,0,0,1,0,0,0,0,0,11,"Reference range"
"61223",120.71,5,2026-02-28,"41120238",44.4,"260154",NA,NA,874,"2026",2,"Winter",2016-01-28,2016-06-02,116.928571428571,FALSE,"2016",1,"Winter","non-G-coded","female","5",120.71,">60",FALSE,FALSE,FALSE,FALSE,FALSE,FALSE,FALSE,FALSE,FALSE,FALSE,1,1,"singleton",0,0,0,0,0,0,0,0,0,0,0,2,"Reference range"
"L212237",36.16,2,2023-03-12,"871041文尼哥",44.5,"234378","606244","62601",8948,"2023",3,"Spring",2020-03-12,2023-07-02,-3.67741935483871,TRUE,"2020",3,"Spring","non-G-coded","female","2",36.16,"31-42",FALSE,FALSE,FALSE,FALSE,FALSE,FALSE,FALSE,FALSE,FALSE,FALSE,1,1,"singleton",0,0,0,0,0,0,0,0,0,0,0,3,"Reference range"
"212910",55.13,3,2025-12-20,"41121286",48.6,"251512","186967","00705",1289,"2025",12,"Winter",2021-05-20,2021-12-02,48.5806451612903,FALSE,"2021",5,"Spring","non-G-coded","female","3",55.13,"43-60",FALSE,FALSE,FALSE,FALSE,FALSE,FALSE,FALSE,FALSE,FALSE,FALSE,1,1,"singleton",0,0,0,0,0,1,0,0,0,0,0,12,"Reference range"
"61802",112.59,6,2025-05-27,"427133",44,"250754",NA,NA,2859,"2025",5,"Spring",2015-12-27,2017-02-02,99.8064516129032,FALSE,"2015",12,"Winter","non-G-coded","female","6",112.59,">60",FALSE,FALSE,FALSE,FALSE,FALSE,FALSE,FALSE,FALSE,FALSE,FALSE,1,1,"singleton",0,0,0,0,0,0,0,0,0,0,0,5,"Reference range"
"00384",59.66,3,2024-03-26,"FR3917468802",40.5,"HG40557","171790","60095",6013,"2024",3,"Spring",2019-03-26,2021-07-02,32.7741935483871,FALSE,"2019",3,"Spring","non-G-coded","female","3",59.66,"43-60",FALSE,FALSE,FALSE,FALSE,FALSE,FALSE,FALSE,FALSE,FALSE,FALSE,1,1,"singleton",0,0,0,0,0,0,0,0,0,0,0,3,"Reference range"
"201338",47.53,2,2024-03-01,"FR7045049997",46.8,"240418","606244","30602",6269,"2024",3,"Spring",2020-03-01,2022-07-02,19.9655172413793,FALSE,"2020",3,"Spring","non-G-coded","female","2",47.53,"43-60",FALSE,FALSE,FALSE,FALSE,FALSE,FALSE,FALSE,FALSE,FALSE,FALSE,1,1,"singleton",0,0,0,0,0,0,0,0,0,0,0,3,"Reference range"
"70426",83.56,6,2024-06-03,"22220785",48.4,"240811",NA,NA,5536,"2024",6,"Summer",2017-06-03,2019-07-02,59.0333333333333,FALSE,"2017",6,"Summer","non-G-coded","female","6",83.56,">60",FALSE,FALSE,FALSE,FALSE,FALSE,FALSE,FALSE,FALSE,FALSE,FALSE,1,1,"singleton",0,0,0,0,0,0,0,0,0,0,0,6,"Reference range"
"800876",61.37,3,2024-03-18,"FR3917468802",40.1,"HG40512","171790","60242",6082,"2024",3,"Spring",2019-02-18,2021-06-02,33.5161290322581,FALSE,"2019",2,"Winter","non-G-coded","female","3",61.37,">60",FALSE,FALSE,FALSE,FALSE,FALSE,FALSE,FALSE,FALSE,FALSE,FALSE,1,1,"singleton",0,0,0,0,0,0,0,0,0,0,0,3,"Reference range"
"234283",26,1,2025-04-24,"22218621",38.2,"250598","854773威吉吉","40555",3169,"2025",4,"Spring",2023-02-24,2024-05-02,11.7333333333333,TRUE,"2023",2,"Winter","non-G-coded","female","1",26,"<=30",FALSE,FALSE,FALSE,FALSE,FALSE,FALSE,FALSE,FALSE,FALSE,FALSE,1,1,"singleton",0,0,0,0,0,0,0,0,0,0,0,4,"Reference range"
"H01025",33.89,2,2023-03-27,"871041文尼哥",41.3,"234488","865530","1279",8788,"2023",3,"Spring",2020-05-27,2023-09-02,-5.19354838709677,TRUE,"2020",5,"Spring","non-G-coded","female","2",33.89,"31-42",FALSE,FALSE,FALSE,FALSE,FALSE,FALSE,FALSE,FALSE,FALSE,FALSE,1,1,"singleton",0,0,0,0,0,0,0,0,0,0,0,3,"Reference range"
"212168",55.85,2,2025-09-14,"15618075",40.4,"251071","180781","Z00195",2184,"2025",9,"Autumn",2021-01-14,2021-11-02,46.4,FALSE,"2021",1,"Winter","non-G-coded","female","2",55.85,"43-60",FALSE,FALSE,FALSE,FALSE,FALSE,FALSE,FALSE,FALSE,FALSE,FALSE,1,1,"singleton",0,0,0,0,0,0,0,0,0,0,0,9,"Reference range"
"201091",52.56,3,2024-06-07,"863025",46.8,"240829",NA,NA,5510,"2024",6,"Summer",2020-01-07,2022-02-02,28.1666666666667,FALSE,"2020",1,"Winter","non-G-coded","female","3",52.56,"43-60",FALSE,FALSE,FALSE,FALSE,FALSE,FALSE,FALSE,FALSE,FALSE,FALSE,1,1,"singleton",0,0,0,0,0,0,0,0,0,0,0,6,"Reference range"
"224074",25.61,1,2024-02-26,"41220100",46.7,"240395","6868671111","L150112",6311,"2024",2,"Winter",2021-12-26,2024-05-02,-2.17241379310345,TRUE,"2021",12,"Winter","non-G-coded","female","1",25.61,"<=30",FALSE,FALSE,FALSE,FALSE,FALSE,FALSE,FALSE,FALSE,FALSE,FALSE,1,1,"singleton",0,0,0,0,0,0,0,0,0,0,0,2,"Reference range"
"61111",99.64,6,2024-05-17,"22220785",40.5,"240754",NA,NA,5645,"2024",5,"Spring",2016-01-17,2018-03-02,74.4838709677419,FALSE,"2016",1,"Winter","non-G-coded","female","6",99.64,">60",FALSE,FALSE,FALSE,FALSE,FALSE,FALSE,FALSE,FALSE,FALSE,FALSE,1,1,"singleton",0,0,0,0,0,0,0,0,0,0,0,5,"Reference range"
"62546",118.05,6,2025-12-05,"65123933",39.2,"251438",NA,NA,1410,"2025",12,"Winter",2016-02-05,2016-09-02,111.096774193548,FALSE,"2016",2,"Winter","non-G-coded","female","6",118.05,">60",FALSE,FALSE,FALSE,FALSE,FALSE,FALSE,FALSE,FALSE,FALSE,FALSE,1,1,"singleton",0,0,0,0,0,0,0,0,0,0,0,12,"Reference range"
"60276",95.56,6,2024-04-08,"22220785",45.6,"240602",NA,NA,5916,"2024",4,"Spring",2016-04-08,2018-07-02,69.2,FALSE,"2016",4,"Spring","non-G-coded","female","6",95.56,">60",FALSE,FALSE,FALSE,FALSE,FALSE,FALSE,FALSE,FALSE,FALSE,FALSE,1,1,"singleton",0,0,0,0,0,0,0,0,0,0,0,4,"Reference range"
"70639",79.13,5,2024-05-31,"22220785",45.4,"240798",NA,NA,5558,"2024",5,"Spring",2017-10-31,2019-12-02,53.9354838709677,FALSE,"2017",10,"Autumn","non-G-coded","female","5",79.13,">60",FALSE,FALSE,FALSE,FALSE,FALSE,FALSE,FALSE,FALSE,FALSE,FALSE,1,1,"singleton",0,0,0,0,0,0,0,0,0,0,0,5,"Reference range"
"201662",69.72,5,2026-03-03,"12120012",42.3,"260168","606244","60378",846,"2026",3,"Spring",2020-05-03,2020-09-02,66.0322580645161,FALSE,"2020",5,"Spring","non-G-coded","female","5",69.72,">60",FALSE,FALSE,FALSE,FALSE,FALSE,FALSE,FALSE,FALSE,FALSE,FALSE,1,1,"singleton",0,0,0,0,0,0,0,0,0,0,0,3,"Reference range"
"235429",25.21,1,2025-10-28,"21219011",39.3,"251254","7402563907","801073",1808,"2025",10,"Autumn",2023-09-28,2024-06-02,16.8387096774194,FALSE,"2023",9,"Autumn","non-G-coded","female","1",25.21,"<=30",FALSE,FALSE,FALSE,FALSE,FALSE,FALSE,FALSE,FALSE,FALSE,FALSE,1,1,"singleton",0,0,0,0,0,0,0,0,0,0,0,10,"Reference range"
"62457",86.98,5,2023-05-04,"871041文尼哥",47.6,"234701",NA,NA,8492,"2023",5,"Spring",2016-02-04,2019-04-02,49.0645161290323,FALSE,"2016",2,"Winter","non-G-coded","female","5",86.98,">60",FALSE,FALSE,FALSE,FALSE,FALSE,FALSE,FALSE,FALSE,FALSE,FALSE,1,1,"singleton",0,0,0,0,0,0,0,0,0,0,0,5,"Reference range"
"212399",40.37,2,2024-07-17,"15620126",40.6,"240938","180781","00069",5348,"2024",7,"Summer",2021-03-17,2023-03-02,16.4838709677419,FALSE,"2021",3,"Spring","non-G-coded","female","2",40.37,"31-42",FALSE,FALSE,FALSE,FALSE,FALSE,FALSE,FALSE,FALSE,FALSE,FALSE,1,1,"singleton",0,0,0,0,0,0,0,0,0,0,0,7,"Reference range"
"201712",44.58,3,2024-02-08,"FR7045049997",43.6,"240250",NA,NA,6568,"2024",2,"Winter",2020-05-08,2022-10-02,16.2068965517241,FALSE,"2020",5,"Spring","non-G-coded","female","3",44.58,"43-60",FALSE,FALSE,FALSE,FALSE,FALSE,FALSE,FALSE,FALSE,FALSE,FALSE,1,1,"singleton",0,0,0,0,0,0,0,0,0,0,0,2,"Reference range"
"00762",56.84,4,2024-03-06,"865530狼血",41.9,"240446",NA,NA,6216,"2024",3,"Spring",2019-06-06,2021-10-02,29.1290322580645,FALSE,"2019",6,"Summer","non-G-coded","female","4",56.84,"43-60",FALSE,FALSE,FALSE,FALSE,FALSE,FALSE,FALSE,FALSE,FALSE,FALSE,1,1,"singleton",0,0,0,0,0,0,0,0,0,0,0,3,"Reference range"
"62281",86.06,4,2023-04-29,"7029225762",46.5,"234674",NA,NA,8515,"2023",4,"Spring",2016-02-29,2019-05-02,47.9,FALSE,"2016",2,"Winter","non-G-coded","female","4",86.06,">60",FALSE,FALSE,FALSE,FALSE,FALSE,FALSE,FALSE,FALSE,FALSE,FALSE,1,1,"singleton",0,0,0,0,0,0,0,0,0,0,0,4,"Reference range"
"00461",47.5,3,2023-04-05,"7402563907",49.3,"234544",NA,NA,8698,"2023",4,"Spring",2019-04-05,2022-07-02,9.1,TRUE,"2019",4,"Spring","non-G-coded","female","3",47.5,"43-60",FALSE,FALSE,FALSE,FALSE,FALSE,FALSE,FALSE,FALSE,FALSE,FALSE,1,1,"singleton",0,0,0,0,0,1,0,0,0,0,0,4,"Reference range"
"70702",77.32,4,2024-05-04,"862025瓦特罗",35.6,"240710",NA,NA,5736,"2024",5,"Spring",2017-12-04,2020-02-02,51.0645161290323,FALSE,"2017",12,"Winter","non-G-coded","female","4",77.32,">60",FALSE,FALSE,FALSE,FALSE,FALSE,FALSE,FALSE,FALSE,FALSE,FALSE,1,1,"singleton",0,0,0,0,1,0,1,0,0,0,0,5,"Reference range"
"61576",97.99,6,2024-04-08,"65119600",45.4,"240608",NA,NA,5914,"2024",4,"Spring",2016-02-08,2018-05-02,71.2,FALSE,"2016",2,"Winter","non-G-coded","female","6",97.99,">60",FALSE,FALSE,FALSE,FALSE,FALSE,FALSE,FALSE,FALSE,FALSE,FALSE,1,1,"singleton",0,0,0,0,0,0,0,0,0,0,0,4,"Reference range"
"213815",58.68,4,2024-02-20,"FR3917468802",46.3,"240342","171790","61695",6425,"2024",2,"Winter",2019-03-20,2021-08-02,30.6206896551724,FALSE,"2019",3,"Spring","non-G-coded","female","4",58.68,"43-60",FALSE,FALSE,FALSE,FALSE,FALSE,FALSE,FALSE,TRUE,FALSE,FALSE,1,1,"singleton",0,0,0,0,0,0,0,0,0,0,0,2,"Reference range"
"60274",107.2,7,2025-03-28,"22218621",44.3,"250482",NA,NA,3412,"2025",3,"Spring",2016-04-28,2017-08-02,91.8387096774194,FALSE,"2016",4,"Spring","non-G-coded","female",">=7",107.2,">60",FALSE,FALSE,FALSE,FALSE,FALSE,FALSE,FALSE,FALSE,FALSE,FALSE,1,1,"singleton",0,0,0,0,0,0,0,0,0,0,0,3,"Reference range"
"60177L",91.55,6,2023-11-16,"FR2545422137",35.6,"HG9826",NA,NA,7339,"2023",11,"Autumn",2016-03-16,2018-11-02,60.4666666666667,FALSE,"2016",3,"Spring","non-G-coded","female","6",91.55,">60",FALSE,FALSE,FALSE,FALSE,FALSE,FALSE,FALSE,FALSE,FALSE,FALSE,1,1,"singleton",0,0,0,0,1,0,1,0,0,0,0,11,"Reference range"
"00027",50.53,3,2023-03-23,"7402563907",45.3,"234456","171790","40707",8832,"2023",3,"Spring",2018-12-23,2022-04-02,11.6774193548387,TRUE,"2018",12,"Winter","non-G-coded","female","3",50.53,"43-60",FALSE,FALSE,FALSE,FALSE,FALSE,FALSE,FALSE,FALSE,FALSE,FALSE,1,1,"singleton",0,0,0,0,0,0,0,0,0,0,0,3,"Reference range"
"50508",99.38,7,2024-05-19,"22220785",49.4,"240758",NA,NA,5634,"2024",5,"Spring",2016-02-19,2018-04-02,73.5483870967742,FALSE,"2016",2,"Winter","non-G-coded","female",">=7",99.38,">60",FALSE,FALSE,FALSE,FALSE,FALSE,FALSE,FALSE,FALSE,FALSE,FALSE,1,1,"singleton",0,0,0,0,0,1,0,0,0,0,0,5,"Reference range"
"70157",89.25,6,2024-08-19,"15620126",36.5,"241030",NA,NA,5168,"2024",8,"Summer",2017-03-19,2019-02-02,66.5483870967742,FALSE,"2017",3,"Spring","non-G-coded","female","6",89.25,">60",FALSE,FALSE,FALSE,FALSE,FALSE,FALSE,FALSE,FALSE,FALSE,FALSE,1,1,"singleton",0,0,0,0,1,0,0,0,0,0,0,8,"Reference range"
"801072",51.55,3,2023-03-09,"854773威吉吉",48.2,"234364","171350","91116",8975,"2023",3,"Spring",2018-11-09,2022-03-02,12.2258064516129,TRUE,"2018",11,"Autumn","non-G-coded","female","3",51.55,"43-60",FALSE,FALSE,FALSE,FALSE,FALSE,FALSE,FALSE,FALSE,FALSE,FALSE,1,1,"singleton",0,0,0,0,0,0,0,0,0,0,0,3,"Reference range"
"212675",30.41,1,2023-10-30,"854282维利纳诺",38.6,"235590",NA,NA,7448,"2023",10,"Autumn",2021-04-30,2024-01-02,-2.09677419354839,TRUE,"2021",4,"Spring","non-G-coded","female","1",30.41,"31-42",FALSE,FALSE,FALSE,FALSE,FALSE,FALSE,FALSE,FALSE,FALSE,FALSE,1,1,"singleton",0,0,0,0,0,0,0,0,0,0,0,10,"Reference range"
"00387",48.13,3,2023-04-10,"871041文尼哥",43.2,"234579","171790","40711",8658,"2023",4,"Spring",2019-04-10,2022-07-02,9.26666666666667,TRUE,"2019",4,"Spring","non-G-coded","female","3",48.13,"43-60",FALSE,FALSE,FALSE,FALSE,FALSE,FALSE,FALSE,FALSE,FALSE,FALSE,1,1,"singleton",0,0,0,0,0,0,0,0,0,0,0,4,"Reference range"
"00133",38.69,2,2023-01-08,"854282维利纳诺",48.2,"234038",NA,NA,9432,"2023",1,"Winter",2019-10-08,2023-04-02,-2.80645161290323,TRUE,"2019",10,"Autumn","non-G-coded","female","2",38.69,"31-42",FALSE,FALSE,FALSE,FALSE,FALSE,FALSE,FALSE,FALSE,FALSE,FALSE,1,1,"singleton",0,0,0,0,0,0,0,0,0,0,0,1,"Reference range"
"224051",40.24,2,2025-05-12,"22218621",45.4,"250687","854062","40245",2979,"2025",5,"Spring",2022-01-12,2023-03-02,26.3225806451613,FALSE,"2022",1,"Winter","non-G-coded","female","2",40.24,"31-42",FALSE,FALSE,FALSE,FALSE,FALSE,FALSE,FALSE,FALSE,FALSE,FALSE,1,1,"singleton",0,0,0,0,0,0,0,0,0,0,0,5,"Reference range"
"61906",114.92,7,2025-08-21,"863302",42.2,"251019",NA,NA,2304,"2025",8,"Summer",2016-01-21,2016-12-02,104.612903225806,FALSE,"2016",1,"Winter","non-G-coded","female",">=7",114.92,">60",FALSE,FALSE,FALSE,FALSE,FALSE,FALSE,FALSE,FALSE,FALSE,FALSE,1,1,"singleton",0,0,0,0,0,0,0,0,0,0,0,8,"Reference range"
"801144",64.86,3,2024-05-23,"22220785",47.2,"240763","171790","61448",5621,"2024",5,"Spring",2018-12-23,2021-02-02,39.6774193548387,FALSE,"2018",12,"Winter","non-G-coded","female","3",64.86,">60",FALSE,FALSE,FALSE,FALSE,FALSE,FALSE,FALSE,FALSE,FALSE,FALSE,1,1,"singleton",0,0,0,0,0,0,0,0,0,0,0,5,"Reference range"
"225429",34.29,2,2025-10-05,"15618075",37.5,"251155","甘露606318","801056",2004,"2025",10,"Autumn",2022-12-05,2023-09-02,25.0967741935484,FALSE,"2022",12,"Winter","non-G-coded","female","2",34.29,"31-42",FALSE,FALSE,FALSE,FALSE,FALSE,FALSE,FALSE,FALSE,FALSE,FALSE,1,1,"singleton",0,0,0,0,0,0,0,0,0,0,0,10,"Reference range"
"201796",63.54,3,2025-10-04,"15618075",37.5,"251149",NA,NA,2016,"2025",10,"Autumn",2020-06-04,2021-03-02,55.0645161290323,FALSE,"2020",6,"Summer","non-G-coded","female","3",63.54,">60",FALSE,FALSE,FALSE,FALSE,FALSE,FALSE,FALSE,FALSE,FALSE,FALSE,1,1,"singleton",0,0,0,0,0,0,0,0,0,0,0,10,"Reference range"
"212971",27.42,1,2023-09-08,"865530狼血",37.5,"235360",NA,NA,7727,"2023",9,"Autumn",2021-06-08,2024-04-02,-6.8,TRUE,"2021",6,"Summer","non-G-coded","female","1",27.42,"<=30",FALSE,FALSE,FALSE,FALSE,FALSE,FALSE,FALSE,FALSE,FALSE,FALSE,1,1,"singleton",0,0,0,0,0,0,0,0,0,0,0,9,"Reference range"
"201173",69.36,5,2025-11-22,"41121286",38.8,"251366","606192","62266",1557,"2025",11,"Autumn",2020-02-22,2020-10-02,61.6666666666667,FALSE,"2020",2,"Winter","non-G-coded","female","5",69.36,">60",FALSE,FALSE,FALSE,FALSE,FALSE,FALSE,FALSE,FALSE,FALSE,FALSE,1,1,"singleton",0,0,0,0,0,0,0,0,0,0,0,11,"Reference range"
"61327",90.34,6,2023-09-03,"854282维利纳诺",38.4,"235333",NA,NA,7761,"2023",9,"Autumn",2016-03-03,2019-01-02,56.0333333333333,FALSE,"2016",3,"Spring","non-G-coded","female","6",90.34,">60",FALSE,FALSE,FALSE,FALSE,FALSE,FALSE,FALSE,FALSE,FALSE,FALSE,1,1,"singleton",0,0,0,0,0,0,0,0,0,0,0,9,"Reference range"
"213885",39.18,2,2025-03-24,"427151",42.3,"250461","606306","62450",3447,"2025",3,"Spring",2021-12-24,2023-04-02,23.7096774193548,FALSE,"2021",12,"Winter","non-G-coded","female","2",39.18,"31-42",FALSE,FALSE,FALSE,FALSE,FALSE,FALSE,FALSE,FALSE,FALSE,FALSE,1,1,"singleton",0,0,0,0,0,0,0,0,0,0,0,3,"Reference range"
"201152",35.83,2,2023-01-31,"871041文尼哥",46.2,"234145","606192","61667",9286,"2023",1,"Winter",2020-01-31,2023-07-02,-5.06451612903226,TRUE,"2020",1,"Winter","non-G-coded","female","2",35.83,"31-42",FALSE,FALSE,FALSE,FALSE,FALSE,FALSE,FALSE,FALSE,FALSE,FALSE,1,1,"singleton",0,0,0,0,0,0,0,0,0,0,0,1,"Reference range"
"61508",95.96,6,2024-01-28,"865530狼血",45.6,"240167",NA,NA,6718,"2024",1,"Winter",2016-01-28,2018-07-02,66.8387096774194,FALSE,"2016",1,"Winter","non-G-coded","female","6",95.96,">60",FALSE,FALSE,FALSE,FALSE,FALSE,FALSE,FALSE,FALSE,FALSE,FALSE,1,1,"singleton",0,0,0,0,0,0,0,0,0,0,0,1,"Reference range"
"61216",122.06,7,2026-04-04,"65123650",36.4,"261345",NA,NA,509,"2026",4,"Spring",2016-02-04,2016-05-02,119.066666666667,FALSE,"2016",2,"Winter","non-G-coded","female",">=7",122.06,">60",FALSE,FALSE,FALSE,FALSE,FALSE,FALSE,FALSE,FALSE,FALSE,FALSE,1,1,"singleton",0,0,0,0,1,0,0,0,0,0,0,4,"Reference range"
"213315",28.44,1,2024-01-15,"865530狼血",35.6,"240097","180781","L800202",6823,"2024",1,"Winter",2021-09-15,2024-03-02,-1.58064516129032,TRUE,"2021",9,"Autumn","non-G-coded","female","1",28.44,"<=30",FALSE,FALSE,FALSE,FALSE,FALSE,FALSE,FALSE,FALSE,FALSE,FALSE,1,1,"singleton",0,0,0,0,1,0,1,0,0,0,0,1,"Reference range"
"H213815",52.04,3,2026-04-04,"11122981",44.5,"261347","2544424506","50764",501,"2026",4,"Spring",2021-12-04,2022-03-02,49.0666666666667,FALSE,"2021",12,"Winter","non-G-coded","female","3",52.04,"43-60",FALSE,FALSE,FALSE,FALSE,FALSE,FALSE,FALSE,FALSE,FALSE,FALSE,1,1,"singleton",0,0,0,0,0,0,0,0,0,0,0,4,"Reference range"
"00022L",66.4,5,2024-07-17,"22220785",35.4,"240939",NA,NA,5345,"2024",7,"Summer",2019-01-17,2021-01-02,42.4838709677419,FALSE,"2019",1,"Winter","non-G-coded","female","5",66.4,">60",FALSE,FALSE,FALSE,FALSE,FALSE,FALSE,FALSE,FALSE,FALSE,FALSE,1,1,"singleton",0,0,0,0,1,0,1,0,0,0,0,7,"Reference range"
"213812",25.15,1,2024-01-06,"865530狼血",36.4,"240050","854282","62088",6903,"2024",1,"Winter",2021-12-06,2024-06-02,-4.87096774193548,TRUE,"2021",12,"Winter","non-G-coded","female","1",25.15,"<=30",FALSE,FALSE,FALSE,FALSE,FALSE,FALSE,FALSE,FALSE,FALSE,FALSE,1,1,"singleton",0,0,0,0,1,0,0,0,0,0,0,1,"Reference range"
"212757",38.95,2,2024-07-28,"15620126",36.7,"240977","186967","00728",5265,"2024",7,"Summer",2021-04-28,2023-04-02,15.8387096774194,FALSE,"2021",4,"Spring","non-G-coded","female","2",38.95,"31-42",FALSE,FALSE,FALSE,FALSE,FALSE,FALSE,FALSE,FALSE,FALSE,FALSE,1,1,"singleton",0,0,0,0,0,0,0,0,0,0,0,7,"Reference range"
"00178",82.15,6,2025-12-20,"41122282",47.2,"251513","171790","Z61742",1292,"2025",12,"Winter",2019-02-20,2019-09-02,75.5806451612903,FALSE,"2019",2,"Winter","non-G-coded","female","6",82.15,">60",FALSE,FALSE,FALSE,FALSE,FALSE,FALSE,FALSE,FALSE,FALSE,FALSE,1,1,"singleton",0,0,0,0,0,0,0,0,0,0,0,12,"Reference range"
"20068",41.88,2,2023-10-03,"7402563907",45.3,"235484",NA,NA,7577,"2023",10,"Autumn",2020-04-03,2023-01-02,9.03225806451613,TRUE,"2020",4,"Spring","non-G-coded","female","2",41.88,"31-42",FALSE,FALSE,FALSE,FALSE,FALSE,FALSE,FALSE,FALSE,FALSE,FALSE,1,1,"singleton",0,0,0,0,0,0,0,0,0,0,0,10,"Reference range"
"62095",102.5,6,2024-07-24,"171206",45.3,"240942",NA,NA,5298,"2024",7,"Summer",2016-01-24,2018-01-02,78.7096774193548,FALSE,"2016",1,"Winter","non-G-coded","female","6",102.5,">60",FALSE,FALSE,FALSE,FALSE,FALSE,FALSE,FALSE,FALSE,FALSE,FALSE,1,1,"singleton",0,0,0,0,0,0,0,0,0,0,0,7,"Reference range"
"201666",48.09,3,2024-05-14,"22220785",37.2,"240740","865530","60947",5669,"2024",5,"Spring",2020-05-14,2022-07-02,22.3870967741935,FALSE,"2020",5,"Spring","non-G-coded","female","3",48.09,"43-60",FALSE,FALSE,FALSE,FALSE,FALSE,FALSE,FALSE,FALSE,FALSE,FALSE,1,1,"singleton",0,0,0,0,0,0,0,0,0,0,0,5,"Reference range"
"234732",34.62,2,2026-03-29,"41120238",40.2,"261308","7402563907","62112",573,"2026",3,"Spring",2023-04-29,2023-08-02,31.8709677419355,FALSE,"2023",4,"Spring","non-G-coded","female","2",34.62,"31-42",FALSE,FALSE,FALSE,FALSE,FALSE,FALSE,FALSE,FALSE,FALSE,FALSE,1,1,"singleton",0,0,0,0,0,0,0,0,0,0,0,3,"Reference range"
"240187",25.15,1,2026-03-05,"41122940",41.8,"260185","865530狼血","01450",827,"2026",3,"Spring",2024-02-05,2024-06-02,21.0967741935484,FALSE,"2024",2,"Winter","non-G-coded","female","1",25.15,"<=30",FALSE,FALSE,FALSE,FALSE,FALSE,FALSE,FALSE,FALSE,FALSE,FALSE,1,1,"singleton",0,0,0,0,0,0,0,0,0,0,0,3,"Reference range"
"212347",49.38,2,2025-04-11,"22218621",37.7,"G52553","180781","140534",3287,"2025",4,"Spring",2021-03-11,2022-06-02,34.3,FALSE,"2021",3,"Spring","G-coded","male","2",49.38,"43-60",FALSE,FALSE,FALSE,FALSE,FALSE,FALSE,FALSE,FALSE,FALSE,FALSE,1,1,"singleton",0,0,0,0,1,0,0,0,0,0,0,4,"Reference range"
"212504",35.63,2,2024-03-10,"862025瓦特罗",50.4,"G40458","62544424506","L60200",6176,"2024",3,"Spring",2021-03-10,2023-07-02,8.25806451612903,TRUE,"2021",3,"Spring","G-coded","male","2",35.63,"31-42",FALSE,FALSE,FALSE,FALSE,FALSE,FALSE,FALSE,FALSE,FALSE,FALSE,1,1,"singleton",0,0,0,0,0,0,0,0,0,0,0,3,"Reference range"
"224102",24.39,1,2024-01-26,"865530狼血",52.1,"G40128","854062","62601",6734,"2024",1,"Winter",2022-01-26,2024-07-02,-5.2258064516129,TRUE,"2022",1,"Winter","G-coded","male","1",24.39,"<=30",FALSE,FALSE,FALSE,FALSE,FALSE,FALSE,FALSE,FALSE,FALSE,FALSE,1,1,"singleton",0,0,0,0,0,0,0,0,0,0,0,1,"Reference range"
"213274",53.65,2,2026-02-13,"41121286",53.7,"G62127","180781","01171",985,"2026",2,"Winter",2021-08-13,2022-01-02,49.3928571428571,FALSE,"2021",8,"Summer","G-coded","male","2",53.65,"43-60",FALSE,FALSE,FALSE,FALSE,FALSE,FALSE,FALSE,FALSE,FALSE,FALSE,1,1,"singleton",0,0,0,0,0,1,0,1,0,0,0,2,"Reference range"
"201699",51.28,3,2024-08-25,"15620126",45.6,"G41029","606244","61469",5134,"2024",8,"Summer",2020-05-25,2022-04-02,28.741935483871,FALSE,"2020",5,"Spring","G-coded","male","3",51.28,"43-60",FALSE,FALSE,FALSE,FALSE,FALSE,FALSE,FALSE,FALSE,FALSE,FALSE,1,1,"singleton",0,0,0,0,0,0,0,0,0,0,0,8,"Reference range"
"800882",86.26,6,2026-01-23,"41121286",39.3,"G62060",NA,NA,1104,"2026",1,"Winter",2018-11-23,2019-05-02,80.6774193548387,FALSE,"2018",11,"Autumn","G-coded","male","6",86.26,">60",FALSE,FALSE,FALSE,FALSE,FALSE,FALSE,FALSE,FALSE,FALSE,FALSE,1,1,"singleton",0,0,0,0,1,0,0,0,0,0,0,1,"Reference range"
"213613",27.65,1,2024-02-12,"862025瓦特罗",43.8,"G40249",NA,NA,6531,"2024",2,"Winter",2021-10-12,2024-03-02,-0.655172413793103,TRUE,"2021",10,"Autumn","G-coded","male","1",27.65,"<=30",FALSE,FALSE,FALSE,FALSE,FALSE,FALSE,FALSE,FALSE,FALSE,FALSE,1,1,"singleton",0,0,0,0,0,0,0,0,0,0,0,2,"Reference range"
"62396",95.5,5,2024-02-10,"862025瓦特罗",51.2,"G40238",NA,NA,6552,"2024",2,"Winter",2016-02-10,2018-07-02,67.2758620689655,FALSE,"2016",2,"Winter","G-coded","male","5",95.5,">60",FALSE,FALSE,FALSE,FALSE,FALSE,FALSE,FALSE,FALSE,FALSE,FALSE,1,1,"singleton",0,0,0,0,0,0,0,0,0,0,0,2,"Reference range"
"70649",75.61,5,2024-02-18,"FR3917468802",49.1,"G40306",NA,NA,6450,"2024",2,"Winter",2017-10-18,2020-03-02,47.551724137931,FALSE,"2017",10,"Autumn","G-coded","male","5",75.61,">60",FALSE,FALSE,FALSE,FALSE,FALSE,FALSE,FALSE,FALSE,FALSE,FALSE,1,1,"singleton",0,0,0,0,0,0,0,0,0,0,0,2,"Reference range"
"01219",55.59,3,2024-06-14,"863025",46.8,"G40842","186756","91108",5450,"2024",6,"Summer",2019-10-14,2021-11-02,31.4,FALSE,"2019",10,"Autumn","G-coded","male","3",55.59,"43-60",FALSE,FALSE,FALSE,FALSE,FALSE,FALSE,FALSE,FALSE,FALSE,FALSE,1,1,"singleton",0,0,0,0,0,0,0,0,0,0,0,6,"Reference range"
"62035",93.82,6,2023-10-31,"7402563907",38.5,"G9715",NA,NA,7438,"2023",10,"Autumn",2015-12-31,2018-09-02,61.9354838709677,FALSE,"2015",12,"Winter","G-coded","male","6",93.82,">60",FALSE,FALSE,FALSE,FALSE,FALSE,FALSE,FALSE,FALSE,FALSE,FALSE,1,1,"singleton",0,0,0,0,1,0,0,0,0,0,0,10,"Reference range"
"62148",95.89,6,2024-02-05,"865530狼血",50.1,"G40198",NA,NA,6618,"2024",2,"Winter",2016-02-05,2018-07-02,67.1034482758621,FALSE,"2016",2,"Winter","G-coded","male","6",95.89,">60",FALSE,FALSE,FALSE,FALSE,FALSE,FALSE,FALSE,FALSE,FALSE,FALSE,1,1,"singleton",0,0,0,0,0,0,0,0,0,0,0,2,"Reference range"
"225281",35.08,1,2025-09-16,"863302",42.4,"G53128","865530","01364",2172,"2025",9,"Autumn",2022-10-16,2023-08-02,25.4666666666667,FALSE,"2022",10,"Autumn","G-coded","male","1",35.08,"31-42",FALSE,FALSE,FALSE,FALSE,FALSE,FALSE,FALSE,FALSE,FALSE,FALSE,1,1,"singleton",0,0,0,0,0,0,0,0,0,0,0,9,"Reference range"
"234360",24.46,1,2025-03-21,"22220783",50.3,"G52442",NA,NA,3499,"2025",3,"Spring",2023-03-21,2024-07-02,8.61290322580645,TRUE,"2023",3,"Spring","G-coded","male","1",24.46,"<=30",FALSE,FALSE,FALSE,FALSE,FALSE,FALSE,FALSE,FALSE,FALSE,FALSE,1,1,"singleton",0,0,0,0,0,0,0,0,0,0,0,3,"Reference range"
"224702",24.65,1,2024-05-13,"22220785",41.6,"G40722","180781","00394",5679,"2024",5,"Spring",2022-04-13,2024-06-02,-0.645161290322581,TRUE,"2022",4,"Spring","G-coded","male","1",24.65,"<=30",FALSE,FALSE,FALSE,FALSE,FALSE,FALSE,FALSE,FALSE,FALSE,FALSE,1,1,"singleton",0,0,0,0,0,0,0,0,0,0,0,5,"Reference range"
"212916",48.78,2,2025-06-10,"427133",51.8,"G52810","186967","00642",2774,"2025",6,"Summer",2021-05-10,2022-06-02,36.2666666666667,FALSE,"2021",5,"Spring","G-coded","male","2",48.78,"43-60",FALSE,FALSE,FALSE,FALSE,FALSE,FALSE,FALSE,FALSE,FALSE,FALSE,1,1,"singleton",0,0,0,0,0,0,0,0,0,0,0,6,"Reference range"
"213224",28.37,1,2023-12-26,"865530狼血",41,"G10109","603268","61172",6995,"2023",12,"Winter",2021-08-26,2024-03-02,-2.2258064516129,TRUE,"2021",8,"Summer","G-coded","male","1",28.37,"<=30",FALSE,FALSE,FALSE,FALSE,FALSE,FALSE,FALSE,FALSE,FALSE,FALSE,1,1,"singleton",0,0,0,0,0,0,0,0,0,0,0,12,"Reference range"
"224090",23.31,1,2023-12-22,"854773威吉吉",52.3,"G10066","854062","H00162",7050,"2023",12,"Winter",2022-01-22,2024-08-02,-7.35483870967742,TRUE,"2022",1,"Winter","G-coded","male","1",23.31,"<=30",FALSE,FALSE,FALSE,FALSE,FALSE,FALSE,FALSE,FALSE,FALSE,FALSE,1,1,"singleton",0,0,0,0,0,0,0,0,0,0,0,12,"Reference range"
"61619",99.61,5,2024-06-11,"22220785",37.8,"G40832",NA,NA,5469,"2024",6,"Summer",2016-02-11,2018-03-02,75.3,FALSE,"2016",2,"Winter","G-coded","male","5",99.61,">60",FALSE,FALSE,FALSE,FALSE,FALSE,FALSE,FALSE,FALSE,FALSE,FALSE,1,1,"singleton",0,0,0,0,1,0,0,0,0,0,0,6,"Reference range"
"212778",47.01,2,2025-03-31,"22218621",43.2,"G52494","606318","61852",3389,"2025",3,"Spring",2021-04-30,2022-08-02,31.9354838709677,FALSE,"2021",4,"Spring","G-coded","male","2",47.01,"43-60",FALSE,FALSE,FALSE,FALSE,FALSE,FALSE,FALSE,FALSE,FALSE,FALSE,1,1,"singleton",0,0,0,0,0,0,0,0,0,0,0,3,"Reference range"
"201597L",35.17,2,2023-04-06,"871041文尼哥",40.2,"G8662",NA,NA,8691,"2023",4,"Spring",2020-05-06,2023-08-02,-3.86666666666667,TRUE,"2020",5,"Spring","G-coded","male","2",35.17,"31-42",FALSE,FALSE,FALSE,FALSE,FALSE,FALSE,FALSE,FALSE,FALSE,FALSE,1,1,"singleton",0,0,0,0,0,0,0,0,0,0,0,4,"Reference range"
"240008",27.09,1,2026-03-31,"41422157",42.3,"G62356",NA,NA,561,"2026",3,"Spring",2023-12-31,2024-04-02,23.9354838709677,FALSE,"2023",12,"Winter","G-coded","male","1",27.09,"<=30",FALSE,FALSE,FALSE,FALSE,FALSE,FALSE,FALSE,FALSE,FALSE,FALSE,1,1,"singleton",0,0,0,0,0,0,0,0,0,0,0,3,"Reference range"
"L00809",61.08,4,2024-07-24,"171206",44.6,"G40951",NA,NA,5294,"2024",7,"Summer",2019-06-24,2021-06-02,37.7096774193548,FALSE,"2019",6,"Summer","G-coded","male","4",61.08,">60",FALSE,FALSE,FALSE,FALSE,FALSE,FALSE,FALSE,FALSE,FALSE,FALSE,1,1,"singleton",0,0,0,0,0,0,0,0,0,0,0,7,"Reference range"
"235158",23.31,1,2025-07-12,"22121207",47.6,"G52920","7402563907","202003",2545,"2025",7,"Summer",2023-08-12,2024-08-02,11.3225806451613,TRUE,"2023",8,"Summer","G-coded","male","1",23.31,"<=30",FALSE,FALSE,FALSE,FALSE,FALSE,FALSE,FALSE,FALSE,FALSE,FALSE,1,1,"singleton",0,0,0,0,0,0,0,0,0,0,0,7,"Reference range"
"201318",69.2,4,2025-12-17,"21219011",45.1,"G53573","606244","62444",1320,"2025",12,"Winter",2020-03-17,2020-10-02,62.4838709677419,FALSE,"2020",3,"Spring","G-coded","male","4",69.2,">60",FALSE,FALSE,FALSE,FALSE,FALSE,FALSE,FALSE,FALSE,FALSE,FALSE,1,1,"singleton",0,0,0,0,0,0,0,0,0,0,0,12,"Reference range"
"212134",39.25,2,2024-07-22,"171206",52.7,"G40187",NA,NA,5320,"2024",7,"Summer",2021-04-22,2023-04-02,15.6451612903226,FALSE,"2021",4,"Spring","G-coded","male","2",39.25,"31-42",FALSE,FALSE,FALSE,FALSE,FALSE,FALSE,FALSE,FALSE,FALSE,FALSE,1,1,"singleton",0,0,0,0,0,0,0,1,0,0,0,7,"Reference range"
"60743",111.6,7,2025-04-25,"22218621",47.2,"G52620",NA,NA,3149,"2025",4,"Spring",2015-12-25,2017-03-02,97.7666666666667,FALSE,"2015",12,"Winter","G-coded","male",">=7",111.6,">60",FALSE,FALSE,FALSE,FALSE,FALSE,FALSE,FALSE,FALSE,FALSE,FALSE,1,1,"singleton",0,0,0,0,0,0,0,0,0,0,0,4,"Reference range"
"213064",56.25,3,2026-02-27,"41122926",48.2,"G62183",NA,NA,886,"2026",2,"Winter",2021-06-27,2021-11-02,51.8928571428571,FALSE,"2021",6,"Summer","G-coded","male","3",56.25,"43-60",FALSE,FALSE,FALSE,FALSE,FALSE,FALSE,FALSE,FALSE,FALSE,FALSE,1,1,"singleton",0,0,0,0,0,0,0,0,0,0,0,2,"Reference range"
"234147",25.77,1,2025-03-25,"22220783",48.6,"G52467",NA,NA,3446,"2025",3,"Spring",2023-01-25,2024-05-02,10.741935483871,TRUE,"2023",1,"Winter","G-coded","male","1",25.77,"<=30",FALSE,FALSE,FALSE,FALSE,FALSE,FALSE,FALSE,FALSE,FALSE,FALSE,1,1,"singleton",0,0,0,0,0,0,0,0,0,0,0,3,"Reference range"
"241041",20.84,1,2026-05-19,"41120238",41.2,"G62510","15620126","202264",232,"2026",5,"Spring",2024-08-19,2024-10-02,19.5483870967742,FALSE,"2024",8,"Summer","G-coded","male","1",20.84,"<=30",FALSE,FALSE,FALSE,FALSE,FALSE,FALSE,FALSE,FALSE,FALSE,FALSE,1,1,"singleton",0,0,0,0,0,0,0,0,0,0,0,5,"Reference range"
"801145",50.26,3,2023-03-06,"854773威吉吉",43.3,"G8448","171790","Z62409",9000,"2023",3,"Spring",2019-01-06,2022-05-02,10.1290322580645,TRUE,"2019",1,"Winter","G-coded","male","3",50.26,"43-60",FALSE,FALSE,FALSE,FALSE,FALSE,FALSE,FALSE,FALSE,FALSE,FALSE,1,1,"singleton",0,0,0,0,0,0,0,0,0,0,0,3,"Reference range"
"234531",25.74,1,2025-05-24,"427133",40.2,"G52756","7402563907","00586",2869,"2025",5,"Spring",2023-03-24,2024-05-02,12.7096774193548,TRUE,"2023",3,"Spring","G-coded","male","1",25.74,"<=30",FALSE,FALSE,FALSE,FALSE,FALSE,FALSE,FALSE,FALSE,FALSE,FALSE,1,1,"singleton",0,0,0,0,0,0,0,0,0,0,0,5,"Reference range"
"201687",34.09,2,2023-03-19,"871041文尼哥",44.5,"G8538","606244","70185",8880,"2023",3,"Spring",2020-05-19,2023-09-02,-5.45161290322581,TRUE,"2020",5,"Spring","G-coded","male","2",34.09,"31-42",FALSE,FALSE,FALSE,FALSE,FALSE,FALSE,FALSE,FALSE,FALSE,FALSE,1,1,"singleton",0,0,0,0,0,0,0,0,0,0,0,3,"Reference range"
"01079",50.23,2,2023-12-02,"854400西部公园",54.4,"G9926","186756","60314",7244,"2023",12,"Winter",2019-10-02,2022-05-02,19,FALSE,"2019",10,"Autumn","G-coded","male","2",50.23,"43-60",FALSE,FALSE,FALSE,FALSE,FALSE,FALSE,FALSE,FALSE,FALSE,FALSE,1,1,"singleton",0,0,0,0,0,1,0,1,0,0,0,12,"Reference range"
"202054",40.34,2,2024-01-10,"865530狼血",44.3,"G40063","606244","13058",6861,"2024",1,"Winter",2020-09-10,2023-03-02,10.258064516129,TRUE,"2020",9,"Autumn","G-coded","male","2",40.34,"31-42",FALSE,FALSE,FALSE,FALSE,FALSE,FALSE,FALSE,FALSE,FALSE,FALSE,1,1,"singleton",0,0,0,0,0,0,0,0,0,0,0,1,"Reference range"
"234550",38.63,2,2026-06-22,"41121286",39.2,"G62612","7402563907","800848",3,"2026",6,"Summer",2023-03-22,2023-04-02,38.6666666666667,FALSE,"2023",3,"Spring","G-coded","male","2",38.63,"31-42",FALSE,FALSE,FALSE,FALSE,FALSE,FALSE,FALSE,FALSE,FALSE,FALSE,1,1,"singleton",0,0,0,0,1,0,0,0,0,0,0,6,"Reference range"
"234963",24.98,1,2025-07-28,"41421193",48.5,"G52981","854773威吉吉","00826",2441,"2025",7,"Summer",2023-06-28,2024-06-02,13.8387096774194,TRUE,"2023",6,"Summer","G-coded","male","1",24.98,"<=30",FALSE,FALSE,FALSE,FALSE,FALSE,FALSE,FALSE,FALSE,FALSE,FALSE,1,1,"singleton",0,0,0,0,0,0,0,0,0,0,0,7,"Reference range"
"234356",24.95,1,2025-04-04,"22220783",51.4,"G52516","871041文尼哥","70156",3348,"2025",4,"Spring",2023-03-04,2024-06-02,10.0666666666667,TRUE,"2023",3,"Spring","G-coded","male","1",24.95,"<=30",FALSE,FALSE,FALSE,FALSE,FALSE,FALSE,FALSE,FALSE,FALSE,FALSE,1,1,"singleton",0,0,0,0,0,0,0,0,0,0,0,4,"Reference range"
"60835",99.01,6,2024-04-07,"22220785",39.6,"G40582",NA,NA,5928,"2024",4,"Spring",2016-01-07,2018-04-02,72.1666666666667,FALSE,"2016",1,"Winter","G-coded","male","6",99.01,">60",FALSE,FALSE,FALSE,FALSE,FALSE,FALSE,FALSE,FALSE,FALSE,FALSE,1,1,"singleton",0,0,0,0,1,0,0,0,0,0,0,4,"Reference range"
"212645",26.04,1,2023-06-16,"65118598",49.1,"G9050","606318","61043",8219,"2023",6,"Summer",2021-04-16,2024-05-02,-10.5333333333333,TRUE,"2021",4,"Spring","G-coded","male","1",26.04,"<=30",FALSE,FALSE,FALSE,FALSE,FALSE,FALSE,FALSE,FALSE,FALSE,FALSE,1,1,"singleton",0,0,0,0,0,0,0,0,0,0,0,6,"Reference range"
"62156",97.24,6,2024-03-25,"862025瓦特罗",49.6,"G40545",NA,NA,6029,"2024",3,"Spring",2016-02-25,2018-06-02,69.741935483871,FALSE,"2016",2,"Winter","G-coded","male","6",97.24,">60",FALSE,FALSE,FALSE,FALSE,FALSE,FALSE,FALSE,FALSE,FALSE,FALSE,1,1,"singleton",0,0,0,0,0,0,0,0,0,0,0,3,"Reference range"
"60677",92.7,5,2023-09-24,"公牛",41.8,"G9552",NA,NA,7640,"2023",9,"Autumn",2015-12-24,2018-10-02,59.7333333333333,FALSE,"2015",12,"Winter","G-coded","male","5",92.7,">60",FALSE,FALSE,FALSE,FALSE,FALSE,FALSE,FALSE,FALSE,FALSE,FALSE,1,1,"singleton",0,0,0,0,0,0,0,0,0,0,0,9,"Reference range"
"H212971",36.85,2,2024-06-17,"22220785",45.6,"G40854","7029225762","800463",5433,"2024",6,"Summer",2021-05-17,2023-06-02,12.5,TRUE,"2021",5,"Spring","G-coded","male","2",36.85,"31-42",FALSE,FALSE,FALSE,FALSE,FALSE,FALSE,FALSE,FALSE,FALSE,FALSE,1,1,"singleton",0,0,0,0,0,0,0,0,0,0,0,6,"Reference range"
"00349",51.71,3,2023-07-23,"公牛",43,"G9230",NA,NA,8039,"2023",7,"Summer",2019-03-23,2022-03-02,16.6774193548387,FALSE,"2019",3,"Spring","G-coded","male","3",51.71,"43-60",FALSE,FALSE,FALSE,FALSE,FALSE,FALSE,FALSE,FALSE,FALSE,FALSE,1,1,"singleton",0,0,0,0,0,0,0,0,0,0,0,7,"Reference range"
"202652",38.13,2,2024-02-18,"862025瓦特罗",48.6,"G40302","180600","801049",6443,"2024",2,"Winter",2020-12-18,2023-05-02,9.55172413793103,TRUE,"2020",12,"Winter","G-coded","male","2",38.13,"31-42",FALSE,FALSE,FALSE,FALSE,FALSE,FALSE,FALSE,FALSE,FALSE,FALSE,1,1,"singleton",0,0,0,0,0,0,0,0,0,0,0,2,"Reference range"
"H213311",62.62,4,2026-01-27,"41121286",53.8,"G62093","7402563907","70475",1085,"2026",1,"Winter",2020-10-27,2021-04-02,57.8064516129032,FALSE,"2020",10,"Autumn","G-coded","male","4",62.62,">60",FALSE,FALSE,FALSE,FALSE,FALSE,FALSE,FALSE,FALSE,FALSE,FALSE,1,1,"singleton",0,0,0,0,0,1,0,1,0,0,0,1,"Reference range"
"234661",29.06,1,2025-09-26,"15618075",43.5,"G53173","871041文尼哥","00175",2089,"2025",9,"Autumn",2023-04-26,2024-02-02,19.8,FALSE,"2023",4,"Spring","G-coded","male","1",29.06,"<=30",FALSE,FALSE,FALSE,FALSE,FALSE,FALSE,FALSE,FALSE,FALSE,FALSE,1,1,"singleton",0,0,0,0,0,0,0,0,0,0,0,9,"Reference range"
"224390",51.25,3,2026-06-14,"21219011",42.6,"G62595","2545109367","60700",49,"2026",6,"Summer",2022-03-14,2022-04-02,50.4,FALSE,"2022",3,"Spring","G-coded","male","3",51.25,"43-60",FALSE,FALSE,FALSE,FALSE,FALSE,FALSE,FALSE,FALSE,FALSE,FALSE,1,1,"singleton",0,0,0,0,0,0,0,0,0,0,0,6,"Reference range"
"212220",36.32,2,2024-02-07,"FR3917468802",48.2,"G40211","7402563907","3009",6589,"2024",2,"Winter",2021-02-07,2023-07-02,7.17241379310345,TRUE,"2021",2,"Winter","G-coded","male","2",36.32,"31-42",FALSE,FALSE,FALSE,FALSE,FALSE,FALSE,FALSE,FALSE,FALSE,FALSE,1,1,"singleton",0,0,0,0,0,0,0,0,0,0,0,2,"Reference range"
"235408",30.64,1,2026-04-07,"21219011",45.2,"G62391","7402563907","00463",472,"2026",4,"Spring",2023-09-07,2023-12-02,28.1666666666667,FALSE,"2023",9,"Autumn","G-coded","male","1",30.64,"31-42",FALSE,FALSE,FALSE,FALSE,FALSE,FALSE,FALSE,FALSE,FALSE,FALSE,1,1,"singleton",0,0,0,0,0,0,0,0,0,0,0,4,"Reference range"
"800632",86.42,5,2025-11-28,"21219011",51.2,"G53477",NA,NA,1502,"2025",11,"Autumn",2018-09-28,2019-05-02,78.8666666666667,FALSE,"2018",9,"Autumn","G-coded","male","5",86.42,">60",FALSE,FALSE,FALSE,FALSE,FALSE,FALSE,FALSE,FALSE,FALSE,FALSE,1,1,"singleton",0,0,0,0,0,0,0,0,0,0,0,11,"Reference range"
"234751",22.81,1,2025-04-08,"427151",38.4,"G52540",NA,NA,3310,"2025",4,"Spring",2023-05-08,2024-08-02,8.2,TRUE,"2023",5,"Spring","G-coded","male","1",22.81,"<=30",FALSE,FALSE,FALSE,FALSE,FALSE,FALSE,FALSE,FALSE,FALSE,FALSE,1,1,"singleton",0,0,0,0,1,0,0,0,0,0,0,4,"Reference range"
"213035",58.15,4,2025-03-16,"427151",54,"G52419","41417124","L10197",3552,"2025",3,"Spring",2020-05-16,2021-09-02,42.4516129032258,FALSE,"2020",5,"Spring","G-coded","male","4",58.15,"43-60",FALSE,FALSE,FALSE,FALSE,FALSE,FALSE,FALSE,FALSE,FALSE,FALSE,1,1,"singleton",0,0,0,0,0,1,0,1,0,0,0,3,"Reference range"
"61098",90.07,4,2023-07-18,"854773威吉吉",44.4,"G9187",NA,NA,8066,"2023",7,"Summer",2016-01-18,2019-01-02,54.5161290322581,FALSE,"2016",1,"Winter","G-coded","male","4",90.07,">60",FALSE,FALSE,FALSE,FALSE,FALSE,FALSE,FALSE,FALSE,FALSE,FALSE,1,1,"singleton",0,0,0,0,0,0,0,0,0,0,0,7,"Reference range"
"212203",37.25,2,2024-03-03,"862025瓦特罗",39.4,"G40419","180781","12032",6253,"2024",3,"Spring",2021-02-03,2023-06-02,9.03225806451613,TRUE,"2021",2,"Winter","G-coded","male","2",37.25,"31-42",FALSE,FALSE,FALSE,FALSE,FALSE,FALSE,FALSE,FALSE,FALSE,FALSE,1,1,"singleton",0,0,0,0,1,0,0,0,0,0,0,3,"Reference range"
"212453",23.41,1,2023-12-20,"862025瓦特罗",45.1,"G10046",NA,NA,7070,"2023",12,"Winter",2022-01-20,2024-08-02,-7.41935483870968,TRUE,"2022",1,"Winter","G-coded","male","1",23.41,"<=30",FALSE,FALSE,FALSE,FALSE,FALSE,FALSE,FALSE,FALSE,FALSE,FALSE,1,1,"singleton",0,0,0,0,0,0,0,0,0,0,0,12,"Reference range"
"212256",39.88,2,2024-06-01,"863025",42.8,"G40794",NA,NA,5545,"2024",6,"Summer",2021-02-01,2023-03-02,14.9677419354839,TRUE,"2021",2,"Winter","G-coded","male","2",39.88,"31-42",FALSE,FALSE,FALSE,FALSE,FALSE,FALSE,FALSE,FALSE,FALSE,FALSE,1,1,"singleton",0,0,0,0,0,0,0,0,0,0,0,6,"Reference range"
"224259",47.27,3,2026-01-25,"21219011",52.3,"G62065","180781","201243",1098,"2026",1,"Winter",2022-02-25,2022-08-02,41.741935483871,FALSE,"2022",2,"Winter","G-coded","male","3",47.27,"43-60",FALSE,FALSE,FALSE,FALSE,FALSE,FALSE,FALSE,FALSE,FALSE,FALSE,1,1,"singleton",0,0,0,0,0,0,0,0,0,0,0,1,"Reference range"
"62150",117.19,6,2025-11-16,"21219011",44.4,"G53399",NA,NA,1636,"2025",11,"Autumn",2016-02-16,2016-10-02,109.466666666667,FALSE,"2016",2,"Winter","G-coded","male","6",117.19,">60",FALSE,FALSE,FALSE,FALSE,FALSE,FALSE,FALSE,FALSE,FALSE,FALSE,1,1,"singleton",0,0,0,0,0,0,0,0,0,0,0,11,"Reference range"
"240539",24.13,1,2026-03-27,"41120238",40.2,"G62332",NA,NA,595,"2026",3,"Spring",2024-03-27,2024-07-02,20.8064516129032,FALSE,"2024",3,"Spring","G-coded","male","1",24.13,"<=30",FALSE,FALSE,FALSE,FALSE,FALSE,FALSE,FALSE,FALSE,FALSE,FALSE,1,1,"singleton",0,0,0,0,0,0,0,0,0,0,0,3,"Reference range"
"235627",27.91,1,2026-03-02,"22222103",44.7,"G62197",NA,NA,855,"2026",3,"Spring",2023-11-02,2024-03-02,24,FALSE,"2023",11,"Autumn","G-coded","male","1",27.91,"<=30",FALSE,FALSE,FALSE,FALSE,FALSE,FALSE,FALSE,FALSE,FALSE,FALSE,1,1,"singleton",0,0,0,0,0,0,0,0,0,0,0,3,"Reference range"
"H212767",36.13,2,2023-01-15,"854282维利纳诺",46.3,"G8091","186756","50750",9389,"2023",1,"Winter",2020-01-15,2023-07-02,-5.58064516129032,TRUE,"2020",1,"Winter","G-coded","male","2",36.13,"31-42",FALSE,FALSE,FALSE,FALSE,FALSE,FALSE,FALSE,FALSE,FALSE,FALSE,1,1,"singleton",0,0,0,0,0,0,0,0,0,0,0,1,"Reference range"
"61445",96.06,6,2024-02-25,"862025瓦特罗",48.4,"G40367",NA,NA,6336,"2024",2,"Winter",2016-02-25,2018-07-02,67.7931034482759,FALSE,"2016",2,"Winter","G-coded","male","6",96.06,">60",FALSE,FALSE,FALSE,FALSE,FALSE,FALSE,FALSE,FALSE,FALSE,FALSE,1,1,"singleton",0,0,0,0,0,0,0,0,0,0,0,2,"Reference range"
"224471",22.85,1,2024-02-14,"862025瓦特罗",48.5,"G40272","2545109367","20034",6487,"2024",2,"Winter",2022-03-14,2024-08-02,-5.58620689655172,TRUE,"2022",3,"Spring","G-coded","male","1",22.85,"<=30",FALSE,FALSE,FALSE,FALSE,FALSE,FALSE,FALSE,FALSE,FALSE,FALSE,1,1,"singleton",0,0,0,0,0,0,0,0,0,0,0,2,"Reference range"
"234843",23.9,1,2025-05-31,"22218621",42.7,"G52773","865530狼血","800561",2838,"2025",5,"Spring",2023-05-31,2024-07-02,10.9354838709677,TRUE,"2023",5,"Spring","G-coded","male","1",23.9,"<=30",FALSE,FALSE,FALSE,FALSE,FALSE,FALSE,FALSE,FALSE,FALSE,FALSE,1,1,"singleton",0,0,0,0,0,0,0,0,0,0,0,5,"Reference range"
"00538",58.94,4,2024-04-04,"22220785",51.6,"G40603","167285","62749",5939,"2024",4,"Spring",2019-05-04,2021-08-02,32.0666666666667,FALSE,"2019",5,"Spring","G-coded","male","4",58.94,"43-60",FALSE,FALSE,FALSE,FALSE,FALSE,FALSE,FALSE,FALSE,FALSE,FALSE,1,1,"singleton",0,0,0,0,0,0,0,0,0,0,0,4,"Reference range"
"801017",79.03,5,2025-07-09,"863302",39.2,"G52913","171350","L09016",2568,"2025",7,"Summer",2018-12-09,2019-12-02,67.2258064516129,FALSE,"2018",12,"Winter","G-coded","male","5",79.03,">60",FALSE,FALSE,FALSE,FALSE,FALSE,FALSE,FALSE,FALSE,FALSE,FALSE,1,1,"singleton",0,0,0,0,1,0,0,0,0,0,0,7,"Reference range"
"202389",37.87,2,2023-12-27,"854773威吉吉",51.5,"G10117",NA,NA,6989,"2023",12,"Winter",2020-10-27,2023-05-02,7.80645161290323,TRUE,"2020",10,"Autumn","G-coded","male","2",37.87,"31-42",FALSE,FALSE,FALSE,FALSE,FALSE,FALSE,FALSE,FALSE,FALSE,FALSE,1,1,"singleton",0,0,0,0,0,0,0,0,0,0,0,12,"Reference range"
"60580",90.24,6,2024-06-09,"22220785",43.4,"G40821",NA,NA,5485,"2024",6,"Summer",2016-12-09,2019-01-02,65.2333333333333,FALSE,"2016",12,"Winter","G-coded","male","6",90.24,">60",FALSE,FALSE,FALSE,FALSE,FALSE,FALSE,FALSE,FALSE,FALSE,FALSE,1,1,"singleton",0,0,0,0,0,0,0,0,0,0,0,6,"Reference range"
"H201987",35.27,2,2023-11-15,"854282维利纳诺",50.8,"G9822","180600","91120",7344,"2023",11,"Autumn",2020-12-15,2023-08-02,3.43333333333333,TRUE,"2020",12,"Winter","G-coded","male","2",35.27,"31-42",FALSE,FALSE,FALSE,FALSE,FALSE,FALSE,FALSE,FALSE,FALSE,FALSE,1,1,"singleton",0,0,0,0,0,0,0,0,0,0,0,11,"Reference range"
"235010",26.76,1,2025-09-29,"15618075",40.4,"G53189","854773威吉吉","61109",2063,"2025",9,"Autumn",2023-06-29,2024-04-02,17.9,FALSE,"2023",6,"Summer","G-coded","male","1",26.76,"<=30",FALSE,FALSE,FALSE,FALSE,FALSE,FALSE,FALSE,FALSE,FALSE,FALSE,1,1,"singleton",0,0,0,0,0,0,0,0,0,0,0,9,"Reference range"
"212031",36.92,2,2024-01-31,"862025瓦特罗",38.6,"G40155","740640209","61537",6694,"2024",1,"Winter",2020-12-31,2023-06-02,7.93548387096774,TRUE,"2020",12,"Winter","G-coded","male","2",36.92,"31-42",FALSE,FALSE,FALSE,FALSE,FALSE,FALSE,FALSE,FALSE,FALSE,FALSE,1,1,"singleton",0,0,0,0,1,0,0,0,0,0,0,1,"Reference range"
"201617",71.5,5,2026-04-18,"861404",43.6,"G62426","606244","61315",405,"2026",4,"Spring",2020-04-18,2020-07-02,69.5333333333333,FALSE,"2020",4,"Spring","G-coded","male","5",71.5,">60",FALSE,FALSE,FALSE,FALSE,FALSE,FALSE,FALSE,FALSE,FALSE,FALSE,1,1,"singleton",0,0,0,0,0,0,0,0,0,0,0,4,"Reference range"
"201125",40.24,2,2023-07-15,"854773威吉吉",52.1,"G9174",NA,NA,8092,"2023",7,"Summer",2020-03-15,2023-03-02,4.41935483870968,TRUE,"2020",3,"Spring","G-coded","male","2",40.24,"31-42",FALSE,FALSE,FALSE,FALSE,FALSE,FALSE,FALSE,FALSE,FALSE,FALSE,1,1,"singleton",0,0,0,0,0,0,0,0,0,0,0,7,"Reference range"
"234058",26.5,1,2025-03-26,"22220783",46.8,"G52471","854282维利纳诺","70420",3429,"2025",3,"Spring",2023-01-26,2024-05-02,10.7741935483871,TRUE,"2023",1,"Winter","G-coded","male","1",26.5,"<=30",FALSE,FALSE,FALSE,FALSE,FALSE,FALSE,FALSE,FALSE,FALSE,FALSE,1,1,"singleton",0,0,0,0,0,0,0,0,0,0,0,3,"Reference range"
"62183",110.03,6,2025-04-16,"427133",42.3,"G52569",NA,NA,3243,"2025",4,"Spring",2016-02-16,2017-05-02,95.4666666666667,FALSE,"2016",2,"Winter","G-coded","male","6",110.03,">60",FALSE,FALSE,FALSE,FALSE,FALSE,FALSE,FALSE,FALSE,FALSE,FALSE,1,1,"singleton",0,0,0,0,0,0,0,0,0,0,0,4,"Reference range"
"62091",122.12,8,2026-03-09,"65123650",51.5,"G62236",NA,NA,784,"2026",3,"Spring",2016-01-09,2016-05-02,118.225806451613,FALSE,"2016",1,"Winter","G-coded","male",">=7",122.12,">60",FALSE,FALSE,FALSE,FALSE,FALSE,FALSE,FALSE,FALSE,FALSE,FALSE,1,1,"singleton",0,0,0,0,0,0,0,0,0,0,0,3,"Reference range"
"00542",59.14,4,2024-04-10,"FR3917468802",50.8,"G40616","606192","150144",5901,"2024",4,"Spring",2019-05-10,2021-08-02,32.2666666666667,FALSE,"2019",5,"Spring","G-coded","male","4",59.14,"43-60",FALSE,FALSE,FALSE,FALSE,FALSE,FALSE,FALSE,FALSE,FALSE,FALSE,1,1,"singleton",0,0,0,0,0,0,0,0,0,0,0,4,"Reference range"
"01479",47.8,1,2023-10-12,"854282维利纳诺",45.3,"G9630",NA,NA,7533,"2023",10,"Autumn",2019-10-12,2022-07-02,15.3225806451613,FALSE,"2019",10,"Autumn","G-coded","male","1",47.8,"43-60",FALSE,FALSE,FALSE,FALSE,FALSE,FALSE,FALSE,FALSE,FALSE,FALSE,1,1,"singleton",0,0,0,0,0,0,0,0,0,0,0,10,"Reference range"
"20048",57.13,4,2024-03-28,"862025瓦特罗",52.3,"G40570",NA,NA,5985,"2024",3,"Spring",2019-06-28,2021-10-02,29.8387096774194,FALSE,"2019",6,"Summer","G-coded","male","4",57.13,"43-60",FALSE,FALSE,FALSE,FALSE,FALSE,FALSE,FALSE,FALSE,FALSE,FALSE,1,1,"singleton",0,0,0,0,0,0,0,0,0,0,0,3,"Reference range"
"01151",57.5,3,2024-07-23,"171206",54.2,"G40980","186756","61891",5318,"2024",7,"Summer",2019-09-23,2021-09-02,34.6774193548387,FALSE,"2019",9,"Autumn","G-coded","male","3",57.5,"43-60",FALSE,FALSE,FALSE,FALSE,FALSE,FALSE,FALSE,FALSE,FALSE,FALSE,1,1,"singleton",0,0,0,0,0,1,0,1,0,0,0,7,"Reference range"
"800133L",58.22,3,2024-02-08,"862025瓦特罗",47.8,"G40223",NA,NA,6569,"2024",2,"Winter",2019-04-08,2021-09-02,29.2068965517241,FALSE,"2019",4,"Spring","G-coded","male","3",58.22,"43-60",FALSE,FALSE,FALSE,FALSE,FALSE,FALSE,FALSE,FALSE,FALSE,FALSE,1,1,"singleton",0,0,0,0,0,0,0,0,0,0,0,2,"Reference range"
"213168",28.24,1,2024-02-14,"862025瓦特罗",46.7,"G40277",NA,NA,6489,"2024",2,"Winter",2021-10-14,2024-03-02,-0.586206896551724,TRUE,"2021",10,"Autumn","G-coded","male","1",28.24,"<=30",FALSE,FALSE,FALSE,FALSE,FALSE,FALSE,FALSE,FALSE,FALSE,FALSE,1,1,"singleton",0,0,0,0,0,0,0,0,0,0,0,2,"Reference range"
"202429",33.1,1,2023-08-08,"854773威吉吉",50.3,"G9315","163940","X153",7936,"2023",8,"Summer",2020-11-08,2023-10-02,-1.80645161290323,TRUE,"2020",11,"Autumn","G-coded","male","1",33.1,"31-42",FALSE,FALSE,FALSE,FALSE,FALSE,FALSE,FALSE,FALSE,FALSE,FALSE,1,1,"singleton",0,0,0,0,0,0,0,0,0,0,0,8,"Reference range"
"224709",24.13,1,2024-04-28,"22220785",41.6,"G40672","180781","62370",5780,"2024",4,"Spring",2022-04-28,2024-07-02,-2.13333333333333,TRUE,"2022",4,"Spring","G-coded","male","1",24.13,"<=30",FALSE,FALSE,FALSE,FALSE,FALSE,FALSE,FALSE,FALSE,FALSE,FALSE,1,1,"singleton",0,0,0,0,0,0,0,0,0,0,0,4,"Reference range"
"201208",38.36,2,2023-05-04,"871041文尼哥",45.7,"G8808",NA,NA,8489,"2023",5,"Spring",2020-03-04,2023-05-02,0.0645161290322581,TRUE,"2020",3,"Spring","G-coded","male","2",38.36,"31-42",FALSE,FALSE,FALSE,FALSE,FALSE,FALSE,FALSE,FALSE,FALSE,FALSE,1,1,"singleton",0,0,0,0,0,0,0,0,0,0,0,5,"Reference range"
"H01036",39.68,2,2023-10-03,"854282维利纳诺",42.4,"G9597","865530","60494",7586,"2023",10,"Autumn",2020-06-03,2023-03-02,7.03225806451613,TRUE,"2020",6,"Summer","G-coded","male","2",39.68,"31-42",FALSE,FALSE,FALSE,FALSE,FALSE,FALSE,FALSE,FALSE,FALSE,FALSE,1,1,"singleton",0,0,0,0,0,0,0,0,0,0,0,10,"Reference range"
"60444",90.76,5,2024-03-25,"862025瓦特罗",44.5,"G40546",NA,NA,6024,"2024",3,"Spring",2016-08-25,2018-12-02,63.741935483871,FALSE,"2016",8,"Summer","G-coded","male","5",90.76,">60",FALSE,FALSE,FALSE,FALSE,FALSE,FALSE,FALSE,FALSE,FALSE,FALSE,1,1,"singleton",0,0,0,0,0,0,0,0,0,0,0,3,"Reference range"
"201107",44.35,2,2023-10-06,"854282维利纳诺",37.8,"G9609",NA,NA,7566,"2023",10,"Autumn",2020-02-06,2022-11-02,11.1290322580645,TRUE,"2020",2,"Winter","G-coded","male","2",44.35,"43-60",FALSE,FALSE,FALSE,FALSE,FALSE,FALSE,FALSE,FALSE,FALSE,FALSE,1,1,"singleton",0,0,0,0,1,0,0,0,0,0,0,10,"Reference range"
"201837",45.56,3,2024-04-16,"FR3917468802",39.8,"G40635","15217112","Z70372",5860,"2024",4,"Spring",2020-06-16,2022-09-02,19.4666666666667,FALSE,"2020",6,"Summer","G-coded","male","3",45.56,"43-60",FALSE,FALSE,FALSE,FALSE,FALSE,FALSE,FALSE,FALSE,FALSE,FALSE,1,1,"singleton",0,0,0,0,0,0,0,0,0,0,0,4,"Reference range"
"235870",27.51,1,2026-03-29,"41422157",46.3,"G62347",NA,NA,576,"2026",3,"Spring",2023-11-29,2024-03-02,24.8709677419355,FALSE,"2023",11,"Autumn","G-coded","male","1",27.51,"<=30",FALSE,FALSE,FALSE,FALSE,FALSE,FALSE,FALSE,FALSE,FALSE,FALSE,1,1,"singleton",0,0,0,0,0,0,0,0,0,0,0,3,"Reference range"
"234967",24.65,1,2025-07-18,"863302",40,"G52939","854773威吉吉","00264",2515,"2025",7,"Summer",2023-06-18,2024-06-02,13.5161290322581,TRUE,"2023",6,"Summer","G-coded","male","1",24.65,"<=30",FALSE,FALSE,FALSE,FALSE,FALSE,FALSE,FALSE,FALSE,FALSE,FALSE,1,1,"singleton",0,0,0,0,0,0,0,0,0,0,0,7,"Reference range"
"70657",70.35,4,2023-09-16,"854282维利纳诺",48.5,"G9516",NA,NA,7684,"2023",9,"Autumn",2017-11-16,2020-09-02,36.4666666666667,FALSE,"2017",11,"Autumn","G-coded","male","4",70.35,">60",FALSE,FALSE,FALSE,FALSE,FALSE,FALSE,FALSE,FALSE,FALSE,FALSE,1,1,"singleton",0,0,0,0,0,0,0,0,0,0,0,9,"Reference range"
"213057",46.29,2,2025-04-28,"22218621",42,"G52629","7029225762","61041",3120,"2025",4,"Spring",2021-06-28,2022-09-02,31.8666666666667,FALSE,"2021",6,"Summer","G-coded","male","2",46.29,"43-60",FALSE,FALSE,FALSE,FALSE,FALSE,FALSE,FALSE,FALSE,FALSE,FALSE,1,1,"singleton",0,0,0,0,0,0,0,0,0,0,0,4,"Reference range"
"00184",47.07,3,2023-01-19,"854282维利纳诺",46.5,"G8104",NA,NA,9363,"2023",1,"Winter",2019-02-19,2022-08-02,5.54838709677419,TRUE,"2019",2,"Winter","G-coded","male","3",47.07,"43-60",FALSE,FALSE,FALSE,FALSE,FALSE,FALSE,FALSE,FALSE,FALSE,FALSE,1,1,"singleton",0,0,0,0,0,0,0,0,0,0,0,1,"Reference range"
"01126",42.08,2,2023-04-07,"871041文尼哥",53.2,"G8672",NA,NA,8679,"2023",4,"Spring",2019-10-07,2023-01-02,3.16666666666667,TRUE,"2019",10,"Autumn","G-coded","male","2",42.08,"43-60",FALSE,FALSE,FALSE,FALSE,FALSE,FALSE,FALSE,FALSE,FALSE,FALSE,1,1,"singleton",0,0,0,0,0,1,0,1,0,0,0,4,"Reference range"
"800948",87.97,6,2026-03-27,"21219011",44.5,"G62337",NA,NA,597,"2026",3,"Spring",2018-11-27,2019-03-02,84.8064516129032,FALSE,"2018",11,"Autumn","G-coded","male","6",87.97,">60",FALSE,FALSE,FALSE,FALSE,FALSE,FALSE,FALSE,FALSE,FALSE,FALSE,1,1,"singleton",0,0,0,0,0,0,0,0,0,0,0,3,"Reference range"
"201543",62.95,4,2025-07-19,"41421178",51.2,"G52946",NA,NA,2511,"2025",7,"Summer",2020-04-19,2021-04-02,51.5483870967742,FALSE,"2020",4,"Spring","G-coded","male","4",62.95,">60",FALSE,FALSE,FALSE,FALSE,FALSE,FALSE,FALSE,FALSE,FALSE,FALSE,1,1,"singleton",0,0,0,0,0,0,0,0,0,0,0,7,"Reference range"
"61546",121.07,8,2026-03-10,"65123650",51.3,"G62241",NA,NA,773,"2026",3,"Spring",2016-02-10,2016-06-02,117.258064516129,FALSE,"2016",2,"Winter","G-coded","male",">=7",121.07,">60",FALSE,FALSE,FALSE,FALSE,FALSE,FALSE,FALSE,FALSE,FALSE,FALSE,1,1,"singleton",0,0,0,0,0,0,0,0,0,0,0,3,"Reference range"
"62153",83.37,5,2023-01-25,"7029225762",47.2,"G8131",NA,NA,9326,"2023",1,"Winter",2016-02-25,2019-08-02,41.741935483871,FALSE,"2016",2,"Winter","G-coded","male","5",83.37,">60",FALSE,FALSE,FALSE,FALSE,FALSE,FALSE,FALSE,FALSE,FALSE,FALSE,1,1,"singleton",0,0,0,0,0,0,0,0,0,0,0,1,"Reference range"
"234474",24.29,1,2025-04-01,"22220783",49,"G52498","871041文尼哥","00361",3372,"2025",4,"Spring",2023-04-01,2024-07-02,8.96774193548387,TRUE,"2023",4,"Spring","G-coded","male","1",24.29,"<=30",FALSE,FALSE,FALSE,FALSE,FALSE,FALSE,FALSE,FALSE,FALSE,FALSE,1,1,"singleton",0,0,0,0,0,0,0,0,0,0,0,4,"Reference range"
"61197",99.54,5,2024-05-29,"22220785",52.4,"G40775",NA,NA,5576,"2024",5,"Spring",2016-01-29,2018-03-02,74.8709677419355,FALSE,"2016",1,"Winter","G-coded","male","5",99.54,">60",FALSE,FALSE,FALSE,FALSE,FALSE,FALSE,FALSE,FALSE,FALSE,FALSE,1,1,"singleton",0,0,0,0,0,0,0,0,0,0,0,5,"Reference range"
"213361",72.55,5,2025-05-28,"22218621",49.2,"G52761","167285","62068",2855,"2025",5,"Spring",2019-04-28,2020-06-02,59.8387096774194,FALSE,"2019",4,"Spring","G-coded","male","5",72.55,">60",FALSE,FALSE,FALSE,FALSE,FALSE,FALSE,FALSE,FALSE,FALSE,FALSE,1,1,"singleton",0,0,0,0,0,0,0,0,0,0,0,5,"Reference range"
"234610",22.75,1,2025-03-09,"427151",40.4,"G52374","871041文尼哥","00244",3628,"2025",3,"Spring",2023-04-09,2024-08-02,7.2258064516129,TRUE,"2023",4,"Spring","G-coded","male","1",22.75,"<=30",FALSE,FALSE,FALSE,FALSE,FALSE,FALSE,FALSE,FALSE,FALSE,FALSE,1,1,"singleton",0,0,0,0,0,0,0,0,0,0,0,3,"Reference range"
"800100",59.47,2,2023-02-09,"871041文尼哥",45.6,"G8299",NA,NA,9232,"2023",2,"Winter",2018-03-09,2021-08-02,18.25,FALSE,"2018",3,"Spring","G-coded","male","2",59.47,"43-60",FALSE,FALSE,FALSE,FALSE,FALSE,FALSE,FALSE,FALSE,FALSE,FALSE,1,1,"singleton",0,0,0,0,0,0,0,0,0,0,0,2,"Reference range"
"H224074",39.71,2,2025-05-03,"427133",47.2,"G52656","854062","63014",3073,"2025",5,"Spring",2022-01-03,2023-03-02,26.0322580645161,FALSE,"2022",1,"Winter","G-coded","male","2",39.71,"31-42",FALSE,FALSE,FALSE,FALSE,FALSE,FALSE,FALSE,FALSE,FALSE,FALSE,1,1,"singleton",0,0,0,0,0,0,0,0,0,0,0,5,"Reference range"
"213089",49.61,3,2026-01-12,"41121286",46.3,"G62033",NA,NA,1165,"2026",1,"Winter",2021-11-12,2022-05-02,44.3225806451613,FALSE,"2021",11,"Autumn","G-coded","male","3",49.61,"43-60",FALSE,FALSE,FALSE,FALSE,FALSE,FALSE,FALSE,FALSE,FALSE,FALSE,1,1,"singleton",0,0,0,0,0,0,0,0,0,0,0,1,"Reference range"
"800854",58.65,4,2023-09-28,"7402563907",51.8,"G9568",NA,NA,7620,"2023",9,"Autumn",2018-10-28,2021-08-02,25.8666666666667,FALSE,"2018",10,"Autumn","G-coded","male","4",58.65,"43-60",FALSE,FALSE,FALSE,FALSE,FALSE,FALSE,FALSE,FALSE,FALSE,FALSE,1,1,"singleton",0,0,0,0,0,0,0,0,0,0,0,9,"Reference range"
"62114L",111.83,6,2025-04-25,"22218621",52.3,"G52614",NA,NA,3159,"2025",4,"Spring",2015-12-25,2017-03-02,97.7666666666667,FALSE,"2015",12,"Winter","G-coded","male","6",111.83,">60",FALSE,FALSE,FALSE,FALSE,FALSE,FALSE,FALSE,FALSE,FALSE,FALSE,1,1,"singleton",0,0,0,0,0,0,0,0,0,0,0,4,"Reference range"
"60717",113.18,7,2025-06-16,"22119077",44.2,"G52828",NA,NA,2737,"2025",6,"Summer",2016-01-16,2017-02-02,100.466666666667,FALSE,"2016",1,"Winter","G-coded","male",">=7",113.18,">60",FALSE,FALSE,FALSE,FALSE,FALSE,FALSE,FALSE,FALSE,FALSE,FALSE,1,1,"singleton",0,0,0,0,0,0,0,0,0,0,0,6,"Reference range"
"202588",26.43,1,2023-02-18,"13219061",46.3,"G8344","163940","61606",9153,"2023",2,"Winter",2020-12-18,2024-05-02,-14.4285714285714,TRUE,"2020",12,"Winter","G-coded","male","1",26.43,"<=30",FALSE,FALSE,FALSE,FALSE,FALSE,FALSE,FALSE,FALSE,FALSE,FALSE,1,1,"singleton",0,0,0,0,0,0,0,0,0,0,0,2,"Reference range"
"202348",53.06,3,2026-01-02,"41121286",43.4,"G62004","603268","61692",1209,"2026",1,"Winter",2021-08-02,2022-02-02,47,FALSE,"2021",8,"Summer","G-coded","male","3",53.06,"43-60",FALSE,FALSE,FALSE,FALSE,FALSE,FALSE,FALSE,FALSE,FALSE,FALSE,1,1,"singleton",0,0,0,0,0,0,0,0,0,0,0,1,"Reference range"
"00782",74.69,4,2025-09-04,"22520576",49.8,"G53086",NA,NA,2248,"2025",9,"Autumn",2019-06-04,2020-04-02,65.0666666666667,FALSE,"2019",6,"Summer","G-coded","male","4",74.69,">60",FALSE,FALSE,FALSE,FALSE,FALSE,FALSE,FALSE,FALSE,FALSE,FALSE,1,1,"singleton",0,0,0,0,0,0,0,0,0,0,0,9,"Reference range"
"212452",38.13,2,2024-05-16,"22220785",50.2,"G40735","180781","62730",5654,"2024",5,"Spring",2021-03-16,2023-05-02,12.4516129032258,TRUE,"2021",3,"Spring","G-coded","male","2",38.13,"31-42",FALSE,FALSE,FALSE,FALSE,FALSE,FALSE,FALSE,FALSE,FALSE,FALSE,1,1,"singleton",0,0,0,0,0,0,0,0,0,0,0,5,"Reference range"
"63038",84.94,4,2023-03-16,"871041文尼哥",48.6,"G8518",NA,NA,8905,"2023",3,"Spring",2016-02-16,2019-06-02,45.4516129032258,FALSE,"2016",2,"Winter","G-coded","male","4",84.94,">60",FALSE,FALSE,FALSE,FALSE,FALSE,FALSE,FALSE,FALSE,FALSE,FALSE,1,1,"singleton",0,0,0,0,0,0,0,0,0,0,0,3,"Reference range"
"60147",110.32,5,2025-06-01,"21219011",51.4,"G52776",NA,NA,2824,"2025",6,"Summer",2016-04-01,2017-05-02,96.9677419354839,FALSE,"2016",4,"Spring","G-coded","male","5",110.32,">60",FALSE,FALSE,FALSE,FALSE,FALSE,FALSE,FALSE,FALSE,FALSE,FALSE,1,1,"singleton",0,0,0,0,0,0,0,0,0,0,0,6,"Reference range"
"213719",29.22,1,2024-04-22,"22220785",44.2,"G40659",NA,NA,5812,"2024",4,"Spring",2021-11-22,2024-02-02,2.66666666666667,TRUE,"2021",11,"Autumn","G-coded","male","1",29.22,"<=30",FALSE,FALSE,FALSE,FALSE,FALSE,FALSE,FALSE,FALSE,FALSE,FALSE,1,1,"singleton",0,0,0,0,0,0,0,0,0,0,0,4,"Reference range"
"234934",24.59,1,2025-07-08,"22218621",50.2,"G52906",NA,NA,2572,"2025",7,"Summer",2023-06-08,2024-06-02,13.1935483870968,TRUE,"2023",6,"Summer","G-coded","male","1",24.59,"<=30",FALSE,FALSE,FALSE,FALSE,FALSE,FALSE,FALSE,FALSE,FALSE,FALSE,1,1,"singleton",0,0,0,0,0,0,0,0,0,0,0,7,"Reference range"
"800562",52.63,3,2023-01-02,"606045维泽",46.7,"G8040",NA,NA,9471,"2023",1,"Winter",2018-08-02,2022-02-02,11,TRUE,"2018",8,"Summer","G-coded","male","3",52.63,"43-60",FALSE,FALSE,FALSE,FALSE,FALSE,FALSE,FALSE,FALSE,FALSE,FALSE,1,1,"singleton",0,0,0,0,0,0,0,0,0,0,0,1,"Reference range"
"800244",58.88,4,2023-03-12,"7029225762",46.3,"G8492",NA,NA,8945,"2023",3,"Spring",2018-04-12,2021-08-02,19.3225806451613,FALSE,"2018",4,"Spring","G-coded","male","4",58.88,"43-60",FALSE,FALSE,FALSE,FALSE,FALSE,FALSE,FALSE,FALSE,FALSE,FALSE,1,1,"singleton",0,0,0,0,0,0,0,0,0,0,0,3,"Reference range"
"800203",86.19,5,2025-06-08,"427133",46.6,"G52805","160854","140422",2785,"2025",6,"Summer",2018-04-08,2019-05-02,73.2,FALSE,"2018",4,"Spring","G-coded","male","5",86.19,">60",FALSE,FALSE,FALSE,FALSE,FALSE,FALSE,FALSE,FALSE,FALSE,FALSE,1,1,"singleton",0,0,0,0,0,0,0,0,0,0,0,6,"Reference range"
"201079",50.03,3,2024-03-20,"862025瓦特罗",49.5,"G40527",NA,NA,6062,"2024",3,"Spring",2020-01-20,2022-05-02,22.5806451612903,FALSE,"2020",1,"Winter","G-coded","male","3",50.03,"43-60",FALSE,FALSE,FALSE,FALSE,FALSE,FALSE,FALSE,FALSE,FALSE,FALSE,1,1,"singleton",0,0,0,0,0,0,0,0,0,0,0,3,"Reference range"
"201022",35.24,2,2023-09-05,"871041文尼哥",53.8,"G9472","41116220","60501",7748,"2023",9,"Autumn",2020-10-05,2023-08-02,1.1,TRUE,"2020",10,"Autumn","G-coded","male","2",35.24,"31-42",FALSE,FALSE,FALSE,FALSE,FALSE,FALSE,FALSE,FALSE,FALSE,FALSE,1,1,"singleton",0,0,0,0,0,1,0,1,0,0,0,9,"Reference range"
"224141",49.87,3,2026-03-19,"41121286",48.3,"G62263","871041","Z62473",692,"2026",3,"Spring",2022-01-19,2022-05-02,46.5483870967742,FALSE,"2022",1,"Winter","G-coded","male","3",49.87,"43-60",FALSE,FALSE,FALSE,FALSE,FALSE,FALSE,FALSE,FALSE,FALSE,FALSE,1,1,"singleton",0,0,0,0,0,0,0,0,0,0,0,3,"Reference range"
"224039",50.79,3,2026-03-26,"41121296",51.4,"G62324","854062","61235",613,"2026",3,"Spring",2021-12-26,2022-04-02,47.7741935483871,FALSE,"2021",12,"Winter","G-coded","male","3",50.79,"43-60",FALSE,FALSE,FALSE,FALSE,FALSE,FALSE,FALSE,FALSE,FALSE,FALSE,1,1,"singleton",0,0,0,0,0,0,0,0,0,0,0,3,"Reference range"
"62417",116.73,7,2025-11-10,"21219011",38.2,"G53372",NA,NA,1696,"2025",11,"Autumn",2016-02-10,2016-10-02,109.266666666667,FALSE,"2016",2,"Winter","G-coded","male",">=7",116.73,">60",FALSE,FALSE,FALSE,FALSE,FALSE,FALSE,FALSE,FALSE,FALSE,FALSE,1,1,"singleton",0,0,0,0,1,0,0,0,0,0,0,11,"Reference range"
"234473",27.05,1,2025-06-24,"22218621",51,"G52854","21219022","RH203004",2679,"2025",6,"Summer",2023-03-24,2024-04-02,14.7333333333333,TRUE,"2023",3,"Spring","G-coded","male","1",27.05,"<=30",FALSE,FALSE,FALSE,FALSE,FALSE,FALSE,FALSE,FALSE,FALSE,FALSE,1,1,"singleton",0,0,0,0,0,0,0,0,0,0,0,6,"Reference range"
"62156",83.76,5,2023-02-09,"871041文尼哥",46.1,"G8295",NA,NA,9227,"2023",2,"Winter",2016-02-09,2019-07-02,43.25,FALSE,"2016",2,"Winter","G-coded","male","5",83.76,">60",FALSE,FALSE,FALSE,FALSE,FALSE,FALSE,FALSE,FALSE,FALSE,FALSE,1,1,"singleton",0,0,0,0,0,0,0,0,0,0,0,2,"Reference range"
"70304",105.88,8,2026-02-23,"65123650",49.2,"G62166",NA,NA,912,"2026",2,"Winter",2017-04-23,2017-09-02,101.75,FALSE,"2017",4,"Spring","G-coded","male",">=7",105.88,">60",FALSE,FALSE,FALSE,FALSE,FALSE,FALSE,FALSE,FALSE,FALSE,FALSE,1,1,"singleton",0,0,0,0,0,0,0,0,0,0,0,2,"Reference range"
"213820",50.95,3,2026-03-02,"41222015",49.6,"G62385","854282","62273",857,"2026",3,"Spring",2021-12-02,2022-04-02,47,FALSE,"2021",12,"Winter","G-coded","male","3",50.95,"43-60",FALSE,FALSE,FALSE,FALSE,FALSE,FALSE,FALSE,FALSE,FALSE,FALSE,1,1,"singleton",0,0,0,0,0,0,0,0,0,0,0,3,"Reference range"
"235588",24.75,1,2025-11-19,"21219011",40.4,"G53423","854282维利纳诺","213656",1595,"2025",11,"Autumn",2023-10-19,2024-06-02,17.5666666666667,FALSE,"2023",10,"Autumn","G-coded","male","1",24.75,"<=30",FALSE,FALSE,FALSE,FALSE,FALSE,FALSE,FALSE,FALSE,FALSE,FALSE,1,1,"singleton",0,0,0,0,0,0,0,0,0,0,0,11,"Reference range"
"65054",91.58,4,2023-11-28,"854400西部公园",54.3,"G9891",NA,NA,7269,"2023",11,"Autumn",2016-03-28,2018-11-02,60.8666666666667,FALSE,"2016",3,"Spring","G-coded","male","4",91.58,">60",FALSE,FALSE,FALSE,FALSE,FALSE,FALSE,FALSE,FALSE,FALSE,FALSE,1,1,"singleton",0,0,0,0,0,1,0,1,0,0,0,11,"Reference range"
"800046",85.9,6,2025-03-12,"427151",49.7,"G52386","160885","40340",3586,"2025",3,"Spring",2018-01-12,2019-05-02,70.3225806451613,FALSE,"2018",1,"Winter","G-coded","male","6",85.9,">60",FALSE,FALSE,FALSE,FALSE,FALSE,FALSE,FALSE,FALSE,FALSE,FALSE,1,1,"singleton",0,0,0,0,0,0,0,0,0,0,0,3,"Reference range"
"212467",47.7,3,2025-03-06,"22218621",51.6,"G52362","606318","61619",3652,"2025",3,"Spring",2021-03-06,2022-07-02,32.1290322580645,FALSE,"2021",3,"Spring","G-coded","male","3",47.7,"43-60",FALSE,FALSE,FALSE,FALSE,FALSE,FALSE,FALSE,FALSE,FALSE,FALSE,1,1,"singleton",0,0,0,0,0,0,0,0,0,0,0,3,"Reference range"
"H00170",79.59,6,2025-09-10,"14121448",46.4,"G53103",NA,NA,2220,"2025",9,"Autumn",2019-01-10,2019-11-02,70.2666666666667,FALSE,"2019",1,"Winter","G-coded","male","6",79.59,">60",FALSE,FALSE,FALSE,FALSE,FALSE,FALSE,FALSE,FALSE,FALSE,FALSE,1,1,"singleton",0,0,0,0,0,0,0,0,0,0,0,9,"Reference range"
"212930",58.28,4,2026-03-29,"21219011",45.8,"G62346","186967","00288",577,"2026",3,"Spring",2021-05-29,2021-09-02,54.8709677419355,FALSE,"2021",5,"Spring","G-coded","male","4",58.28,"43-60",FALSE,FALSE,FALSE,FALSE,FALSE,FALSE,FALSE,FALSE,FALSE,FALSE,1,1,"singleton",0,0,0,0,0,0,0,0,0,0,0,3,"Reference range"
"62733",101.18,7,2024-07-22,"171206",44.7,"G40935",NA,NA,5324,"2024",7,"Summer",2016-02-22,2018-02-02,77.6451612903226,FALSE,"2016",2,"Winter","G-coded","male",">=7",101.18,">60",FALSE,FALSE,FALSE,FALSE,FALSE,FALSE,FALSE,FALSE,FALSE,FALSE,1,1,"singleton",0,0,0,0,0,0,0,0,0,0,0,7,"Reference range"
"01274",64,4,2025-03-13,"874165",38.8,"G52392","865530","60383",3582,"2025",3,"Spring",2019-11-13,2021-03-02,48.3548387096774,FALSE,"2019",11,"Autumn","G-coded","male","4",64,">60",FALSE,FALSE,FALSE,FALSE,FALSE,FALSE,FALSE,FALSE,FALSE,FALSE,1,1,"singleton",0,0,0,0,1,0,0,0,0,0,0,3,"Reference range"
"202485",26.23,1,2023-01-22,"871041文尼哥",46.1,"G8120","7402563907","H50586",9342,"2023",1,"Winter",2020-11-22,2024-05-02,-15.3548387096774,TRUE,"2020",11,"Autumn","G-coded","male","1",26.23,"<=30",FALSE,FALSE,FALSE,FALSE,FALSE,FALSE,FALSE,FALSE,FALSE,FALSE,1,1,"singleton",0,0,0,0,0,0,0,0,0,0,0,1,"Reference range"
"202523L",53.25,2,2025-04-30,"22218621",44.4,"G52643",NA,NA,3095,"2025",4,"Spring",2020-11-30,2022-02-02,38.9333333333333,FALSE,"2020",11,"Autumn","G-coded","male","2",53.25,"43-60",FALSE,FALSE,FALSE,FALSE,FALSE,FALSE,FALSE,FALSE,FALSE,FALSE,1,1,"singleton",0,0,0,0,0,0,0,0,0,0,0,4,"Reference range"
"800079",59.8,4,2023-02-11,"871041文尼哥",48.2,"G8308",NA,NA,9214,"2023",2,"Winter",2018-02-11,2021-07-02,19.3214285714286,FALSE,"2018",2,"Winter","G-coded","male","4",59.8,"43-60",FALSE,FALSE,FALSE,FALSE,FALSE,FALSE,FALSE,FALSE,FALSE,FALSE,1,1,"singleton",0,0,0,0,0,0,0,0,0,0,0,2,"Reference range"
"202409",28.07,1,2023-03-05,"22217315",46.3,"G8438","163940","HHH800732",9016,"2023",3,"Spring",2020-11-05,2024-03-02,-11.9032258064516,TRUE,"2020",11,"Autumn","G-coded","male","1",28.07,"<=30",FALSE,FALSE,FALSE,FALSE,FALSE,FALSE,FALSE,FALSE,FALSE,FALSE,1,1,"singleton",0,0,0,0,0,0,0,0,0,0,0,3,"Reference range"
"201056",54.14,3,2024-07-17,"171206",43,"G40917","606192","128",5349,"2024",7,"Summer",2020-01-17,2022-01-02,30.4838709677419,FALSE,"2020",1,"Winter","G-coded","male","3",54.14,"43-60",FALSE,FALSE,FALSE,FALSE,FALSE,FALSE,FALSE,FALSE,FALSE,FALSE,1,1,"singleton",0,0,0,0,0,0,0,0,0,0,0,7,"Reference range"
"L213805",25.74,1,2024-01-22,"865530狼血",50.4,"G40114",NA,NA,6769,"2024",1,"Winter",2021-11-22,2024-05-02,-3.35483870967742,TRUE,"2021",11,"Autumn","G-coded","male","1",25.74,"<=30",FALSE,FALSE,FALSE,FALSE,FALSE,FALSE,FALSE,FALSE,FALSE,FALSE,1,1,"singleton",0,0,0,0,0,0,0,0,0,0,0,1,"Reference range"
"61941",99.7,6,2024-04-24,"22220785",44.8,"G40663",NA,NA,5801,"2024",4,"Spring",2015-12-24,2018-03-02,73.7333333333333,FALSE,"2015",12,"Winter","G-coded","male","6",99.7,">60",FALSE,FALSE,FALSE,FALSE,FALSE,FALSE,FALSE,FALSE,FALSE,FALSE,1,1,"singleton",0,0,0,0,0,0,0,0,0,0,0,4,"Reference range"
"213473",26.69,1,2023-12-19,"854773威吉吉",38.7,"G10033","180781","61211",7092,"2023",12,"Winter",2021-09-19,2024-04-02,-3.45161290322581,TRUE,"2021",9,"Autumn","G-coded","male","1",26.69,"<=30",FALSE,FALSE,FALSE,FALSE,FALSE,FALSE,FALSE,FALSE,FALSE,FALSE,1,1,"singleton",0,0,0,0,1,0,0,0,0,0,0,12,"Reference range"
"201787",45.07,3,2024-03-17,"862025瓦特罗",47.4,"G40510","22217027","800190",6086,"2024",3,"Spring",2020-06-17,2022-10-02,17.4838709677419,FALSE,"2020",6,"Summer","G-coded","male","3",45.07,"43-60",FALSE,FALSE,FALSE,FALSE,FALSE,FALSE,FALSE,FALSE,FALSE,FALSE,1,1,"singleton",0,0,0,0,0,0,0,0,0,0,0,3,"Reference range"
"61026",118.51,7,2025-11-21,"21219011",42.4,"G53443",NA,NA,1568,"2025",11,"Autumn",2015-12-21,2016-08-02,111.633333333333,FALSE,"2015",12,"Winter","G-coded","male",">=7",118.51,">60",FALSE,FALSE,FALSE,FALSE,FALSE,FALSE,FALSE,FALSE,FALSE,FALSE,1,1,"singleton",0,0,0,0,0,0,0,0,0,0,0,11,"Reference range"
"235480",24.85,1,2025-10-27,"41121286",51.7,"G53306","854282维利纳诺","212095",1818,"2025",10,"Autumn",2023-09-27,2024-06-02,16.8064516129032,FALSE,"2023",9,"Autumn","G-coded","male","1",24.85,"<=30",FALSE,FALSE,FALSE,FALSE,FALSE,FALSE,FALSE,FALSE,FALSE,FALSE,1,1,"singleton",0,0,0,0,0,0,0,0,0,0,0,10,"Reference range"
"800045",62.62,4,2023-04-03,"7402563907",48.2,"G8646",NA,NA,8733,"2023",4,"Spring",2018-01-03,2021-04-02,24.0333333333333,FALSE,"2018",1,"Winter","G-coded","male","4",62.62,">60",FALSE,FALSE,FALSE,FALSE,FALSE,FALSE,FALSE,FALSE,FALSE,FALSE,1,1,"singleton",0,0,0,0,0,0,0,0,0,0,0,4,"Reference range"
"240304",25.81,1,2026-04-09,"41422157",42.2,"G62397","FR3917468802","61364",461,"2026",4,"Spring",2024-02-09,2024-05-02,23.2333333333333,FALSE,"2024",2,"Winter","G-coded","male","1",25.81,"<=30",FALSE,FALSE,FALSE,FALSE,FALSE,FALSE,FALSE,FALSE,FALSE,FALSE,1,1,"singleton",0,0,0,0,0,0,0,0,0,0,0,4,"Reference range"
"800863",62.16,4,2024-01-14,"865530狼血",50.1,"G40077","171350","60811",6831,"2024",1,"Winter",2018-11-14,2021-05-02,32.3870967741936,FALSE,"2018",11,"Autumn","G-coded","male","4",62.16,">60",FALSE,FALSE,FALSE,FALSE,FALSE,FALSE,FALSE,FALSE,FALSE,FALSE,1,1,"singleton",0,0,0,0,0,0,0,0,0,0,0,1,"Reference range"
"201604",38.79,2,2023-07-26,"854773威吉吉",49.1,"G9251",NA,NA,8007,"2023",7,"Summer",2020-04-26,2023-04-02,3.7741935483871,TRUE,"2020",4,"Spring","G-coded","male","2",38.79,"31-42",FALSE,FALSE,FALSE,FALSE,FALSE,FALSE,FALSE,FALSE,FALSE,FALSE,1,1,"singleton",0,0,0,0,0,0,0,0,0,0,0,7,"Reference range"
"61026",85.47,5,2023-02-20,"854773威吉吉",39.1,"G8357",NA,NA,9127,"2023",2,"Winter",2016-01-20,2019-06-02,44.6428571428571,FALSE,"2016",1,"Winter","G-coded","male","5",85.47,">60",FALSE,FALSE,FALSE,FALSE,FALSE,FALSE,FALSE,FALSE,FALSE,FALSE,1,1,"singleton",0,0,0,0,1,0,0,0,0,0,0,2,"Reference range"
"70138",69.95,5,2023-01-01,"854282维利纳诺",48,"G8031","426864","10334",9473,"2023",1,"Winter",2017-03-01,2020-09-02,27.9677419354839,FALSE,"2017",3,"Spring","G-coded","male","5",69.95,">60",FALSE,FALSE,FALSE,FALSE,FALSE,FALSE,FALSE,FALSE,FALSE,FALSE,1,1,"singleton",0,0,0,0,0,0,0,0,0,0,0,1,"Reference range"
"00103",50.66,3,2023-01-09,"854282维利纳诺",41.2,"G8069",NA,NA,9417,"2023",1,"Winter",2018-10-09,2022-04-02,9.2258064516129,TRUE,"2018",10,"Autumn","G-coded","male","3",50.66,"43-60",FALSE,FALSE,FALSE,FALSE,FALSE,FALSE,FALSE,FALSE,FALSE,FALSE,1,1,"singleton",0,0,0,0,0,0,0,0,0,0,0,1,"Reference range"
"61832",117.69,8,2025-10-29,"21219011",47.3,"G53323",NA,NA,1797,"2025",10,"Autumn",2015-12-29,2016-09-02,109.870967741935,FALSE,"2015",12,"Winter","G-coded","male",">=7",117.69,">60",FALSE,FALSE,FALSE,FALSE,FALSE,FALSE,FALSE,FALSE,FALSE,FALSE,1,1,"singleton",0,0,0,0,0,0,0,0,0,0,0,10,"Reference range"
"00826",59.14,3,2024-05-29,"22220785",44.2,"G40779",NA,NA,5574,"2024",5,"Spring",2019-06-29,2021-08-02,33.8709677419355,FALSE,"2019",6,"Summer","G-coded","male","3",59.14,"43-60",FALSE,FALSE,FALSE,FALSE,FALSE,FALSE,FALSE,FALSE,FALSE,FALSE,1,1,"singleton",0,0,0,0,0,0,0,0,0,0,0,5,"Reference range"
"212004",26.46,1,2023-03-17,"15618205",49.2,"G8523","180600","62362",8890,"2023",3,"Spring",2021-01-17,2024-05-02,-13.5161290322581,TRUE,"2021",1,"Winter","G-coded","male","1",26.46,"<=30",FALSE,FALSE,FALSE,FALSE,FALSE,FALSE,FALSE,FALSE,FALSE,FALSE,1,1,"singleton",0,0,0,0,0,0,0,0,0,0,0,3,"Reference range"
"201790",60.22,3,2025-06-21,"22218621",44.5,"G52844",NA,NA,2699,"2025",6,"Summer",2020-06-21,2021-07-02,47.6333333333333,FALSE,"2020",6,"Summer","G-coded","male","3",60.22,">60",FALSE,FALSE,FALSE,FALSE,FALSE,FALSE,FALSE,FALSE,FALSE,FALSE,1,1,"singleton",0,0,0,0,0,0,0,0,0,0,0,6,"Reference range"
"202597",26.56,1,2023-02-23,"22218105",46.1,"G8377","180600","800684",9104,"2023",2,"Winter",2020-11-23,2024-04-02,-13.25,TRUE,"2020",11,"Autumn","G-coded","male","1",26.56,"<=30",FALSE,FALSE,FALSE,FALSE,FALSE,FALSE,FALSE,FALSE,FALSE,FALSE,1,1,"singleton",0,0,0,0,0,0,0,0,0,0,0,2,"Reference range"
"202317",65.22,4,2024-02-27,"862025瓦特罗",50.3,"G40386","171350","60752",6303,"2024",2,"Winter",2018-09-27,2021-02-02,36.8620689655172,FALSE,"2018",9,"Autumn","G-coded","male","4",65.22,">60",FALSE,FALSE,FALSE,FALSE,FALSE,FALSE,FALSE,FALSE,FALSE,FALSE,1,1,"singleton",0,0,0,0,0,0,0,0,0,0,0,2,"Reference range"
"212218",25.9,1,2023-03-26,"65118599",38.6,"G8594","180781","800792",8794,"2023",3,"Spring",2021-01-26,2024-05-02,-13.2258064516129,TRUE,"2021",1,"Winter","G-coded","male","1",25.9,"<=30",FALSE,FALSE,FALSE,FALSE,FALSE,FALSE,FALSE,FALSE,FALSE,FALSE,1,1,"singleton",0,0,0,0,1,0,0,0,0,0,0,3,"Reference range"
"63034",91.29,5,2023-09-21,"865530狼血",42.6,"G9536",NA,NA,7659,"2023",9,"Autumn",2016-02-21,2018-12-02,57.6333333333333,FALSE,"2016",2,"Winter","G-coded","male","5",91.29,">60",FALSE,FALSE,FALSE,FALSE,FALSE,FALSE,FALSE,FALSE,FALSE,FALSE,1,1,"singleton",0,0,0,0,0,0,0,0,0,0,0,9,"Reference range"
"60983",100.49,6,2024-06-08,"22220785",50.6,"G9704",NA,NA,5492,"2024",6,"Summer",2016-02-08,2018-03-02,75.2,FALSE,"2016",2,"Winter","G-coded","male","6",100.49,">60",FALSE,FALSE,FALSE,FALSE,FALSE,FALSE,FALSE,FALSE,FALSE,FALSE,1,1,"singleton",0,0,0,0,0,0,0,0,0,0,0,6,"Reference range"
"201578",46.06,3,2024-02-27,"862025瓦特罗",49,"G40388","606244","62156",6298,"2024",2,"Winter",2020-04-27,2022-09-02,17.8620689655172,FALSE,"2020",4,"Spring","G-coded","male","3",46.06,"43-60",FALSE,FALSE,FALSE,FALSE,FALSE,FALSE,FALSE,FALSE,FALSE,FALSE,1,1,"singleton",0,0,0,0,0,0,0,0,0,0,0,2,"Reference range"
"234997",35.54,1,2026-06-21,"41121286",49.2,"G62608","854773威吉吉","212648",5,"2026",6,"Summer",2023-06-21,2023-07-02,35.6333333333333,FALSE,"2023",6,"Summer","G-coded","male","1",35.54,"31-42",FALSE,FALSE,FALSE,FALSE,FALSE,FALSE,FALSE,FALSE,FALSE,FALSE,1,1,"singleton",0,0,0,0,0,0,0,0,0,0,0,6,"Reference range"
"202650",36.06,2,2023-12-17,"865530狼血",45.4,"G10021","180600","00157",7115,"2023",12,"Winter",2020-12-17,2023-07-02,5.48387096774194,TRUE,"2020",12,"Winter","G-coded","male","2",36.06,"31-42",FALSE,FALSE,FALSE,FALSE,FALSE,FALSE,FALSE,FALSE,FALSE,FALSE,1,1,"singleton",0,0,0,0,0,0,0,0,0,0,0,12,"Reference range"
"62104",86.49,5,2023-04-03,"7402563907",45.6,"G8639",NA,NA,8731,"2023",4,"Spring",2016-02-03,2019-05-02,47.0333333333333,FALSE,"2016",2,"Winter","G-coded","male","5",86.49,">60",FALSE,FALSE,FALSE,FALSE,FALSE,FALSE,FALSE,FALSE,FALSE,FALSE,1,1,"singleton",0,0,0,0,0,0,0,0,0,0,0,4,"Reference range"
"801133",72.88,5,2024-07-26,"22220785",50.4,"G40956",NA,NA,5276,"2024",7,"Summer",2018-06-26,2020-06-02,49.7741935483871,FALSE,"2018",6,"Summer","G-coded","male","5",72.88,">60",FALSE,FALSE,FALSE,FALSE,FALSE,FALSE,FALSE,FALSE,FALSE,FALSE,1,1,"singleton",0,0,0,0,0,0,0,0,0,0,0,7,"Reference range"
"00246",85.47,5,2026-04-19,"41422157",44.8,"G62430","171790","61519",395,"2026",4,"Spring",2019-03-19,2019-06-02,82.5666666666667,FALSE,"2019",3,"Spring","G-coded","male","5",85.47,">60",FALSE,FALSE,FALSE,FALSE,FALSE,FALSE,FALSE,FALSE,FALSE,FALSE,1,1,"singleton",0,0,0,0,0,0,0,0,0,0,0,4,"Reference range"
"201930",69.69,2,2026-05-18,"21219011",44.6,"G62506","865530","61270",235,"2026",5,"Spring",2020-07-18,2020-09-02,68.5161290322581,FALSE,"2020",7,"Summer","G-coded","male","2",69.69,">60",FALSE,FALSE,FALSE,FALSE,FALSE,FALSE,FALSE,FALSE,FALSE,FALSE,1,1,"singleton",0,0,0,0,0,0,0,0,0,0,0,5,"Reference range"
"60524",77.65,5,2023-04-19,"871041文尼哥",37.6,"G8736",NA,NA,8593,"2023",4,"Spring",2016-10-19,2020-01-02,39.5666666666667,FALSE,"2016",10,"Autumn","G-coded","male","5",77.65,">60",FALSE,FALSE,FALSE,FALSE,FALSE,FALSE,FALSE,FALSE,FALSE,FALSE,1,1,"singleton",0,0,0,0,1,0,0,0,0,0,0,4,"Reference range"
"202159",41.29,1,2024-03-03,"862025瓦特罗",50.4,"G40420",NA,NA,6246,"2024",3,"Spring",2020-10-03,2023-02-02,13.0322580645161,TRUE,"2020",10,"Autumn","G-coded","male","1",41.29,"31-42",FALSE,FALSE,FALSE,FALSE,FALSE,FALSE,FALSE,FALSE,FALSE,FALSE,1,1,"singleton",0,0,0,0,0,0,0,0,0,0,0,3,"Reference range"
"62551",100.23,7,2024-06-16,"863025",44.6,"G40851",NA,NA,5442,"2024",6,"Summer",2016-02-16,2018-03-02,75.4666666666667,FALSE,"2016",2,"Winter","G-coded","male",">=7",100.23,">60",FALSE,FALSE,FALSE,FALSE,FALSE,FALSE,FALSE,FALSE,FALSE,FALSE,1,1,"singleton",0,0,0,0,0,0,0,0,0,0,0,6,"Reference range"
"00710",57.46,4,2024-03-16,"FR3917468802",49.4,"G40503","167285","60470",6093,"2024",3,"Spring",2019-06-16,2021-10-02,29.4516129032258,FALSE,"2019",6,"Summer","G-coded","male","4",57.46,"43-60",FALSE,FALSE,FALSE,FALSE,FALSE,FALSE,FALSE,FALSE,FALSE,FALSE,1,1,"singleton",0,0,0,0,0,0,0,0,0,0,0,3,"Reference range"
"234312",27.88,1,2025-06-25,"22218621",49.3,"G52858","854773威吉吉","61405",2670,"2025",6,"Summer",2023-02-25,2024-03-02,15.7666666666667,FALSE,"2023",2,"Winter","G-coded","male","1",27.88,"<=30",FALSE,FALSE,FALSE,FALSE,FALSE,FALSE,FALSE,FALSE,FALSE,FALSE,1,1,"singleton",0,0,0,0,0,0,0,0,0,0,0,6,"Reference range"
"234343",35.6,2,2026-02-20,"41121296",43.2,"G62152","871041文尼哥","212431",942,"2026",2,"Winter",2023-02-20,2023-07-02,31.6428571428571,FALSE,"2023",2,"Winter","G-coded","male","2",35.6,"31-42",FALSE,FALSE,FALSE,FALSE,FALSE,FALSE,FALSE,FALSE,FALSE,FALSE,1,1,"singleton",0,0,0,0,0,0,0,0,0,0,0,2,"Reference range"
"L60204",88.63,6,2023-08-25,"7402563907",47,"G9401",NA,NA,7836,"2023",8,"Summer",2016-03-25,2019-02-02,54.741935483871,FALSE,"2016",3,"Spring","G-coded","male","6",88.63,">60",FALSE,FALSE,FALSE,FALSE,FALSE,FALSE,FALSE,FALSE,FALSE,FALSE,1,1,"singleton",0,0,0,0,0,0,0,0,0,0,0,8,"Reference range"
"212309",36.79,2,2024-03-14,"862025瓦特罗",51,"G40485",NA,NA,6133,"2024",3,"Spring",2021-02-14,2023-06-02,9.38709677419355,TRUE,"2021",2,"Winter","G-coded","male","2",36.79,"31-42",FALSE,FALSE,FALSE,FALSE,FALSE,FALSE,FALSE,FALSE,FALSE,FALSE,1,1,"singleton",0,0,0,0,0,0,0,0,0,0,0,3,"Reference range"
"800359",67.82,4,2024-01-07,"865530狼血",51.6,"G40048","606192","60400",6889,"2024",1,"Winter",2018-05-07,2020-11-02,38.1612903225806,FALSE,"2018",5,"Spring","G-coded","male","4",67.82,">60",FALSE,FALSE,FALSE,FALSE,FALSE,FALSE,FALSE,FALSE,FALSE,FALSE,1,1,"singleton",0,0,0,0,0,0,0,0,0,0,0,1,"Reference range"
"213525",28.6,1,2024-02-23,"862025瓦特罗",43.2,"G40354","606306","01145",6367,"2024",2,"Winter",2021-09-23,2024-02-02,0.724137931034483,TRUE,"2021",9,"Autumn","G-coded","male","1",28.6,"<=30",FALSE,FALSE,FALSE,FALSE,FALSE,FALSE,FALSE,FALSE,FALSE,FALSE,1,1,"singleton",0,0,0,0,0,0,0,0,0,0,0,2,"Reference range"
"61937",83.69,4,2023-01-17,"854282维利纳诺",48.5,"G8095",NA,NA,9373,"2023",1,"Winter",2016-01-17,2019-07-02,42.4838709677419,FALSE,"2016",1,"Winter","G-coded","male","4",83.69,">60",FALSE,FALSE,FALSE,FALSE,FALSE,FALSE,FALSE,FALSE,FALSE,FALSE,1,1,"singleton",0,0,0,0,0,0,0,0,0,0,0,1,"Reference range"
"H800013",94.67,7,2025-11-20,"21219011",44.4,"G53427",NA,NA,1579,"2025",11,"Autumn",2017-12-20,2018-08-02,87.6,FALSE,"2017",12,"Winter","G-coded","male",">=7",94.67,">60",FALSE,FALSE,FALSE,FALSE,FALSE,FALSE,FALSE,FALSE,FALSE,FALSE,1,1,"singleton",0,0,0,0,0,0,0,0,0,0,0,11,"Reference range"
"225007",39.91,2,2025-11-26,"15618075",43.7,"G53468","606045","70282",1520,"2025",11,"Autumn",2022-07-26,2023-03-02,32.8,FALSE,"2022",7,"Summer","G-coded","male","2",39.91,"31-42",FALSE,FALSE,FALSE,FALSE,FALSE,FALSE,FALSE,FALSE,FALSE,FALSE,1,1,"singleton",0,0,0,0,0,0,0,0,0,0,0,11,"Reference range"
"201068",66.24,4,2025-07-23,"22220119",46.2,"G52958",NA,NA,2475,"2025",7,"Summer",2020-01-23,2021-01-02,54.6774193548387,FALSE,"2020",1,"Winter","G-coded","male","4",66.24,">60",FALSE,FALSE,FALSE,FALSE,FALSE,FALSE,FALSE,FALSE,FALSE,FALSE,1,1,"singleton",0,0,0,0,0,0,0,0,0,0,0,7,"Reference range"
"201854",46.25,3,2023-11-27,"865530狼血",41.6,"G9881",NA,NA,7275,"2023",11,"Autumn",2020-01-27,2022-09-02,14.8333333333333,TRUE,"2020",1,"Winter","G-coded","male","3",46.25,"43-60",FALSE,FALSE,FALSE,FALSE,FALSE,FALSE,FALSE,FALSE,FALSE,FALSE,1,1,"singleton",0,0,0,0,0,0,0,0,0,0,0,11,"Reference range"
"235154",24.65,1,2025-08-21,"15221363",39.6,"G53049","公牛","212280",2308,"2025",8,"Summer",2023-07-21,2024-06-02,14.6129032258065,TRUE,"2023",7,"Summer","G-coded","male","1",24.65,"<=30",FALSE,FALSE,FALSE,FALSE,FALSE,FALSE,FALSE,FALSE,FALSE,FALSE,1,1,"singleton",0,0,0,0,1,0,0,0,0,0,0,8,"Reference range"
"224443",23.31,1,2024-02-24,"862025瓦特罗",42.8,"G40362L",NA,NA,6350,"2024",2,"Winter",2022-03-24,2024-08-02,-5.24137931034483,TRUE,"2022",3,"Spring","G-coded","male","1",23.31,"<=30",FALSE,FALSE,FALSE,FALSE,FALSE,FALSE,FALSE,FALSE,FALSE,FALSE,1,1,"singleton",0,0,0,0,0,0,0,0,0,0,0,2,"Reference range"
"00576",47.17,3,2023-04-16,"871041文尼哥",49.3,"G8715","167285","40560",8616,"2023",4,"Spring",2019-05-16,2022-08-02,8.46666666666667,TRUE,"2019",5,"Spring","G-coded","male","3",47.17,"43-60",FALSE,FALSE,FALSE,FALSE,FALSE,FALSE,FALSE,FALSE,FALSE,FALSE,1,1,"singleton",0,0,0,0,0,0,0,0,0,0,0,4,"Reference range"
"60587",85.01,5,2024-01-04,"865530狼血",50.3,"G40027",NA,NA,6924,"2024",1,"Winter",2016-12-04,2019-06-02,55.0645161290323,FALSE,"2016",12,"Winter","G-coded","male","5",85.01,">60",FALSE,FALSE,FALSE,FALSE,FALSE,FALSE,FALSE,FALSE,FALSE,FALSE,1,1,"singleton",0,0,0,0,0,0,0,0,0,0,0,1,"Reference range"
"62823",119.72,7,2026-02-04,"65123650",48.4,"G62097",NA,NA,1039,"2026",2,"Winter",2016-02-04,2016-07-02,115.071428571429,FALSE,"2016",2,"Winter","G-coded","male",">=7",119.72,">60",FALSE,FALSE,FALSE,FALSE,FALSE,FALSE,FALSE,FALSE,FALSE,FALSE,1,1,"singleton",0,0,0,0,0,0,0,0,0,0,0,2,"Reference range"
"60778",92.44,6,2023-09-25,"854282维利纳诺",38.1,"G9555",NA,NA,7638,"2023",9,"Autumn",2016-01-25,2018-11-02,58.7666666666667,FALSE,"2016",1,"Winter","G-coded","male","6",92.44,">60",FALSE,FALSE,FALSE,FALSE,FALSE,FALSE,FALSE,FALSE,FALSE,FALSE,1,1,"singleton",0,0,0,0,1,0,0,0,0,0,0,9,"Reference range"
"235336",25.12,1,2025-10-06,"15620193",39.3,"G53222","7402563907","60495",1993,"2025",10,"Autumn",2023-09-06,2024-06-02,16.1290322580645,FALSE,"2023",9,"Autumn","G-coded","male","1",25.12,"<=30",FALSE,FALSE,FALSE,FALSE,FALSE,FALSE,FALSE,FALSE,FALSE,FALSE,1,1,"singleton",0,0,0,0,1,0,0,0,0,0,0,10,"Reference range"
"61405",95.43,5,2024-01-28,"865530狼血",45.4,"G40137",NA,NA,6720,"2024",1,"Winter",2016-02-28,2018-08-02,65.8387096774194,FALSE,"2016",2,"Winter","G-coded","male","5",95.43,">60",FALSE,FALSE,FALSE,FALSE,FALSE,FALSE,FALSE,FALSE,FALSE,FALSE,1,1,"singleton",0,0,0,0,0,0,0,0,0,0,0,1,"Reference range"
"62270",110.72,7,2025-05-08,"427133",45.3,"G52690",NA,NA,3021,"2025",5,"Spring",2016-02-08,2017-04-02,97.1935483870968,FALSE,"2016",2,"Winter","G-coded","male",">=7",110.72,">60",FALSE,FALSE,FALSE,FALSE,FALSE,FALSE,FALSE,FALSE,FALSE,FALSE,1,1,"singleton",0,0,0,0,0,0,0,0,0,0,0,5,"Reference range"
"61330",116.14,8,2025-10-30,"22217329",43.6,"G53330",NA,NA,1794,"2025",10,"Autumn",2016-02-29,2016-11-02,107.903225806452,FALSE,"2016",2,"Winter","G-coded","male",">=7",116.14,">60",FALSE,FALSE,FALSE,FALSE,FALSE,FALSE,FALSE,FALSE,FALSE,FALSE,1,1,"singleton",0,0,0,0,0,0,0,0,0,0,0,10,"Reference range"
"800133",49.84,3,2023-01-03,"854282维利纳诺",43.6,"G8044",NA,NA,9454,"2023",1,"Winter",2018-11-03,2022-05-02,8.03225806451613,TRUE,"2018",11,"Autumn","G-coded","male","3",49.84,"43-60",FALSE,FALSE,FALSE,FALSE,FALSE,FALSE,FALSE,FALSE,FALSE,FALSE,1,1,"singleton",0,0,0,0,0,0,0,0,0,0,0,1,"Reference range"
"62081",116.86,7,2025-10-18,"65121614",37.6,"G53269",NA,NA,1899,"2025",10,"Autumn",2016-01-18,2016-10-02,108.516129032258,FALSE,"2016",1,"Winter","G-coded","male",">=7",116.86,">60",FALSE,FALSE,FALSE,FALSE,FALSE,FALSE,FALSE,FALSE,FALSE,FALSE,1,1,"singleton",0,0,0,0,1,0,0,0,0,0,0,10,"Reference range"
"234497",25.18,1,2025-05-01,"22218621",41.2,"G52647","871041文尼哥","00674",3089,"2025",5,"Spring",2023-04-01,2024-06-02,10.9666666666667,TRUE,"2023",4,"Spring","G-coded","male","1",25.18,"<=30",FALSE,FALSE,FALSE,FALSE,FALSE,FALSE,FALSE,FALSE,FALSE,FALSE,1,1,"singleton",0,0,0,0,0,0,0,0,0,0,0,5,"Reference range"
"240319",25.31,1,2026-03-28,"41121286",43.4,"G62342",NA,NA,585,"2026",3,"Spring",2024-02-28,2024-06-02,21.8387096774194,FALSE,"2024",2,"Winter","G-coded","male","1",25.31,"<=30",FALSE,FALSE,FALSE,FALSE,FALSE,FALSE,FALSE,FALSE,FALSE,FALSE,1,1,"singleton",0,0,0,0,0,0,0,0,0,0,0,3,"Reference range"
"00616",50.2,2,2023-07-22,"XM-22218621",47.3,"G9222",NA,NA,8042,"2023",7,"Summer",2019-05-22,2022-05-02,14.6451612903226,TRUE,"2019",5,"Spring","G-coded","male","2",50.2,"43-60",FALSE,FALSE,FALSE,FALSE,FALSE,FALSE,FALSE,FALSE,FALSE,FALSE,1,1,"singleton",0,0,0,0,0,0,0,0,0,0,0,7,"Reference range"
"201909",35.21,2,2024-03-02,"862025瓦特罗",40.6,"G40412","865530","800179",6263,"2024",3,"Spring",2021-04-02,2023-08-02,7,TRUE,"2021",4,"Spring","G-coded","male","2",35.21,"31-42",FALSE,FALSE,FALSE,FALSE,FALSE,FALSE,FALSE,FALSE,FALSE,FALSE,1,1,"singleton",0,0,0,0,0,0,0,0,0,0,0,3,"Reference range"
"60440",116.93,8,2026-05-24,"65123650",42.2,"G62531",NA,NA,188,"2026",5,"Spring",2016-08-24,2016-10-02,115.709677419355,FALSE,"2016",8,"Summer","G-coded","male",">=7",116.93,">60",FALSE,FALSE,FALSE,FALSE,FALSE,FALSE,FALSE,FALSE,FALSE,FALSE,1,1,"singleton",0,0,0,0,0,0,0,0,0,0,0,5,"Reference range"
"01159",74.16,4,2025-12-16,"41121286",49.3,"G53571","186756","61172",1329,"2025",12,"Winter",2019-10-16,2020-05-02,67.4516129032258,FALSE,"2019",10,"Autumn","G-coded","male","4",74.16,">60",FALSE,FALSE,FALSE,FALSE,FALSE,FALSE,FALSE,FALSE,FALSE,FALSE,1,1,"singleton",0,0,0,0,0,0,0,0,0,0,0,12,"Reference range"
"212446",59.73,3,2026-03-04,"41122926",51.2,"G62204","180600","61771",840,"2026",3,"Spring",2021-03-04,2021-07-02,56.0645161290323,FALSE,"2021",3,"Spring","G-coded","male","3",59.73,"43-60",FALSE,FALSE,FALSE,FALSE,FALSE,FALSE,FALSE,FALSE,FALSE,FALSE,1,1,"singleton",0,0,0,0,0,0,0,0,0,0,0,3,"Reference range"
"213249",56.02,3,2026-04-21,"41120238",46.7,"G62436","180781","800558",381,"2026",4,"Spring",2021-08-21,2021-11-02,53.6333333333333,FALSE,"2021",8,"Summer","G-coded","male","3",56.02,"43-60",FALSE,FALSE,FALSE,FALSE,FALSE,FALSE,FALSE,FALSE,FALSE,FALSE,1,1,"singleton",0,0,0,0,0,0,0,0,0,0,0,4,"Reference range"
"224352",38.46,2,2025-05-16,"427133",44,"G52725","2545109367","63000",2929,"2025",5,"Spring",2022-03-16,2023-05-02,24.4516129032258,FALSE,"2022",3,"Spring","G-coded","male","2",38.46,"31-42",FALSE,FALSE,FALSE,FALSE,FALSE,FALSE,FALSE,FALSE,FALSE,FALSE,1,1,"singleton",0,0,0,0,0,0,0,0,0,0,0,5,"Reference range"
"201335",40.6,2,2023-08-02,"854773威吉吉",44.5,"G9290","606244","62188",7970,"2023",8,"Summer",2020-03-02,2023-02-02,6,TRUE,"2020",3,"Spring","G-coded","male","2",40.6,"31-42",FALSE,FALSE,FALSE,FALSE,FALSE,FALSE,FALSE,FALSE,FALSE,FALSE,1,1,"singleton",0,0,0,0,0,0,0,0,0,0,0,8,"Reference range"
"202339",54.31,3,2025-05-06,"22218621",49.8,"G52672",NA,NA,3056,"2025",5,"Spring",2020-11-06,2022-01-02,40.1290322580645,FALSE,"2020",11,"Autumn","G-coded","male","3",54.31,"43-60",FALSE,FALSE,FALSE,FALSE,FALSE,FALSE,FALSE,FALSE,FALSE,FALSE,1,1,"singleton",0,0,0,0,0,0,0,0,0,0,0,5,"Reference range"
"201400",36.03,2,2023-04-02,"871041文尼哥",49.3,"G8633","606244","62187",8739,"2023",4,"Spring",2020-04-02,2023-07-02,-3,TRUE,"2020",4,"Spring","G-coded","male","2",36.03,"31-42",FALSE,FALSE,FALSE,FALSE,FALSE,FALSE,FALSE,FALSE,FALSE,FALSE,1,1,"singleton",0,0,0,0,0,0,0,0,0,0,0,4,"Reference range"
"H213015",26.3,1,2023-08-20,"854282维利纳诺",44,"G9371",NA,NA,7865,"2023",8,"Summer",2021-06-20,2024-05-02,-8.41935483870968,TRUE,"2021",6,"Summer","G-coded","male","1",26.3,"<=30",FALSE,FALSE,FALSE,FALSE,FALSE,FALSE,FALSE,FALSE,FALSE,FALSE,1,1,"singleton",0,0,0,0,0,0,0,0,0,0,0,8,"Reference range"
"40216",118.93,6,2026-01-15,"65123650",47.8,"G62040",NA,NA,1149,"2026",1,"Winter",2016-02-15,2016-08-02,113.41935483871,FALSE,"2016",2,"Winter","G-coded","male","6",118.93,">60",FALSE,FALSE,FALSE,FALSE,FALSE,FALSE,FALSE,FALSE,FALSE,FALSE,1,1,"singleton",0,0,0,0,0,0,0,0,0,0,0,1,"Reference range"
"60882",94.64,5,2023-12-04,"865530狼血",46.4,"G9942",NA,NA,7234,"2023",12,"Winter",2016-01-04,2018-08-02,64.0645161290323,FALSE,"2016",1,"Winter","G-coded","male","5",94.64,">60",FALSE,FALSE,FALSE,FALSE,FALSE,FALSE,FALSE,FALSE,FALSE,FALSE,1,1,"singleton",0,0,0,0,0,0,0,0,0,0,0,12,"Reference range"
"212314",36.19,2,2024-03-01,"862025瓦特罗",53.2,"G40404","180781","61822",6267,"2024",3,"Spring",2021-03-01,2023-07-02,7.96551724137931,TRUE,"2021",3,"Spring","G-coded","male","2",36.19,"31-42",FALSE,FALSE,FALSE,FALSE,FALSE,FALSE,FALSE,FALSE,FALSE,FALSE,1,1,"singleton",0,0,0,0,0,1,0,1,0,0,0,3,"Reference range"
"202506",51.84,3,2025-03-13,"22218621",49,"G52391","163940","800744",3581,"2025",3,"Spring",2020-11-13,2022-03-02,36.3548387096774,FALSE,"2020",11,"Autumn","G-coded","male","3",51.84,"43-60",FALSE,FALSE,FALSE,FALSE,FALSE,FALSE,FALSE,FALSE,FALSE,FALSE,1,1,"singleton",0,0,0,0,0,0,0,0,0,0,0,3,"Reference range"
"61101",92.14,5,2023-09-22,"865530狼血",49.8,"G9542",NA,NA,7652,"2023",9,"Autumn",2016-01-22,2018-11-02,58.6666666666667,FALSE,"2016",1,"Winter","G-coded","male","5",92.14,">60",FALSE,FALSE,FALSE,FALSE,FALSE,FALSE,FALSE,FALSE,FALSE,FALSE,1,1,"singleton",0,0,0,0,0,0,0,0,0,0,0,9,"Reference range"
"H213510",26.23,1,2024-02-23,"862025瓦特罗",43.9,"G40349","854282","12044",6360,"2024",2,"Winter",2021-12-23,2024-05-02,-2.27586206896552,TRUE,"2021",12,"Winter","G-coded","male","1",26.23,"<=30",FALSE,FALSE,FALSE,FALSE,FALSE,FALSE,FALSE,FALSE,FALSE,FALSE,1,1,"singleton",0,0,0,0,0,0,0,0,0,0,0,2,"Reference range"
"70199",85.67,5,2024-05-14,"FR3917468802",48.8,"G40724",NA,NA,5673,"2024",5,"Spring",2017-03-14,2019-05-02,60.3870967741936,FALSE,"2017",3,"Spring","G-coded","male","5",85.67,">60",FALSE,FALSE,FALSE,FALSE,FALSE,FALSE,FALSE,FALSE,FALSE,FALSE,1,1,"singleton",0,0,0,0,0,0,0,0,0,0,0,5,"Reference range"
"60062",87.84,6,2023-05-26,"871041文尼哥",51.2,"G8917","189058","40113",8375,"2023",5,"Spring",2016-01-26,2019-03-02,50.7741935483871,FALSE,"2016",1,"Winter","G-coded","male","6",87.84,">60",FALSE,FALSE,FALSE,FALSE,FALSE,FALSE,FALSE,FALSE,FALSE,FALSE,1,1,"singleton",0,0,0,0,0,0,0,0,0,0,0,5,"Reference range"
"224419",47.7,3,2026-03-03,"41122936",52.7,"G62201",NA,NA,853,"2026",3,"Spring",2022-03-03,2022-07-02,44.0322580645161,FALSE,"2022",3,"Spring","G-coded","male","3",47.7,"43-60",FALSE,FALSE,FALSE,FALSE,FALSE,FALSE,FALSE,FALSE,FALSE,FALSE,1,1,"singleton",0,0,0,0,0,0,0,1,0,0,0,3,"Reference range"
"00728",84.22,5,2026-06-12,"21219011",44.4,"G62591","167285","60274",56,"2026",6,"Summer",2019-06-12,2019-07-02,83.3333333333333,FALSE,"2019",6,"Summer","G-coded","male","5",84.22,">60",FALSE,FALSE,FALSE,FALSE,FALSE,FALSE,FALSE,FALSE,FALSE,FALSE,1,1,"singleton",0,0,0,0,0,0,0,0,0,0,0,6,"Reference range"
"212872",38.17,2,2024-07-15,"171206",41.6,"G40912",NA,NA,5357,"2024",7,"Summer",2021-05-15,2023-05-02,14.4193548387097,TRUE,"2021",5,"Spring","G-coded","male","2",38.17,"31-42",FALSE,FALSE,FALSE,FALSE,FALSE,FALSE,FALSE,FALSE,FALSE,FALSE,1,1,"singleton",0,0,0,0,0,0,0,0,0,0,0,7,"Reference range"
"202074",29.75,1,2023-11-09,"854282维利纳诺",49.7,"G9780","606244","61327",7380,"2023",11,"Autumn",2021-05-09,2024-01-02,-1.76666666666667,TRUE,"2021",5,"Spring","G-coded","male","1",29.75,"<=30",FALSE,FALSE,FALSE,FALSE,FALSE,FALSE,FALSE,FALSE,FALSE,FALSE,1,1,"singleton",0,0,0,0,0,0,0,0,0,0,0,11,"Reference range"
"213522",41.35,2,2025-03-16,"22218621",49.2,"G52418","2544424506","60474",3550,"2025",3,"Spring",2021-10-16,2023-02-02,25.4516129032258,FALSE,"2021",10,"Autumn","G-coded","male","2",41.35,"31-42",FALSE,FALSE,FALSE,FALSE,FALSE,FALSE,FALSE,FALSE,FALSE,FALSE,1,1,"singleton",0,0,0,0,0,0,0,0,0,0,0,3,"Reference range"
"60391",85.9,5,2023-03-21,"871041文尼哥",46.3,"G8550",NA,NA,8851,"2023",3,"Spring",2016-01-21,2019-05-02,46.6129032258064,FALSE,"2016",1,"Winter","G-coded","male","5",85.9,">60",FALSE,FALSE,FALSE,FALSE,FALSE,FALSE,FALSE,FALSE,FALSE,FALSE,1,1,"singleton",0,0,0,0,0,0,0,0,0,0,0,3,"Reference range"
"62877",102.04,7,2024-08-30,"171206",44.6,"G41045",NA,NA,5109,"2024",8,"Summer",2016-02-29,2018-01-02,79.9032258064516,FALSE,"2016",2,"Winter","G-coded","male",">=7",102.04,">60",FALSE,FALSE,FALSE,FALSE,FALSE,FALSE,FALSE,FALSE,FALSE,FALSE,1,1,"singleton",0,0,0,0,0,0,0,0,0,0,0,8,"Reference range"
"H70426",31.2,1,2023-12-06,"865530狼血",42.5,"G9959",NA,NA,7215,"2023",12,"Winter",2021-05-06,2023-12-02,0.129032258064516,TRUE,"2021",5,"Spring","G-coded","male","1",31.2,"31-42",FALSE,FALSE,FALSE,FALSE,FALSE,FALSE,FALSE,FALSE,FALSE,FALSE,1,1,"singleton",0,0,0,0,0,0,0,0,0,0,0,12,"Reference range"
"70208",102.01,6,2025-09-24,"15620193",45.8,"G53165",NA,NA,2108,"2025",9,"Autumn",2017-03-24,2018-01-02,92.7333333333333,FALSE,"2017",3,"Spring","G-coded","male","6",102.01,">60",FALSE,FALSE,FALSE,FALSE,FALSE,FALSE,FALSE,FALSE,FALSE,FALSE,1,1,"singleton",0,0,0,0,0,0,0,0,0,0,0,9,"Reference range"
"801072",90.53,6,2026-06-07,"41120238",44,"G62581","171350","91116",83,"2026",6,"Summer",2018-11-07,2018-12-02,90.1666666666667,FALSE,"2018",11,"Autumn","G-coded","male","6",90.53,">60",FALSE,FALSE,FALSE,FALSE,FALSE,FALSE,FALSE,FALSE,FALSE,FALSE,1,1,"singleton",0,0,0,0,0,0,0,0,0,0,0,6,"Reference range"
"801048",75.05,5,2025-03-14,"22218621",43.6,"G52403","171350","60954",3570,"2025",3,"Spring",2018-12-14,2020-04-02,59.3870967741936,FALSE,"2018",12,"Winter","G-coded","male","5",75.05,">60",FALSE,FALSE,FALSE,FALSE,FALSE,FALSE,FALSE,FALSE,FALSE,FALSE,1,1,"singleton",0,0,0,0,0,0,0,0,0,0,0,3,"Reference range"
"62758",99.54,6,2024-05-29,"22220785",53.4,"G40777",NA,NA,5577,"2024",5,"Spring",2016-01-29,2018-03-02,74.8709677419355,FALSE,"2016",1,"Winter","G-coded","male","6",99.54,">60",FALSE,FALSE,FALSE,FALSE,FALSE,FALSE,FALSE,FALSE,FALSE,FALSE,1,1,"singleton",0,0,0,0,0,1,0,1,0,0,0,5,"Reference range"
"70195",84.85,6,2024-04-18,"865530狼血",53.4,"G40644",NA,NA,5844,"2024",4,"Spring",2017-03-18,2019-06-02,58.5333333333333,FALSE,"2017",3,"Spring","G-coded","male","6",84.85,">60",FALSE,FALSE,FALSE,FALSE,FALSE,FALSE,FALSE,FALSE,FALSE,FALSE,1,1,"singleton",0,0,0,0,0,1,0,1,0,0,0,4,"Reference range"
"213636",26.56,1,2023-05-18,"65118581",44.5,"G8872",NA,NA,8421,"2023",5,"Spring",2021-02-18,2024-04-02,-10.4838709677419,TRUE,"2021",2,"Winter","G-coded","male","1",26.56,"<=30",FALSE,FALSE,FALSE,FALSE,FALSE,FALSE,FALSE,FALSE,FALSE,FALSE,1,1,"singleton",0,0,0,0,0,0,0,0,0,0,0,5,"Reference range"
"62544",100.76,4,2024-06-25,"863025",47.8,"G40867",NA,NA,5399,"2024",6,"Summer",2016-01-25,2018-02-02,76.7666666666667,FALSE,"2016",1,"Winter","G-coded","male","4",100.76,">60",FALSE,FALSE,FALSE,FALSE,FALSE,FALSE,FALSE,FALSE,FALSE,FALSE,1,1,"singleton",0,0,0,0,0,0,0,0,0,0,0,6,"Reference range"
"70452",98.16,7,2025-09-16,"15618075",45.3,"G53127",NA,NA,2171,"2025",9,"Autumn",2017-07-16,2018-05-02,88.4666666666667,FALSE,"2017",7,"Summer","G-coded","male",">=7",98.16,">60",FALSE,FALSE,FALSE,FALSE,FALSE,FALSE,FALSE,FALSE,FALSE,FALSE,1,1,"singleton",0,0,0,0,0,0,0,0,0,0,0,9,"Reference range"
"202333",52.6,3,2025-03-14,"22220783",49.3,"G52401","163940","62227",3564,"2025",3,"Spring",2020-10-14,2022-02-02,37.3870967741936,FALSE,"2020",10,"Autumn","G-coded","male","3",52.6,"43-60",FALSE,FALSE,FALSE,FALSE,FALSE,FALSE,FALSE,FALSE,FALSE,FALSE,1,1,"singleton",0,0,0,0,0,0,0,0,0,0,0,3,"Reference range"
"225336",40.27,1,2026-03-08,"15222135",47.9,"G62228","865530","800858",793,"2026",3,"Spring",2022-11-08,2023-03-02,36.1935483870968,FALSE,"2022",11,"Autumn","G-coded","male","1",40.27,"31-42",FALSE,FALSE,FALSE,FALSE,FALSE,FALSE,FALSE,FALSE,FALSE,FALSE,1,1,"singleton",0,0,0,0,0,0,0,0,0,0,0,3,"Reference range"
"801049",75.35,5,2025-03-23,"22218621",47.6,"G52458",NA,NA,3460,"2025",3,"Spring",2018-12-23,2020-04-02,59.6774193548387,FALSE,"2018",12,"Winter","G-coded","male","5",75.35,">60",FALSE,FALSE,FALSE,FALSE,FALSE,FALSE,FALSE,FALSE,FALSE,FALSE,1,1,"singleton",0,0,0,0,0,0,0,0,0,0,0,3,"Reference range"
"201644",35.8,2,2023-05-02,"871041文尼哥",40.8,"G8795",NA,NA,8500,"2023",5,"Spring",2020-05-02,2023-07-02,-2,TRUE,"2020",5,"Spring","G-coded","male","2",35.8,"31-42",FALSE,FALSE,FALSE,FALSE,FALSE,FALSE,FALSE,FALSE,FALSE,FALSE,1,1,"singleton",0,0,0,0,0,0,0,0,0,0,0,5,"Reference range"
"00763",46.25,3,2023-04-19,"7402563907",45.3,"G8734",NA,NA,8590,"2023",4,"Spring",2019-06-19,2022-09-02,7.56666666666667,TRUE,"2019",6,"Summer","G-coded","male","3",46.25,"43-60",FALSE,FALSE,FALSE,FALSE,FALSE,FALSE,FALSE,FALSE,FALSE,FALSE,1,1,"singleton",0,0,0,0,0,0,0,0,0,0,0,4,"Reference range"
"212504",58.84,4,2026-02-14,"41222015",47.2,"G62130","62544424506","L60200",984,"2026",2,"Winter",2021-03-14,2021-08-02,54.4285714285714,FALSE,"2021",3,"Spring","G-coded","male","4",58.84,"43-60",FALSE,FALSE,FALSE,FALSE,FALSE,FALSE,FALSE,FALSE,FALSE,FALSE,1,1,"singleton",0,0,0,0,0,0,0,0,0,0,0,2,"Reference range"
"212855",57.3,3,2026-02-15,"21219011",53.8,"G62135","606306","62558",969,"2026",2,"Winter",2021-05-15,2021-10-02,52.4642857142857,FALSE,"2021",5,"Spring","G-coded","male","3",57.3,"43-60",FALSE,FALSE,FALSE,FALSE,FALSE,FALSE,FALSE,FALSE,FALSE,FALSE,1,1,"singleton",0,0,0,0,0,1,0,1,0,0,0,2,"Reference range"
"61651",95.23,6,2024-01-06,"865530狼血",43.4,"G40039",NA,NA,6909,"2024",1,"Winter",2016-02-06,2018-08-02,65.1290322580645,FALSE,"2016",2,"Winter","G-coded","male","6",95.23,">60",FALSE,FALSE,FALSE,FALSE,FALSE,FALSE,FALSE,FALSE,FALSE,FALSE,1,1,"singleton",0,0,0,0,0,0,0,0,0,0,0,1,"Reference range"
"202226",43.72,2,2024-05-31,"22220785",51.4,"G40785",NA,NA,5561,"2024",5,"Spring",2020-09-30,2022-11-02,18.9354838709677,FALSE,"2020",9,"Autumn","G-coded","male","2",43.72,"43-60",FALSE,FALSE,FALSE,FALSE,FALSE,FALSE,FALSE,FALSE,FALSE,FALSE,1,1,"singleton",0,0,0,0,0,0,0,0,0,0,0,5,"Reference range"
"213058",47.67,3,2025-10-05,"15620193",42.3,"G53221",NA,NA,2000,"2025",10,"Autumn",2021-10-05,2022-07-02,39.0967741935484,FALSE,"2021",10,"Autumn","G-coded","male","3",47.67,"43-60",FALSE,FALSE,FALSE,FALSE,FALSE,FALSE,FALSE,FALSE,FALSE,FALSE,1,1,"singleton",0,0,0,0,0,0,0,0,0,0,0,10,"Reference range"
"212003",36.36,2,2024-01-11,"FR7045049997",50.6,"G40065",NA,NA,6853,"2024",1,"Winter",2021-01-11,2023-07-02,6.29032258064516,TRUE,"2021",1,"Winter","G-coded","male","2",36.36,"31-42",FALSE,FALSE,FALSE,FALSE,FALSE,FALSE,FALSE,FALSE,FALSE,FALSE,1,1,"singleton",0,0,0,0,0,0,0,0,0,0,0,1,"Reference range"
"217002",52.17,3,2026-02-20,"41121296",48.8,"G62151","854282","HHH800732",940,"2026",2,"Winter",2021-10-20,2022-03-02,47.6428571428571,FALSE,"2021",10,"Autumn","G-coded","male","3",52.17,"43-60",FALSE,FALSE,FALSE,FALSE,FALSE,FALSE,FALSE,FALSE,FALSE,FALSE,1,1,"singleton",0,0,0,0,0,0,0,0,0,0,0,2,"Reference range"
"235914",27.28,1,2026-03-27,"41221179",41.4,"G62335",NA,NA,605,"2026",3,"Spring",2023-12-27,2024-04-02,23.8064516129032,FALSE,"2023",12,"Winter","G-coded","male","1",27.28,"<=30",FALSE,FALSE,FALSE,FALSE,FALSE,FALSE,FALSE,FALSE,FALSE,FALSE,1,1,"singleton",0,0,0,0,0,0,0,0,0,0,0,3,"Reference range"
"240428",25.84,1,2026-04-27,"41120238",41.6,"G62456",NA,NA,335,"2026",4,"Spring",2024-02-27,2024-05-02,23.8333333333333,FALSE,"2024",2,"Winter","G-coded","male","1",25.84,"<=30",FALSE,FALSE,FALSE,FALSE,FALSE,FALSE,FALSE,FALSE,FALSE,FALSE,1,1,"singleton",0,0,0,0,0,0,0,0,0,0,0,4,"Reference range"
"70503",76.04,5,2023-12-08,"FR2545422137",52.3,"G9966",NA,NA,7197,"2023",12,"Winter",2017-08-08,2020-03-02,45.1935483870968,FALSE,"2017",8,"Summer","G-coded","male","5",76.04,">60",FALSE,FALSE,FALSE,FALSE,FALSE,FALSE,FALSE,FALSE,FALSE,FALSE,1,1,"singleton",0,0,0,0,0,0,0,0,0,0,0,12,"Reference range"
"212566",35.24,2,2024-03-06,"862025瓦特罗",51.9,"G40430","62544424506","62457",6221,"2024",3,"Spring",2021-04-06,2023-08-02,7.12903225806452,TRUE,"2021",4,"Spring","G-coded","male","2",35.24,"31-42",FALSE,FALSE,FALSE,FALSE,FALSE,FALSE,FALSE,FALSE,FALSE,FALSE,1,1,"singleton",0,0,0,0,0,0,0,0,0,0,0,3,"Reference range"
"213773",23.08,1,2023-10-26,"854282维利纳诺",39.4,"G9689","2544424506","90018",7462,"2023",10,"Autumn",2021-11-26,2024-08-02,-9.2258064516129,TRUE,"2021",11,"Autumn","G-coded","male","1",23.08,"<=30",FALSE,FALSE,FALSE,FALSE,FALSE,FALSE,FALSE,FALSE,FALSE,FALSE,1,1,"singleton",0,0,0,0,1,0,0,0,0,0,0,10,"Reference range"
"61839",94.41,5,2023-11-27,"854400西部公园",44.3,"G9880",NA,NA,7276,"2023",11,"Autumn",2016-01-27,2018-09-02,62.8333333333333,FALSE,"2016",1,"Winter","G-coded","male","5",94.41,">60",FALSE,FALSE,FALSE,FALSE,FALSE,FALSE,FALSE,FALSE,FALSE,FALSE,1,1,"singleton",0,0,0,0,0,0,0,0,0,0,0,11,"Reference range"
"224174",24.85,1,2024-02-25,"862025瓦特罗",51.7,"G40366","180781","201368",6331,"2024",2,"Winter",2022-01-25,2024-06-02,-3.20689655172414,TRUE,"2022",1,"Winter","G-coded","male","1",24.85,"<=30",FALSE,FALSE,FALSE,FALSE,FALSE,FALSE,FALSE,FALSE,FALSE,FALSE,1,1,"singleton",0,0,0,0,0,0,0,0,0,0,0,2,"Reference range"
"212588",59.73,4,2026-03-27,"21219011",45.5,"G62329",NA,NA,602,"2026",3,"Spring",2021-03-27,2021-07-02,56.8064516129032,FALSE,"2021",3,"Spring","G-coded","male","4",59.73,"43-60",FALSE,FALSE,FALSE,FALSE,FALSE,FALSE,FALSE,FALSE,FALSE,FALSE,1,1,"singleton",0,0,0,0,0,0,0,0,0,0,0,3,"Reference range"
"63009",85.21,5,2023-03-24,"871041文尼哥",45.3,"G8574",NA,NA,8820,"2023",3,"Spring",2016-02-24,2019-06-02,45.7096774193548,FALSE,"2016",2,"Winter","G-coded","male","5",85.21,">60",FALSE,FALSE,FALSE,FALSE,FALSE,FALSE,FALSE,FALSE,FALSE,FALSE,1,1,"singleton",0,0,0,0,0,0,0,0,0,0,0,3,"Reference range"
"212267",39.55,2,2024-05-25,"863025",50.3,"G40761",NA,NA,5609,"2024",5,"Spring",2021-01-25,2023-03-02,14.741935483871,TRUE,"2021",1,"Winter","G-coded","male","2",39.55,"31-42",FALSE,FALSE,FALSE,FALSE,FALSE,FALSE,FALSE,FALSE,FALSE,FALSE,1,1,"singleton",0,0,0,0,0,0,0,0,0,0,0,5,"Reference range"
"212538",24.06,1,2023-03-29,"65118599",48.2,"G8613","7029225762","62624",8767,"2023",3,"Spring",2021-03-29,2024-07-02,-15.1290322580645,TRUE,"2021",3,"Spring","G-coded","male","1",24.06,"<=30",FALSE,FALSE,FALSE,FALSE,FALSE,FALSE,FALSE,FALSE,FALSE,FALSE,1,1,"singleton",0,0,0,0,0,0,0,0,0,0,0,3,"Reference range"
"235448",24.16,1,2025-09-30,"15618075",39.6,"G53194","865530狼血","202004",2050,"2025",9,"Autumn",2023-09-30,2024-07-02,14.9333333333333,TRUE,"2023",9,"Autumn","G-coded","male","1",24.16,"<=30",FALSE,FALSE,FALSE,FALSE,FALSE,FALSE,FALSE,FALSE,FALSE,FALSE,1,1,"singleton",0,0,0,0,1,0,0,0,0,0,0,9,"Reference range"
"240067",26.33,1,2026-03-19,"21219011",46.3,"G62319","865530狼血","70141",689,"2026",3,"Spring",2024-01-19,2024-05-02,22.5483870967742,FALSE,"2024",1,"Winter","G-coded","male","1",26.33,"<=30",FALSE,FALSE,FALSE,FALSE,FALSE,FALSE,FALSE,FALSE,FALSE,FALSE,1,1,"singleton",0,0,0,0,0,0,0,0,0,0,0,3,"Reference range"
"235134",24.49,1,2025-08-11,"22220783",43.8,"G53020",NA,NA,2360,"2025",8,"Summer",2023-08-11,2024-07-02,13.2903225806452,TRUE,"2023",8,"Summer","G-coded","male","1",24.49,"<=30",FALSE,FALSE,FALSE,FALSE,FALSE,FALSE,FALSE,FALSE,FALSE,FALSE,1,1,"singleton",0,0,0,0,0,0,0,0,0,0,0,8,"Reference range"
"224239",23.77,1,2024-02-06,"862025瓦特罗",48.3,"G40204",NA,NA,6613,"2024",2,"Winter",2022-02-06,2024-07-02,-4.86206896551724,TRUE,"2022",2,"Winter","G-coded","male","1",23.77,"<=30",FALSE,FALSE,FALSE,FALSE,FALSE,FALSE,FALSE,FALSE,FALSE,FALSE,1,1,"singleton",0,0,0,0,0,0,0,0,0,0,0,2,"Reference range"
"225404",37.97,2,2026-01-17,"41121286",38.9,"G62045","606045","00899",1141,"2026",1,"Winter",2022-11-17,2023-05-02,32.4838709677419,FALSE,"2022",11,"Autumn","G-coded","male","2",37.97,"31-42",FALSE,FALSE,FALSE,FALSE,FALSE,FALSE,FALSE,FALSE,FALSE,FALSE,1,1,"singleton",0,0,0,0,1,0,0,0,0,0,0,1,"Reference range"
"61816",100.03,4,2025-03-15,"427151",44.6,"G52408",NA,NA,3561,"2025",3,"Spring",2016-11-15,2018-03-02,84.4193548387097,FALSE,"2016",11,"Autumn","G-coded","male","4",100.03,">60",FALSE,FALSE,FALSE,FALSE,FALSE,FALSE,FALSE,FALSE,FALSE,FALSE,1,1,"singleton",0,0,0,0,0,0,0,0,0,0,0,3,"Reference range"
"L00434",39.25,2,2023-03-14,"871041文尼哥",45.3,"G8500",NA,NA,8920,"2023",3,"Spring",2019-12-14,2023-04-02,-0.612903225806452,TRUE,"2019",12,"Winter","G-coded","male","2",39.25,"31-42",FALSE,FALSE,FALSE,FALSE,FALSE,FALSE,FALSE,FALSE,FALSE,FALSE,1,1,"singleton",0,0,0,0,0,0,0,0,0,0,0,3,"Reference range"
"60675",98.36,6,2024-03-12,"862025瓦特罗",46.4,"G40469",NA,NA,6151,"2024",3,"Spring",2016-01-12,2018-05-02,70.3225806451613,FALSE,"2016",1,"Winter","G-coded","male","6",98.36,">60",FALSE,FALSE,FALSE,FALSE,FALSE,FALSE,FALSE,FALSE,FALSE,FALSE,1,1,"singleton",0,0,0,0,0,0,0,0,0,0,0,3,"Reference range"
"61144",95.43,6,2023-12-13,"865530狼血",49.6,"G9993",NA,NA,7158,"2023",12,"Winter",2016-01-13,2018-08-02,64.3548387096774,FALSE,"2016",1,"Winter","G-coded","male","6",95.43,">60",FALSE,FALSE,FALSE,FALSE,FALSE,FALSE,FALSE,FALSE,FALSE,FALSE,1,1,"singleton",0,0,0,0,0,0,0,0,0,0,0,12,"Reference range"
"201397",36.13,1,2023-04-03,"22219727",45.3,"G8643","606244","60020",8727,"2023",4,"Spring",2020-04-03,2023-07-02,-2.96666666666667,TRUE,"2020",4,"Spring","G-coded","male","1",36.13,"31-42",FALSE,FALSE,FALSE,FALSE,FALSE,FALSE,FALSE,FALSE,FALSE,FALSE,1,1,"singleton",0,0,0,0,0,0,0,0,0,0,0,4,"Reference range"
"70271",76.96,5,2023-09-17,"865530狼血",49.4,"G9524",NA,NA,7681,"2023",9,"Autumn",2017-04-17,2020-02-02,43.5,FALSE,"2017",4,"Spring","G-coded","male","5",76.96,">60",FALSE,FALSE,FALSE,FALSE,FALSE,FALSE,FALSE,FALSE,FALSE,FALSE,1,1,"singleton",0,0,0,0,0,0,0,0,0,0,0,9,"Reference range"
"234573",37.77,2,2026-05-31,"41120238",45.4,"G62564",NA,NA,129,"2026",5,"Spring",2023-03-31,2023-05-02,36.9354838709677,FALSE,"2023",3,"Spring","G-coded","male","2",37.77,"31-42",FALSE,FALSE,FALSE,FALSE,FALSE,FALSE,FALSE,FALSE,FALSE,FALSE,1,1,"singleton",0,0,0,0,0,0,0,0,0,0,0,5,"Reference range"
"60743",87.31,5,2023-04-17,"871041文尼哥",43.2,"G8718",NA,NA,8605,"2023",4,"Spring",2016-01-17,2019-04-02,48.5,FALSE,"2016",1,"Winter","G-coded","male","5",87.31,">60",FALSE,FALSE,FALSE,FALSE,FALSE,FALSE,FALSE,FALSE,FALSE,FALSE,1,1,"singleton",0,0,0,0,0,0,0,0,0,0,0,4,"Reference range"
"61037",124,8,2026-05-17,"65123933",52.4,"G62502",NA,NA,240,"2026",5,"Spring",2016-01-17,2016-03-02,122.483870967742,FALSE,"2016",1,"Winter","G-coded","male",">=7",124,">60",FALSE,FALSE,FALSE,FALSE,FALSE,FALSE,FALSE,FALSE,FALSE,FALSE,1,1,"singleton",0,0,0,0,0,0,0,0,0,0,0,5,"Reference range"
"212989",60.03,3,2026-05-31,"21219011",50.2,"G62565","606306","70285",131,"2026",5,"Spring",2021-05-31,2021-07-02,58.9354838709677,FALSE,"2021",5,"Spring","G-coded","male","3",60.03,">60",FALSE,FALSE,FALSE,FALSE,FALSE,FALSE,FALSE,FALSE,FALSE,FALSE,1,1,"singleton",0,0,0,0,0,0,0,0,0,0,0,5,"Reference range"
"212065",57.07,3,2025-10-07,"15618075",49.5,"G53228","740640209","61535",1989,"2025",10,"Autumn",2021-01-07,2021-10-02,48.1612903225806,FALSE,"2021",1,"Winter","G-coded","male","3",57.07,"43-60",FALSE,FALSE,FALSE,FALSE,FALSE,FALSE,FALSE,FALSE,FALSE,FALSE,1,1,"singleton",0,0,0,0,0,0,0,0,0,0,0,10,"Reference range"
"213172",30.24,1,2024-02-07,"865530狼血",54.1,"G40214",NA,"00918",6597,"2024",2,"Winter",2021-08-07,2024-01-02,1.17241379310345,TRUE,"2021",8,"Summer","G-coded","male","1",30.24,"31-42",FALSE,FALSE,FALSE,FALSE,FALSE,FALSE,FALSE,FALSE,FALSE,FALSE,1,1,"singleton",0,0,0,0,0,1,0,1,0,0,0,2,"Reference range"
"70130",73.14,5,2023-04-05,"7402563907",54.3,"G8653",NA,NA,8701,"2023",4,"Spring",2017-03-05,2020-06-02,34.1,FALSE,"2017",3,"Spring","G-coded","male","5",73.14,">60",FALSE,FALSE,FALSE,FALSE,FALSE,FALSE,FALSE,FALSE,FALSE,FALSE,1,1,"singleton",0,0,0,0,0,1,0,1,0,0,0,4,"Reference range"
"60470",82.87,4,2023-08-18,"865530狼血",51.8,"G9356",NA,NA,7884,"2023",8,"Summer",2016-09-18,2019-08-02,48.5161290322581,FALSE,"2016",9,"Autumn","G-coded","male","4",82.87,">60",FALSE,FALSE,FALSE,FALSE,FALSE,FALSE,FALSE,FALSE,FALSE,FALSE,1,1,"singleton",0,0,0,0,0,0,0,0,0,0,0,8,"Reference range"
"235430",30.41,1,2026-04-05,"41422157",47.3,"G62383","865530狼血","201447",495,"2026",4,"Spring",2023-10-05,2024-01-02,27.1,FALSE,"2023",10,"Autumn","G-coded","male","1",30.41,"31-42",FALSE,FALSE,FALSE,FALSE,FALSE,FALSE,FALSE,FALSE,FALSE,FALSE,1,1,"singleton",0,0,0,0,0,0,0,0,0,0,0,4,"Reference range"
"01392",47.37,3,2023-09-29,"854282维利纳诺",43.1,"G9578",NA,NA,7614,"2023",9,"Autumn",2019-10-29,2022-08-02,13.9,TRUE,"2019",10,"Autumn","G-coded","male","3",47.37,"43-60",FALSE,FALSE,FALSE,FALSE,FALSE,FALSE,FALSE,FALSE,FALSE,FALSE,1,1,"singleton",0,0,0,0,0,0,0,0,0,0,0,9,"Reference range"
"00319",58.25,4,2024-02-03,"FR7045049997",54.2,"G40181",NA,NA,6654,"2024",2,"Winter",2019-04-03,2021-09-02,29.0344827586207,FALSE,"2019",4,"Spring","G-coded","male","4",58.25,"43-60",FALSE,FALSE,FALSE,FALSE,FALSE,FALSE,FALSE,FALSE,FALSE,FALSE,1,1,"singleton",0,0,0,0,0,1,0,1,0,0,0,2,"Reference range"
"70135",75.02,4,2023-06-04,"854773威吉吉",41.6,"G8962",NA,NA,8306,"2023",6,"Summer",2017-03-04,2020-04-02,38.0666666666667,FALSE,"2017",3,"Spring","G-coded","male","4",75.02,">60",FALSE,FALSE,FALSE,FALSE,FALSE,FALSE,FALSE,FALSE,FALSE,FALSE,1,1,"singleton",0,0,0,0,0,0,0,0,0,0,0,6,"Reference range"
"212690",30.41,1,2023-11-02,"854282维利纳诺",49.2,"G9728","606318","62396",7421,"2023",11,"Autumn",2021-05-02,2024-01-02,-2,TRUE,"2021",5,"Spring","G-coded","male","1",30.41,"31-42",FALSE,FALSE,FALSE,FALSE,FALSE,FALSE,FALSE,FALSE,FALSE,FALSE,1,1,"singleton",0,0,0,0,0,0,0,0,0,0,0,11,"Reference range"
"70126",86.59,5,2024-05-15,"22220785",46,"G40730",NA,NA,5656,"2024",5,"Spring",2017-02-15,2019-04-02,61.4193548387097,FALSE,"2017",2,"Winter","G-coded","male","5",86.59,">60",FALSE,FALSE,FALSE,FALSE,FALSE,FALSE,FALSE,FALSE,FALSE,FALSE,1,1,"singleton",0,0,0,0,0,0,0,0,0,0,0,5,"Reference range"
"62408",89.55,5,2023-07-28,"854773威吉吉",40.8,"G9264",NA,NA,7990,"2023",7,"Summer",2016-01-28,2019-01-02,54.8387096774194,FALSE,"2016",1,"Winter","G-coded","male","5",89.55,">60",FALSE,FALSE,FALSE,FALSE,FALSE,FALSE,FALSE,FALSE,FALSE,FALSE,1,1,"singleton",0,0,0,0,0,0,0,0,0,0,0,7,"Reference range"
"70159",74.29,5,2023-05-22,"41418133",39.2,"G8894","426864","X216",8402,"2023",5,"Spring",2017-03-22,2020-05-02,36.6451612903226,FALSE,"2017",3,"Spring","G-coded","male","5",74.29,">60",FALSE,FALSE,FALSE,FALSE,FALSE,FALSE,FALSE,FALSE,FALSE,FALSE,1,1,"singleton",0,0,0,0,1,0,0,0,0,0,0,5,"Reference range"
"60579",89.32,5,2024-05-12,"862025瓦特罗",49.1,"G40682L",NA,NA,5685,"2024",5,"Spring",2016-12-12,2019-02-02,63.3225806451613,FALSE,"2016",12,"Winter","G-coded","male","5",89.32,">60",FALSE,FALSE,FALSE,FALSE,FALSE,FALSE,FALSE,FALSE,FALSE,FALSE,1,1,"singleton",0,0,0,0,0,0,0,0,0,0,0,5,"Reference range"
"62249",91.32,5,2023-10-05,"871041文尼哥",52.3,"G9599",NA,NA,7574,"2023",10,"Autumn",2016-03-05,2018-12-02,58.0967741935484,FALSE,"2016",3,"Spring","G-coded","male","5",91.32,">60",FALSE,FALSE,FALSE,FALSE,FALSE,FALSE,FALSE,FALSE,FALSE,FALSE,1,1,"singleton",0,0,0,0,0,0,0,0,0,0,0,10,"Reference range"
"800835",63.48,4,2024-02-15,"FR7045049997",48.2,"G40279",NA,NA,6481,"2024",2,"Winter",2018-11-15,2021-04-02,34.448275862069,FALSE,"2018",11,"Autumn","G-coded","male","4",63.48,">60",FALSE,FALSE,FALSE,FALSE,FALSE,FALSE,FALSE,FALSE,FALSE,FALSE,1,1,"singleton",0,0,0,0,0,0,0,0,0,0,0,2,"Reference range"
"213067",59.01,3,2026-05-23,"21219011",47.6,"G62526","180781","800473",197,"2026",5,"Spring",2021-06-23,2021-08-02,57.6774193548387,FALSE,"2021",6,"Summer","G-coded","male","3",59.01,"43-60",FALSE,FALSE,FALSE,FALSE,FALSE,FALSE,FALSE,FALSE,FALSE,FALSE,1,1,"singleton",0,0,0,0,0,0,0,0,0,0,0,5,"Reference range"
"H225413",47.37,3,2026-04-16,"21219011",42.4,"G62421","606045","201758",419,"2026",4,"Spring",2022-05-16,2022-08-02,44.4666666666667,FALSE,"2022",5,"Spring","G-coded","male","3",47.37,"43-60",FALSE,FALSE,FALSE,FALSE,FALSE,FALSE,FALSE,FALSE,FALSE,FALSE,1,1,"singleton",0,0,0,0,0,0,0,0,0,0,0,4,"Reference range"
"01469",52.7,2,2024-03-09,"854400西部公园",51.4,"G40450",NA,NA,6186,"2024",3,"Spring",2019-10-09,2022-02-02,25.2258064516129,FALSE,"2019",10,"Autumn","G-coded","male","2",52.7,"43-60",FALSE,FALSE,FALSE,FALSE,FALSE,FALSE,FALSE,FALSE,FALSE,FALSE,1,1,"singleton",0,0,0,0,0,0,0,0,0,0,0,3,"Reference range"
"L202368",37.87,2,2023-05-20,"7402563907",47.5,"G8885",NA,NA,8408,"2023",5,"Spring",2020-03-20,2023-05-02,0.580645161290323,TRUE,"2020",3,"Spring","G-coded","male","2",37.87,"31-42",FALSE,FALSE,FALSE,FALSE,FALSE,FALSE,FALSE,FALSE,FALSE,FALSE,1,1,"singleton",0,0,0,0,0,0,0,0,0,0,0,5,"Reference range"
"201886",56.77,3,2025-04-04,"427059",42.2,"G52515","21227027","70285",3350,"2025",4,"Spring",2020-07-04,2021-10-02,42.0666666666667,FALSE,"2020",7,"Summer","G-coded","male","3",56.77,"43-60",FALSE,FALSE,FALSE,FALSE,FALSE,FALSE,FALSE,FALSE,FALSE,FALSE,1,1,"singleton",0,0,0,0,0,0,0,0,0,0,0,4,"Reference range"
"00599",77.58,5,2025-07-02,"22218621",46.2,"G52880L",NA,NA,2610,"2025",7,"Summer",2019-01-02,2020-01-02,66,FALSE,"2019",1,"Winter","G-coded","male","5",77.58,">60",FALSE,FALSE,FALSE,FALSE,FALSE,FALSE,FALSE,FALSE,FALSE,FALSE,1,1,"singleton",0,0,0,0,0,0,0,0,0,0,0,7,"Reference range"
"234260",38.17,2,2026-04-25,"41120238",52.2,"G62453","854773威吉吉","201480",349,"2026",4,"Spring",2023-02-25,2023-05-02,35.7666666666667,FALSE,"2023",2,"Winter","G-coded","male","2",38.17,"31-42",FALSE,FALSE,FALSE,FALSE,FALSE,FALSE,FALSE,FALSE,FALSE,FALSE,1,1,"singleton",0,0,0,0,0,0,0,0,0,0,0,4,"Reference range"
"70544",73.47,5,2023-10-18,"7402563907",54.3,"G9650",NA,NA,7508,"2023",10,"Autumn",2017-09-18,2020-06-02,40.5161290322581,FALSE,"2017",9,"Autumn","G-coded","male","5",73.47,">60",FALSE,FALSE,FALSE,FALSE,FALSE,FALSE,FALSE,FALSE,FALSE,FALSE,1,1,"singleton",0,0,0,0,0,1,0,1,0,0,0,10,"Reference range"
"60807",95.73,6,2023-12-31,"865530狼血",48.8,"G40010",NA,NA,6958,"2023",12,"Winter",2015-12-31,2018-07-02,65.9354838709677,FALSE,"2015",12,"Winter","G-coded","male","6",95.73,">60",FALSE,FALSE,FALSE,FALSE,FALSE,FALSE,FALSE,FALSE,FALSE,FALSE,1,1,"singleton",0,0,0,0,0,0,0,0,0,0,0,12,"Reference range"
"00274",59.11,4,2024-02-11,"FR7045049997",43.2,"G40242","171790","62327",6537,"2024",2,"Winter",2019-03-11,2021-08-02,30.3103448275862,FALSE,"2019",3,"Spring","G-coded","male","4",59.11,"43-60",FALSE,FALSE,FALSE,FALSE,FALSE,FALSE,FALSE,FALSE,FALSE,FALSE,1,1,"singleton",0,0,0,0,0,0,0,0,0,0,0,2,"Reference range"
"70610",77.12,5,2024-03-20,"FR3917468802",52.4,"G40529",NA,NA,6065,"2024",3,"Spring",2017-10-20,2020-02-02,49.5806451612903,FALSE,"2017",10,"Autumn","G-coded","male","5",77.12,">60",FALSE,FALSE,FALSE,FALSE,FALSE,FALSE,FALSE,FALSE,FALSE,FALSE,1,1,"singleton",0,0,0,0,0,0,0,0,0,0,0,3,"Reference range"
"212152",38.92,2,2024-04-14,"FR3917468802",43.4,"G40627","180781","801141",5878,"2024",4,"Spring",2021-01-14,2023-04-02,12.4,TRUE,"2021",1,"Winter","G-coded","male","2",38.92,"31-42",FALSE,FALSE,FALSE,FALSE,FALSE,FALSE,FALSE,FALSE,FALSE,FALSE,1,1,"singleton",0,0,0,0,0,0,0,0,0,0,0,4,"Reference range"
"00211",59.7,4,2024-02-19,"862025瓦特罗",54.4,"G40316",NA,NA,6440,"2024",2,"Winter",2019-02-19,2021-07-02,31.5862068965517,FALSE,"2019",2,"Winter","G-coded","male","4",59.7,"43-60",FALSE,FALSE,FALSE,FALSE,FALSE,FALSE,FALSE,FALSE,FALSE,FALSE,1,1,"singleton",0,0,0,0,0,1,0,1,0,0,0,2,"Reference range"
"201729L",50.79,3,2025-03-29,"22220783",48.4,"G52482",NA,NA,3403,"2025",3,"Spring",2020-12-29,2022-04-02,35.8709677419355,FALSE,"2020",12,"Winter","G-coded","male","3",50.79,"43-60",FALSE,FALSE,FALSE,FALSE,FALSE,FALSE,FALSE,FALSE,FALSE,FALSE,1,1,"singleton",0,0,0,0,0,0,0,0,0,0,0,3,"Reference range"
"234663",28.04,1,2025-08-26,"863302",48.5,"G53064","871041文尼哥","201832",2282,"2025",8,"Summer",2023-04-26,2024-03-02,17.7741935483871,FALSE,"2023",4,"Spring","G-coded","male","1",28.04,"<=30",FALSE,FALSE,FALSE,FALSE,FALSE,FALSE,FALSE,FALSE,FALSE,FALSE,1,1,"singleton",0,0,0,0,0,0,0,0,0,0,0,8,"Reference range"
"00786",82.02,6,2026-04-15,"41422157",44.4,"G62417","167285","62472",422,"2026",4,"Spring",2019-06-15,2019-09-02,79.4333333333333,FALSE,"2019",6,"Summer","G-coded","male","6",82.02,">60",FALSE,FALSE,FALSE,FALSE,FALSE,FALSE,FALSE,FALSE,FALSE,FALSE,1,1,"singleton",0,0,0,0,0,0,0,0,0,0,0,4,"Reference range"
"212155",50.82,2,2025-04-11,"427133",47.7,"G52554","7402563907","65003",3286,"2025",4,"Spring",2021-01-11,2022-04-02,36.3,FALSE,"2021",1,"Winter","G-coded","male","2",50.82,"43-60",FALSE,FALSE,FALSE,FALSE,FALSE,FALSE,FALSE,FALSE,FALSE,FALSE,1,1,"singleton",0,0,0,0,0,0,0,0,0,0,0,4,"Reference range"
"201414",37.48,2,2023-05-18,"871041文尼哥",44.6,"G8873","606244","91167",8425,"2023",5,"Spring",2020-04-18,2023-06-02,-0.483870967741935,TRUE,"2020",4,"Spring","G-coded","male","2",37.48,"31-42",FALSE,FALSE,FALSE,FALSE,FALSE,FALSE,FALSE,FALSE,FALSE,FALSE,1,1,"singleton",0,0,0,0,0,0,0,0,0,0,0,5,"Reference range"
"224331",44.25,2,2025-11-04,"41121286",45.2,"G53347",NA,NA,1747,"2025",11,"Autumn",2022-03-04,2022-11-02,36.0666666666667,FALSE,"2022",3,"Spring","G-coded","male","2",44.25,"43-60",FALSE,FALSE,FALSE,FALSE,FALSE,FALSE,FALSE,FALSE,FALSE,FALSE,1,1,"singleton",0,0,0,0,0,0,0,0,0,0,0,11,"Reference range"
"213747",25.08,1,2023-12-23,"865530狼血",41.5,"G10085","2544424506","60523",7023,"2023",12,"Winter",2021-11-23,2024-06-02,-5.32258064516129,TRUE,"2021",11,"Autumn","G-coded","male","1",25.08,"<=30",FALSE,FALSE,FALSE,FALSE,FALSE,FALSE,FALSE,FALSE,FALSE,FALSE,1,1,"singleton",0,0,0,0,0,0,0,0,0,0,0,12,"Reference range"
"202324",59.5,4,2025-10-10,"15618075",52.2,"G53239","163940","62278",1968,"2025",10,"Autumn",2020-10-10,2021-07-02,51.258064516129,FALSE,"2020",10,"Autumn","G-coded","male","4",59.5,"43-60",FALSE,FALSE,FALSE,FALSE,FALSE,FALSE,FALSE,FALSE,FALSE,FALSE,1,1,"singleton",0,0,0,0,0,0,0,0,0,0,0,10,"Reference range"
"225380",35.34,2,2025-10-22,"41419127",48.7,"G53284","甘露606318","60753",1868,"2025",10,"Autumn",2022-11-22,2023-08-02,26.6451612903226,FALSE,"2022",11,"Autumn","G-coded","male","2",35.34,"31-42",FALSE,FALSE,FALSE,FALSE,FALSE,FALSE,FALSE,FALSE,FALSE,FALSE,1,1,"singleton",0,0,0,0,0,0,0,0,0,0,0,10,"Reference range"
"212387",92.7,4,2023-10-07,"854282维利纳诺",44.8,"G9612",NA,NA,7559,"2023",10,"Autumn",2016-01-07,2018-10-02,60.1612903225806,FALSE,"2016",1,"Winter","G-coded","male","4",92.7,">60",FALSE,FALSE,FALSE,FALSE,FALSE,FALSE,FALSE,FALSE,FALSE,FALSE,1,1,"singleton",0,0,0,0,0,0,0,0,0,0,0,10,"Reference range"
"01161",66.86,4,2025-05-08,"22218621",43.4,"G52684","186756","61684",3020,"2025",5,"Spring",2019-10-08,2020-12-02,53.1935483870968,FALSE,"2019",10,"Autumn","G-coded","male","4",66.86,">60",FALSE,FALSE,FALSE,FALSE,FALSE,FALSE,FALSE,FALSE,FALSE,FALSE,1,1,"singleton",0,0,0,0,0,0,0,0,0,0,0,5,"Reference range"
"61791",118.38,6,2025-12-07,"41121286",44.8,"G53525",NA,NA,1398,"2025",12,"Winter",2016-02-07,2016-09-02,111.161290322581,FALSE,"2016",2,"Winter","G-coded","male","6",118.38,">60",FALSE,FALSE,FALSE,FALSE,FALSE,FALSE,FALSE,FALSE,FALSE,FALSE,1,1,"singleton",0,0,0,0,0,0,0,0,0,0,0,12,"Reference range"
"235467",28.67,1,2026-02-18,"41122916",41.2,"G62145","854282维利纳诺","62374",954,"2026",2,"Winter",2023-09-18,2024-02-02,24.5714285714286,FALSE,"2023",9,"Autumn","G-coded","male","1",28.67,"<=30",FALSE,FALSE,FALSE,FALSE,FALSE,FALSE,FALSE,FALSE,FALSE,FALSE,1,1,"singleton",0,0,0,0,0,0,0,0,0,0,0,2,"Reference range"
"00729",70.28,5,2025-04-14,"22218621",53.2,"G52566",NA,NA,3260,"2025",4,"Spring",2019-06-14,2020-09-02,55.4,FALSE,"2019",6,"Summer","G-coded","male","5",70.28,">60",FALSE,FALSE,FALSE,FALSE,FALSE,FALSE,FALSE,FALSE,FALSE,FALSE,1,1,"singleton",0,0,0,0,0,1,0,1,0,0,0,4,"Reference range"
"65003",90.57,5,2023-12-25,"FR7045049997",41.8,"G10099",NA,NA,7003,"2023",12,"Winter",2016-05-25,2018-12-02,60.741935483871,FALSE,"2016",5,"Spring","G-coded","male","5",90.57,">60",FALSE,FALSE,FALSE,FALSE,FALSE,FALSE,FALSE,FALSE,FALSE,FALSE,1,1,"singleton",0,0,0,0,0,0,0,0,0,0,0,12,"Reference range"
"801011",51.74,3,2023-04-01,"7402563907",46.3,"G8629","171350","61593",8751,"2023",4,"Spring",2018-12-01,2022-03-02,12.9677419354839,TRUE,"2018",12,"Winter","G-coded","male","3",51.74,"43-60",FALSE,FALSE,FALSE,FALSE,FALSE,FALSE,FALSE,FALSE,FALSE,FALSE,1,1,"singleton",0,0,0,0,0,0,0,0,0,0,0,4,"Reference range"
"01085",48.29,3,2023-10-05,"7402563907",42.5,"G9602","186756","70407",7576,"2023",10,"Autumn",2019-10-05,2022-07-02,15.0967741935484,FALSE,"2019",10,"Autumn","G-coded","male","3",48.29,"43-60",FALSE,FALSE,FALSE,FALSE,FALSE,FALSE,FALSE,FALSE,FALSE,FALSE,1,1,"singleton",0,0,0,0,0,0,0,0,0,0,0,10,"Reference range"
"201012",37.67,2,2023-02-22,"854773威吉吉",46.3,"G8373","189058","62337",9110,"2023",2,"Winter",2019-12-22,2023-05-02,-2.28571428571429,TRUE,"2019",12,"Winter","G-coded","male","2",37.67,"31-42",FALSE,FALSE,FALSE,FALSE,FALSE,FALSE,FALSE,FALSE,FALSE,FALSE,1,1,"singleton",0,0,0,0,0,0,0,0,0,0,0,2,"Reference range"
"235783",27.48,1,2026-03-13,"21219011",41.5,"G62256","865530狼血","201453",754,"2026",3,"Spring",2023-12-13,2024-04-02,23.3548387096774,FALSE,"2023",12,"Winter","G-coded","male","1",27.48,"<=30",FALSE,FALSE,FALSE,FALSE,FALSE,FALSE,FALSE,FALSE,FALSE,FALSE,1,1,"singleton",0,0,0,0,0,0,0,0,0,0,0,3,"Reference range"
"50530",117.36,8,2025-11-09,"21219011",41.8,"G53366",NA,NA,1700,"2025",11,"Autumn",2016-02-09,2016-10-02,109.233333333333,FALSE,"2016",2,"Winter","G-coded","male",">=7",117.36,">60",FALSE,FALSE,FALSE,FALSE,FALSE,FALSE,FALSE,FALSE,FALSE,FALSE,1,1,"singleton",0,0,0,0,0,0,0,0,0,0,0,11,"Reference range"
"213553",40.76,2,2025-03-04,"22220783",50.6,"G52352","606306","62172",3670,"2025",3,"Spring",2021-10-04,2023-02-02,25.0645161290323,FALSE,"2021",10,"Autumn","G-coded","male","2",40.76,"31-42",FALSE,FALSE,FALSE,FALSE,FALSE,FALSE,FALSE,FALSE,FALSE,FALSE,1,1,"singleton",0,0,0,0,0,0,0,0,0,0,0,3,"Reference range"
"800683",58.55,4,2023-08-13,"7402563907",50.4,"G9336",NA,NA,7909,"2023",8,"Summer",2018-09-13,2021-08-02,24.3548387096774,FALSE,"2018",9,"Autumn","G-coded","male","4",58.55,"43-60",FALSE,FALSE,FALSE,FALSE,FALSE,FALSE,FALSE,FALSE,FALSE,FALSE,1,1,"singleton",0,0,0,0,0,0,0,0,0,0,0,8,"Reference range"
"240014",27.15,1,2026-04-03,"41422157",43.4,"G62376L","865530狼血","213371",515,"2026",4,"Spring",2024-01-03,2024-04-02,24.0333333333333,FALSE,"2024",1,"Winter","G-coded","male","1",27.15,"<=30",FALSE,FALSE,FALSE,FALSE,FALSE,FALSE,FALSE,FALSE,FALSE,FALSE,1,1,"singleton",0,0,0,0,0,0,0,0,0,0,0,4,"Reference range"
"212420",26.1,1,2024-03-04,"862025瓦特罗",53.5,"G40424","180781","00329",6238,"2024",3,"Spring",2022-01-04,2024-05-02,-1.93548387096774,TRUE,"2022",1,"Winter","G-coded","male","1",26.1,"<=30",FALSE,FALSE,FALSE,FALSE,FALSE,FALSE,FALSE,FALSE,FALSE,FALSE,1,1,"singleton",0,0,0,0,0,1,0,1,0,0,0,3,"Reference range"
"234537",23.64,1,2025-03-22,"427059",46.5,"G52453",NA,NA,3482,"2025",3,"Spring",2023-03-22,2024-07-02,8.64516129032258,TRUE,"2023",3,"Spring","G-coded","male","1",23.64,"<=30",FALSE,FALSE,FALSE,FALSE,FALSE,FALSE,FALSE,FALSE,FALSE,FALSE,1,1,"singleton",0,0,0,0,0,0,0,0,0,0,0,3,"Reference range"
"62404",85.63,5,2023-03-27,"871041文尼哥",45.3,"G8602",NA,NA,8789,"2023",3,"Spring",2016-01-27,2019-05-02,46.8064516129032,FALSE,"2016",1,"Winter","G-coded","male","5",85.63,">60",FALSE,FALSE,FALSE,FALSE,FALSE,FALSE,FALSE,FALSE,FALSE,FALSE,1,1,"singleton",0,0,0,0,0,0,0,0,0,0,0,3,"Reference range"
"201553",50.92,3,2024-07-19,"171206",39.5,"G40923","606244","800367",5340,"2024",7,"Summer",2020-04-19,2022-04-02,27.5483870967742,FALSE,"2020",4,"Spring","G-coded","male","3",50.92,"43-60",FALSE,FALSE,FALSE,FALSE,FALSE,FALSE,FALSE,FALSE,FALSE,FALSE,1,1,"singleton",0,0,0,0,1,0,0,0,0,0,0,7,"Reference range"
"234448",24.62,1,2025-04-07,"427151",45.6,"G52531","871041文尼哥","201338",3321,"2025",4,"Spring",2023-03-07,2024-06-02,10.1666666666667,TRUE,"2023",3,"Spring","G-coded","male","1",24.62,"<=30",FALSE,FALSE,FALSE,FALSE,FALSE,FALSE,FALSE,FALSE,FALSE,FALSE,1,1,"singleton",0,0,0,0,0,0,0,0,0,0,0,4,"Reference range"
"70015",87.08,6,2024-04-04,"862025瓦特罗",44.3,"G40601",NA,NA,5941,"2024",4,"Spring",2017-01-04,2019-04-02,60.0666666666667,FALSE,"2017",1,"Winter","G-coded","male","6",87.08,">60",FALSE,FALSE,FALSE,FALSE,FALSE,FALSE,FALSE,FALSE,FALSE,FALSE,1,1,"singleton",0,0,0,0,0,0,0,0,0,0,0,4,"Reference range"
"65088",97.24,5,2024-08-24,"15620128",42.5,"G41023",NA,NA,5144,"2024",8,"Summer",2016-07-24,2018-06-02,74.7096774193548,FALSE,"2016",7,"Summer","G-coded","male","5",97.24,">60",FALSE,FALSE,FALSE,FALSE,FALSE,FALSE,FALSE,FALSE,FALSE,FALSE,1,1,"singleton",0,0,0,0,0,0,0,0,0,0,0,8,"Reference range"
"201531",36.36,2,2023-04-30,"871041文尼哥",46.3,"G8787","606244","62618",8510,"2023",4,"Spring",2020-04-30,2023-07-02,-2.06666666666667,TRUE,"2020",4,"Spring","G-coded","male","2",36.36,"31-42",FALSE,FALSE,FALSE,FALSE,FALSE,FALSE,FALSE,FALSE,FALSE,FALSE,1,1,"singleton",0,0,0,0,0,0,0,0,0,0,0,4,"Reference range"
"235690",29.55,1,2026-05-02,"41422157",39.6,"G62468","854282维利纳诺","62301",306,"2026",5,"Spring",2023-11-02,2024-01-02,28,FALSE,"2023",11,"Autumn","G-coded","male","1",29.55,"<=30",FALSE,FALSE,FALSE,FALSE,FALSE,FALSE,FALSE,FALSE,FALSE,FALSE,1,1,"singleton",0,0,0,0,1,0,0,0,0,0,0,5,"Reference range"
"800594",83.33,5,2025-08-10,"41121260",43.7,"G53015","171350","40099",2366,"2025",8,"Summer",2018-09-10,2019-08-02,72.258064516129,FALSE,"2018",9,"Autumn","G-coded","male","5",83.33,">60",FALSE,FALSE,FALSE,FALSE,FALSE,FALSE,FALSE,FALSE,FALSE,FALSE,1,1,"singleton",0,0,0,0,0,0,0,0,0,0,0,8,"Reference range"
"224114",37.64,2,2025-03-07,"22220783",49.3,"G41434","871041","50332",3646,"2025",3,"Spring",2022-01-07,2023-05-02,22.1612903225806,FALSE,"2022",1,"Winter","G-coded","male","2",37.64,"31-42",FALSE,FALSE,FALSE,FALSE,FALSE,FALSE,FALSE,FALSE,FALSE,FALSE,1,1,"singleton",0,0,0,0,0,0,0,0,0,0,0,3,"Reference range"
"201597L",51.48,3,2024-08-14,"171206",39.3,"G40999",NA,NA,5193,"2024",8,"Summer",2020-05-14,2022-04-02,28.3870967741935,FALSE,"2020",5,"Spring","G-coded","male","3",51.48,"43-60",FALSE,FALSE,FALSE,FALSE,FALSE,FALSE,FALSE,FALSE,FALSE,FALSE,1,1,"singleton",0,0,0,0,1,0,0,0,0,0,0,8,"Reference range"
"61441",119.2,6,2026-01-25,"65123650",51.8,"G62064",NA,NA,1096,"2026",1,"Winter",2016-02-25,2016-08-02,113.741935483871,FALSE,"2016",2,"Winter","G-coded","male","6",119.2,">60",FALSE,FALSE,FALSE,FALSE,FALSE,FALSE,FALSE,FALSE,FALSE,FALSE,1,1,"singleton",0,0,0,0,0,0,0,0,0,0,0,1,"Reference range"
"62303",86.26,5,2023-04-27,"871041文尼哥",45.2,"G8774",NA,NA,8533,"2023",4,"Spring",2016-02-27,2019-05-02,47.8333333333333,FALSE,"2016",2,"Winter","G-coded","male","5",86.26,">60",FALSE,FALSE,FALSE,FALSE,FALSE,FALSE,FALSE,FALSE,FALSE,FALSE,1,1,"singleton",0,0,0,0,0,0,0,0,0,0,0,4,"Reference range"
"213550",40.24,2,2025-04-23,"427133",46,"G52604",NA,NA,3178,"2025",4,"Spring",2021-12-23,2023-03-02,25.7,FALSE,"2021",12,"Winter","G-coded","male","2",40.24,"31-42",FALSE,FALSE,FALSE,FALSE,FALSE,FALSE,FALSE,FALSE,FALSE,FALSE,1,1,"singleton",0,0,0,0,0,0,0,0,0,0,0,4,"Reference range"
"234256",26.92,1,2025-05-17,"22218621",41.2,"G52730","854773威吉吉","62148",2928,"2025",5,"Spring",2023-02-17,2024-04-02,13.4838709677419,TRUE,"2023",2,"Winter","G-coded","male","1",26.92,"<=30",FALSE,FALSE,FALSE,FALSE,FALSE,FALSE,FALSE,FALSE,FALSE,FALSE,1,1,"singleton",0,0,0,0,0,0,0,0,0,0,0,5,"Reference range"
"70737",62.36,4,2023-02-24,"871041文尼哥",46.2,"G8384",NA,NA,9093,"2023",2,"Winter",2017-12-24,2021-05-02,21.7857142857143,FALSE,"2017",12,"Winter","G-coded","male","4",62.36,">60",FALSE,FALSE,FALSE,FALSE,FALSE,FALSE,FALSE,FALSE,FALSE,FALSE,1,1,"singleton",0,0,0,0,0,0,0,0,0,0,0,2,"Reference range"
"212525",40.07,2,2025-05-12,"22218621",48.4,"G52706",NA,NA,2975,"2025",5,"Spring",2022-01-12,2023-03-02,26.3225806451613,FALSE,"2022",1,"Winter","G-coded","male","2",40.07,"31-42",FALSE,FALSE,FALSE,FALSE,FALSE,FALSE,FALSE,FALSE,FALSE,FALSE,1,1,"singleton",0,0,0,0,0,0,0,0,0,0,0,5,"Reference range"
"212553",47.83,2,2025-03-22,"427151",44.2,"G52452",NA,NA,3475,"2025",3,"Spring",2021-03-22,2022-07-02,32.6451612903226,FALSE,"2021",3,"Spring","G-coded","male","2",47.83,"43-60",FALSE,FALSE,FALSE,FALSE,FALSE,FALSE,FALSE,FALSE,FALSE,FALSE,1,1,"singleton",0,0,0,0,0,0,0,0,0,0,0,3,"Reference range"
"61875",120.09,7,2026-01-23,"21219011",45.2,"G62061",NA,NA,1103,"2026",1,"Winter",2016-01-23,2016-07-02,114.677419354839,FALSE,"2016",1,"Winter","G-coded","male",">=7",120.09,">60",FALSE,FALSE,FALSE,FALSE,FALSE,FALSE,FALSE,FALSE,FALSE,FALSE,1,1,"singleton",0,0,0,0,0,0,0,0,0,0,0,1,"Reference range"
"202075",56.57,4,2025-05-24,"427133",50,"G52755",NA,NA,2872,"2025",5,"Spring",2020-08-24,2021-10-02,43.7096774193548,FALSE,"2020",8,"Summer","G-coded","male","4",56.57,"43-60",FALSE,FALSE,FALSE,FALSE,FALSE,FALSE,FALSE,FALSE,FALSE,FALSE,1,1,"singleton",0,0,0,0,0,0,0,0,0,0,0,5,"Reference range"
"800438",82.05,6,2025-04-16,"22218621",48.8,"G52573",NA,NA,3249,"2025",4,"Spring",2018-06-16,2019-09-02,67.4666666666667,FALSE,"2018",6,"Summer","G-coded","male","6",82.05,">60",FALSE,FALSE,FALSE,FALSE,FALSE,FALSE,FALSE,FALSE,FALSE,FALSE,1,1,"singleton",0,0,0,0,0,0,0,0,0,0,0,4,"Reference range"
"70535",105.39,7,2026-06-04,"41120238",40.8,"G62573",NA,NA,108,"2026",6,"Summer",2017-09-04,2017-10-02,104.066666666667,FALSE,"2017",9,"Autumn","G-coded","male",">=7",105.39,">60",FALSE,FALSE,FALSE,FALSE,FALSE,FALSE,FALSE,FALSE,FALSE,FALSE,1,1,"singleton",0,0,0,0,0,0,0,0,0,0,0,6,"Reference range"
"61261",122.91,7,2026-05-14,"65123650",43.2,"G62494",NA,NA,254,"2026",5,"Spring",2016-02-14,2016-04-02,121.387096774194,FALSE,"2016",2,"Winter","G-coded","male",">=7",122.91,">60",FALSE,FALSE,FALSE,FALSE,FALSE,FALSE,FALSE,FALSE,FALSE,FALSE,1,1,"singleton",0,0,0,0,0,0,0,0,0,0,0,5,"Reference range"
"212498",24.29,1,2023-02-09,"13218239",47.3,"G8298",NA,NA,9233,"2023",2,"Winter",2021-02-09,2024-07-02,-16.75,TRUE,"2021",2,"Winter","G-coded","male","1",24.29,"<=30",FALSE,FALSE,FALSE,FALSE,FALSE,FALSE,FALSE,FALSE,FALSE,FALSE,1,1,"singleton",0,0,0,0,0,0,0,0,0,0,0,2,"Reference range"
"201286",36.03,2,2023-03-09,"854773威吉吉",45.2,"G8471","606244","62055",8969,"2023",3,"Spring",2020-03-09,2023-07-02,-3.7741935483871,TRUE,"2020",3,"Spring","G-coded","male","2",36.03,"31-42",FALSE,FALSE,FALSE,FALSE,FALSE,FALSE,FALSE,FALSE,FALSE,FALSE,1,1,"singleton",0,0,0,0,0,0,0,0,0,0,0,3,"Reference range"
"H800816",111.47,8,2025-05-22,"22218621",47.6,"G52750",NA,NA,2884,"2025",5,"Spring",2016-02-22,2017-04-02,97.6451612903226,FALSE,"2016",2,"Winter","G-coded","male",">=7",111.47,">60",FALSE,FALSE,FALSE,FALSE,FALSE,FALSE,FALSE,FALSE,FALSE,FALSE,1,1,"singleton",0,0,0,0,0,0,0,0,0,0,0,5,"Reference range"
"70609",79.26,4,2024-05-24,"22220785",48.4,"G40745",NA,NA,5614,"2024",5,"Spring",2017-10-24,2019-12-02,53.7096774193548,FALSE,"2017",10,"Autumn","G-coded","male","4",79.26,">60",FALSE,FALSE,FALSE,FALSE,FALSE,FALSE,FALSE,FALSE,FALSE,FALSE,1,1,"singleton",0,0,0,0,0,0,0,0,0,0,0,5,"Reference range"
"201302",73.41,5,2026-04-20,"21219011",50.8,"G62435",NA,NA,382,"2026",4,"Spring",2020-03-20,2020-06-02,70.6,FALSE,"2020",3,"Spring","G-coded","male","5",73.41,">60",FALSE,FALSE,FALSE,FALSE,FALSE,FALSE,FALSE,FALSE,FALSE,FALSE,1,1,"singleton",0,0,0,0,0,0,0,0,0,0,0,4,"Reference range"
"202535",26.96,1,2023-02-22,"22217315",47.1,"G8372","163940","800960",9109,"2023",2,"Winter",2020-11-22,2024-04-02,-13.2857142857143,TRUE,"2020",11,"Autumn","G-coded","male","1",26.96,"<=30",FALSE,FALSE,FALSE,FALSE,FALSE,FALSE,FALSE,FALSE,FALSE,FALSE,1,1,"singleton",0,0,0,0,0,0,0,0,0,0,0,2,"Reference range"
"H60573",88.4,5,2023-06-09,"41418182",44.2,"G9002",NA,NA,8266,"2023",6,"Summer",2016-02-09,2019-03-02,51.2333333333333,FALSE,"2016",2,"Winter","G-coded","male","5",88.4,">60",FALSE,FALSE,FALSE,FALSE,FALSE,FALSE,FALSE,FALSE,FALSE,FALSE,1,1,"singleton",0,0,0,0,0,0,0,0,0,0,0,6,"Reference range"
"60257",99.18,7,2024-07-23,"171206",41.8,"G40941",NA,NA,5310,"2024",7,"Summer",2016-04-23,2018-04-02,75.6774193548387,FALSE,"2016",4,"Spring","G-coded","male",">=7",99.18,">60",FALSE,FALSE,FALSE,FALSE,FALSE,FALSE,FALSE,FALSE,FALSE,FALSE,1,1,"singleton",0,0,0,0,0,0,0,0,0,0,0,7,"Reference range"
"H202560",85.24,6,2024-03-15,"862025瓦特罗",47.2,"G40492",NA,NA,6105,"2024",3,"Spring",2017-02-15,2019-06-02,57.4193548387097,FALSE,"2017",2,"Winter","G-coded","male","6",85.24,">60",FALSE,FALSE,FALSE,FALSE,FALSE,FALSE,FALSE,FALSE,FALSE,FALSE,1,1,"singleton",0,0,0,0,0,0,0,0,0,0,0,3,"Reference range"
"234598",23.64,1,2025-04-02,"22220783",46.2,"G52504","871041文尼哥","BU13025",3366,"2025",4,"Spring",2023-04-02,2024-07-02,9,TRUE,"2023",4,"Spring","G-coded","male","1",23.64,"<=30",FALSE,FALSE,FALSE,FALSE,FALSE,FALSE,FALSE,FALSE,FALSE,FALSE,1,1,"singleton",0,0,0,0,0,0,0,0,0,0,0,4,"Reference range"
"235575",29.26,1,2026-04-03,"41422157",52.6,"G62375","854282维利纳诺","62104",514,"2026",4,"Spring",2023-11-03,2024-02-02,26.0333333333333,FALSE,"2023",11,"Autumn","G-coded","male","1",29.26,"<=30",FALSE,FALSE,FALSE,FALSE,FALSE,FALSE,FALSE,FALSE,FALSE,FALSE,1,1,"singleton",0,0,0,0,0,0,0,1,0,0,0,4,"Reference range"
"213017",25.02,1,2023-07-10,"XM-22218621",50.7,"G9143","606306","62823",8127,"2023",7,"Summer",2021-06-10,2024-06-02,-10.741935483871,TRUE,"2021",6,"Summer","G-coded","male","1",25.02,"<=30",FALSE,FALSE,FALSE,FALSE,FALSE,FALSE,FALSE,FALSE,FALSE,FALSE,1,1,"singleton",0,0,0,0,0,0,0,0,0,0,0,7,"Reference range"
"212863",59.11,4,2026-04-12,"21219011",54.3,"G62406","186967","L20023",441,"2026",4,"Spring",2021-05-12,2021-08-02,56.3333333333333,FALSE,"2021",5,"Spring","G-coded","male","4",59.11,"43-60",FALSE,FALSE,FALSE,FALSE,FALSE,FALSE,FALSE,FALSE,FALSE,FALSE,1,1,"singleton",0,0,0,0,0,1,0,1,0,0,0,4,"Reference range"
"01127",55.52,2,2024-05-20,"22220785",50,"G40746","186756","70456",5633,"2024",5,"Spring",2019-09-20,2021-11-02,30.5806451612903,FALSE,"2019",9,"Autumn","G-coded","male","2",55.52,"43-60",FALSE,FALSE,FALSE,FALSE,FALSE,FALSE,FALSE,FALSE,FALSE,FALSE,1,1,"singleton",0,0,0,0,0,0,0,0,0,0,0,5,"Reference range"
"61869",92.93,3,2024-05-01,"22220785",50.4,"G40683",NA,NA,5760,"2024",5,"Spring",2016-08-01,2018-10-02,66.9666666666667,FALSE,"2016",8,"Summer","G-coded","male","3",92.93,">60",FALSE,FALSE,FALSE,FALSE,FALSE,FALSE,FALSE,FALSE,FALSE,FALSE,1,1,"singleton",0,0,0,0,0,0,0,0,0,0,0,5,"Reference range"
"70434",93.66,6,2025-04-14,"427133",40.8,"G52563",NA,NA,3262,"2025",4,"Spring",2017-06-14,2018-09-02,79.4,FALSE,"2017",6,"Summer","G-coded","male","6",93.66,">60",FALSE,FALSE,FALSE,FALSE,FALSE,FALSE,FALSE,FALSE,FALSE,FALSE,1,1,"singleton",0,0,0,0,0,0,0,0,0,0,0,4,"Reference range"
"224177",39.45,2,2025-05-14,"427133",40.4,"G52709","871041","800986",2957,"2025",5,"Spring",2022-02-14,2023-04-02,25.3870967741935,FALSE,"2022",2,"Winter","G-coded","male","2",39.45,"31-42",FALSE,FALSE,FALSE,FALSE,FALSE,FALSE,FALSE,FALSE,FALSE,FALSE,1,1,"singleton",0,0,0,0,0,0,0,0,0,0,0,5,"Reference range"
"61832",100.92,7,2024-06-06,"863025",52.5,"G40806",NA,NA,5511,"2024",6,"Summer",2016-01-06,2018-02-02,76.1333333333333,FALSE,"2016",1,"Winter","G-coded","male",">=7",100.92,">60",FALSE,FALSE,FALSE,FALSE,FALSE,FALSE,FALSE,FALSE,FALSE,FALSE,1,1,"singleton",0,0,0,0,0,0,0,1,0,0,0,6,"Reference range"
"235214",25.21,1,2025-09-20,"15618075",46.4,"G53144",NA,"213073",2142,"2025",9,"Autumn",2023-08-20,2024-06-02,15.6,FALSE,"2023",8,"Summer","G-coded","male","1",25.21,"<=30",FALSE,FALSE,FALSE,FALSE,FALSE,FALSE,FALSE,FALSE,FALSE,FALSE,1,1,"singleton",0,0,0,0,0,0,0,0,0,0,0,9,"Reference range"
"800550",62.59,4,2023-10-25,"854282维利纳诺",48.6,"G9682",NA,NA,7468,"2023",10,"Autumn",2018-07-25,2021-04-02,30.741935483871,FALSE,"2018",7,"Summer","G-coded","male","4",62.59,">60",FALSE,FALSE,FALSE,FALSE,FALSE,FALSE,FALSE,FALSE,FALSE,FALSE,1,1,"singleton",0,0,0,0,0,0,0,0,0,0,0,10,"Reference range"
"217009",46.61,2,2026-04-06,"41120238",49.2,"G62389L","606045","00078",486,"2026",4,"Spring",2022-05-06,2022-08-02,44.1333333333333,FALSE,"2022",5,"Spring","G-coded","male","2",46.61,"43-60",FALSE,FALSE,FALSE,FALSE,FALSE,FALSE,FALSE,FALSE,FALSE,FALSE,1,1,"singleton",0,0,0,0,0,0,0,0,0,0,0,4,"Reference range"
"62388",85.67,5,2023-04-09,"871041文尼哥",50.6,"G8680",NA,NA,8669,"2023",4,"Spring",2016-02-09,2019-05-02,47.2333333333333,FALSE,"2016",2,"Winter","G-coded","male","5",85.67,">60",FALSE,FALSE,FALSE,FALSE,FALSE,FALSE,FALSE,FALSE,FALSE,FALSE,1,1,"singleton",0,0,0,0,0,0,0,0,0,0,0,4,"Reference range"
"61820",88.13,4,2023-05-31,"854773威吉吉",45.3,"G8946",NA,NA,8336,"2023",5,"Spring",2016-01-31,2019-03-02,50.9354838709677,FALSE,"2016",1,"Winter","G-coded","male","4",88.13,">60",FALSE,FALSE,FALSE,FALSE,FALSE,FALSE,FALSE,FALSE,FALSE,FALSE,1,1,"singleton",0,0,0,0,0,0,0,0,0,0,0,5,"Reference range"
"61630",89.84,4,2023-08-02,"854282维利纳诺",52.2,"G9287",NA,NA,7968,"2023",8,"Summer",2016-02-02,2019-01-02,55,FALSE,"2016",2,"Winter","G-coded","male","4",89.84,">60",FALSE,FALSE,FALSE,FALSE,FALSE,FALSE,FALSE,FALSE,FALSE,FALSE,1,1,"singleton",0,0,0,0,0,0,0,0,0,0,0,8,"Reference range"
"240553",24.62,1,2026-04-14,"41120238",46.3,"G62416","15220255","202339",430,"2026",4,"Spring",2024-03-14,2024-06-02,22.4,FALSE,"2024",3,"Spring","G-coded","male","1",24.62,"<=30",FALSE,FALSE,FALSE,FALSE,FALSE,FALSE,FALSE,FALSE,FALSE,FALSE,1,1,"singleton",0,0,0,0,0,0,0,0,0,0,0,4,"Reference range"
"950112",57.53,4,2024-03-15,"862025瓦特罗",43.5,"G40493",NA,NA,6106,"2024",3,"Spring",2019-05-15,2021-09-02,30.4193548387097,FALSE,"2019",5,"Spring","G-coded","male","4",57.53,"43-60",FALSE,FALSE,FALSE,FALSE,FALSE,FALSE,FALSE,FALSE,FALSE,FALSE,1,1,"singleton",0,0,0,0,0,0,0,0,0,0,0,3,"Reference range"
"202349",102.27,6,2023-11-26,"854400西部公园",37.8,"G9875","163940","800734",7283,"2023",11,"Autumn",2015-05-26,2018-01-02,70.8,FALSE,"2015",5,"Spring","G-coded","male","6",102.27,">60",FALSE,FALSE,FALSE,FALSE,FALSE,FALSE,FALSE,FALSE,FALSE,FALSE,1,1,"singleton",0,0,0,0,1,0,0,0,0,0,0,11,"Reference range"
"213358",28.44,1,2024-01-21,"865530狼血",42.6,"G40106",NA,NA,6786,"2024",1,"Winter",2021-09-21,2024-03-02,-1.38709677419355,TRUE,"2021",9,"Autumn","G-coded","male","1",28.44,"<=30",FALSE,FALSE,FALSE,FALSE,FALSE,FALSE,FALSE,FALSE,FALSE,FALSE,1,1,"singleton",0,0,0,0,0,0,0,0,0,0,0,1,"Reference range"
"60494",89.55,6,2024-03-27,"862025瓦特罗",45.6,"G40560",NA,NA,6005,"2024",3,"Spring",2016-09-27,2019-01-02,62.8064516129032,FALSE,"2016",9,"Autumn","G-coded","male","6",89.55,">60",FALSE,FALSE,FALSE,FALSE,FALSE,FALSE,FALSE,FALSE,FALSE,FALSE,1,1,"singleton",0,0,0,0,0,0,0,0,0,0,0,3,"Reference range"
"201729L",24.59,1,2023-01-22,"854282维利纳诺",46.5,"G8118",NA,NA,9340,"2023",1,"Winter",2020-12-22,2024-06-02,-16.3548387096774,TRUE,"2020",12,"Winter","G-coded","male","1",24.59,"<=30",FALSE,FALSE,FALSE,FALSE,FALSE,FALSE,FALSE,FALSE,FALSE,FALSE,1,1,"singleton",0,0,0,0,0,0,0,0,0,0,0,1,"Reference range"
"202349",59.86,8,2025-10-22,"41121286",49.8,"G53285","163940","800734",1872,"2025",10,"Autumn",2020-10-22,2021-07-02,51.6451612903226,FALSE,"2020",10,"Autumn","G-coded","male",">=7",59.86,"43-60",FALSE,FALSE,FALSE,FALSE,FALSE,FALSE,FALSE,FALSE,FALSE,FALSE,1,1,"singleton",0,0,0,0,0,0,0,0,0,0,0,10,"Reference range"
"62033",117.03,7,2025-10-04,"15620193",44.2,"G53214L",NA,NA,2010,"2025",10,"Autumn",2016-01-04,2016-10-02,108.064516129032,FALSE,"2016",1,"Winter","G-coded","male",">=7",117.03,">60",FALSE,FALSE,FALSE,FALSE,FALSE,FALSE,FALSE,FALSE,FALSE,FALSE,1,1,"singleton",0,0,0,0,0,0,0,0,0,0,0,10,"Reference range"
"224177",24.16,1,2024-02-04,"862025瓦特罗",40.6,"G40194","871041","800986",6631,"2024",2,"Winter",2022-02-04,2024-07-02,-4.93103448275862,TRUE,"2022",2,"Winter","G-coded","male","1",24.16,"<=30",FALSE,FALSE,FALSE,FALSE,FALSE,FALSE,FALSE,FALSE,FALSE,FALSE,1,1,"singleton",0,0,0,0,0,0,0,0,0,0,0,2,"Reference range"
"201377",61.28,4,2025-05-02,"427133",41.8,"G52648","606244","800053",3077,"2025",5,"Spring",2020-04-02,2021-06-02,47,FALSE,"2020",4,"Spring","G-coded","male","4",61.28,">60",FALSE,FALSE,FALSE,FALSE,FALSE,FALSE,FALSE,FALSE,FALSE,FALSE,1,1,"singleton",0,0,0,0,0,0,0,0,0,0,0,5,"Reference range"
"800091",99.87,6,2026-06-18,"41121286",50.6,"G62602",NA,NA,25,"2026",6,"Summer",2018-02-18,2018-03-02,99.5333333333333,FALSE,"2018",2,"Winter","G-coded","male","6",99.87,">60",FALSE,FALSE,FALSE,FALSE,FALSE,FALSE,FALSE,FALSE,FALSE,FALSE,1,1,"singleton",0,0,0,0,0,0,0,0,0,0,0,6,"Reference range"
"224239",38.76,2,2025-05-07,"22218621",53.2,"G52681",NA,NA,3033,"2025",5,"Spring",2022-02-07,2023-04-02,25.1612903225806,FALSE,"2022",2,"Winter","G-coded","male","2",38.76,"31-42",FALSE,FALSE,FALSE,FALSE,FALSE,FALSE,FALSE,FALSE,FALSE,FALSE,1,1,"singleton",0,0,0,0,0,1,0,1,0,0,0,5,"Reference range"
"11357",47.17,2,2023-10-19,"854282维利纳诺",45.6,"G9659",NA,NA,7501,"2023",10,"Autumn",2019-11-19,2022-08-02,14.5483870967742,TRUE,"2019",11,"Autumn","G-coded","male","2",47.17,"43-60",FALSE,FALSE,FALSE,FALSE,FALSE,FALSE,FALSE,FALSE,FALSE,FALSE,1,1,"singleton",0,0,0,0,0,0,0,0,0,0,0,10,"Reference range"
"212864",28.27,1,2023-09-18,"865530狼血",44.3,"G9527",NA,NA,7672,"2023",9,"Autumn",2021-05-18,2024-03-02,-5.46666666666667,TRUE,"2021",5,"Spring","G-coded","male","1",28.27,"<=30",FALSE,FALSE,FALSE,FALSE,FALSE,FALSE,FALSE,FALSE,FALSE,FALSE,1,1,"singleton",0,0,0,0,0,0,0,0,0,0,0,9,"Reference range"
"235534",28.67,1,2026-03-08,"65123670",43.7,"G62237","854282维利纳诺","202343",786,"2026",3,"Spring",2023-10-08,2024-02-02,25.1935483870968,FALSE,"2023",10,"Autumn","G-coded","male","1",28.67,"<=30",FALSE,FALSE,FALSE,FALSE,FALSE,FALSE,FALSE,FALSE,FALSE,FALSE,1,1,"singleton",0,0,0,0,0,0,0,0,0,0,0,3,"Reference range"
"70282",77.94,5,2023-10-21,"854282维利纳诺",47.5,"G9668",NA,NA,7489,"2023",10,"Autumn",2017-04-21,2020-01-02,45.6129032258064,FALSE,"2017",4,"Spring","G-coded","male","5",77.94,">60",FALSE,FALSE,FALSE,FALSE,FALSE,FALSE,FALSE,FALSE,FALSE,FALSE,1,1,"singleton",0,0,0,0,0,0,0,0,0,0,0,10,"Reference range"
"201752",61.93,4,2025-07-31,"22121105",42.2,"G52988","865530","70157",2421,"2025",7,"Summer",2020-05-31,2021-05-02,50.9354838709677,FALSE,"2020",5,"Spring","G-coded","male","4",61.93,">60",FALSE,FALSE,FALSE,FALSE,FALSE,FALSE,FALSE,FALSE,FALSE,FALSE,1,1,"singleton",0,0,0,0,0,0,0,0,0,0,0,7,"Reference range"
"95105",70.68,5,2025-09-14,"15618075",53.5,"G53121",NA,NA,2180,"2025",9,"Autumn",2019-10-14,2020-08-02,61.4,FALSE,"2019",10,"Autumn","G-coded","male","5",70.68,">60",FALSE,FALSE,FALSE,FALSE,FALSE,FALSE,FALSE,FALSE,FALSE,FALSE,1,1,"singleton",0,0,0,0,0,1,0,1,0,0,0,9,"Reference range"
"213172",53.55,3,2026-01-16,"41121286",45.5,"G62043",NA,"00918",1143,"2026",1,"Winter",2021-07-16,2022-01-02,48.4516129032258,FALSE,"2021",7,"Summer","G-coded","male","3",53.55,"43-60",FALSE,FALSE,FALSE,FALSE,FALSE,FALSE,FALSE,FALSE,FALSE,FALSE,1,1,"singleton",0,0,0,0,0,0,0,0,0,0,0,1,"Reference range"
"00658",78.01,4,2025-11-22,"21219011",43.3,"G53447",NA,NA,1565,"2025",11,"Autumn",2019-05-22,2020-01-02,70.6666666666667,FALSE,"2019",5,"Spring","G-coded","male","4",78.01,">60",FALSE,FALSE,FALSE,FALSE,FALSE,FALSE,FALSE,FALSE,FALSE,FALSE,1,1,"singleton",0,0,0,0,0,0,0,0,0,0,0,11,"Reference range"
"235445",31.36,1,2026-05-06,"41419139",50.2,"G62477","854282维利纳诺","202244",292,"2026",5,"Spring",2023-10-06,2023-12-02,29.1290322580645,FALSE,"2023",10,"Autumn","G-coded","male","1",31.36,"31-42",FALSE,FALSE,FALSE,FALSE,FALSE,FALSE,FALSE,FALSE,FALSE,FALSE,1,1,"singleton",0,0,0,0,0,0,0,0,0,0,0,5,"Reference range"
"202448",36.42,2,2023-11-19,"FR2545422137",45,"G9843",NA,NA,7327,"2023",11,"Autumn",2020-11-19,2023-07-02,4.56666666666667,TRUE,"2020",11,"Autumn","G-coded","male","2",36.42,"31-42",FALSE,FALSE,FALSE,FALSE,FALSE,FALSE,FALSE,FALSE,FALSE,FALSE,1,1,"singleton",0,0,0,0,0,0,0,0,0,0,0,11,"Reference range"
"61378",96.02,6,2024-02-17,"862025瓦特罗",52.4,"G40296",NA,NA,6464,"2024",2,"Winter",2016-02-17,2018-07-02,67.5172413793103,FALSE,"2016",2,"Winter","G-coded","male","6",96.02,">60",FALSE,FALSE,FALSE,FALSE,FALSE,FALSE,FALSE,FALSE,FALSE,FALSE,1,1,"singleton",0,0,0,0,0,0,0,0,0,0,0,2,"Reference range"
"234835",35.9,2,2026-05-30,"41120238",42.8,"G62559","854773威吉吉","00604",136,"2026",5,"Spring",2023-05-30,2023-07-02,34.9032258064516,FALSE,"2023",5,"Spring","G-coded","male","2",35.9,"31-42",FALSE,FALSE,FALSE,FALSE,FALSE,FALSE,FALSE,FALSE,FALSE,FALSE,1,1,"singleton",0,0,0,0,0,0,0,0,0,0,0,5,"Reference range"
"H212598",58.45,4,2023-11-09,"854282维利纳诺",44.4,"G9781","171790","41009",7384,"2023",11,"Autumn",2019-01-09,2021-09-02,26.2333333333333,FALSE,"2019",1,"Winter","G-coded","male","4",58.45,"43-60",FALSE,FALSE,FALSE,FALSE,FALSE,FALSE,FALSE,FALSE,FALSE,FALSE,1,1,"singleton",0,0,0,0,0,0,0,0,0,0,0,11,"Reference range"
"213264",25.25,1,2023-12-16,"865530狼血",39.6,"G10019",NA,NA,7129,"2023",12,"Winter",2021-11-16,2024-06-02,-5.54838709677419,TRUE,"2021",11,"Autumn","G-coded","male","1",25.25,"<=30",FALSE,FALSE,FALSE,FALSE,FALSE,FALSE,FALSE,FALSE,FALSE,FALSE,1,1,"singleton",0,0,0,0,1,0,0,0,0,0,0,12,"Reference range"
"800656",69.3,5,2024-06-30,"22220785",47.5,"G40874",NA,NA,5382,"2024",6,"Summer",2018-09-30,2020-10-02,44.9333333333333,FALSE,"2018",9,"Autumn","G-coded","male","5",69.3,">60",FALSE,FALSE,FALSE,FALSE,FALSE,FALSE,FALSE,FALSE,FALSE,FALSE,1,1,"singleton",0,0,0,0,0,0,0,0,0,0,0,6,"Reference range"
"H213234",52.7,3,2026-01-06,"21219011",54.2,"G62012","603268","60718",1190,"2026",1,"Winter",2021-08-06,2022-02-02,47.1290322580645,FALSE,"2021",8,"Summer","G-coded","male","3",52.7,"43-60",FALSE,FALSE,FALSE,FALSE,FALSE,FALSE,FALSE,FALSE,FALSE,FALSE,1,1,"singleton",0,0,0,0,0,1,0,1,0,0,0,1,"Reference range"
"213402",50.59,3,2025-12-04,"21219011",51.8,"G53507",NA,NA,1444,"2025",12,"Winter",2021-09-04,2022-04-02,44.0645161290323,FALSE,"2021",9,"Autumn","G-coded","male","3",50.59,"43-60",FALSE,FALSE,FALSE,FALSE,FALSE,FALSE,FALSE,FALSE,FALSE,FALSE,1,1,"singleton",0,0,0,0,0,0,0,0,0,0,0,12,"Reference range"
"65043",81.76,3,2023-02-02,"871041文尼哥",41.6,"G8266",NA,NA,9272,"2023",2,"Winter",2016-04-02,2019-09-02,41,FALSE,"2016",4,"Spring","G-coded","male","3",81.76,">60",FALSE,FALSE,FALSE,FALSE,FALSE,FALSE,FALSE,FALSE,FALSE,FALSE,1,1,"singleton",0,0,0,0,0,0,0,0,0,0,0,2,"Reference range"
"212372",28.27,1,2023-07-12,"XM-22218621",44.8,"G9160","7402563907","60984",8113,"2023",7,"Summer",2021-03-12,2024-03-02,-7.67741935483871,TRUE,"2021",3,"Spring","G-coded","male","1",28.27,"<=30",FALSE,FALSE,FALSE,FALSE,FALSE,FALSE,FALSE,FALSE,FALSE,FALSE,1,1,"singleton",0,0,0,0,0,0,0,0,0,0,0,7,"Reference range"
"01318",69.43,4,2025-07-31,"15621311",38.6,"G52991",NA,NA,2422,"2025",7,"Summer",2019-10-31,2020-10-02,57.9354838709677,FALSE,"2019",10,"Autumn","G-coded","male","4",69.43,">60",FALSE,FALSE,FALSE,FALSE,FALSE,FALSE,FALSE,FALSE,FALSE,FALSE,1,1,"singleton",0,0,0,0,1,0,0,0,0,0,0,7,"Reference range"
"H202210",34.35,2,2023-03-12,"871041文尼哥",45.6,"G8490","606244","L40121",8943,"2023",3,"Spring",2020-05-12,2023-09-02,-5.67741935483871,TRUE,"2020",5,"Spring","G-coded","male","2",34.35,"31-42",FALSE,FALSE,FALSE,FALSE,FALSE,FALSE,FALSE,FALSE,FALSE,FALSE,1,1,"singleton",0,0,0,0,0,0,0,0,0,0,0,3,"Reference range"
"234648",34.45,2,2026-03-08,"41121296",41.5,"G62382","871041文尼哥","201483",788,"2026",3,"Spring",2023-05-08,2023-09-02,30.1935483870968,FALSE,"2023",5,"Spring","G-coded","male","2",34.45,"31-42",FALSE,FALSE,FALSE,FALSE,FALSE,FALSE,FALSE,FALSE,FALSE,FALSE,1,1,"singleton",0,0,0,0,0,0,0,0,0,0,0,3,"Reference range"
"235611",28.11,1,2026-03-05,"41122940",48.2,"G62214",NA,NA,825,"2026",3,"Spring",2023-11-05,2024-03-02,24.0967741935484,FALSE,"2023",11,"Autumn","G-coded","male","1",28.11,"<=30",FALSE,FALSE,FALSE,FALSE,FALSE,FALSE,FALSE,FALSE,FALSE,FALSE,1,1,"singleton",0,0,0,0,0,0,0,0,0,0,0,3,"Reference range"
"212206",53.65,2,2025-07-16,"22520578",44.8,"G52931","180781","62601",2528,"2025",7,"Summer",2021-01-16,2022-01-02,42.4516129032258,FALSE,"2021",1,"Winter","G-coded","male","2",53.65,"43-60",FALSE,FALSE,FALSE,FALSE,FALSE,FALSE,FALSE,FALSE,FALSE,FALSE,1,1,"singleton",0,0,0,0,0,0,0,0,0,0,0,7,"Reference range"
"61183",86.29,5,2023-04-09,"871041文尼哥",43.6,"G8682",NA,NA,8670,"2023",4,"Spring",2016-02-09,2019-05-02,47.2333333333333,FALSE,"2016",2,"Winter","G-coded","male","5",86.29,">60",FALSE,FALSE,FALSE,FALSE,FALSE,FALSE,FALSE,FALSE,FALSE,FALSE,1,1,"singleton",0,0,0,0,0,0,0,0,0,0,0,4,"Reference range"
"212074",60.91,3,2026-01-27,"41121286",54.2,"G62092","186967","00122",1079,"2026",1,"Winter",2020-12-27,2021-06-02,55.8064516129032,FALSE,"2020",12,"Winter","G-coded","male","3",60.91,">60",FALSE,FALSE,FALSE,FALSE,FALSE,FALSE,FALSE,FALSE,FALSE,FALSE,1,1,"singleton",0,0,0,0,0,1,0,1,0,0,0,1,"Reference range"
"00072",48.75,3,2023-02-14,"854773威吉吉",48.2,"G8322","171790","40041",9189,"2023",2,"Winter",2019-01-14,2022-06-02,8.42857142857143,TRUE,"2019",1,"Winter","G-coded","male","3",48.75,"43-60",FALSE,FALSE,FALSE,FALSE,FALSE,FALSE,FALSE,FALSE,FALSE,FALSE,1,1,"singleton",0,0,0,0,0,0,0,0,0,0,0,2,"Reference range"
"60336",108.02,7,2025-05-19,"15620128",54.3,"G52739",NA,NA,2904,"2025",5,"Spring",2016-05-19,2017-07-02,94.5483870967742,FALSE,"2016",5,"Spring","G-coded","male",">=7",108.02,">60",FALSE,FALSE,FALSE,FALSE,FALSE,FALSE,FALSE,FALSE,FALSE,FALSE,1,1,"singleton",0,0,0,0,0,1,0,1,0,0,0,5,"Reference range"
"213564",43.26,2,2025-07-13,"15621171",42.5,"G52925",NA,NA,2541,"2025",7,"Summer",2021-12-13,2022-12-02,31.3548387096774,FALSE,"2021",12,"Winter","G-coded","male","2",43.26,"43-60",FALSE,FALSE,FALSE,FALSE,FALSE,FALSE,FALSE,FALSE,FALSE,FALSE,1,1,"singleton",0,0,0,0,0,0,0,0,0,0,0,7,"Reference range"
"01143",47.14,3,2023-09-12,"公牛",42.8,"G9500","186756","48003",7712,"2023",9,"Autumn",2019-10-12,2022-08-02,13.3333333333333,TRUE,"2019",10,"Autumn","G-coded","male","3",47.14,"43-60",FALSE,FALSE,FALSE,FALSE,FALSE,FALSE,FALSE,FALSE,FALSE,FALSE,1,1,"singleton",0,0,0,0,0,0,0,0,0,0,0,9,"Reference range"
"60483",106.31,8,2025-08-12,"41121260",44.3,"G53023",NA,NA,2348,"2025",8,"Summer",2016-10-12,2017-09-02,95.3225806451613,FALSE,"2016",10,"Autumn","G-coded","male",">=7",106.31,">60",FALSE,FALSE,FALSE,FALSE,FALSE,FALSE,FALSE,FALSE,FALSE,FALSE,1,1,"singleton",0,0,0,0,0,0,0,0,0,0,0,8,"Reference range"
"202513",54.5,3,2025-06-04,"22218621",44.2,"G52793","163940","00680",2807,"2025",6,"Summer",2020-12-04,2022-01-02,41.0666666666667,FALSE,"2020",12,"Winter","G-coded","male","3",54.5,"43-60",FALSE,FALSE,FALSE,FALSE,FALSE,FALSE,FALSE,FALSE,FALSE,FALSE,1,1,"singleton",0,0,0,0,0,0,0,0,0,0,0,6,"Reference range"
"61540",85.6,5,2023-03-21,"871041文尼哥",48.2,"G8545",NA,NA,8848,"2023",3,"Spring",2016-01-21,2019-05-02,46.6129032258064,FALSE,"2016",1,"Winter","G-coded","male","5",85.6,">60",FALSE,FALSE,FALSE,FALSE,FALSE,FALSE,FALSE,FALSE,FALSE,FALSE,1,1,"singleton",0,0,0,0,0,0,0,0,0,0,0,3,"Reference range"
"01445",44.54,3,2023-12-29,"865530狼血",44.2,"G10118","606244","60174",6972,"2023",12,"Winter",2020-03-29,2022-10-02,14.8709677419355,TRUE,"2020",3,"Spring","G-coded","male","3",44.54,"43-60",FALSE,FALSE,FALSE,FALSE,FALSE,FALSE,FALSE,FALSE,FALSE,FALSE,1,1,"singleton",0,0,0,0,0,0,0,0,0,0,0,12,"Reference range"
"225480",35.31,2,2025-11-16,"41121286",43.6,"G53404","7028157563","60336",1637,"2025",11,"Autumn",2022-12-16,2023-08-02,27.4666666666667,FALSE,"2022",12,"Winter","G-coded","male","2",35.31,"31-42",FALSE,FALSE,FALSE,FALSE,FALSE,FALSE,FALSE,FALSE,FALSE,FALSE,1,1,"singleton",0,0,0,0,0,0,0,0,0,0,0,11,"Reference range"
"90018",57.99,4,2023-10-11,"7402563907",51.4,"G9624",NA,NA,7538,"2023",10,"Autumn",2018-12-11,2021-09-02,25.2903225806452,FALSE,"2018",12,"Winter","G-coded","male","4",57.99,"43-60",FALSE,FALSE,FALSE,FALSE,FALSE,FALSE,FALSE,FALSE,FALSE,FALSE,1,1,"singleton",0,0,0,0,0,0,0,0,0,0,0,10,"Reference range"
"62674",83,4,2023-01-14,"871041文尼哥",43.2,"G8087",NA,NA,9396,"2023",1,"Winter",2016-02-14,2019-08-02,41.3870967741936,FALSE,"2016",2,"Winter","G-coded","male","4",83,">60",FALSE,FALSE,FALSE,FALSE,FALSE,FALSE,FALSE,FALSE,FALSE,FALSE,1,1,"singleton",0,0,0,0,0,0,0,0,0,0,0,1,"Reference range"
"202054",28.7,1,2023-01-21,"854282维利纳诺",42.3,"G8116","606244","13058",9349,"2023",1,"Winter",2020-08-21,2024-02-02,-12.3870967741935,TRUE,"2020",8,"Summer","G-coded","male","1",28.7,"<=30",FALSE,FALSE,FALSE,FALSE,FALSE,FALSE,FALSE,FALSE,FALSE,FALSE,1,1,"singleton",0,0,0,0,0,0,0,0,0,0,0,1,"Reference range"
"00428",73.67,5,2025-06-02,"22218621",49,"G52786",NA,NA,2820,"2025",6,"Summer",2019-04-02,2020-05-02,61,FALSE,"2019",4,"Spring","G-coded","male","5",73.67,">60",FALSE,FALSE,FALSE,FALSE,FALSE,FALSE,FALSE,FALSE,FALSE,FALSE,1,1,"singleton",0,0,0,0,0,0,0,0,0,0,0,6,"Reference range"
"800570",80.08,5,2025-04-19,"22218621",54.2,"G52587",NA,NA,3221,"2025",4,"Spring",2018-08-19,2019-11-02,65.5666666666667,FALSE,"2018",8,"Summer","G-coded","male","5",80.08,">60",FALSE,FALSE,FALSE,FALSE,FALSE,FALSE,FALSE,FALSE,FALSE,FALSE,1,1,"singleton",0,0,0,0,0,1,0,1,0,0,0,4,"Reference range"
"70239",59.76,4,2024-04-29,"22220785",45.4,"G40674","167285","51012",5774,"2024",4,"Spring",2019-04-29,2021-07-02,33.9,FALSE,"2019",4,"Spring","G-coded","male","4",59.76,"43-60",FALSE,FALSE,FALSE,FALSE,FALSE,FALSE,FALSE,FALSE,FALSE,FALSE,1,1,"singleton",0,0,0,0,0,0,0,0,0,0,0,4,"Reference range"
"60918",87.44,6,2023-06-22,"854773威吉吉",43.6,"G9076",NA,NA,8190,"2023",6,"Summer",2016-03-22,2019-04-02,50.6666666666667,FALSE,"2016",3,"Spring","G-coded","male","6",87.44,">60",FALSE,FALSE,FALSE,FALSE,FALSE,FALSE,FALSE,FALSE,FALSE,FALSE,1,1,"singleton",0,0,0,0,0,0,0,0,0,0,0,6,"Reference range"
"201478",47.96,2,2024-04-08,"65119600",49.4,"G40614",NA,NA,5913,"2024",4,"Spring",2020-04-08,2022-07-02,21.2,FALSE,"2020",4,"Spring","G-coded","male","2",47.96,"43-60",FALSE,FALSE,FALSE,FALSE,FALSE,FALSE,FALSE,FALSE,FALSE,FALSE,1,1,"singleton",0,0,0,0,0,0,0,0,0,0,0,4,"Reference range"
"212139",24.19,1,2023-01-19,"871041文尼哥",46.5,"G8105","7402563907","Z61982",9365,"2023",1,"Winter",2021-01-19,2024-07-02,-17.4516129032258,TRUE,"2021",1,"Winter","G-coded","male","1",24.19,"<=30",FALSE,FALSE,FALSE,FALSE,FALSE,FALSE,FALSE,FALSE,FALSE,FALSE,1,1,"singleton",0,0,0,0,0,0,0,0,0,0,0,1,"Reference range"
"62152",84.09,5,2023-02-15,"871041文尼哥",45.2,"G8327",NA,NA,9177,"2023",2,"Winter",2016-02-15,2019-07-02,43.4642857142857,FALSE,"2016",2,"Winter","G-coded","male","5",84.09,">60",FALSE,FALSE,FALSE,FALSE,FALSE,FALSE,FALSE,FALSE,FALSE,FALSE,1,1,"singleton",0,0,0,0,0,0,0,0,0,0,0,2,"Reference range"
"61684",96.98,6,2024-03-03,"862025瓦特罗",47.8,"G40422",NA,NA,6244,"2024",3,"Spring",2016-02-03,2018-06-02,69.0322580645161,FALSE,"2016",2,"Winter","G-coded","male","6",96.98,">60",FALSE,FALSE,FALSE,FALSE,FALSE,FALSE,FALSE,FALSE,FALSE,FALSE,1,1,"singleton",0,0,0,0,0,0,0,0,0,0,0,3,"Reference range"
"235973",27.15,1,2026-03-31,"41422157",40.2,"G62357","865530狼血","212141",556,"2026",3,"Spring",2023-12-31,2024-04-02,23.9354838709677,FALSE,"2023",12,"Winter","G-coded","male","1",27.15,"<=30",FALSE,FALSE,FALSE,FALSE,FALSE,FALSE,FALSE,FALSE,FALSE,FALSE,1,1,"singleton",0,0,0,0,0,0,0,0,0,0,0,3,"Reference range"
"91144",110.88,7,2025-04-02,"22220783",51.8,"G52502",NA,NA,3364,"2025",4,"Spring",2016-01-02,2017-04-02,96,FALSE,"2016",1,"Winter","G-coded","male",">=7",110.88,">60",FALSE,FALSE,FALSE,FALSE,FALSE,FALSE,FALSE,FALSE,FALSE,FALSE,1,1,"singleton",0,0,0,0,0,0,0,0,0,0,0,4,"Reference range"
"70341",60.45,4,2023-08-28,"14117309",46.1,"G9419","606192","1332",7818,"2023",8,"Summer",2018-08-28,2021-07-02,25.8387096774194,FALSE,"2018",8,"Summer","G-coded","male","4",60.45,">60",FALSE,FALSE,FALSE,FALSE,FALSE,FALSE,FALSE,FALSE,FALSE,FALSE,1,1,"singleton",0,0,0,0,0,0,0,0,0,0,0,8,"Reference range"
"213734",54.24,2,2026-05-26,"41120238",49.5,"G62542","2544424506","801057",171,"2026",5,"Spring",2021-11-26,2022-01-02,52.7741935483871,FALSE,"2021",11,"Autumn","G-coded","male","2",54.24,"43-60",FALSE,FALSE,FALSE,FALSE,FALSE,FALSE,FALSE,FALSE,FALSE,FALSE,1,1,"singleton",0,0,0,0,0,0,0,0,0,0,0,5,"Reference range"
"1101",99.24,6,2025-09-04,"863302",50.6,"G53085",NA,NA,2249,"2025",9,"Autumn",2017-06-04,2018-04-02,89.0666666666667,FALSE,"2017",6,"Summer","G-coded","male","6",99.24,">60",FALSE,FALSE,FALSE,FALSE,FALSE,FALSE,FALSE,FALSE,FALSE,FALSE,1,1,"singleton",0,0,0,0,0,0,0,0,0,0,0,9,"Reference range"
"224671",36.16,2,2025-04-24,"427133",45.3,"G52608","180781","201188",3162,"2025",4,"Spring",2022-04-24,2023-07-02,21.7333333333333,FALSE,"2022",4,"Spring","G-coded","male","2",36.16,"31-42",FALSE,FALSE,FALSE,FALSE,FALSE,FALSE,FALSE,FALSE,FALSE,FALSE,1,1,"singleton",0,0,0,0,0,0,0,0,0,0,0,4,"Reference range"
"234170",26.07,1,2025-04-08,"427059",43.6,"G52538","871041文尼哥","60587",3307,"2025",4,"Spring",2023-02-08,2024-05-02,11.2,TRUE,"2023",2,"Winter","G-coded","male","1",26.07,"<=30",FALSE,FALSE,FALSE,FALSE,FALSE,FALSE,FALSE,FALSE,FALSE,FALSE,1,1,"singleton",0,0,0,0,0,0,0,0,0,0,0,4,"Reference range"
"213409",54.34,3,2026-03-29,"41120238",48.8,"G62344","180781","800656",578,"2026",3,"Spring",2021-09-29,2022-01-02,50.8709677419355,FALSE,"2021",9,"Autumn","G-coded","male","3",54.34,"43-60",FALSE,FALSE,FALSE,FALSE,FALSE,FALSE,FALSE,FALSE,FALSE,FALSE,1,1,"singleton",0,0,0,0,0,0,0,0,0,0,0,3,"Reference range"
"202432",37.67,2,2023-12-25,"854773威吉吉",46.3,"G10102","163940","60778",7002,"2023",12,"Winter",2020-10-25,2023-05-02,7.74193548387097,TRUE,"2020",10,"Autumn","G-coded","male","2",37.67,"31-42",FALSE,FALSE,FALSE,FALSE,FALSE,FALSE,FALSE,FALSE,FALSE,FALSE,1,1,"singleton",0,0,0,0,0,0,0,0,0,0,0,12,"Reference range"
"213567",48.65,3,2025-11-01,"21219011",50.4,"G53340",NA,NA,1771,"2025",11,"Autumn",2021-10-01,2022-06-02,40.9677419354839,FALSE,"2021",10,"Autumn","G-coded","male","3",48.65,"43-60",FALSE,FALSE,FALSE,FALSE,FALSE,FALSE,FALSE,FALSE,FALSE,FALSE,1,1,"singleton",0,0,0,0,0,0,0,0,0,0,0,11,"Reference range"
"235350",30.05,1,2026-03-07,"22222095",41.1,"G62221","865530狼血","50400",803,"2026",3,"Spring",2023-09-07,2024-01-02,26.1612903225806,FALSE,"2023",9,"Autumn","G-coded","male","1",30.05,"31-42",FALSE,FALSE,FALSE,FALSE,FALSE,FALSE,FALSE,FALSE,FALSE,FALSE,1,1,"singleton",0,0,0,0,0,0,0,0,0,0,0,3,"Reference range"
"201661",45.33,3,2024-02-19,"FR3917468802",46.8,"G40312","606244","60551",6435,"2024",2,"Winter",2020-05-19,2022-10-02,16.5862068965517,FALSE,"2020",5,"Spring","G-coded","male","3",45.33,"43-60",FALSE,FALSE,FALSE,FALSE,FALSE,FALSE,FALSE,FALSE,FALSE,FALSE,1,1,"singleton",0,0,0,0,0,0,0,0,0,0,0,2,"Reference range"
"212608",47.67,2,2025-03-28,"863302",46.5,"G52477",NA,NA,3415,"2025",3,"Spring",2021-03-28,2022-07-02,32.8387096774194,FALSE,"2021",3,"Spring","G-coded","male","2",47.67,"43-60",FALSE,FALSE,FALSE,FALSE,FALSE,FALSE,FALSE,FALSE,FALSE,FALSE,1,1,"singleton",0,0,0,0,0,0,0,0,0,0,0,3,"Reference range"
"201206",34.68,2,2023-01-10,"854282维利纳诺",42.1,"G8074","606192","Z60487",9414,"2023",1,"Winter",2020-02-10,2023-08-02,-6.74193548387097,TRUE,"2020",2,"Winter","G-coded","male","2",34.68,"31-42",FALSE,FALSE,FALSE,FALSE,FALSE,FALSE,FALSE,FALSE,FALSE,FALSE,1,1,"singleton",0,0,0,0,0,0,0,0,0,0,0,1,"Reference range"
"00824",83.04,6,2026-05-26,"41120238",47.6,"G62543","167285","Z70403",164,"2026",5,"Spring",2019-06-26,2019-08-02,81.7741935483871,FALSE,"2019",6,"Summer","G-coded","male","6",83.04,">60",FALSE,FALSE,FALSE,FALSE,FALSE,FALSE,FALSE,FALSE,FALSE,FALSE,1,1,"singleton",0,0,0,0,0,0,0,0,0,0,0,5,"Reference range"
"234348",25.87,1,2025-04-30,"22218621",38.7,"G52637",NA,NA,3099,"2025",4,"Spring",2023-02-28,2024-05-02,11.9333333333333,TRUE,"2023",2,"Winter","G-coded","male","1",25.87,"<=30",FALSE,FALSE,FALSE,FALSE,FALSE,FALSE,FALSE,FALSE,FALSE,FALSE,1,1,"singleton",0,0,0,0,1,0,0,0,0,0,0,4,"Reference range"
"235142",24.06,1,2025-07-30,"15221103",45.2,"G52984","854773威吉吉","202165",2431,"2025",7,"Summer",2023-07-30,2024-07-02,12.9032258064516,TRUE,"2023",7,"Summer","G-coded","male","1",24.06,"<=30",FALSE,FALSE,FALSE,FALSE,FALSE,FALSE,FALSE,FALSE,FALSE,FALSE,1,1,"singleton",0,0,0,0,0,0,0,0,0,0,0,7,"Reference range"
"G8954",29.06,1,2025-10-31,"41121286",42.6,"G53336",NA,NA,1775,"2025",10,"Autumn",2023-05-31,2024-02-02,20.9354838709677,FALSE,"2023",5,"Spring","G-coded","male","1",29.06,"<=30",FALSE,FALSE,FALSE,FALSE,FALSE,FALSE,FALSE,FALSE,FALSE,FALSE,1,1,"singleton",0,0,0,0,0,0,0,0,0,0,0,10,"Reference range"
"801152",68.47,5,2024-02-25,"862025瓦特罗",52.3,"G40373",NA,NA,6327,"2024",2,"Winter",2018-06-25,2020-11-02,39.7931034482759,FALSE,"2018",6,"Summer","G-coded","male","5",68.47,">60",FALSE,FALSE,FALSE,FALSE,FALSE,FALSE,FALSE,FALSE,FALSE,FALSE,1,1,"singleton",0,0,0,0,0,0,0,0,0,0,0,2,"Reference range"
"800306",85.77,5,2025-06-21,"22218621",50.8,"G52843",NA,NA,2702,"2025",6,"Summer",2018-04-21,2019-05-02,73.6333333333333,FALSE,"2018",4,"Spring","G-coded","male","5",85.77,">60",FALSE,FALSE,FALSE,FALSE,FALSE,FALSE,FALSE,FALSE,FALSE,FALSE,1,1,"singleton",0,0,0,0,0,0,0,0,0,0,0,6,"Reference range"
"212222",58.71,2,2025-12-20,"21219011",45.6,"G53581","180781","60798L",1291,"2025",12,"Winter",2021-01-20,2021-08-02,52.5806451612903,FALSE,"2021",1,"Winter","G-coded","male","2",58.71,"43-60",FALSE,FALSE,FALSE,FALSE,FALSE,FALSE,FALSE,FALSE,FALSE,FALSE,1,1,"singleton",0,0,0,0,0,0,0,0,0,0,0,12,"Reference range"
"202319L",39.64,1,2024-02-12,"862025瓦特罗",50.1,"G40253",NA,NA,6532,"2024",2,"Winter",2020-10-12,2023-03-02,11.3448275862069,TRUE,"2020",10,"Autumn","G-coded","male","1",39.64,"31-42",FALSE,FALSE,FALSE,FALSE,FALSE,FALSE,FALSE,FALSE,FALSE,FALSE,1,1,"singleton",0,0,0,0,0,0,0,0,0,0,0,2,"Reference range"
"801072",63.02,4,2024-02-21,"FR3917468802",41.4,"G40328","171350","91116",6407,"2024",2,"Winter",2018-11-21,2021-04-02,34.6551724137931,FALSE,"2018",11,"Autumn","G-coded","male","4",63.02,">60",FALSE,FALSE,FALSE,FALSE,FALSE,FALSE,FALSE,FALSE,FALSE,FALSE,1,1,"singleton",0,0,0,0,0,0,0,0,0,0,0,2,"Reference range"
"70210",108.68,7,2026-04-16,"65123650",37.8,"G62420",NA,NA,415,"2026",4,"Spring",2017-03-16,2017-06-02,106.466666666667,FALSE,"2017",3,"Spring","G-coded","male",">=7",108.68,">60",FALSE,FALSE,FALSE,FALSE,FALSE,FALSE,FALSE,FALSE,FALSE,FALSE,1,1,"singleton",0,0,0,0,1,0,0,0,0,0,0,4,"Reference range"
"212869",26.4,1,2023-07-14,"854773威吉吉",45.2,"G9169",NA,NA,8098,"2023",7,"Summer",2021-05-14,2024-05-02,-9.61290322580645,TRUE,"2021",5,"Spring","G-coded","male","1",26.4,"<=30",FALSE,FALSE,FALSE,FALSE,FALSE,FALSE,FALSE,FALSE,FALSE,FALSE,1,1,"singleton",0,0,0,0,0,0,0,0,0,0,0,7,"Reference range"
"00844",69.53,5,2025-04-20,"22218621",48,"G52588","167285","61673",3215,"2025",4,"Spring",2019-06-20,2020-09-02,55.6,FALSE,"2019",6,"Summer","G-coded","male","5",69.53,">60",FALSE,FALSE,FALSE,FALSE,FALSE,FALSE,FALSE,FALSE,FALSE,FALSE,1,1,"singleton",0,0,0,0,0,0,0,0,0,0,0,4,"Reference range"
"202491",56.05,3,2025-07-18,"41121918",51,"G52938","7402563907","70628",2513,"2025",7,"Summer",2020-11-18,2021-11-02,44.5161290322581,FALSE,"2020",11,"Autumn","G-coded","male","3",56.05,"43-60",FALSE,FALSE,FALSE,FALSE,FALSE,FALSE,FALSE,FALSE,FALSE,FALSE,1,1,"singleton",0,0,0,0,0,0,0,0,0,0,0,7,"Reference range"
"213851",27.32,1,2024-03-22,"22121001",46.3,"G40532","871041","L40481",6054,"2024",3,"Spring",2021-12-22,2024-04-02,-0.354838709677419,TRUE,"2021",12,"Winter","G-coded","male","1",27.32,"<=30",FALSE,FALSE,FALSE,FALSE,FALSE,FALSE,FALSE,FALSE,FALSE,FALSE,1,1,"singleton",0,0,0,0,0,0,0,0,0,0,0,3,"Reference range"
"202594",66.47,3,2026-06-21,"41121286",53.4,"G62609","180600","800717",10,"2026",6,"Summer",2020-12-21,2021-01-02,65.6333333333333,FALSE,"2020",12,"Winter","G-coded","male","3",66.47,">60",FALSE,FALSE,FALSE,FALSE,FALSE,FALSE,FALSE,FALSE,FALSE,FALSE,1,1,"singleton",0,0,0,0,0,1,0,1,0,0,0,6,"Reference range"
"212338",40.63,2,2024-07-18,"171206",43.4,"G40921","180781","801145",5343,"2024",7,"Summer",2021-02-18,2023-02-02,17.5161290322581,FALSE,"2021",2,"Winter","G-coded","male","2",40.63,"31-42",FALSE,FALSE,FALSE,FALSE,FALSE,FALSE,FALSE,FALSE,FALSE,FALSE,1,1,"singleton",0,0,0,0,0,0,0,0,0,0,0,7,"Reference range"
"800687",79.42,6,2025-05-10,"22218621",50.2,"G52698","171350","L09035",3002,"2025",5,"Spring",2018-10-10,2019-12-02,65.258064516129,FALSE,"2018",10,"Autumn","G-coded","male","6",79.42,">60",FALSE,FALSE,FALSE,FALSE,FALSE,FALSE,FALSE,FALSE,FALSE,FALSE,1,1,"singleton",0,0,0,0,0,0,0,0,0,0,0,5,"Reference range"
"212562",49.61,3,2025-05-17,"427133",47.4,"G52726","62544424506","62170",2922,"2025",5,"Spring",2021-03-17,2022-05-02,36.4838709677419,FALSE,"2021",3,"Spring","G-coded","male","3",49.61,"43-60",FALSE,FALSE,FALSE,FALSE,FALSE,FALSE,FALSE,FALSE,FALSE,FALSE,1,1,"singleton",0,0,0,0,0,0,0,0,0,0,0,5,"Reference range"
"213348",50.82,3,2025-11-30,"41121296",43.4,"G53488","180781","62250",1480,"2025",11,"Autumn",2021-08-30,2022-04-02,43.9333333333333,FALSE,"2021",8,"Summer","G-coded","male","3",50.82,"43-60",FALSE,FALSE,FALSE,FALSE,FALSE,FALSE,FALSE,FALSE,FALSE,FALSE,1,1,"singleton",0,0,0,0,0,0,0,0,0,0,0,11,"Reference range"
"212974",28.34,1,2023-10-07,"854282维利纳诺",39.1,"G9611","186967","00608",7562,"2023",10,"Autumn",2021-06-07,2024-03-02,-4.83870967741935,TRUE,"2021",6,"Summer","G-coded","male","1",28.34,"<=30",FALSE,FALSE,FALSE,FALSE,FALSE,FALSE,FALSE,FALSE,FALSE,FALSE,1,1,"singleton",0,0,0,0,1,0,0,0,0,0,0,10,"Reference range"
"201405",68.74,3,2025-12-22,"21219011",40.2,"G53582","606244","800185",1282,"2025",12,"Winter",2020-03-22,2020-10-02,62.6451612903226,FALSE,"2020",3,"Spring","G-coded","male","3",68.74,">60",FALSE,FALSE,FALSE,FALSE,FALSE,FALSE,FALSE,FALSE,FALSE,FALSE,1,1,"singleton",0,0,0,0,0,0,0,0,0,0,0,12,"Reference range"
"235974",25.87,1,2026-02-21,"862920",39.6,"G62155",NA,"01246",930,"2026",2,"Winter",2023-12-21,2024-05-02,21.6785714285714,FALSE,"2023",12,"Winter","G-coded","male","1",25.87,"<=30",FALSE,FALSE,FALSE,FALSE,FALSE,FALSE,FALSE,FALSE,FALSE,FALSE,1,1,"singleton",0,0,0,0,1,0,0,0,0,0,0,2,"Reference range"
"212275",36.55,2,2024-02-26,"862025瓦特罗",52.1,"G40376","7402563907","62033",6322,"2024",2,"Winter",2021-01-26,2023-06-02,8.82758620689655,TRUE,"2021",1,"Winter","G-coded","male","2",36.55,"31-42",FALSE,FALSE,FALSE,FALSE,FALSE,FALSE,FALSE,FALSE,FALSE,FALSE,1,1,"singleton",0,0,0,0,0,0,0,0,0,0,0,2,"Reference range"
"234604",24.36,1,2025-04-25,"22218621",50.2,"G52615","7402563907","60580",3143,"2025",4,"Spring",2023-04-25,2024-07-02,9.76666666666667,TRUE,"2023",4,"Spring","G-coded","male","1",24.36,"<=30",FALSE,FALSE,FALSE,FALSE,FALSE,FALSE,FALSE,FALSE,FALSE,FALSE,1,1,"singleton",0,0,0,0,0,0,0,0,0,0,0,4,"Reference range"
"213157",26.43,1,2025-11-18,"41121286",52.3,"G53417",NA,NA,1606,"2025",11,"Autumn",2023-09-18,2024-05-02,18.5333333333333,FALSE,"2023",9,"Autumn","G-coded","male","1",26.43,"<=30",FALSE,FALSE,FALSE,FALSE,FALSE,FALSE,FALSE,FALSE,FALSE,FALSE,1,1,"singleton",0,0,0,0,0,0,0,0,0,0,0,11,"Reference range"
"00530",49.21,3,2023-06-12,"7402563907",46.3,"G9020","167285","61381",8250,"2023",6,"Summer",2019-05-12,2022-06-02,12.3333333333333,TRUE,"2019",5,"Spring","G-coded","male","3",49.21,"43-60",FALSE,FALSE,FALSE,FALSE,FALSE,FALSE,FALSE,FALSE,FALSE,FALSE,1,1,"singleton",0,0,0,0,0,0,0,0,0,0,0,6,"Reference range"
"70056",97.9,7,2025-03-19,"22218621",53.6,"G52434",NA,NA,3516,"2025",3,"Spring",2017-01-19,2018-05-02,82.5483870967742,FALSE,"2017",1,"Winter","G-coded","male",">=7",97.9,">60",FALSE,FALSE,FALSE,FALSE,FALSE,FALSE,FALSE,FALSE,FALSE,FALSE,1,1,"singleton",0,0,0,0,0,1,0,1,0,0,0,3,"Reference range"
"800547",91.12,6,2026-03-10,"21219011",45.4,"G62245","171350","60100",771,"2026",3,"Spring",2018-08-10,2018-12-02,87.258064516129,FALSE,"2018",8,"Summer","G-coded","male","6",91.12,">60",FALSE,FALSE,FALSE,FALSE,FALSE,FALSE,FALSE,FALSE,FALSE,FALSE,1,1,"singleton",0,0,0,0,0,0,0,0,0,0,0,3,"Reference range"
"800594",65.78,4,2024-02-23,"FR3917468802",52.2,"G40356","171350","40099",6369,"2024",2,"Winter",2018-08-23,2021-01-02,37.7241379310345,FALSE,"2018",8,"Summer","G-coded","male","4",65.78,">60",FALSE,FALSE,FALSE,FALSE,FALSE,FALSE,FALSE,FALSE,FALSE,FALSE,1,1,"singleton",0,0,0,0,0,0,0,0,0,0,0,2,"Reference range"
"201666",73.24,4,2026-06-18,"21219011",48.4,"G62603","865530","60947",29,"2026",6,"Summer",2020-05-18,2020-06-02,72.5333333333333,FALSE,"2020",5,"Spring","G-coded","male","4",73.24,">60",FALSE,FALSE,FALSE,FALSE,FALSE,FALSE,FALSE,FALSE,FALSE,FALSE,1,1,"singleton",0,0,0,0,0,0,0,0,0,0,0,6,"Reference range"
"62412",88.13,5,2023-06-13,"854773威吉吉",46.6,"G9026",NA,NA,8239,"2023",6,"Summer",2016-02-13,2019-03-02,51.3666666666667,FALSE,"2016",2,"Winter","G-coded","male","5",88.13,">60",FALSE,FALSE,FALSE,FALSE,FALSE,FALSE,FALSE,FALSE,FALSE,FALSE,1,1,"singleton",0,0,0,0,0,0,0,0,0,0,0,6,"Reference range"
"201497",45.6,3,2024-01-29,"865530狼血",48.7,"G40141","606244","62643",6714,"2024",1,"Winter",2020-03-29,2022-09-02,16.8709677419355,FALSE,"2020",3,"Spring","G-coded","male","3",45.6,"43-60",FALSE,FALSE,FALSE,FALSE,FALSE,FALSE,FALSE,FALSE,FALSE,FALSE,1,1,"singleton",0,0,0,0,0,0,0,0,0,0,0,1,"Reference range"
"00102",48.32,3,2023-02-08,"871041文尼哥",47,"G8288","171790","61006",9240,"2023",2,"Winter",2019-02-08,2022-07-02,7.21428571428571,TRUE,"2019",2,"Winter","G-coded","male","3",48.32,"43-60",FALSE,FALSE,FALSE,FALSE,FALSE,FALSE,FALSE,FALSE,FALSE,FALSE,1,1,"singleton",0,0,0,0,0,0,0,0,0,0,0,2,"Reference range"
"70235",78.27,5,2023-10-14,"7402563907",38.5,"G9640",NA,NA,7526,"2023",10,"Autumn",2017-04-14,2020-01-02,45.3870967741936,FALSE,"2017",4,"Spring","G-coded","male","5",78.27,">60",FALSE,FALSE,FALSE,FALSE,FALSE,FALSE,FALSE,FALSE,FALSE,FALSE,1,1,"singleton",0,0,0,0,1,0,0,0,0,0,0,10,"Reference range"
"240010",27.51,1,2026-04-13,"41120238",40.3,"G62413","854773威吉吉","201097",436,"2026",4,"Spring",2023-12-13,2024-03-02,25.3666666666667,FALSE,"2023",12,"Winter","G-coded","male","1",27.51,"<=30",FALSE,FALSE,FALSE,FALSE,FALSE,FALSE,FALSE,FALSE,FALSE,FALSE,1,1,"singleton",0,0,0,0,0,0,0,0,0,0,0,4,"Reference range"
"235227",26.17,1,2025-10-23,"41119226",37.6,"G53288","865530狼血","01068",1853,"2025",10,"Autumn",2023-08-23,2024-05-02,17.6774193548387,FALSE,"2023",8,"Summer","G-coded","male","1",26.17,"<=30",FALSE,FALSE,FALSE,FALSE,FALSE,FALSE,FALSE,FALSE,FALSE,FALSE,1,1,"singleton",0,0,0,0,1,0,0,0,0,0,0,10,"Reference range"
"800584",78.57,5,2025-03-13,"427151",49.3,"G52390",NA,NA,3577,"2025",3,"Spring",2018-08-13,2019-12-02,63.3548387096774,FALSE,"2018",8,"Summer","G-coded","male","5",78.57,">60",FALSE,FALSE,FALSE,FALSE,FALSE,FALSE,FALSE,FALSE,FALSE,FALSE,1,1,"singleton",0,0,0,0,0,0,0,0,0,0,0,3,"Reference range"
"H212899",125.48,9,2025-09-17,"15620193",38.3,"G53132",NA,NA,2160,"2025",9,"Autumn",2015-04-17,2016-02-02,115.5,FALSE,"2015",4,"Spring","G-coded","male",">=7",125.48,">60",FALSE,FALSE,FALSE,FALSE,FALSE,FALSE,FALSE,FALSE,FALSE,FALSE,1,1,"singleton",0,0,0,0,1,0,0,0,0,0,0,9,"Reference range"
"H800045",92.11,6,2025-08-31,"863302",43.2,"G53077","179398","13166",2267,"2025",8,"Summer",2017-12-31,2018-11-02,81.9354838709677,FALSE,"2017",12,"Winter","G-coded","male","6",92.11,">60",FALSE,FALSE,FALSE,FALSE,FALSE,FALSE,FALSE,FALSE,FALSE,FALSE,1,1,"singleton",0,0,0,0,0,0,0,0,0,0,0,8,"Reference range"
"00296",47.53,3,2023-03-06,"7029225762",50.1,"G8450","171790","Z61935",9004,"2023",3,"Spring",2019-03-06,2022-07-02,8.12903225806452,TRUE,"2019",3,"Spring","G-coded","male","3",47.53,"43-60",FALSE,FALSE,FALSE,FALSE,FALSE,FALSE,FALSE,FALSE,FALSE,FALSE,1,1,"singleton",0,0,0,0,0,0,0,0,0,0,0,3,"Reference range"
"202314",36.95,2,2023-11-21,"FR2545422137",44.3,"G9852","163940","70657",7303,"2023",11,"Autumn",2020-10-21,2023-06-02,5.63333333333333,TRUE,"2020",10,"Autumn","G-coded","male","2",36.95,"31-42",FALSE,FALSE,FALSE,FALSE,FALSE,FALSE,FALSE,FALSE,FALSE,FALSE,1,1,"singleton",0,0,0,0,0,0,0,0,0,0,0,11,"Reference range"
"01139",48.26,2,2023-10-15,"854282维利纳诺",50.3,"G9642",NA,NA,7523,"2023",10,"Autumn",2019-10-15,2022-07-02,15.4193548387097,FALSE,"2019",10,"Autumn","G-coded","male","2",48.26,"43-60",FALSE,FALSE,FALSE,FALSE,FALSE,FALSE,FALSE,FALSE,FALSE,FALSE,1,1,"singleton",0,0,0,0,0,0,0,0,0,0,0,10,"Reference range"
"235053",26.1,1,2026-02-06,"41123286",48.7,"G62103",NA,NA,1026,"2026",2,"Winter",2023-12-06,2024-05-02,21.1428571428571,FALSE,"2023",12,"Winter","G-coded","male","1",26.1,"<=30",FALSE,FALSE,FALSE,FALSE,FALSE,FALSE,FALSE,FALSE,FALSE,FALSE,1,1,"singleton",0,0,0,0,0,0,0,0,0,0,0,2,"Reference range"
"00825",46.78,3,2023-05-19,"871041文尼哥",45.2,"G8875","167285","5033",8415,"2023",5,"Spring",2019-06-19,2022-08-02,9.54838709677419,TRUE,"2019",6,"Summer","G-coded","male","3",46.78,"43-60",FALSE,FALSE,FALSE,FALSE,FALSE,FALSE,FALSE,FALSE,FALSE,FALSE,1,1,"singleton",0,0,0,0,0,0,0,0,0,0,0,5,"Reference range"
"70208",82.97,5,2024-02-23,"862025瓦特罗",49.3,"G40345",NA,NA,6368,"2024",2,"Winter",2017-03-23,2019-08-02,54.7241379310345,FALSE,"2017",3,"Spring","G-coded","male","5",82.97,">60",FALSE,FALSE,FALSE,FALSE,FALSE,FALSE,FALSE,FALSE,FALSE,FALSE,1,1,"singleton",0,0,0,0,0,0,0,0,0,0,0,2,"Reference range"
"235502",25.87,1,2025-12-04,"41121216",43.2,"G53509","854282维利纳诺","201899",1435,"2025",12,"Winter",2023-10-04,2024-05-02,19.0645161290323,FALSE,"2023",10,"Autumn","G-coded","male","1",25.87,"<=30",FALSE,FALSE,FALSE,FALSE,FALSE,FALSE,FALSE,FALSE,FALSE,FALSE,1,1,"singleton",0,0,0,0,0,0,0,0,0,0,0,12,"Reference range"
"H70374",70.05,5,2023-03-30,"7402563907",46.3,"G8619","426864","50334",8758,"2023",3,"Spring",2017-05-30,2020-09-02,30.9032258064516,FALSE,"2017",5,"Spring","G-coded","male","5",70.05,">60",FALSE,FALSE,FALSE,FALSE,FALSE,FALSE,FALSE,FALSE,FALSE,FALSE,1,1,"singleton",0,0,0,0,0,0,0,0,0,0,0,3,"Reference range"
"800099",58.55,4,2023-01-11,"854282维利纳诺",48.1,"G8079",NA,NA,9410,"2023",1,"Winter",2018-02-11,2021-08-02,17.2903225806452,FALSE,"2018",2,"Winter","G-coded","male","4",58.55,"43-60",FALSE,FALSE,FALSE,FALSE,FALSE,FALSE,FALSE,FALSE,FALSE,FALSE,1,1,"singleton",0,0,0,0,0,0,0,0,0,0,0,1,"Reference range"
"800246",62.36,4,2023-06-27,"854773威吉吉",48.6,"G9094",NA,NA,8170,"2023",6,"Summer",2018-04-27,2021-05-02,25.8333333333333,FALSE,"2018",4,"Spring","G-coded","male","4",62.36,">60",FALSE,FALSE,FALSE,FALSE,FALSE,FALSE,FALSE,FALSE,FALSE,FALSE,1,1,"singleton",0,0,0,0,0,0,0,0,0,0,0,6,"Reference range"
"202043",35.73,2,2023-08-21,"865530狼血",40.4,"G9379","606244","60803",7859,"2023",8,"Summer",2020-08-21,2023-07-02,1.61290322580645,TRUE,"2020",8,"Summer","G-coded","male","2",35.73,"31-42",FALSE,FALSE,FALSE,FALSE,FALSE,FALSE,FALSE,FALSE,FALSE,FALSE,1,1,"singleton",0,0,0,0,0,0,0,0,0,0,0,8,"Reference range"
"70747",75.12,5,2024-03-26,"862025瓦特罗",43.2,"G40554",NA,NA,6012,"2024",3,"Spring",2017-12-26,2020-04-02,47.7741935483871,FALSE,"2017",12,"Winter","G-coded","male","5",75.12,">60",FALSE,FALSE,FALSE,FALSE,FALSE,FALSE,FALSE,FALSE,FALSE,FALSE,1,1,"singleton",0,0,0,0,0,0,0,0,0,0,0,3,"Reference range"
"00491",49.38,3,2023-06-11,"7402563907",50.2,"G9014",NA,NA,8254,"2023",6,"Summer",2019-05-11,2022-06-02,12.3,TRUE,"2019",5,"Spring","G-coded","male","3",49.38,"43-60",FALSE,FALSE,FALSE,FALSE,FALSE,FALSE,FALSE,FALSE,FALSE,FALSE,1,1,"singleton",0,0,0,0,0,0,0,0,0,0,0,6,"Reference range"
"202000",30.34,1,2023-02-24,"22218119",46.3,"G8386",NA,NA,9096,"2023",2,"Winter",2020-08-24,2024-01-02,-10.2142857142857,TRUE,"2020",8,"Summer","G-coded","male","1",30.34,"31-42",FALSE,FALSE,FALSE,FALSE,FALSE,FALSE,FALSE,FALSE,FALSE,FALSE,1,1,"singleton",0,0,0,0,0,0,0,0,0,0,0,2,"Reference range"
"51091",120.15,8,2025-12-16,"65123650",52.3,"G53570","189058","x204",1327,"2025",12,"Winter",2015-12-16,2016-07-02,113.451612903226,FALSE,"2015",12,"Winter","G-coded","male",">=7",120.15,">60",FALSE,FALSE,FALSE,FALSE,FALSE,FALSE,FALSE,FALSE,FALSE,FALSE,1,1,"singleton",0,0,0,0,0,0,0,0,0,0,0,12,"Reference range"
"62709",96.61,4,2024-03-11,"865530狼血",41.6,"G40466",NA,NA,6165,"2024",3,"Spring",2016-02-11,2018-06-02,69.2903225806452,FALSE,"2016",2,"Winter","G-coded","male","4",96.61,">60",FALSE,FALSE,FALSE,FALSE,FALSE,FALSE,FALSE,FALSE,FALSE,FALSE,1,1,"singleton",0,0,0,0,0,0,0,0,0,0,0,3,"Reference range"
"61087",95.63,5,2023-12-24,"854773威吉吉",44.8,"G10093",NA,NA,7016,"2023",12,"Winter",2015-12-24,2018-07-02,65.7096774193548,FALSE,"2015",12,"Winter","G-coded","male","5",95.63,">60",FALSE,FALSE,FALSE,FALSE,FALSE,FALSE,FALSE,FALSE,FALSE,FALSE,1,1,"singleton",0,0,0,0,0,0,0,0,0,0,0,12,"Reference range"
"00667",46.22,3,2023-04-01,"871041文尼哥",46.3,"G8626",NA,NA,8750,"2023",4,"Spring",2019-06-01,2022-09-02,6.96774193548387,TRUE,"2019",6,"Summer","G-coded","male","3",46.22,"43-60",FALSE,FALSE,FALSE,FALSE,FALSE,FALSE,FALSE,FALSE,FALSE,FALSE,1,1,"singleton",0,0,0,0,0,0,0,0,0,0,0,4,"Reference range"
"61235",97.76,5,2024-04-12,"862025瓦特罗",41.3,"G9150",NA,NA,5885,"2024",4,"Spring",2016-02-12,2018-05-02,71.3333333333333,FALSE,"2016",2,"Winter","G-coded","male","5",97.76,">60",FALSE,FALSE,FALSE,FALSE,FALSE,FALSE,FALSE,FALSE,FALSE,FALSE,1,1,"singleton",0,0,0,0,0,0,0,0,0,0,0,4,"Reference range"
"1451",123.18,8,2026-06-21,"21219011",48.6,"G62606",NA,NA,6,"2026",6,"Summer",2016-03-21,2016-04-02,122.633333333333,FALSE,"2016",3,"Spring","G-coded","male",">=7",123.18,">60",FALSE,FALSE,FALSE,FALSE,FALSE,FALSE,FALSE,FALSE,FALSE,FALSE,1,1,"singleton",0,0,0,0,0,0,0,0,0,0,0,6,"Reference range"
"225424",40.34,3,2026-04-06,"41121286",47.2,"G62388L","甘露606318","95113",488,"2026",4,"Spring",2022-12-06,2023-03-02,37.1333333333333,FALSE,"2022",12,"Winter","G-coded","male","3",40.34,"31-42",FALSE,FALSE,FALSE,FALSE,FALSE,FALSE,FALSE,FALSE,FALSE,FALSE,1,1,"singleton",0,0,0,0,0,0,0,0,0,0,0,4,"Reference range"
"801144",80.54,4,2025-09-12,"15618075",43.4,"G53113","171790","61448",2206,"2025",9,"Autumn",2018-12-12,2019-10-02,71.3333333333333,FALSE,"2018",12,"Winter","G-coded","male","4",80.54,">60",FALSE,FALSE,FALSE,FALSE,FALSE,FALSE,FALSE,FALSE,FALSE,FALSE,1,1,"singleton",0,0,0,0,0,0,0,0,0,0,0,9,"Reference range"
"235460",30.8,1,2026-04-23,"21219011",40.5,"G62444","865530狼血","62025",365,"2026",4,"Spring",2023-09-23,2023-12-02,28.7,FALSE,"2023",9,"Autumn","G-coded","male","1",30.8,"31-42",FALSE,FALSE,FALSE,FALSE,FALSE,FALSE,FALSE,FALSE,FALSE,FALSE,1,1,"singleton",0,0,0,0,0,0,0,0,0,0,0,4,"Reference range"
"201425",46.42,3,2024-02-15,"862025瓦特罗",48.6,"G40280","606244","62211",6479,"2024",2,"Winter",2020-04-15,2022-09-02,17.448275862069,FALSE,"2020",4,"Spring","G-coded","male","3",46.42,"43-60",FALSE,FALSE,FALSE,FALSE,FALSE,FALSE,FALSE,FALSE,FALSE,FALSE,1,1,"singleton",0,0,0,0,0,0,0,0,0,0,0,2,"Reference range"
"61428",90.07,5,2023-08-10,"7402563907",49.3,"G9322",NA,NA,7925,"2023",8,"Summer",2016-02-10,2019-01-02,55.258064516129,FALSE,"2016",2,"Winter","G-coded","male","5",90.07,">60",FALSE,FALSE,FALSE,FALSE,FALSE,FALSE,FALSE,FALSE,FALSE,FALSE,1,1,"singleton",0,0,0,0,0,0,0,0,0,0,0,8,"Reference range"
"61404",86.23,5,2023-04-22,"7402563907",49.3,"G8752",NA,NA,8568,"2023",4,"Spring",2016-02-22,2019-05-02,47.6666666666667,FALSE,"2016",2,"Winter","G-coded","male","5",86.23,">60",FALSE,FALSE,FALSE,FALSE,FALSE,FALSE,FALSE,FALSE,FALSE,FALSE,1,1,"singleton",0,0,0,0,0,0,0,0,0,0,0,4,"Reference range"
"234456",38.63,1,2026-06-09,"21219011",39.2,"G62584","7402563907","00027",71,"2026",6,"Summer",2023-03-09,2023-04-02,38.2333333333333,FALSE,"2023",3,"Spring","G-coded","male","1",38.63,"31-42",FALSE,FALSE,FALSE,FALSE,FALSE,FALSE,FALSE,FALSE,FALSE,FALSE,1,1,"singleton",0,0,0,0,1,0,0,0,0,0,0,6,"Reference range"
"224032",51.22,3,2026-04-07,"41120238",50.4,"G62390","6868671111","00007",478,"2026",4,"Spring",2022-01-07,2022-04-02,48.1666666666667,FALSE,"2022",1,"Winter","G-coded","male","3",51.22,"43-60",FALSE,FALSE,FALSE,FALSE,FALSE,FALSE,FALSE,FALSE,FALSE,FALSE,1,1,"singleton",0,0,0,0,0,0,0,0,0,0,0,4,"Reference range"
"800605",52.47,3,2023-01-20,"854282维利纳诺",42.3,"G8106","171350","61390",9354,"2023",1,"Winter",2018-09-20,2022-03-02,10.5806451612903,TRUE,"2018",9,"Autumn","G-coded","male","3",52.47,"43-60",FALSE,FALSE,FALSE,FALSE,FALSE,FALSE,FALSE,FALSE,FALSE,FALSE,1,1,"singleton",0,0,0,0,0,0,0,0,0,0,0,1,"Reference range"
"202657",59.6,3,2025-12-03,"41121286",41.6,"G53502",NA,NA,1457,"2025",12,"Winter",2020-12-03,2021-07-02,53.0322580645161,FALSE,"2020",12,"Winter","G-coded","male","3",59.6,"43-60",FALSE,FALSE,FALSE,FALSE,FALSE,FALSE,FALSE,FALSE,FALSE,FALSE,1,1,"singleton",0,0,0,0,0,0,0,0,0,0,0,12,"Reference range"
"70210",71.89,4,2023-03-24,"7029225762",53.7,"G8571",NA,NA,8819,"2023",3,"Spring",2017-03-24,2020-07-02,32.7096774193548,FALSE,"2017",3,"Spring","G-coded","male","4",71.89,">60",FALSE,FALSE,FALSE,FALSE,FALSE,FALSE,FALSE,FALSE,FALSE,FALSE,1,1,"singleton",0,0,0,0,0,1,0,1,0,0,0,3,"Reference range"
"00110",53.52,3,2023-07-18,"854773威吉吉",51.4,"G9193",NA,NA,8064,"2023",7,"Summer",2019-01-18,2022-01-02,18.5161290322581,FALSE,"2019",1,"Winter","G-coded","male","3",53.52,"43-60",FALSE,FALSE,FALSE,FALSE,FALSE,FALSE,FALSE,FALSE,FALSE,FALSE,1,1,"singleton",0,0,0,0,0,0,0,0,0,0,0,7,"Reference range"
"201577",58.84,4,2025-03-22,"427151",47,"G52450","606244","800153",3479,"2025",3,"Spring",2020-04-22,2021-08-02,43.6451612903226,FALSE,"2020",4,"Spring","G-coded","male","4",58.84,"43-60",FALSE,FALSE,FALSE,FALSE,FALSE,FALSE,FALSE,FALSE,FALSE,FALSE,1,1,"singleton",0,0,0,0,0,0,0,0,0,0,0,3,"Reference range"
"225252",35.31,1,2025-09-17,"14121448",41.3,"G53129","865530","91129",2165,"2025",9,"Autumn",2022-10-17,2023-08-02,25.5,FALSE,"2022",10,"Autumn","G-coded","male","1",35.31,"31-42",FALSE,FALSE,FALSE,FALSE,FALSE,FALSE,FALSE,FALSE,FALSE,FALSE,1,1,"singleton",0,0,0,0,0,0,0,0,0,0,0,9,"Reference range"
"212899",20.71,1,2023-02-06,"公牛",46.1,"G8283",NA,NA,9251,"2023",2,"Winter",2021-05-06,2024-10-02,-19.8571428571429,TRUE,"2021",5,"Spring","G-coded","male","1",20.71,"<=30",FALSE,FALSE,FALSE,FALSE,FALSE,FALSE,FALSE,FALSE,FALSE,FALSE,1,1,"singleton",0,0,0,0,0,0,0,0,0,0,0,2,"Reference range"
"234623",25.44,1,2025-06-01,"22218621",40.5,"G52779","7029225762","70461",2828,"2025",6,"Summer",2023-05-01,2024-06-02,11.9677419354839,TRUE,"2023",5,"Spring","G-coded","male","1",25.44,"<=30",FALSE,FALSE,FALSE,FALSE,FALSE,FALSE,FALSE,FALSE,FALSE,FALSE,1,1,"singleton",0,0,0,0,0,0,0,0,0,0,0,6,"Reference range"
"00399",46.52,3,2023-02-23,"854773威吉吉",46.3,"G8374","171790","10128",9103,"2023",2,"Winter",2019-03-23,2022-08-02,6.75,TRUE,"2019",3,"Spring","G-coded","male","3",46.52,"43-60",FALSE,FALSE,FALSE,FALSE,FALSE,FALSE,FALSE,FALSE,FALSE,FALSE,1,1,"singleton",0,0,0,0,0,0,0,0,0,0,0,2,"Reference range"
"H60177",78.01,4,2023-04-03,"871041文尼哥",49.2,"G8644",NA,NA,8722,"2023",4,"Spring",2016-10-03,2020-01-02,39.0333333333333,FALSE,"2016",10,"Autumn","G-coded","male","4",78.01,">60",FALSE,FALSE,FALSE,FALSE,FALSE,FALSE,FALSE,FALSE,FALSE,FALSE,1,1,"singleton",0,0,0,0,0,0,0,0,0,0,0,4,"Reference range"
"800266",84.98,5,2025-05-17,"427133",44.2,"G52728",NA,NA,2924,"2025",5,"Spring",2018-04-17,2019-06-02,71.4838709677419,FALSE,"2018",4,"Spring","G-coded","male","5",84.98,">60",FALSE,FALSE,FALSE,FALSE,FALSE,FALSE,FALSE,FALSE,FALSE,FALSE,1,1,"singleton",0,0,0,0,0,0,0,0,0,0,0,5,"Reference range"
"201302",48.88,3,2024-04-04,"862025瓦特罗",45.4,"G40563",NA,NA,5940,"2024",4,"Spring",2020-03-04,2022-06-02,22.0666666666667,FALSE,"2020",3,"Spring","G-coded","male","3",48.88,"43-60",FALSE,FALSE,FALSE,FALSE,FALSE,FALSE,FALSE,FALSE,FALSE,FALSE,1,1,"singleton",0,0,0,0,0,0,0,0,0,0,0,4,"Reference range"
"201195",45.53,2,2023-12-04,"854400西部公园",49.8,"G9940","606192","60414",7227,"2023",12,"Winter",2020-02-04,2022-09-02,15.0645161290323,FALSE,"2020",2,"Winter","G-coded","male","2",45.53,"43-60",FALSE,FALSE,FALSE,FALSE,FALSE,FALSE,FALSE,FALSE,FALSE,FALSE,1,1,"singleton",0,0,0,0,0,0,0,0,0,0,0,12,"Reference range"
"H212859",27.94,1,2023-06-13,"65118574",50.2,"G9027","740640209","40072",8240,"2023",6,"Summer",2021-02-13,2024-03-02,-8.63333333333333,TRUE,"2021",2,"Winter","G-coded","male","1",27.94,"<=30",FALSE,FALSE,FALSE,FALSE,FALSE,FALSE,FALSE,FALSE,FALSE,FALSE,1,1,"singleton",0,0,0,0,0,0,0,0,0,0,0,6,"Reference range"
"60574",88.59,6,2024-04-18,"22220785",40.7,"G40647",NA,NA,5840,"2024",4,"Spring",2016-11-18,2019-02-02,62.5333333333333,FALSE,"2016",11,"Autumn","G-coded","male","6",88.59,">60",FALSE,FALSE,FALSE,FALSE,FALSE,FALSE,FALSE,FALSE,FALSE,FALSE,1,1,"singleton",0,0,0,0,0,0,0,0,0,0,0,4,"Reference range"
"234323",39.35,2,2026-06-10,"21219011",50.2,"G62585","7402563907","00546",66,"2026",6,"Summer",2023-03-10,2023-04-02,38.2666666666667,FALSE,"2023",3,"Spring","G-coded","male","2",39.35,"31-42",FALSE,FALSE,FALSE,FALSE,FALSE,FALSE,FALSE,FALSE,FALSE,FALSE,1,1,"singleton",0,0,0,0,0,0,0,0,0,0,0,6,"Reference range"
"800557",80.97,5,2025-05-11,"22218621",53.7,"G52700","171350","13074",2989,"2025",5,"Spring",2018-08-11,2019-10-02,67.2903225806452,FALSE,"2018",8,"Summer","G-coded","male","5",80.97,">60",FALSE,FALSE,FALSE,FALSE,FALSE,FALSE,FALSE,FALSE,FALSE,FALSE,1,1,"singleton",0,0,0,0,0,1,0,1,0,0,0,5,"Reference range"
"H212330",80.14,5,2023-07-03,"XM-22218621",45.2,"G9106",NA,NA,8144,"2023",7,"Summer",2016-11-03,2019-11-02,44.0322580645161,FALSE,"2016",11,"Autumn","G-coded","male","5",80.14,">60",FALSE,FALSE,FALSE,FALSE,FALSE,FALSE,FALSE,FALSE,FALSE,FALSE,1,1,"singleton",0,0,0,0,0,0,0,0,0,0,0,7,"Reference range"
"213796",24.85,1,2023-12-25,"854773威吉吉",43.1,"G10098","854282","62547",7004,"2023",12,"Winter",2021-11-25,2024-06-02,-5.25806451612903,TRUE,"2021",11,"Autumn","G-coded","male","1",24.85,"<=30",FALSE,FALSE,FALSE,FALSE,FALSE,FALSE,FALSE,FALSE,FALSE,FALSE,1,1,"singleton",0,0,0,0,0,0,0,0,0,0,0,12,"Reference range"
"62322",85.93,5,2023-04-07,"871041文尼哥",45.8,"G8670",NA,NA,8676,"2023",4,"Spring",2016-02-07,2019-05-02,47.1666666666667,FALSE,"2016",2,"Winter","G-coded","male","5",85.93,">60",FALSE,FALSE,FALSE,FALSE,FALSE,FALSE,FALSE,FALSE,FALSE,FALSE,1,1,"singleton",0,0,0,0,0,0,0,0,0,0,0,4,"Reference range"
"60850",88.86,5,2023-06-18,"854773威吉吉",47.6,"G9058",NA,NA,8214,"2023",6,"Summer",2016-01-18,2019-02-02,52.5333333333333,FALSE,"2016",1,"Winter","G-coded","male","5",88.86,">60",FALSE,FALSE,FALSE,FALSE,FALSE,FALSE,FALSE,FALSE,FALSE,FALSE,1,1,"singleton",0,0,0,0,0,0,0,0,0,0,0,6,"Reference range"
"234982",28.4,1,2025-11-12,"21219011",43.1,"G53384","7402563907","201948",1665,"2025",11,"Autumn",2023-07-12,2024-03-02,20.3333333333333,FALSE,"2023",7,"Summer","G-coded","male","1",28.4,"<=30",FALSE,FALSE,FALSE,FALSE,FALSE,FALSE,FALSE,FALSE,FALSE,FALSE,1,1,"singleton",0,0,0,0,0,0,0,0,0,0,0,11,"Reference range"
"235382",24.88,1,2025-10-07,"15618075",44.4,"G53225","7402563907","62877",1986,"2025",10,"Autumn",2023-09-07,2024-06-02,16.1612903225806,FALSE,"2023",9,"Autumn","G-coded","male","1",24.88,"<=30",FALSE,FALSE,FALSE,FALSE,FALSE,FALSE,FALSE,FALSE,FALSE,FALSE,1,1,"singleton",0,0,0,0,0,0,0,0,0,0,0,10,"Reference range"
"910055",73.14,4,2025-06-03,"22218621",47,"G52788",NA,NA,2811,"2025",6,"Summer",2019-05-03,2020-06-02,60.0333333333333,FALSE,"2019",5,"Spring","G-coded","male","4",73.14,">60",FALSE,FALSE,FALSE,FALSE,FALSE,FALSE,FALSE,FALSE,FALSE,FALSE,1,1,"singleton",0,0,0,0,0,0,0,0,0,0,0,6,"Reference range"
"212990",45.5,2,2025-03-15,"427151",48,"G52411","186967","62813",3558,"2025",3,"Spring",2021-05-15,2022-09-02,30.4193548387097,FALSE,"2021",5,"Spring","G-coded","male","2",45.5,"43-60",FALSE,FALSE,FALSE,FALSE,FALSE,FALSE,FALSE,FALSE,FALSE,FALSE,1,1,"singleton",0,0,0,0,0,0,0,0,0,0,0,3,"Reference range"
"00459",70.81,5,2024-08-21,"15620126",46.3,"G41013",NA,NA,5155,"2024",8,"Summer",2018-09-21,2020-08-02,48.6129032258064,FALSE,"2018",9,"Autumn","G-coded","male","5",70.81,">60",FALSE,FALSE,FALSE,FALSE,FALSE,FALSE,FALSE,FALSE,FALSE,FALSE,1,1,"singleton",0,0,0,0,0,0,0,0,0,0,0,8,"Reference range"
"H201758",33.69,2,2023-08-23,"865530狼血",48.4,"G9387",NA,NA,7852,"2023",8,"Summer",2020-10-23,2023-09-02,-0.32258064516129,TRUE,"2020",10,"Autumn","G-coded","male","2",33.69,"31-42",FALSE,FALSE,FALSE,FALSE,FALSE,FALSE,FALSE,FALSE,FALSE,FALSE,1,1,"singleton",0,0,0,0,0,0,0,0,0,0,0,8,"Reference range"
"234634",34.16,2,2026-02-23,"41121296",48.4,"G62171","871041文尼哥","202630",918,"2026",2,"Winter",2023-04-23,2023-09-02,29.75,FALSE,"2023",4,"Spring","G-coded","male","2",34.16,"31-42",FALSE,FALSE,FALSE,FALSE,FALSE,FALSE,FALSE,FALSE,FALSE,FALSE,1,1,"singleton",0,0,0,0,0,0,0,0,0,0,0,2,"Reference range"
"212291",22.62,1,2023-01-02,"854282维利纳诺",45.3,"G8034","606306","91170",9468,"2023",1,"Winter",2021-02-02,2024-08-02,-19,TRUE,"2021",2,"Winter","G-coded","male","1",22.62,"<=30",FALSE,FALSE,FALSE,FALSE,FALSE,FALSE,FALSE,FALSE,FALSE,FALSE,1,1,"singleton",0,0,0,0,0,0,0,0,0,0,0,1,"Reference range"
"212864",54.8,3,2025-12-03,"41121286",46.4,"G53503",NA,NA,1459,"2025",12,"Winter",2021-05-03,2021-12-02,48.0322580645161,FALSE,"2021",5,"Spring","G-coded","male","3",54.8,"43-60",FALSE,FALSE,FALSE,FALSE,FALSE,FALSE,FALSE,FALSE,FALSE,FALSE,1,1,"singleton",0,0,0,0,0,0,0,0,0,0,0,12,"Reference range"
"234296",24.62,1,2025-03-15,"427151",39,"G52406","13218431","202359",3556,"2025",3,"Spring",2023-02-15,2024-06-02,9.41935483870968,TRUE,"2023",2,"Winter","G-coded","male","1",24.62,"<=30",FALSE,FALSE,FALSE,FALSE,FALSE,FALSE,FALSE,FALSE,FALSE,FALSE,1,1,"singleton",0,0,0,0,1,0,0,0,0,0,0,3,"Reference range"
"202620",37.71,2,2024-02-01,"865530狼血",50.3,"G40167","180600","Z70214",6676,"2024",2,"Winter",2020-12-01,2023-05-02,8.96774193548387,TRUE,"2020",12,"Winter","G-coded","male","2",37.71,"31-42",FALSE,FALSE,FALSE,FALSE,FALSE,FALSE,FALSE,FALSE,FALSE,FALSE,1,1,"singleton",0,0,0,0,0,0,0,0,0,0,0,2,"Reference range"
"H00521",86.65,6,2024-02-02,"FR7045049997",43.6,"G40168",NA,NA,6666,"2024",2,"Winter",2016-11-02,2019-04-02,58,FALSE,"2016",11,"Autumn","G-coded","male","6",86.65,">60",FALSE,FALSE,FALSE,FALSE,FALSE,FALSE,FALSE,FALSE,FALSE,FALSE,1,1,"singleton",0,0,0,0,0,0,0,0,0,0,0,2,"Reference range"
"60420",79.78,5,2023-03-18,"871041文尼哥",48.3,"G8531",NA,NA,8888,"2023",3,"Spring",2016-07-18,2019-11-02,40.5161290322581,FALSE,"2016",7,"Summer","G-coded","male","5",79.78,">60",FALSE,FALSE,FALSE,FALSE,FALSE,FALSE,FALSE,FALSE,FALSE,FALSE,1,1,"singleton",0,0,0,0,0,0,0,0,0,0,0,3,"Reference range"
"201933",33.23,2,2023-05-05,"871041文尼哥",50.7,"G8813",NA,NA,8487,"2023",5,"Spring",2020-08-05,2023-10-02,-4.90322580645161,TRUE,"2020",8,"Summer","G-coded","male","2",33.23,"31-42",FALSE,FALSE,FALSE,FALSE,FALSE,FALSE,FALSE,FALSE,FALSE,FALSE,1,1,"singleton",0,0,0,0,0,0,0,0,0,0,0,5,"Reference range"
"202293",54.24,3,2025-04-26,"427133",52.2,"G52621","606244","800770",3136,"2025",4,"Spring",2020-10-26,2022-01-02,39.8,FALSE,"2020",10,"Autumn","G-coded","male","3",54.24,"43-60",FALSE,FALSE,FALSE,FALSE,FALSE,FALSE,FALSE,FALSE,FALSE,FALSE,1,1,"singleton",0,0,0,0,0,0,0,0,0,0,0,4,"Reference range"
"212694",25.48,1,2024-03-28,"22219929",46.3,"G40567","606318","00795",5988,"2024",3,"Spring",2022-02-28,2024-06-02,-2.16129032258065,TRUE,"2022",2,"Winter","G-coded","male","1",25.48,"<=30",FALSE,FALSE,FALSE,FALSE,FALSE,FALSE,FALSE,FALSE,FALSE,FALSE,1,1,"singleton",0,0,0,0,0,0,0,0,0,0,0,3,"Reference range"
"62384",110.19,7,2025-04-20,"863302",44.4,"G52589",NA,NA,3217,"2025",4,"Spring",2016-02-20,2017-05-02,95.6,FALSE,"2016",2,"Winter","G-coded","male",">=7",110.19,">60",FALSE,FALSE,FALSE,FALSE,FALSE,FALSE,FALSE,FALSE,FALSE,FALSE,1,1,"singleton",0,0,0,0,0,0,0,0,0,0,0,4,"Reference range"
"800761",53.62,3,2023-04-02,"871041文尼哥",48.2,"G8631","171350","61520",8740,"2023",4,"Spring",2018-10-02,2022-01-02,15,FALSE,"2018",10,"Autumn","G-coded","male","3",53.62,"43-60",FALSE,FALSE,FALSE,FALSE,FALSE,FALSE,FALSE,FALSE,FALSE,FALSE,1,1,"singleton",0,0,0,0,0,0,0,0,0,0,0,4,"Reference range"
"61746",93.23,4,2023-10-19,"854282维利纳诺",39.5,"G9656",NA,NA,7500,"2023",10,"Autumn",2016-01-19,2018-10-02,60.5483870967742,FALSE,"2016",1,"Winter","G-coded","male","4",93.23,">60",FALSE,FALSE,FALSE,FALSE,FALSE,FALSE,FALSE,FALSE,FALSE,FALSE,1,1,"singleton",0,0,0,0,1,0,0,0,0,0,0,10,"Reference range"
"801002",59.37,4,2023-11-17,"FR2545422137",44.4,"G9834","171350","61639",7333,"2023",11,"Autumn",2018-12-17,2021-08-02,27.5,FALSE,"2018",12,"Winter","G-coded","male","4",59.37,"43-60",FALSE,FALSE,FALSE,FALSE,FALSE,FALSE,FALSE,FALSE,FALSE,FALSE,1,1,"singleton",0,0,0,0,0,0,0,0,0,0,0,11,"Reference range"
"800782",64.89,4,2024-03-15,"FR7045049997",42.6,"G40497","171350","50462",6120,"2024",3,"Spring",2018-10-15,2021-02-02,37.4193548387097,FALSE,"2018",10,"Autumn","G-coded","male","4",64.89,">60",FALSE,FALSE,FALSE,FALSE,FALSE,FALSE,FALSE,FALSE,FALSE,FALSE,1,1,"singleton",0,0,0,0,0,0,0,0,0,0,0,3,"Reference range"
"224008",43.98,2,2025-08-30,"863302",46.4,"G53071","854062","201193",2271,"2025",8,"Summer",2021-12-30,2022-11-02,33.9032258064516,FALSE,"2021",12,"Winter","G-coded","male","2",43.98,"43-60",FALSE,FALSE,FALSE,FALSE,FALSE,FALSE,FALSE,FALSE,FALSE,FALSE,1,1,"singleton",0,0,0,0,0,0,0,0,0,0,0,8,"Reference range"
"H60630",100.82,6,2024-06-20,"22220785",40.6,"G41034",NA,NA,5422,"2024",6,"Summer",2016-01-20,2018-02-02,76.6,FALSE,"2016",1,"Winter","G-coded","male","6",100.82,">60",FALSE,FALSE,FALSE,FALSE,FALSE,FALSE,FALSE,FALSE,FALSE,FALSE,1,1,"singleton",0,0,0,0,0,0,0,0,0,0,0,6,"Reference range"
"60990",85.57,5,2023-02-17,"871041文尼哥",48.1,"G8341",NA,NA,9160,"2023",2,"Winter",2015-12-17,2019-05-02,45.5357142857143,FALSE,"2015",12,"Winter","G-coded","male","5",85.57,">60",FALSE,FALSE,FALSE,FALSE,FALSE,FALSE,FALSE,FALSE,FALSE,FALSE,1,1,"singleton",0,0,0,0,0,0,0,0,0,0,0,2,"Reference range"
"00787",69.3,5,2025-03-25,"427151",39.6,"G52466","167285","61752",3436,"2025",3,"Spring",2019-06-25,2020-10-02,53.741935483871,FALSE,"2019",6,"Summer","G-coded","male","5",69.3,">60",FALSE,FALSE,FALSE,FALSE,FALSE,FALSE,FALSE,FALSE,FALSE,FALSE,1,1,"singleton",0,0,0,0,1,0,0,0,0,0,0,3,"Reference range"
"234418",24.75,1,2025-04-08,"427151",49.2,"G52543","7402563907","L60056",3313,"2025",4,"Spring",2023-03-08,2024-06-02,10.2,TRUE,"2023",3,"Spring","G-coded","male","1",24.75,"<=30",FALSE,FALSE,FALSE,FALSE,FALSE,FALSE,FALSE,FALSE,FALSE,FALSE,1,1,"singleton",0,0,0,0,0,0,0,0,0,0,0,4,"Reference range"
"800896",85.57,5,2026-01-05,"65123650",45.8,"G62008","171350","140588",1194,"2026",1,"Winter",2018-11-05,2019-05-02,80.0967741935484,FALSE,"2018",11,"Autumn","G-coded","male","5",85.57,">60",FALSE,FALSE,FALSE,FALSE,FALSE,FALSE,FALSE,FALSE,FALSE,FALSE,1,1,"singleton",0,0,0,0,0,0,0,0,0,0,0,1,"Reference range"
"202594",31.26,1,2023-07-16,"854773威吉吉",44.6,"G9181","180600","800717",8083,"2023",7,"Summer",2020-12-16,2023-12-02,-4.54838709677419,TRUE,"2020",12,"Winter","G-coded","male","1",31.26,"31-42",FALSE,FALSE,FALSE,FALSE,FALSE,FALSE,FALSE,FALSE,FALSE,FALSE,1,1,"singleton",0,0,0,0,0,0,0,0,0,0,0,7,"Reference range"
"63076",101.81,7,2024-07-26,"171206",45.2,"G40958",NA,NA,5279,"2024",7,"Summer",2016-01-26,2018-01-02,78.7741935483871,FALSE,"2016",1,"Winter","G-coded","male",">=7",101.81,">60",FALSE,FALSE,FALSE,FALSE,FALSE,FALSE,FALSE,FALSE,FALSE,FALSE,1,1,"singleton",0,0,0,0,0,0,0,0,0,0,0,7,"Reference range"
"20013",62.26,4,2024-04-08,"15220255",49.3,"G40612",NA,NA,5910,"2024",4,"Spring",2019-02-08,2021-05-02,35.2,FALSE,"2019",2,"Winter","G-coded","male","4",62.26,">60",FALSE,FALSE,FALSE,FALSE,FALSE,FALSE,FALSE,FALSE,FALSE,FALSE,1,1,"singleton",0,0,0,0,0,0,0,0,0,0,0,4,"Reference range"
"70056",109.76,8,2026-03-15,"41120238",53.6,"G62265",NA,NA,733,"2026",3,"Spring",2017-01-15,2017-05-02,106.41935483871,FALSE,"2017",1,"Winter","G-coded","male",">=7",109.76,">60",FALSE,FALSE,FALSE,FALSE,FALSE,FALSE,FALSE,FALSE,FALSE,FALSE,1,1,"singleton",0,0,0,0,0,1,0,1,0,0,0,3,"Reference range"
"70693",74.33,4,2024-01-30,"854773威吉吉",44.7,"G40144L",NA,NA,6695,"2024",1,"Winter",2017-11-30,2020-05-02,44.9032258064516,FALSE,"2017",11,"Autumn","G-coded","male","4",74.33,">60",FALSE,FALSE,FALSE,FALSE,FALSE,FALSE,FALSE,FALSE,FALSE,FALSE,1,1,"singleton",0,0,0,0,0,0,0,0,0,0,0,1,"Reference range"
"213787",45.3,3,2025-09-05,"41419127",50.2,"G53090","2544424506","800856",2246,"2025",9,"Autumn",2021-12-05,2022-10-02,35.1,FALSE,"2021",12,"Winter","G-coded","male","3",45.3,"43-60",FALSE,FALSE,FALSE,FALSE,FALSE,FALSE,FALSE,FALSE,FALSE,FALSE,1,1,"singleton",0,0,0,0,0,0,0,0,0,0,0,9,"Reference range"
"235263",30.77,2,2026-03-17,NA,45.6,"G62283",NA,NA,714,"2026",3,"Spring",2023-08-17,2023-12-02,27.4838709677419,FALSE,"2023",8,"Summer","G-coded","male","2",30.77,"31-42",FALSE,FALSE,FALSE,FALSE,FALSE,FALSE,FALSE,FALSE,FALSE,FALSE,1,1,"singleton",0,0,0,0,0,0,0,0,0,0,0,3,"Reference range"
"61803",91.62,5,2023-08-29,"865530狼血",44.8,"G9426",NA,NA,7805,"2023",8,"Summer",2015-12-29,2018-11-02,57.8709677419355,FALSE,"2015",12,"Winter","G-coded","male","5",91.62,">60",FALSE,FALSE,FALSE,FALSE,FALSE,FALSE,FALSE,FALSE,FALSE,FALSE,1,1,"singleton",0,0,0,0,0,0,0,0,0,0,0,8,"Reference range"
"225186",34.85,1,2025-08-15,"863302",43.2,"G53033","西西弗斯180561","202169",2339,"2025",8,"Summer",2022-09-15,2023-08-02,24.4193548387097,FALSE,"2022",9,"Autumn","G-coded","male","1",34.85,"31-42",FALSE,FALSE,FALSE,FALSE,FALSE,FALSE,FALSE,FALSE,FALSE,FALSE,1,1,"singleton",0,0,0,0,0,0,0,0,0,0,0,8,"Reference range"
"91116",83.43,5,2023-07-27,"854773威吉吉",39.6,"G9258",NA,NA,8000,"2023",7,"Summer",2016-08-27,2019-08-02,47.8064516129032,FALSE,"2016",8,"Summer","G-coded","male","5",83.43,">60",FALSE,FALSE,FALSE,FALSE,FALSE,FALSE,FALSE,FALSE,FALSE,FALSE,1,1,"singleton",0,0,0,0,1,0,0,0,0,0,0,7,"Reference range"
"202458",37.94,2,2024-01-07,"865530狼血",49.1,"G40051","606318","Z61480",6897,"2024",1,"Winter",2020-11-07,2023-05-02,8.16129032258065,TRUE,"2020",11,"Autumn","G-coded","male","2",37.94,"31-42",FALSE,FALSE,FALSE,FALSE,FALSE,FALSE,FALSE,FALSE,FALSE,FALSE,1,1,"singleton",0,0,0,0,0,0,0,0,0,0,0,1,"Reference range"
"61001",118.31,6,2025-11-20,"41121286",49.7,"G53428",NA,NA,1586,"2025",11,"Autumn",2016-01-20,2016-09-02,110.6,FALSE,"2016",1,"Winter","G-coded","male","6",118.31,">60",FALSE,FALSE,FALSE,FALSE,FALSE,FALSE,FALSE,FALSE,FALSE,FALSE,1,1,"singleton",0,0,0,0,0,0,0,0,0,0,0,11,"Reference range"
"225015",43.72,3,2026-03-26,"21219011",43.5,"G62323","606045","800636",610,"2026",3,"Spring",2022-07-26,2022-11-02,40.7741935483871,FALSE,"2022",7,"Summer","G-coded","male","3",43.72,"43-60",FALSE,FALSE,FALSE,FALSE,FALSE,FALSE,FALSE,FALSE,FALSE,FALSE,1,1,"singleton",0,0,0,0,0,0,0,0,0,0,0,3,"Reference range"
"62060",113.05,7,2025-06-03,"427133",51,"G52791",NA,NA,2810,"2025",6,"Summer",2016-01-03,2017-02-02,100.033333333333,FALSE,"2016",1,"Winter","G-coded","male",">=7",113.05,">60",FALSE,FALSE,FALSE,FALSE,FALSE,FALSE,FALSE,FALSE,FALSE,FALSE,1,1,"singleton",0,0,0,0,0,0,0,0,0,0,0,6,"Reference range"
"50388",83.86,5,2023-02-15,"871041文尼哥",48.1,"G8328",NA,NA,9178,"2023",2,"Winter",2016-02-15,2019-07-02,43.4642857142857,FALSE,"2016",2,"Winter","G-coded","male","5",83.86,">60",FALSE,FALSE,FALSE,FALSE,FALSE,FALSE,FALSE,FALSE,FALSE,FALSE,1,1,"singleton",0,0,0,0,0,0,0,0,0,0,0,2,"Reference range"
"234419",28.17,1,2025-07-21,"22220525",43.6,"G52952","7029225762","61852",2491,"2025",7,"Summer",2023-03-21,2024-03-02,16.6129032258065,FALSE,"2023",3,"Spring","G-coded","male","1",28.17,"<=30",FALSE,FALSE,FALSE,FALSE,FALSE,FALSE,FALSE,FALSE,FALSE,FALSE,1,1,"singleton",0,0,0,0,0,0,0,0,0,0,0,7,"Reference range"
"65001",94.67,6,2023-12-01,"854400西部公园",54,"G9906",NA,NA,7253,"2023",12,"Winter",2016-01-01,2018-08-02,63.9666666666667,FALSE,"2016",1,"Winter","G-coded","male","6",94.67,">60",FALSE,FALSE,FALSE,FALSE,FALSE,FALSE,FALSE,FALSE,FALSE,FALSE,1,1,"singleton",0,0,0,0,0,1,0,1,0,0,0,12,"Reference range"
"234854",35.17,2,2026-02-22,"861404",40.2,"G62160",NA,NA,926,"2026",2,"Winter",2023-03-22,2023-08-02,30.7142857142857,FALSE,"2023",3,"Spring","G-coded","male","2",35.17,"31-42",FALSE,FALSE,FALSE,FALSE,FALSE,FALSE,FALSE,FALSE,FALSE,FALSE,1,1,"singleton",0,0,0,0,0,0,0,0,0,0,0,2,"Reference range"
"65092",103.62,4,2024-08-17,"15620126",44.2,"G41006",NA,NA,5176,"2024",8,"Summer",2015-12-17,2017-11-02,81.4838709677419,FALSE,"2015",12,"Winter","G-coded","male","4",103.62,">60",FALSE,FALSE,FALSE,FALSE,FALSE,FALSE,FALSE,FALSE,FALSE,FALSE,1,1,"singleton",0,0,0,0,0,0,0,0,0,0,0,8,"Reference range"
"213832",26.23,1,2024-02-13,"862025瓦特罗",48.5,"G40259","6868671111","60733",6518,"2024",2,"Winter",2021-12-13,2024-05-02,-2.62068965517241,TRUE,"2021",12,"Winter","G-coded","male","1",26.23,"<=30",FALSE,FALSE,FALSE,FALSE,FALSE,FALSE,FALSE,FALSE,FALSE,FALSE,1,1,"singleton",0,0,0,0,0,0,0,0,0,0,0,2,"Reference range"
"60599",84.12,5,2024-04-11,"FR3917468802",53.4,"G40622","426864","40097",5896,"2024",4,"Spring",2017-04-11,2019-07-02,57.3,FALSE,"2017",4,"Spring","G-coded","male","5",84.12,">60",FALSE,FALSE,FALSE,FALSE,FALSE,FALSE,FALSE,FALSE,FALSE,FALSE,1,1,"singleton",0,0,0,0,0,1,0,1,0,0,0,4,"Reference range"
"234041",26.3,1,2025-03-17,"22220783",43.6,"G52422","854282维利纳诺","800813",3535,"2025",3,"Spring",2023-01-17,2024-05-02,10.4838709677419,TRUE,"2023",1,"Winter","G-coded","male","1",26.3,"<=30",FALSE,FALSE,FALSE,FALSE,FALSE,FALSE,FALSE,FALSE,FALSE,FALSE,1,1,"singleton",0,0,0,0,0,0,0,0,0,0,0,3,"Reference range"
"227008",46.52,2,2025-12-20,"41121286",50.2,"G53580","6868671111","00167",1296,"2025",12,"Winter",2022-01-20,2022-08-02,40.5806451612903,FALSE,"2022",1,"Winter","G-coded","male","2",46.52,"43-60",FALSE,FALSE,FALSE,FALSE,FALSE,FALSE,FALSE,FALSE,FALSE,FALSE,1,1,"singleton",0,0,0,0,0,0,0,0,0,0,0,12,"Reference range"
"240126",28.4,1,2026-06-02,"41221179",40.4,"G62568","865530狼血","201968",116,"2026",6,"Summer",2024-02-02,2024-03-02,27,FALSE,"2024",2,"Winter","G-coded","male","1",28.4,"<=30",FALSE,FALSE,FALSE,FALSE,FALSE,FALSE,FALSE,FALSE,FALSE,FALSE,1,1,"singleton",0,0,0,0,0,0,0,0,0,0,0,6,"Reference range"
"20048",46.19,3,2023-04-30,"871041文尼哥",53.6,"G8789",NA,NA,8511,"2023",4,"Spring",2019-06-30,2022-09-02,7.93333333333333,TRUE,"2019",6,"Summer","G-coded","male","3",46.19,"43-60",FALSE,FALSE,FALSE,FALSE,FALSE,FALSE,FALSE,FALSE,FALSE,FALSE,1,1,"singleton",0,0,0,0,0,1,0,1,0,0,0,4,"Reference range"
"235074",28.4,1,2025-11-25,"41121286",52.6,"G53460",NA,NA,1532,"2025",11,"Autumn",2023-07-25,2024-03-02,20.7666666666667,FALSE,"2023",7,"Summer","G-coded","male","1",28.4,"<=30",FALSE,FALSE,FALSE,FALSE,FALSE,FALSE,FALSE,FALSE,FALSE,FALSE,1,1,"singleton",0,0,0,0,0,0,0,1,0,0,0,11,"Reference range"
"202523",62.26,3,2025-11-28,"21219011",38.8,"G53476",NA,NA,1498,"2025",11,"Autumn",2020-09-28,2021-05-02,54.8666666666667,FALSE,"2020",9,"Autumn","G-coded","male","3",62.26,">60",FALSE,FALSE,FALSE,FALSE,FALSE,FALSE,FALSE,FALSE,FALSE,FALSE,1,1,"singleton",0,0,0,0,1,0,0,0,0,0,0,11,"Reference range"
"H70684",95.4,5,2024-01-29,"854773威吉吉",52.6,"G40143",NA,NA,6716,"2024",1,"Winter",2016-02-29,2018-08-02,65.8709677419355,FALSE,"2016",2,"Winter","G-coded","male","5",95.4,">60",FALSE,FALSE,FALSE,FALSE,FALSE,FALSE,FALSE,FALSE,FALSE,FALSE,1,1,"singleton",0,0,0,0,0,0,0,1,0,0,0,1,"Reference range"
"01202",39.28,2,2023-02-06,"871041文尼哥",46.1,"G8284","606192","60938",9250,"2023",2,"Winter",2019-11-06,2023-04-02,-1.85714285714286,TRUE,"2019",11,"Autumn","G-coded","male","2",39.28,"31-42",FALSE,FALSE,FALSE,FALSE,FALSE,FALSE,FALSE,FALSE,FALSE,FALSE,1,1,"singleton",0,0,0,0,0,0,0,0,0,0,0,2,"Reference range"
"70225",99.05,7,2025-07-03,"22218621",44.8,"G52887",NA,NA,2607,"2025",7,"Summer",2017-04-03,2018-04-02,87.0322580645161,FALSE,"2017",4,"Spring","G-coded","male",">=7",99.05,">60",FALSE,FALSE,FALSE,FALSE,FALSE,FALSE,FALSE,FALSE,FALSE,FALSE,1,1,"singleton",0,0,0,0,0,0,0,0,0,0,0,7,"Reference range"
"H202179",114.4,6,2026-03-24,"41121286",44.2,"G62317",NA,NA,646,"2026",3,"Spring",2016-09-24,2017-01-02,110.709677419355,FALSE,"2016",9,"Autumn","G-coded","male","6",114.4,">60",FALSE,FALSE,FALSE,FALSE,FALSE,FALSE,FALSE,FALSE,FALSE,FALSE,1,1,"singleton",0,0,0,0,0,0,0,0,0,0,0,3,"Reference range"
"235085",34.39,2,2026-05-28,"41120238",44.2,"G62548","854773威吉吉","201697",149,"2026",5,"Spring",2023-07-28,2023-09-02,32.8387096774194,FALSE,"2023",7,"Summer","G-coded","male","2",34.39,"31-42",FALSE,FALSE,FALSE,FALSE,FALSE,FALSE,FALSE,FALSE,FALSE,FALSE,1,1,"singleton",0,0,0,0,0,0,0,0,0,0,0,5,"Reference range"
"213349",26.99,1,2023-12-06,"865530狼血",44.2,"G9952","180781","01082",7218,"2023",12,"Winter",2021-09-06,2024-04-02,-3.87096774193548,TRUE,"2021",9,"Autumn","G-coded","male","1",26.99,"<=30",FALSE,FALSE,FALSE,FALSE,FALSE,FALSE,FALSE,FALSE,FALSE,FALSE,1,1,"singleton",0,0,0,0,0,0,0,0,0,0,0,12,"Reference range"
"234546",24.69,1,2025-04-24,"427133",44,"G52612","7402563907","800868",3167,"2025",4,"Spring",2023-03-24,2024-06-02,10.7333333333333,TRUE,"2023",3,"Spring","G-coded","male","1",24.69,"<=30",FALSE,FALSE,FALSE,FALSE,FALSE,FALSE,FALSE,FALSE,FALSE,FALSE,1,1,"singleton",0,0,0,0,0,0,0,0,0,0,0,4,"Reference range"
"20064",44.08,3,2024-02-03,"FR7045049997",50.4,"G40184",NA,NA,6647,"2024",2,"Winter",2020-06-03,2022-11-02,15.0344827586207,FALSE,"2020",6,"Summer","G-coded","male","3",44.08,"43-60",FALSE,FALSE,FALSE,FALSE,FALSE,FALSE,FALSE,FALSE,FALSE,FALSE,1,1,"singleton",0,0,0,0,0,0,0,0,0,0,0,2,"Reference range"
"225076",40.3,2,2026-01-02,"41121286",50.4,"G62002","606045","800650",1208,"2026",1,"Winter",2022-09-02,2023-03-02,34,FALSE,"2022",9,"Autumn","G-coded","male","2",40.3,"31-42",FALSE,FALSE,FALSE,FALSE,FALSE,FALSE,FALSE,FALSE,FALSE,FALSE,1,1,"singleton",0,0,0,0,0,0,0,0,0,0,0,1,"Reference range"
"00809",57.76,4,2023-11-14,"FR2545422137",49.1,"G9819","171790","61642",7347,"2023",11,"Autumn",2019-01-14,2021-09-02,26.4,FALSE,"2019",1,"Winter","G-coded","male","4",57.76,"43-60",FALSE,FALSE,FALSE,FALSE,FALSE,FALSE,FALSE,FALSE,FALSE,FALSE,1,1,"singleton",0,0,0,0,0,0,0,0,0,0,0,11,"Reference range"
"800612",81.23,5,2025-06-19,"22121207",47.8,"G52837","171350","LX202",2718,"2025",6,"Summer",2018-09-19,2019-10-02,68.5666666666667,FALSE,"2018",9,"Autumn","G-coded","male","5",81.23,">60",FALSE,FALSE,FALSE,FALSE,FALSE,FALSE,FALSE,FALSE,FALSE,FALSE,1,1,"singleton",0,0,0,0,0,0,0,0,0,0,0,6,"Reference range"
"L800851",82.45,5,2025-09-20,"21219011",51.4,"G53143",NA,NA,2145,"2025",9,"Autumn",2018-11-20,2019-09-02,72.6,FALSE,"2018",11,"Autumn","G-coded","male","5",82.45,">60",FALSE,FALSE,FALSE,FALSE,FALSE,FALSE,FALSE,FALSE,FALSE,FALSE,1,1,"singleton",0,0,0,0,0,0,0,0,0,0,0,9,"Reference range"
"201176",74.23,5,2026-04-21,"41120238",51.3,"G62437","186756","12029",379,"2026",4,"Spring",2020-02-21,2020-05-02,71.6333333333333,FALSE,"2020",2,"Winter","G-coded","male","5",74.23,">60",FALSE,FALSE,FALSE,FALSE,FALSE,FALSE,FALSE,FALSE,FALSE,FALSE,1,1,"singleton",0,0,0,0,0,0,0,0,0,0,0,4,"Reference range"
"224257",25.18,1,2024-03-24,"13220085",39.6,"G40538",NA,NA,6040,"2024",3,"Spring",2022-02-24,2024-06-02,-2.29032258064516,TRUE,"2022",2,"Winter","G-coded","male","1",25.18,"<=30",FALSE,FALSE,FALSE,FALSE,FALSE,FALSE,FALSE,FALSE,FALSE,FALSE,1,1,"singleton",0,0,0,0,1,0,0,0,0,0,0,3,"Reference range"
"61497",112.1,7,2025-06-19,"863302",43.7,"G52838",NA,NA,2720,"2025",6,"Summer",2016-02-19,2017-03-02,99.5666666666667,FALSE,"2016",2,"Winter","G-coded","male",">=7",112.1,">60",FALSE,FALSE,FALSE,FALSE,FALSE,FALSE,FALSE,FALSE,FALSE,FALSE,1,1,"singleton",0,0,0,0,0,0,0,0,0,0,0,6,"Reference range"
"213423",28.96,1,2024-02-19,"862025瓦特罗",49.1,"G40309","180781","61417",6427,"2024",2,"Winter",2021-09-19,2024-02-02,0.586206896551724,TRUE,"2021",9,"Autumn","G-coded","male","1",28.96,"<=30",FALSE,FALSE,FALSE,FALSE,FALSE,FALSE,FALSE,FALSE,FALSE,FALSE,1,1,"singleton",0,0,0,0,0,0,0,0,0,0,0,2,"Reference range"
"00390",48.19,3,2023-04-13,"7402563907",46.8,"G8699","171790","63012",8643,"2023",4,"Spring",2019-04-13,2022-07-02,9.36666666666667,TRUE,"2019",4,"Spring","G-coded","male","3",48.19,"43-60",FALSE,FALSE,FALSE,FALSE,FALSE,FALSE,FALSE,FALSE,FALSE,FALSE,1,1,"singleton",0,0,0,0,0,0,0,0,0,0,0,4,"Reference range"
"202442",38.1,2,2024-01-08,"865530狼血",47.3,"G40053",NA,NA,6888,"2024",1,"Winter",2020-11-08,2023-05-02,8.19354838709677,TRUE,"2020",11,"Autumn","G-coded","male","2",38.1,"31-42",FALSE,FALSE,FALSE,FALSE,FALSE,FALSE,FALSE,FALSE,FALSE,FALSE,1,1,"singleton",0,0,0,0,0,0,0,0,0,0,0,1,"Reference range"
"61603",116.77,8,2025-10-30,"15618939",44.8,"G53325",NA,NA,1780,"2025",10,"Autumn",2016-01-30,2016-10-02,108.903225806452,FALSE,"2016",1,"Winter","G-coded","male",">=7",116.77,">60",FALSE,FALSE,FALSE,FALSE,FALSE,FALSE,FALSE,FALSE,FALSE,FALSE,1,1,"singleton",0,0,0,0,0,0,0,0,0,0,0,10,"Reference range"
"234543",25.28,1,2025-05-11,"427133",43.2,"G52702","7402563907","201629",2991,"2025",5,"Spring",2023-04-11,2024-06-02,11.2903225806452,TRUE,"2023",4,"Spring","G-coded","male","1",25.28,"<=30",FALSE,FALSE,FALSE,FALSE,FALSE,FALSE,FALSE,FALSE,FALSE,FALSE,1,1,"singleton",0,0,0,0,0,0,0,0,0,0,0,5,"Reference range"
"800590",58.38,4,2023-07-12,"7402563907",47.5,"G9155","171350","60402",8111,"2023",7,"Summer",2018-09-12,2021-09-02,22.3225806451613,FALSE,"2018",9,"Autumn","G-coded","male","4",58.38,"43-60",FALSE,FALSE,FALSE,FALSE,FALSE,FALSE,FALSE,FALSE,FALSE,FALSE,1,1,"singleton",0,0,0,0,0,0,0,0,0,0,0,7,"Reference range"
"212049",25.74,1,2023-02-19,"13218225",45.3,"G8349",NA,NA,9133,"2023",2,"Winter",2020-12-19,2024-05-02,-14.3928571428571,TRUE,"2020",12,"Winter","G-coded","male","1",25.74,"<=30",FALSE,FALSE,FALSE,FALSE,FALSE,FALSE,FALSE,FALSE,FALSE,FALSE,1,1,"singleton",0,0,0,0,0,0,0,0,0,0,0,2,"Reference range"
"61330",100.82,7,2024-07-21,"171206",47.6,"G40931",NA,NA,5326,"2024",7,"Summer",2016-02-21,2018-02-02,77.6129032258064,FALSE,"2016",2,"Winter","G-coded","male",">=7",100.82,">60",FALSE,FALSE,FALSE,FALSE,FALSE,FALSE,FALSE,FALSE,FALSE,FALSE,1,1,"singleton",0,0,0,0,0,0,0,0,0,0,0,7,"Reference range"
"1279",111.31,7,2025-05-09,"427133",47.5,"G52691",NA,NA,3010,"2025",5,"Spring",2016-02-09,2017-04-02,97.2258064516129,FALSE,"2016",2,"Winter","G-coded","male",">=7",111.31,">60",FALSE,FALSE,FALSE,FALSE,FALSE,FALSE,FALSE,FALSE,FALSE,FALSE,1,1,"singleton",0,0,0,0,0,0,0,0,0,0,0,5,"Reference range"
"800369",69.2,5,2024-02-22,"862025瓦特罗",48.3,"G40343",NA,NA,6388,"2024",2,"Winter",2018-05-22,2020-10-02,40.6896551724138,FALSE,"2018",5,"Spring","G-coded","male","5",69.2,">60",FALSE,FALSE,FALSE,FALSE,FALSE,FALSE,FALSE,FALSE,FALSE,FALSE,1,1,"singleton",0,0,0,0,0,0,0,0,0,0,0,2,"Reference range"
"212115",50.36,3,2025-03-21,"22218621",52.3,"G52446","7402563907","40594",3493,"2025",3,"Spring",2021-01-21,2022-05-02,34.6129032258064,FALSE,"2021",1,"Winter","G-coded","male","3",50.36,"43-60",FALSE,FALSE,FALSE,FALSE,FALSE,FALSE,FALSE,FALSE,FALSE,FALSE,1,1,"singleton",0,0,0,0,0,0,0,0,0,0,0,3,"Reference range"
"212542",26.43,1,2023-06-09,"65117533",38.6,"G8999",NA,NA,8270,"2023",6,"Summer",2021-04-09,2024-05-02,-10.7666666666667,TRUE,"2021",4,"Spring","G-coded","male","1",26.43,"<=30",FALSE,FALSE,FALSE,FALSE,FALSE,FALSE,FALSE,FALSE,FALSE,FALSE,1,1,"singleton",0,0,0,0,1,0,0,0,0,0,0,6,"Reference range"
"00201",79.55,6,2025-10-10,"41121286",45.5,"G53237",NA,NA,1969,"2025",10,"Autumn",2019-02-10,2019-11-02,71.258064516129,FALSE,"2019",2,"Winter","G-coded","male","6",79.55,">60",FALSE,FALSE,FALSE,FALSE,FALSE,FALSE,FALSE,FALSE,FALSE,FALSE,1,1,"singleton",0,0,0,0,0,0,0,0,0,0,0,10,"Reference range"
"60274",84.06,5,2023-04-24,"7402563907",43.6,"G8753",NA,NA,8556,"2023",4,"Spring",2016-04-24,2019-07-02,45.7333333333333,FALSE,"2016",4,"Spring","G-coded","male","5",84.06,">60",FALSE,FALSE,FALSE,FALSE,FALSE,FALSE,FALSE,FALSE,FALSE,FALSE,1,1,"singleton",0,0,0,0,0,0,0,0,0,0,0,4,"Reference range"
"01257",50.23,2,2024-01-15,"862025瓦特罗",41.7,"G40084","606192","62018",6829,"2024",1,"Winter",2019-11-15,2022-05-02,20.4193548387097,FALSE,"2019",11,"Autumn","G-coded","male","2",50.23,"43-60",FALSE,FALSE,FALSE,FALSE,FALSE,FALSE,FALSE,FALSE,FALSE,FALSE,1,1,"singleton",0,0,0,0,0,0,0,0,0,0,0,1,"Reference range"
"202075",34.29,2,2023-07-16,"854773威吉吉",40.5,"G9178",NA,NA,8088,"2023",7,"Summer",2020-09-16,2023-09-02,-1.54838709677419,TRUE,"2020",9,"Autumn","G-coded","male","2",34.29,"31-42",FALSE,FALSE,FALSE,FALSE,FALSE,FALSE,FALSE,FALSE,FALSE,FALSE,1,1,"singleton",0,0,0,0,0,0,0,0,0,0,0,7,"Reference range"
"00632",78.37,5,2025-11-28,"41121286",48.7,"G53480",NA,NA,1504,"2025",11,"Autumn",2019-05-28,2020-01-02,70.8666666666667,FALSE,"2019",5,"Spring","G-coded","male","5",78.37,">60",FALSE,FALSE,FALSE,FALSE,FALSE,FALSE,FALSE,FALSE,FALSE,FALSE,1,1,"singleton",0,0,0,0,0,0,0,0,0,0,0,11,"Reference range"
"213550",24.69,1,2024-01-06,"865530狼血",45.4,"G40041",NA,NA,6900,"2024",1,"Winter",2021-12-06,2024-06-02,-4.87096774193548,TRUE,"2021",12,"Winter","G-coded","male","1",24.69,"<=30",FALSE,FALSE,FALSE,FALSE,FALSE,FALSE,FALSE,FALSE,FALSE,FALSE,1,1,"singleton",0,0,0,0,0,0,0,0,0,0,0,1,"Reference range"
"90017",63.18,3,2024-03-18,"862025瓦特罗",49.4,"G40514",NA,NA,6081,"2024",3,"Spring",2018-12-18,2021-04-02,35.5161290322581,FALSE,"2018",12,"Winter","G-coded","male","3",63.18,">60",FALSE,FALSE,FALSE,FALSE,FALSE,FALSE,FALSE,FALSE,FALSE,FALSE,1,1,"singleton",0,0,0,0,0,0,0,0,0,0,0,3,"Reference range"
"70019",88.46,6,2024-05-17,"22220785",47.5,"G40741",NA,NA,5649,"2024",5,"Spring",2017-01-17,2019-03-02,62.4838709677419,FALSE,"2017",1,"Winter","G-coded","male","6",88.46,">60",FALSE,FALSE,FALSE,FALSE,FALSE,FALSE,FALSE,FALSE,FALSE,FALSE,1,1,"singleton",0,0,0,0,0,0,0,0,0,0,0,5,"Reference range"
"201045",74.36,5,2026-03-22,"41121296",46.3,"G62309","41115288","50226",657,"2026",3,"Spring",2020-01-22,2020-05-02,70.6451612903226,FALSE,"2020",1,"Winter","G-coded","male","5",74.36,">60",FALSE,FALSE,FALSE,FALSE,FALSE,FALSE,FALSE,FALSE,FALSE,FALSE,1,1,"singleton",0,0,0,0,0,0,0,0,0,0,0,3,"Reference range"
"235145",23.11,1,2025-07-03,"863302",43.8,"G52886","854773威吉吉","00947L",2606,"2025",7,"Summer",2023-08-03,2024-08-02,11.0322580645161,TRUE,"2023",8,"Summer","G-coded","male","1",23.11,"<=30",FALSE,FALSE,FALSE,FALSE,FALSE,FALSE,FALSE,FALSE,FALSE,FALSE,1,1,"singleton",0,0,0,0,0,0,0,0,0,0,0,7,"Reference range"
"212127",37.67,2,2024-03-02,"862025瓦特罗",50.3,"G40410","180600","41009",6255,"2024",3,"Spring",2021-01-02,2023-05-02,10,TRUE,"2021",1,"Winter","G-coded","male","2",37.67,"31-42",FALSE,FALSE,FALSE,FALSE,FALSE,FALSE,FALSE,FALSE,FALSE,FALSE,1,1,"singleton",0,0,0,0,0,0,0,0,0,0,0,3,"Reference range"
"212598L",25.31,1,2024-02-26,"862025瓦特罗",42.5,"G40380",NA,NA,6320,"2024",2,"Winter",2022-01-26,2024-06-02,-3.17241379310345,TRUE,"2022",1,"Winter","G-coded","male","1",25.31,"<=30",FALSE,FALSE,FALSE,FALSE,FALSE,FALSE,FALSE,FALSE,FALSE,FALSE,1,1,"singleton",0,0,0,0,0,0,0,0,0,0,0,2,"Reference range"
"212016",36.26,2,2024-05-15,"22220785",46.8,"G40733",NA,NA,5667,"2024",5,"Spring",2021-05-15,2023-07-02,10.4193548387097,TRUE,"2021",5,"Spring","G-coded","male","2",36.26,"31-42",FALSE,FALSE,FALSE,FALSE,FALSE,FALSE,FALSE,FALSE,FALSE,FALSE,1,1,"singleton",0,0,0,0,0,0,0,0,0,0,0,5,"Reference range"
"00768",55.79,3,2024-02-04,"FR7045049997",52.4,"G40191","186756","63030",6637,"2024",2,"Winter",2019-06-04,2021-11-02,27.0689655172414,FALSE,"2019",6,"Summer","G-coded","male","3",55.79,"43-60",FALSE,FALSE,FALSE,FALSE,FALSE,FALSE,FALSE,FALSE,FALSE,FALSE,1,1,"singleton",0,0,0,0,0,0,0,0,0,0,0,2,"Reference range"
"212930",47.34,3,2025-04-30,"427133",45.8,"G52638","186967","00288",3092,"2025",4,"Spring",2021-05-30,2022-08-02,32.9333333333333,FALSE,"2021",5,"Spring","G-coded","male","3",47.34,"43-60",FALSE,FALSE,FALSE,FALSE,FALSE,FALSE,FALSE,FALSE,FALSE,FALSE,1,1,"singleton",0,0,0,0,0,0,0,0,0,0,0,4,"Reference range"
"201234",49.05,2,2024-03-27,"862025瓦特罗",46.2,"G40559",NA,NA,6001,"2024",3,"Spring",2020-02-27,2022-06-02,21.8064516129032,FALSE,"2020",2,"Winter","G-coded","male","2",49.05,"43-60",FALSE,FALSE,FALSE,FALSE,FALSE,FALSE,FALSE,FALSE,FALSE,FALSE,1,1,"singleton",0,0,0,0,0,0,0,0,0,0,0,3,"Reference range"
"61639",96.29,6,2024-02-23,"FR3917468802",46.9,"G40358",NA,NA,6363,"2024",2,"Winter",2016-02-23,2018-07-02,67.7241379310345,FALSE,"2016",2,"Winter","G-coded","male","6",96.29,">60",FALSE,FALSE,FALSE,FALSE,FALSE,FALSE,FALSE,FALSE,FALSE,FALSE,1,1,"singleton",0,0,0,0,0,0,0,0,0,0,0,2,"Reference range"
"00222",83.2,6,2026-02-05,"41120238",52.2,"G62100","171790","61679",1029,"2026",2,"Winter",2019-03-05,2019-08-02,78.1071428571429,FALSE,"2019",3,"Spring","G-coded","male","6",83.2,">60",FALSE,FALSE,FALSE,FALSE,FALSE,FALSE,FALSE,FALSE,FALSE,FALSE,1,1,"singleton",0,0,0,0,0,0,0,0,0,0,0,2,"Reference range"
"00125",50.07,3,2023-04-06,"871041文尼哥",49.3,"G8659",NA,NA,8685,"2023",4,"Spring",2019-02-06,2022-05-02,11.1333333333333,TRUE,"2019",2,"Winter","G-coded","male","3",50.07,"43-60",FALSE,FALSE,FALSE,FALSE,FALSE,FALSE,FALSE,FALSE,FALSE,FALSE,1,1,"singleton",0,0,0,0,0,0,0,0,0,0,0,4,"Reference range"
"213583",51.41,2,2026-01-30,"21219011",52.1,"G62078",NA,NA,1067,"2026",1,"Winter",2021-10-30,2022-04-02,45.9032258064516,FALSE,"2021",10,"Autumn","G-coded","male","2",51.41,"43-60",FALSE,FALSE,FALSE,FALSE,FALSE,FALSE,FALSE,FALSE,FALSE,FALSE,1,1,"singleton",0,0,0,0,0,0,0,0,0,0,0,1,"Reference range"
"70653",90.96,5,2025-06-02,"22119053",44,"G52785",NA,NA,2817,"2025",6,"Summer",2017-11-02,2018-12-02,78,FALSE,"2017",11,"Autumn","G-coded","male","5",90.96,">60",FALSE,FALSE,FALSE,FALSE,FALSE,FALSE,FALSE,FALSE,FALSE,FALSE,1,1,"singleton",0,0,0,0,0,0,0,0,0,0,0,6,"Reference range"
"234643",37.08,2,2026-05-26,"41120238",48.8,"G62541","871041文尼哥","201608",170,"2026",5,"Spring",2023-04-26,2023-06-02,35.7741935483871,FALSE,"2023",4,"Spring","G-coded","male","2",37.08,"31-42",FALSE,FALSE,FALSE,FALSE,FALSE,FALSE,FALSE,FALSE,FALSE,FALSE,1,1,"singleton",0,0,0,0,0,0,0,0,0,0,0,5,"Reference range"
"202288",28.04,1,2023-02-19,"13218225",50.4,"G8354",NA,NA,9135,"2023",2,"Winter",2020-10-19,2024-03-02,-12.3928571428571,TRUE,"2020",10,"Autumn","G-coded","male","1",28.04,"<=30",FALSE,FALSE,FALSE,FALSE,FALSE,FALSE,FALSE,FALSE,FALSE,FALSE,1,1,"singleton",0,0,0,0,0,0,0,0,0,0,0,2,"Reference range"
"201780",45.43,3,2024-03-26,"862025瓦特罗",46.3,"G40553",NA,NA,6010,"2024",3,"Spring",2020-06-26,2022-10-02,17.7741935483871,FALSE,"2020",6,"Summer","G-coded","male","3",45.43,"43-60",FALSE,FALSE,FALSE,FALSE,FALSE,FALSE,FALSE,FALSE,FALSE,FALSE,1,1,"singleton",0,0,0,0,0,0,0,0,0,0,0,3,"Reference range"
"201729L",37.94,2,2024-03-03,"862025瓦特罗",50.3,"G40413",NA,NA,6250,"2024",3,"Spring",2021-01-03,2023-05-02,10.0322580645161,TRUE,"2021",1,"Winter","G-coded","male","2",37.94,"31-42",FALSE,FALSE,FALSE,FALSE,FALSE,FALSE,FALSE,FALSE,FALSE,FALSE,1,1,"singleton",0,0,0,0,0,0,0,0,0,0,0,3,"Reference range"
"234682",37.57,1,2026-06-15,"21219011",46,"G62598",NA,"202192",41,"2026",6,"Summer",2023-04-15,2023-05-02,37.4333333333333,FALSE,"2023",4,"Spring","G-coded","male","1",37.57,"31-42",FALSE,FALSE,FALSE,FALSE,FALSE,FALSE,FALSE,FALSE,FALSE,FALSE,1,1,"singleton",0,0,0,0,0,0,0,0,0,0,0,6,"Reference range"
"224099",24.88,1,2024-02-10,"862025瓦特罗",47.1,"G40231","871041","91107",6555,"2024",2,"Winter",2022-01-10,2024-06-02,-3.72413793103448,TRUE,"2022",1,"Winter","G-coded","male","1",24.88,"<=30",FALSE,FALSE,FALSE,FALSE,FALSE,FALSE,FALSE,FALSE,FALSE,FALSE,1,1,"singleton",0,0,0,0,0,0,0,0,0,0,0,2,"Reference range"
"224373",46.29,3,2026-01-11,"41122282",52.4,"G62030","180781","Z00289",1169,"2026",1,"Winter",2022-03-11,2022-09-02,40.2903225806452,FALSE,"2022",3,"Spring","G-coded","male","3",46.29,"43-60",FALSE,FALSE,FALSE,FALSE,FALSE,FALSE,FALSE,FALSE,FALSE,FALSE,1,1,"singleton",0,0,0,0,0,0,0,0,0,0,0,1,"Reference range"
"62184",122.49,6,2026-05-01,"65123650",47.6,"G62466",NA,NA,313,"2026",5,"Spring",2016-03-01,2016-05-02,119.966666666667,FALSE,"2016",3,"Spring","G-coded","male","6",122.49,">60",FALSE,FALSE,FALSE,FALSE,FALSE,FALSE,FALSE,FALSE,FALSE,FALSE,1,1,"singleton",0,0,0,0,0,0,0,0,0,0,0,5,"Reference range"
"213046",48.22,3,2025-06-22,"22218621",50.2,"G52845","7029225762","70189",2696,"2025",6,"Summer",2021-06-22,2022-07-02,35.6666666666667,FALSE,"2021",6,"Summer","G-coded","male","3",48.22,"43-60",FALSE,FALSE,FALSE,FALSE,FALSE,FALSE,FALSE,FALSE,FALSE,FALSE,1,1,"singleton",0,0,0,0,0,0,0,0,0,0,0,6,"Reference range"
"213896",24,1,2023-12-21,"865530狼血",50.3,"G10063","854062","61916",7060,"2023",12,"Winter",2021-12-21,2024-07-02,-6.38709677419355,TRUE,"2021",12,"Winter","G-coded","male","1",24,"<=30",FALSE,FALSE,FALSE,FALSE,FALSE,FALSE,FALSE,FALSE,FALSE,FALSE,1,1,"singleton",0,0,0,0,0,0,0,0,0,0,0,12,"Reference range"
"00086",48.36,3,2023-02-05,"871041文尼哥",46.5,"G8277","171790","X224",9261,"2023",2,"Winter",2019-02-05,2022-07-02,7.10714285714286,TRUE,"2019",2,"Winter","G-coded","male","3",48.36,"43-60",FALSE,FALSE,FALSE,FALSE,FALSE,FALSE,FALSE,FALSE,FALSE,FALSE,1,1,"singleton",0,0,0,0,0,0,0,0,0,0,0,2,"Reference range"
"213493",28.73,1,2024-02-22,"862025瓦特罗",47.2,"G40341","606306","61873",6395,"2024",2,"Winter",2021-09-22,2024-02-02,0.689655172413793,TRUE,"2021",9,"Autumn","G-coded","male","1",28.73,"<=30",FALSE,FALSE,FALSE,FALSE,FALSE,FALSE,FALSE,FALSE,FALSE,FALSE,1,1,"singleton",0,0,0,0,0,0,0,0,0,0,0,2,"Reference range"
"234184",34.91,1,2026-01-05,"21219011",40.1,"G62010","871041文尼哥","62033",1192,"2026",1,"Winter",2023-02-05,2023-08-02,29.0967741935484,FALSE,"2023",2,"Winter","G-coded","male","1",34.91,"31-42",FALSE,FALSE,FALSE,FALSE,FALSE,FALSE,FALSE,FALSE,FALSE,FALSE,1,1,"singleton",0,0,0,0,0,0,0,0,0,0,0,1,"Reference range"
"00416",47.21,3,2023-03-18,"7029225762",48.2,"G8532",NA,NA,8883,"2023",3,"Spring",2019-04-18,2022-08-02,7.51612903225806,TRUE,"2019",4,"Spring","G-coded","male","3",47.21,"43-60",FALSE,FALSE,FALSE,FALSE,FALSE,FALSE,FALSE,FALSE,FALSE,FALSE,1,1,"singleton",0,0,0,0,0,0,0,0,0,0,0,3,"Reference range"
"01133",69.53,4,2025-07-22,"22220119",47.6,"G52955",NA,NA,2484,"2025",7,"Summer",2019-09-22,2020-09-02,58.6451612903226,FALSE,"2019",9,"Autumn","G-coded","male","4",69.53,">60",FALSE,FALSE,FALSE,FALSE,FALSE,FALSE,FALSE,FALSE,FALSE,FALSE,1,1,"singleton",0,0,0,0,0,0,0,0,0,0,0,7,"Reference range"
"212034",59.04,4,2025-12-04,"21219011",50.2,"G53506","180600","70350",1436,"2025",12,"Winter",2021-01-04,2021-08-02,52.0645161290323,FALSE,"2021",1,"Winter","G-coded","male","4",59.04,"43-60",FALSE,FALSE,FALSE,FALSE,FALSE,FALSE,FALSE,FALSE,FALSE,FALSE,1,1,"singleton",0,0,0,0,0,0,0,0,0,0,0,12,"Reference range"
"00584",46.75,3,2023-04-13,"871041文尼哥",40.7,"G8701",NA,NA,8642,"2023",4,"Spring",2019-05-13,2022-08-02,8.36666666666667,TRUE,"2019",5,"Spring","G-coded","male","3",46.75,"43-60",FALSE,FALSE,FALSE,FALSE,FALSE,FALSE,FALSE,FALSE,FALSE,FALSE,1,1,"singleton",0,0,0,0,0,0,0,0,0,0,0,4,"Reference range"
"00659",74.52,5,2025-08-08,"22121105",44.8,"G53013","167285","40456",2371,"2025",8,"Summer",2019-05-08,2020-04-02,64.1935483870968,FALSE,"2019",5,"Spring","G-coded","male","5",74.52,">60",FALSE,FALSE,FALSE,FALSE,FALSE,FALSE,FALSE,FALSE,FALSE,FALSE,1,1,"singleton",0,0,0,0,0,0,0,0,0,0,0,8,"Reference range"
"60528",111.28,8,2026-02-07,"65123650",53.8,"G62108",NA,NA,1019,"2026",2,"Winter",2016-11-07,2017-04-02,106.178571428571,FALSE,"2016",11,"Autumn","G-coded","male",">=7",111.28,">60",FALSE,FALSE,FALSE,FALSE,FALSE,FALSE,FALSE,FALSE,FALSE,FALSE,1,1,"singleton",0,0,0,0,0,1,0,1,0,0,0,2,"Reference range"
"62159",97.11,6,2024-03-24,"862025瓦特罗",48.6,"G40539",NA,NA,6037,"2024",3,"Spring",2016-02-24,2018-06-02,69.7096774193548,FALSE,"2016",2,"Winter","G-coded","male","6",97.11,">60",FALSE,FALSE,FALSE,FALSE,FALSE,FALSE,FALSE,FALSE,FALSE,FALSE,1,1,"singleton",0,0,0,0,0,0,0,0,0,0,0,3,"Reference range"
"00542",48.36,3,2023-05-18,"871041文尼哥",42.3,"G8868","606192","150144",8423,"2023",5,"Spring",2019-05-18,2022-07-02,10.5161290322581,TRUE,"2019",5,"Spring","G-coded","male","3",48.36,"43-60",FALSE,FALSE,FALSE,FALSE,FALSE,FALSE,FALSE,FALSE,FALSE,FALSE,1,1,"singleton",0,0,0,0,0,0,0,0,0,0,0,5,"Reference range"
"BU13008",117.52,8,2023-02-26,"871041文尼哥",42.1,"G8404",NA,NA,9069,"2023",2,"Winter",2013-04-26,2016-09-02,77.8571428571429,FALSE,"2013",4,"Spring","G-coded","male",">=7",117.52,">60",FALSE,FALSE,FALSE,FALSE,FALSE,FALSE,FALSE,FALSE,FALSE,FALSE,1,1,"singleton",0,0,0,0,0,0,0,0,0,0,0,2,"Reference range"
"212174",35.6,2,2024-01-08,"FR7045049997",48.4,"G40052","180781","60735",6881,"2024",1,"Winter",2021-01-08,2023-07-02,6.19354838709677,TRUE,"2021",1,"Winter","G-coded","male","2",35.6,"31-42",FALSE,FALSE,FALSE,FALSE,FALSE,FALSE,FALSE,FALSE,FALSE,FALSE,1,1,"singleton",0,0,0,0,0,0,0,0,0,0,0,1,"Reference range"
"213873",26.43,1,2024-02-28,"862025瓦特罗",40.3,"G40395",NA,NA,6289,"2024",2,"Winter",2021-12-28,2024-05-02,-2.10344827586207,TRUE,"2021",12,"Winter","G-coded","male","1",26.43,"<=30",FALSE,FALSE,FALSE,FALSE,FALSE,FALSE,FALSE,FALSE,FALSE,FALSE,1,1,"singleton",0,0,0,0,0,0,0,0,0,0,0,2,"Reference range"
"240223",25.84,1,2026-04-01,"41422157",40.8,"G62361L","865530狼血","60757",541,"2026",4,"Spring",2024-02-01,2024-05-02,22.9677419354839,FALSE,"2024",2,"Winter","G-coded","male","1",25.84,"<=30",FALSE,FALSE,FALSE,FALSE,FALSE,FALSE,FALSE,FALSE,FALSE,FALSE,1,1,"singleton",0,0,0,0,0,0,0,0,0,0,0,4,"Reference range"
"225446",36.98,2,2025-12-30,"21219011",45.2,"G53606","甘露606318","01333",1227,"2025",12,"Winter",2022-11-30,2023-06-02,30.9032258064516,FALSE,"2022",11,"Autumn","G-coded","male","2",36.98,"31-42",FALSE,FALSE,FALSE,FALSE,FALSE,FALSE,FALSE,FALSE,FALSE,FALSE,1,1,"singleton",0,0,0,0,0,0,0,0,0,0,0,12,"Reference range"
"62009",98.03,6,2024-03-11,"854400西部公园",52.8,"G40463",NA,NA,6172,"2024",3,"Spring",2016-01-11,2018-05-02,70.2903225806452,FALSE,"2016",1,"Winter","G-coded","male","6",98.03,">60",FALSE,FALSE,FALSE,FALSE,FALSE,FALSE,FALSE,FALSE,FALSE,FALSE,1,1,"singleton",0,0,0,0,0,1,0,1,0,0,0,3,"Reference range"
"61554",97.34,6,2024-03-26,"862025瓦特罗",46.3,"G40558",NA,NA,6014,"2024",3,"Spring",2016-02-26,2018-06-02,69.7741935483871,FALSE,"2016",2,"Winter","G-coded","male","6",97.34,">60",FALSE,FALSE,FALSE,FALSE,FALSE,FALSE,FALSE,FALSE,FALSE,FALSE,1,1,"singleton",0,0,0,0,0,0,0,0,0,0,0,3,"Reference range"
"212289",23.21,1,2023-01-20,"854282维利纳诺",41.5,"G8107","606306","140292",9353,"2023",1,"Winter",2021-02-20,2024-08-02,-18.4193548387097,TRUE,"2021",2,"Winter","G-coded","male","1",23.21,"<=30",FALSE,FALSE,FALSE,FALSE,FALSE,FALSE,FALSE,FALSE,FALSE,FALSE,1,1,"singleton",0,0,0,0,0,0,0,0,0,0,0,1,"Reference range"
"224523",49.61,2,2026-05-19,"21219011",52.4,"G62507","2545109367","60545",226,"2026",5,"Spring",2022-03-19,2022-05-02,48.5483870967742,FALSE,"2022",3,"Spring","G-coded","male","2",49.61,"43-60",FALSE,FALSE,FALSE,FALSE,FALSE,FALSE,FALSE,FALSE,FALSE,FALSE,1,1,"singleton",0,0,0,0,0,0,0,0,0,0,0,5,"Reference range"
"201182",54.37,3,2025-05-12,"22218621",48.1,"G52704","163940","61346",2983,"2025",5,"Spring",2020-11-12,2022-01-02,40.3225806451613,FALSE,"2020",11,"Autumn","G-coded","male","3",54.37,"43-60",FALSE,FALSE,FALSE,FALSE,FALSE,FALSE,FALSE,FALSE,FALSE,FALSE,1,1,"singleton",0,0,0,0,0,0,0,0,0,0,0,5,"Reference range"
"14250",115.19,7,2023-12-07,"865530狼血",53.6,"G9961",NA,NA,7204,"2023",12,"Winter",2014-05-07,2016-12-02,84.1612903225806,FALSE,"2014",5,"Spring","G-coded","male",">=7",115.19,">60",FALSE,FALSE,FALSE,FALSE,FALSE,FALSE,FALSE,FALSE,FALSE,FALSE,1,1,"singleton",0,0,0,0,0,1,0,1,0,0,0,12,"Reference range"
"240315",25.35,1,2026-03-28,"41422157",38.4,"G62340L",NA,NA,588,"2026",3,"Spring",2024-02-28,2024-06-02,21.8387096774194,FALSE,"2024",2,"Winter","G-coded","male","1",25.35,"<=30",FALSE,FALSE,FALSE,FALSE,FALSE,FALSE,FALSE,FALSE,FALSE,FALSE,1,1,"singleton",0,0,0,0,1,0,0,0,0,0,0,3,"Reference range"
"70621",102.47,6,2026-05-04,"65123650",40.2,"G62473",NA,NA,300,"2026",5,"Spring",2017-11-04,2018-01-02,100.064516129032,FALSE,"2017",11,"Autumn","G-coded","male","6",102.47,">60",FALSE,FALSE,FALSE,FALSE,FALSE,FALSE,FALSE,FALSE,FALSE,FALSE,1,1,"singleton",0,0,0,0,0,0,0,0,0,0,0,5,"Reference range"
"801049",62.06,4,2024-02-13,"FR7045049997",53.2,"G40264",NA,NA,6519,"2024",2,"Winter",2018-12-13,2021-05-02,33.3793103448276,FALSE,"2018",12,"Winter","G-coded","male","4",62.06,">60",FALSE,FALSE,FALSE,FALSE,FALSE,FALSE,FALSE,FALSE,FALSE,FALSE,1,1,"singleton",0,0,0,0,0,1,0,1,0,0,0,2,"Reference range"
"800396",61.77,4,2023-07-22,"7402563907",43.4,"G9215",NA,NA,8043,"2023",7,"Summer",2018-05-22,2021-05-02,26.6451612903226,FALSE,"2018",5,"Spring","G-coded","male","4",61.77,">60",FALSE,FALSE,FALSE,FALSE,FALSE,FALSE,FALSE,FALSE,FALSE,FALSE,1,1,"singleton",0,0,0,0,0,0,0,0,0,0,0,7,"Reference range"
"212835",38.95,2,2024-05-03,"22220785",48,"G40687",NA,NA,5745,"2024",5,"Spring",2021-02-03,2023-04-02,13.0322580645161,TRUE,"2021",2,"Winter","G-coded","male","2",38.95,"31-42",FALSE,FALSE,FALSE,FALSE,FALSE,FALSE,FALSE,FALSE,FALSE,FALSE,1,1,"singleton",0,0,0,0,0,0,0,0,0,0,0,5,"Reference range"
"212362",48.45,3,2025-04-13,"427133",43.4,"G52562",NA,NA,3266,"2025",4,"Spring",2021-04-13,2022-07-02,33.3666666666667,FALSE,"2021",4,"Spring","G-coded","male","3",48.45,"43-60",FALSE,FALSE,FALSE,FALSE,FALSE,FALSE,FALSE,FALSE,FALSE,FALSE,1,1,"singleton",0,0,0,0,0,0,0,0,0,0,0,4,"Reference range"
"70670",98.26,6,2026-01-18,"41121216",51.8,"G62046","178714","12073",1139,"2026",1,"Winter",2017-11-18,2018-05-02,92.5161290322581,FALSE,"2017",11,"Autumn","G-coded","male","6",98.26,">60",FALSE,FALSE,FALSE,FALSE,FALSE,FALSE,FALSE,FALSE,FALSE,FALSE,1,1,"singleton",0,0,0,0,0,0,0,0,0,0,0,1,"Reference range"
"213618",27.94,1,2024-02-23,"862025瓦特罗",42.3,"G40347","606306","11002",6361,"2024",2,"Winter",2021-10-23,2024-03-02,-0.275862068965517,TRUE,"2021",10,"Autumn","G-coded","male","1",27.94,"<=30",FALSE,FALSE,FALSE,FALSE,FALSE,FALSE,FALSE,FALSE,FALSE,FALSE,1,1,"singleton",0,0,0,0,0,0,0,0,0,0,0,2,"Reference range"
"50586",90.47,5,2023-07-18,"854773威吉吉",51.2,"G9189",NA,NA,8068,"2023",7,"Summer",2016-01-18,2019-01-02,54.5161290322581,FALSE,"2016",1,"Winter","G-coded","male","5",90.47,">60",FALSE,FALSE,FALSE,FALSE,FALSE,FALSE,FALSE,FALSE,FALSE,FALSE,1,1,"singleton",0,0,0,0,0,0,0,0,0,0,0,7,"Reference range"
"212630",59.73,4,2026-04-03,"21219011",46.8,"G62370","7029225762","62646",518,"2026",4,"Spring",2021-04-03,2021-07-02,57.0333333333333,FALSE,"2021",4,"Spring","G-coded","male","4",59.73,"43-60",FALSE,FALSE,FALSE,FALSE,FALSE,FALSE,FALSE,FALSE,FALSE,FALSE,1,1,"singleton",0,0,0,0,0,0,0,0,0,0,0,4,"Reference range"
"201712",66.77,5,2025-12-14,"41121286",52.7,"G53569",NA,NA,1336,"2025",12,"Winter",2020-05-14,2020-12-02,60.3870967741936,FALSE,"2020",5,"Spring","G-coded","male","5",66.77,">60",FALSE,FALSE,FALSE,FALSE,FALSE,FALSE,FALSE,FALSE,FALSE,FALSE,1,1,"singleton",0,0,0,0,0,0,0,1,0,0,0,12,"Reference range"
"60342",95.23,6,2024-04-30,"22220785",38.4,"G40678",NA,NA,5768,"2024",4,"Spring",2016-05-30,2018-08-02,68.9333333333333,FALSE,"2016",5,"Spring","G-coded","male","6",95.23,">60",FALSE,FALSE,FALSE,FALSE,FALSE,FALSE,FALSE,FALSE,FALSE,FALSE,1,1,"singleton",0,0,0,0,1,0,0,0,0,0,0,4,"Reference range"
"60899",94.02,6,2023-11-02,"854282维利纳诺",46.5,"G9726",NA,NA,7422,"2023",11,"Autumn",2016-01-02,2018-09-02,62,FALSE,"2016",1,"Winter","G-coded","male","6",94.02,">60",FALSE,FALSE,FALSE,FALSE,FALSE,FALSE,FALSE,FALSE,FALSE,FALSE,1,1,"singleton",0,0,0,0,0,0,0,0,0,0,0,11,"Reference range"
"224897",43.72,2,2026-02-01,"21219011",43.6,"G62084","606045","70684",1057,"2026",2,"Winter",2022-06-01,2022-11-02,38.9677419354839,FALSE,"2022",6,"Summer","G-coded","male","2",43.72,"43-60",FALSE,FALSE,FALSE,FALSE,FALSE,FALSE,FALSE,FALSE,FALSE,FALSE,1,1,"singleton",0,0,0,0,0,0,0,0,0,0,0,2,"Reference range"
"202396",65.38,3,2026-04-12,"21219011",51.2,"G62408","163940","801054",442,"2026",4,"Spring",2020-11-12,2021-02-02,62.3333333333333,FALSE,"2020",11,"Autumn","G-coded","male","3",65.38,">60",FALSE,FALSE,FALSE,FALSE,FALSE,FALSE,FALSE,FALSE,FALSE,FALSE,1,1,"singleton",0,0,0,0,0,0,0,0,0,0,0,4,"Reference range"
"140352",113.35,7,2023-11-09,"FR2545422137",46.3,"G9777",NA,NA,7385,"2023",11,"Autumn",2014-06-09,2017-02-02,81.2333333333333,FALSE,"2014",6,"Summer","G-coded","male",">=7",113.35,">60",FALSE,FALSE,FALSE,FALSE,FALSE,FALSE,FALSE,FALSE,FALSE,FALSE,1,1,"singleton",0,0,0,0,0,0,0,0,0,0,0,11,"Reference range"
"201810",31.92,2,2023-02-20,"854773威吉吉",49.3,"G8358","15216113","800244",9128,"2023",2,"Winter",2020-06-20,2023-11-02,-8.35714285714286,TRUE,"2020",6,"Summer","G-coded","male","2",31.92,"31-42",FALSE,FALSE,FALSE,FALSE,FALSE,FALSE,FALSE,FALSE,FALSE,FALSE,1,1,"singleton",0,0,0,0,0,0,0,0,0,0,0,2,"Reference range"
"202468",64.23,4,2026-03-19,"41121296",50.2,"G62291","163940","800915",695,"2026",3,"Spring",2020-11-19,2021-03-02,60.5483870967742,FALSE,"2020",11,"Autumn","G-coded","male","4",64.23,">60",FALSE,FALSE,FALSE,FALSE,FALSE,FALSE,FALSE,FALSE,FALSE,FALSE,1,1,"singleton",0,0,0,0,0,0,0,0,0,0,0,3,"Reference range"
"234903",27.48,1,2025-09-25,"15618075",45.4,"G53171",NA,NA,2094,"2025",9,"Autumn",2023-06-25,2024-04-02,17.7666666666667,FALSE,"2023",6,"Summer","G-coded","male","1",27.48,"<=30",FALSE,FALSE,FALSE,FALSE,FALSE,FALSE,FALSE,FALSE,FALSE,FALSE,1,1,"singleton",0,0,0,0,0,0,0,0,0,0,0,9,"Reference range"
"91146",121.24,6,2026-04-12,"21219011",43.6,"G62409",NA,NA,440,"2026",4,"Spring",2016-03-12,2016-06-02,118.333333333333,FALSE,"2016",3,"Spring","G-coded","male","6",121.24,">60",FALSE,FALSE,FALSE,FALSE,FALSE,FALSE,FALSE,FALSE,FALSE,FALSE,1,1,"singleton",0,0,0,0,0,0,0,0,0,0,0,4,"Reference range"
"234295",25.94,1,2025-04-24,"22218621",49.5,"G52609","854773威吉吉","70486",3164,"2025",4,"Spring",2023-02-24,2024-05-02,11.7333333333333,TRUE,"2023",2,"Winter","G-coded","male","1",25.94,"<=30",FALSE,FALSE,FALSE,FALSE,FALSE,FALSE,FALSE,FALSE,FALSE,FALSE,1,1,"singleton",0,0,0,0,0,0,0,0,0,0,0,4,"Reference range"
"60120",114.6,8,2025-10-03,"15618075",38.6,"G53202",NA,NA,2030,"2025",10,"Autumn",2016-03-03,2016-12-02,106.032258064516,FALSE,"2016",3,"Spring","G-coded","male",">=7",114.6,">60",FALSE,FALSE,FALSE,FALSE,FALSE,FALSE,FALSE,FALSE,FALSE,FALSE,1,1,"singleton",0,0,0,0,1,0,0,0,0,0,0,10,"Reference range"
"00333",56.87,3,2023-12-25,"865530狼血",38.5,"G10101","171790","10428",7007,"2023",12,"Winter",2019-03-25,2021-10-02,26.741935483871,FALSE,"2019",3,"Spring","G-coded","male","3",56.87,"43-60",FALSE,FALSE,FALSE,FALSE,FALSE,FALSE,FALSE,FALSE,FALSE,FALSE,1,1,"singleton",0,0,0,0,1,0,0,0,0,0,0,12,"Reference range"
"202572",57.89,3,2025-09-28,"15618075",44.6,"G53186",NA,NA,2065,"2025",9,"Autumn",2020-11-28,2021-09-02,48.8666666666667,FALSE,"2020",11,"Autumn","G-coded","male","3",57.89,"43-60",FALSE,FALSE,FALSE,FALSE,FALSE,FALSE,FALSE,FALSE,FALSE,FALSE,1,1,"singleton",0,0,0,0,0,0,0,0,0,0,0,9,"Reference range"
"00186",56.74,3,2023-11-10,"854282维利纳诺",49.8,"G9785",NA,NA,7371,"2023",11,"Autumn",2019-02-10,2021-10-02,25.2666666666667,FALSE,"2019",2,"Winter","G-coded","male","3",56.74,"43-60",FALSE,FALSE,FALSE,FALSE,FALSE,FALSE,FALSE,FALSE,FALSE,FALSE,1,1,"singleton",0,0,0,0,0,0,0,0,0,0,0,11,"Reference range"
"201814",37.54,2,2023-08-11,"854773威吉吉",41.5,"G9326","865530","800439",7921,"2023",8,"Summer",2020-06-11,2023-05-02,3.29032258064516,TRUE,"2020",6,"Summer","G-coded","male","2",37.54,"31-42",FALSE,FALSE,FALSE,FALSE,FALSE,FALSE,FALSE,FALSE,FALSE,FALSE,1,1,"singleton",0,0,0,0,0,0,0,0,0,0,0,8,"Reference range"
"234874",25.18,1,2025-07-13,"22218621",43.8,"G52924","7402563907","91132",2538,"2025",7,"Summer",2023-06-13,2024-06-02,13.3548387096774,TRUE,"2023",6,"Summer","G-coded","male","1",25.18,"<=30",FALSE,FALSE,FALSE,FALSE,FALSE,FALSE,FALSE,FALSE,FALSE,FALSE,1,1,"singleton",0,0,0,0,0,0,0,0,0,0,0,7,"Reference range"
"00709",59.76,4,2024-05-25,"22220785",51.2,"G40760",NA,NA,5606,"2024",5,"Spring",2019-05-25,2021-07-02,34.741935483871,FALSE,"2019",5,"Spring","G-coded","male","4",59.76,"43-60",FALSE,FALSE,FALSE,FALSE,FALSE,FALSE,FALSE,FALSE,FALSE,FALSE,1,1,"singleton",0,0,0,0,0,0,0,0,0,0,0,5,"Reference range"
"234344",38.56,2,2026-05-21,"41120238",53.2,"G62516","854773威吉吉","70469",214,"2026",5,"Spring",2023-02-21,2023-04-02,37.6129032258064,FALSE,"2023",2,"Winter","G-coded","male","2",38.56,"31-42",FALSE,FALSE,FALSE,FALSE,FALSE,FALSE,FALSE,FALSE,FALSE,FALSE,1,1,"singleton",0,0,0,0,0,1,0,1,0,0,0,5,"Reference range"
"213566",28.17,1,2024-02-13,"862025瓦特罗",45.3,"G40258","2544424506","70706",6506,"2024",2,"Winter",2021-10-13,2024-03-02,-0.620689655172414,TRUE,"2021",10,"Autumn","G-coded","male","1",28.17,"<=30",FALSE,FALSE,FALSE,FALSE,FALSE,FALSE,FALSE,FALSE,FALSE,FALSE,1,1,"singleton",0,0,0,0,0,0,0,0,0,0,0,2,"Reference range"
"60066",99.87,6,2024-05-29,"22220785",48.2,"G40781",NA,NA,5582,"2024",5,"Spring",2016-01-29,2018-03-02,74.8709677419355,FALSE,"2016",1,"Winter","G-coded","male","6",99.87,">60",FALSE,FALSE,FALSE,FALSE,FALSE,FALSE,FALSE,FALSE,FALSE,FALSE,1,1,"singleton",0,0,0,0,0,0,0,0,0,0,0,5,"Reference range"
"800778",51.91,3,2023-02-13,"871041文尼哥",50.4,"G8315","171350","L50662",9193,"2023",2,"Winter",2018-10-13,2022-03-02,11.3928571428571,TRUE,"2018",10,"Autumn","G-coded","male","3",51.91,"43-60",FALSE,FALSE,FALSE,FALSE,FALSE,FALSE,FALSE,FALSE,FALSE,FALSE,1,1,"singleton",0,0,0,0,0,0,0,0,0,0,0,2,"Reference range"
"202194",38.53,2,2023-12-18,"865530狼血",50.8,"G10029",NA,NA,7097,"2023",12,"Winter",2020-09-18,2023-04-02,8.51612903225806,TRUE,"2020",9,"Autumn","G-coded","male","2",38.53,"31-42",FALSE,FALSE,FALSE,FALSE,FALSE,FALSE,FALSE,FALSE,FALSE,FALSE,1,1,"singleton",0,0,0,0,0,0,0,0,0,0,0,12,"Reference range"
"201672",64.17,4,2025-09-16,"15618075",42.6,"G53126",NA,NA,2167,"2025",9,"Autumn",2020-05-16,2021-03-02,54.4666666666667,FALSE,"2020",5,"Spring","G-coded","male","4",64.17,">60",FALSE,FALSE,FALSE,FALSE,FALSE,FALSE,FALSE,FALSE,FALSE,FALSE,1,1,"singleton",0,0,0,0,0,0,0,0,0,0,0,9,"Reference range"
"201345",60.95,4,2025-04-14,"427059",48.6,"G52564","606244","800019",3257,"2025",4,"Spring",2020-03-14,2021-06-02,46.4,FALSE,"2020",3,"Spring","G-coded","male","4",60.95,">60",FALSE,FALSE,FALSE,FALSE,FALSE,FALSE,FALSE,FALSE,FALSE,FALSE,1,1,"singleton",0,0,0,0,0,0,0,0,0,0,0,4,"Reference range"
"202283",53.12,3,2025-03-22,"427151",43.6,"G52456",NA,NA,3488,"2025",3,"Spring",2020-10-22,2022-02-02,37.6451612903226,FALSE,"2020",10,"Autumn","G-coded","male","3",53.12,"43-60",FALSE,FALSE,FALSE,FALSE,FALSE,FALSE,FALSE,FALSE,FALSE,FALSE,1,1,"singleton",0,0,0,0,0,0,0,0,0,0,0,3,"Reference range"
"201760",65.02,4,2025-11-05,"41121286",51.1,"G53350","865530","1238",1740,"2025",11,"Autumn",2020-06-05,2021-02-02,57.1,FALSE,"2020",6,"Summer","G-coded","male","4",65.02,">60",FALSE,FALSE,FALSE,FALSE,FALSE,FALSE,FALSE,FALSE,FALSE,FALSE,1,1,"singleton",0,0,0,0,0,0,0,0,0,0,0,11,"Reference range"
"212459",35.31,2,2024-02-22,"FR3917468802",49.8,"G40344",NA,NA,6379,"2024",2,"Winter",2021-03-22,2023-08-02,6.68965517241379,TRUE,"2021",3,"Spring","G-coded","male","2",35.31,"31-42",FALSE,FALSE,FALSE,FALSE,FALSE,FALSE,FALSE,FALSE,FALSE,FALSE,1,1,"singleton",0,0,0,0,0,0,0,0,0,0,0,2,"Reference range"
"60287",109.76,6,2025-06-18,"863302",46.2,"G52832","426585","2101",2735,"2025",6,"Summer",2016-04-18,2017-05-02,97.5333333333333,FALSE,"2016",4,"Spring","G-coded","male","6",109.76,">60",FALSE,FALSE,FALSE,FALSE,FALSE,FALSE,FALSE,FALSE,FALSE,FALSE,1,1,"singleton",0,0,0,0,0,0,0,0,0,0,0,6,"Reference range"
"61302",83.56,5,2023-01-16,"854282维利纳诺",43.5,"G8093",NA,NA,9384,"2023",1,"Winter",2016-01-16,2019-07-02,42.4516129032258,FALSE,"2016",1,"Winter","G-coded","male","5",83.56,">60",FALSE,FALSE,FALSE,FALSE,FALSE,FALSE,FALSE,FALSE,FALSE,FALSE,1,1,"singleton",0,0,0,0,0,0,0,0,0,0,0,1,"Reference range"
"202676",42.21,2,2024-06-24,"22220785",42.8,"G40865",NA,NA,5405,"2024",6,"Summer",2020-12-24,2023-01-02,17.7333333333333,FALSE,"2020",12,"Winter","G-coded","male","2",42.21,"43-60",FALSE,FALSE,FALSE,FALSE,FALSE,FALSE,FALSE,FALSE,FALSE,FALSE,1,1,"singleton",0,0,0,0,0,0,0,0,0,0,0,6,"Reference range"
"61183",97.11,6,2024-03-03,"862025瓦特罗",50.1,"G40421",NA,NA,6251,"2024",3,"Spring",2016-02-03,2018-06-02,69.0322580645161,FALSE,"2016",2,"Winter","G-coded","male","6",97.11,">60",FALSE,FALSE,FALSE,FALSE,FALSE,FALSE,FALSE,FALSE,FALSE,FALSE,1,1,"singleton",0,0,0,0,0,0,0,0,0,0,0,3,"Reference range"
"212177",28.63,1,2023-06-11,"65117532",43.6,"G9010",NA,NA,8253,"2023",6,"Summer",2021-01-11,2024-02-02,-7.7,TRUE,"2021",1,"Winter","G-coded","male","1",28.63,"<=30",FALSE,FALSE,FALSE,FALSE,FALSE,FALSE,FALSE,FALSE,FALSE,FALSE,1,1,"singleton",0,0,0,0,0,0,0,0,0,0,0,6,"Reference range"
"60527",83.07,6,2023-10-03,"7402563907",47.5,"G9593",NA,NA,7588,"2023",10,"Autumn",2016-11-03,2019-08-02,50.0322580645161,FALSE,"2016",11,"Autumn","G-coded","male","6",83.07,">60",FALSE,FALSE,FALSE,FALSE,FALSE,FALSE,FALSE,FALSE,FALSE,FALSE,1,1,"singleton",0,0,0,0,0,0,0,0,0,0,0,10,"Reference range"
"01137",46.06,2,2023-08-08,"公牛",47.3,"G9314","186756","70273",7933,"2023",8,"Summer",2019-10-08,2022-09-02,11.1935483870968,TRUE,"2019",10,"Autumn","G-coded","male","2",46.06,"43-60",FALSE,FALSE,FALSE,FALSE,FALSE,FALSE,FALSE,FALSE,FALSE,FALSE,1,1,"singleton",0,0,0,0,0,0,0,0,0,0,0,8,"Reference range"
"212206",31.85,1,2023-09-22,"854282维利纳诺",53.8,"G9543","180781","62601",7650,"2023",9,"Autumn",2021-01-22,2023-11-02,-1.33333333333333,TRUE,"2021",1,"Winter","G-coded","male","1",31.85,"31-42",FALSE,FALSE,FALSE,FALSE,FALSE,FALSE,FALSE,FALSE,FALSE,FALSE,1,1,"singleton",0,0,0,0,0,1,0,1,0,0,0,9,"Reference range"
"800179",74.59,5,2024-06-11,"863025",48.4,"G40829",NA,NA,5472,"2024",6,"Summer",2018-03-11,2020-04-02,50.3,FALSE,"2018",3,"Spring","G-coded","male","5",74.59,">60",FALSE,FALSE,FALSE,FALSE,FALSE,FALSE,FALSE,FALSE,FALSE,FALSE,1,1,"singleton",0,0,0,0,0,0,0,0,0,0,0,6,"Reference range"
"65005",76.07,4,2023-01-06,"854282维利纳诺",50,"G8065",NA,NA,9437,"2023",1,"Winter",2016-09-06,2020-03-02,34.1290322580645,FALSE,"2016",9,"Autumn","G-coded","male","4",76.07,">60",FALSE,FALSE,FALSE,FALSE,FALSE,FALSE,FALSE,FALSE,FALSE,FALSE,1,1,"singleton",0,0,0,0,0,0,0,0,0,0,0,1,"Reference range"
"62040",99.87,6,2024-05-06,"22220785",45.5,"G40700",NA,NA,5723,"2024",5,"Spring",2016-01-06,2018-03-02,74.1290322580645,FALSE,"2016",1,"Winter","G-coded","male","6",99.87,">60",FALSE,FALSE,FALSE,FALSE,FALSE,FALSE,FALSE,FALSE,FALSE,FALSE,1,1,"singleton",0,0,0,0,0,0,0,0,0,0,0,5,"Reference range"
"62298",118.01,8,2025-12-13,"65123650",47.8,"G53564L",NA,NA,1359,"2025",12,"Winter",2016-02-13,2016-09-02,111.354838709677,FALSE,"2016",2,"Winter","G-coded","male",">=7",118.01,">60",FALSE,FALSE,FALSE,FALSE,FALSE,FALSE,FALSE,FALSE,FALSE,FALSE,1,1,"singleton",0,0,0,0,0,0,0,0,0,0,0,12,"Reference range"
"50706",93.03,5,2023-02-25,"854773威吉吉",44.3,"G8392",NA,NA,9080,"2023",2,"Winter",2015-05-25,2018-10-02,52.8214285714286,FALSE,"2015",5,"Spring","G-coded","male","5",93.03,">60",FALSE,FALSE,FALSE,FALSE,FALSE,FALSE,FALSE,FALSE,FALSE,FALSE,1,1,"singleton",0,0,0,0,0,0,0,0,0,0,0,2,"Reference range"
"62225",83.23,5,2023-01-08,"854282维利纳诺",47.2,"G8067",NA,NA,9429,"2023",1,"Winter",2016-02-08,2019-08-02,41.1935483870968,FALSE,"2016",2,"Winter","G-coded","male","5",83.23,">60",FALSE,FALSE,FALSE,FALSE,FALSE,FALSE,FALSE,FALSE,FALSE,FALSE,1,1,"singleton",0,0,0,0,0,0,0,0,0,0,0,1,"Reference range"
"201927",41.72,2,2024-01-17,"865530狼血",48.1,"G40094","865530","800421",6810,"2024",1,"Winter",2020-07-17,2023-01-02,12.4838709677419,TRUE,"2020",7,"Summer","G-coded","male","2",41.72,"31-42",FALSE,FALSE,FALSE,FALSE,FALSE,FALSE,FALSE,FALSE,FALSE,FALSE,1,1,"singleton",0,0,0,0,0,0,0,0,0,0,0,1,"Reference range"
"L70035",75.51,5,2023-04-27,"871041文尼哥",49.4,"G8775",NA,NA,8540,"2023",4,"Spring",2016-12-27,2020-03-02,37.8333333333333,FALSE,"2016",12,"Winter","G-coded","male","5",75.51,">60",FALSE,FALSE,FALSE,FALSE,FALSE,FALSE,FALSE,FALSE,FALSE,FALSE,1,1,"singleton",0,0,0,0,0,0,0,0,0,0,0,4,"Reference range"
"61897",101.35,7,2024-06-25,"171206",38.6,"G40868",NA,NA,5400,"2024",6,"Summer",2016-01-25,2018-02-02,76.7666666666667,FALSE,"2016",1,"Winter","G-coded","male",">=7",101.35,">60",FALSE,FALSE,FALSE,FALSE,FALSE,FALSE,FALSE,FALSE,FALSE,FALSE,1,1,"singleton",0,0,0,0,1,0,0,0,0,0,0,6,"Reference range"
"60483",84.06,6,2023-10-05,"7402563907",40.6,"G9601",NA,NA,7573,"2023",10,"Autumn",2016-10-05,2019-07-02,51.0967741935484,FALSE,"2016",10,"Autumn","G-coded","male","6",84.06,">60",FALSE,FALSE,FALSE,FALSE,FALSE,FALSE,FALSE,FALSE,FALSE,FALSE,1,1,"singleton",0,0,0,0,0,0,0,0,0,0,0,10,"Reference range"
"H20048",54.01,3,2024-03-25,"862025瓦特罗",49.5,"G40550",NA,NA,6020,"2024",3,"Spring",2019-09-25,2022-01-02,26.741935483871,FALSE,"2019",9,"Autumn","G-coded","male","3",54.01,"43-60",FALSE,FALSE,FALSE,FALSE,FALSE,FALSE,FALSE,FALSE,FALSE,FALSE,1,1,"singleton",0,0,0,0,0,0,0,0,0,0,0,3,"Reference range"
"224839",37.61,2,2025-07-09,"22120025",49.2,"G52909","606045","00428",2567,"2025",7,"Summer",2022-05-09,2023-05-02,26.2258064516129,FALSE,"2022",5,"Spring","G-coded","male","2",37.61,"31-42",FALSE,FALSE,FALSE,FALSE,FALSE,FALSE,FALSE,FALSE,FALSE,FALSE,1,1,"singleton",0,0,0,0,0,0,0,0,0,0,0,7,"Reference range"
"240313",24.39,1,2026-02-27,"41421193",54.3,"G62186","862025瓦特罗","224103",882,"2026",2,"Winter",2024-02-27,2024-07-02,19.8928571428571,FALSE,"2024",2,"Winter","G-coded","male","1",24.39,"<=30",FALSE,FALSE,FALSE,FALSE,FALSE,FALSE,FALSE,FALSE,FALSE,FALSE,1,1,"singleton",0,0,0,0,0,1,0,1,0,0,0,2,"Reference range"
"224259",24.29,1,2024-02-26,"862025瓦特罗",42.2,"G40385","180781","201243",6319,"2024",2,"Winter",2022-02-26,2024-07-02,-4.17241379310345,TRUE,"2022",2,"Winter","G-coded","male","1",24.29,"<=30",FALSE,FALSE,FALSE,FALSE,FALSE,FALSE,FALSE,FALSE,FALSE,FALSE,1,1,"singleton",0,0,0,0,0,0,0,0,0,0,0,2,"Reference range"
"60828",86.75,5,2023-03-24,"871041文尼哥",44.6,"G8569",NA,NA,8823,"2023",3,"Spring",2015-12-24,2019-04-02,47.7096774193548,FALSE,"2015",12,"Winter","G-coded","male","5",86.75,">60",FALSE,FALSE,FALSE,FALSE,FALSE,FALSE,FALSE,FALSE,FALSE,FALSE,1,1,"singleton",0,0,0,0,0,0,0,0,0,0,0,3,"Reference range"
"201411",45.99,3,2024-01-31,"865530狼血",48.1,"G40150",NA,NA,6687,"2024",1,"Winter",2020-03-31,2022-09-02,16.9354838709677,FALSE,"2020",3,"Spring","G-coded","male","3",45.99,"43-60",FALSE,FALSE,FALSE,FALSE,FALSE,FALSE,FALSE,FALSE,FALSE,FALSE,1,1,"singleton",0,0,0,0,0,0,0,0,0,0,0,1,"Reference range"
"801065",68.51,4,2024-08-29,"15620126",48.6,"G41040","171790","61582",5111,"2024",8,"Summer",2018-11-29,2020-10-02,46.8709677419355,FALSE,"2018",11,"Autumn","G-coded","male","4",68.51,">60",FALSE,FALSE,FALSE,FALSE,FALSE,FALSE,FALSE,FALSE,FALSE,FALSE,1,1,"singleton",0,0,0,0,0,0,0,0,0,0,0,8,"Reference range"
"202332",33.96,2,2023-08-25,"854282维利纳诺",49.8,"G9400","163940","62077",7841,"2023",8,"Summer",2020-10-25,2023-09-02,-0.258064516129032,TRUE,"2020",10,"Autumn","G-coded","male","2",33.96,"31-42",FALSE,FALSE,FALSE,FALSE,FALSE,FALSE,FALSE,FALSE,FALSE,FALSE,1,1,"singleton",0,0,0,0,0,0,0,0,0,0,0,8,"Reference range"
"212992",29.13,1,2023-11-04,"854282维利纳诺",39.2,"G9746",NA,NA,7412,"2023",11,"Autumn",2021-06-04,2024-02-02,-2.93333333333333,TRUE,"2021",6,"Summer","G-coded","male","1",29.13,"<=30",FALSE,FALSE,FALSE,FALSE,FALSE,FALSE,FALSE,FALSE,FALSE,FALSE,1,1,"singleton",0,0,0,0,1,0,0,0,0,0,0,11,"Reference range"
"212260",25.61,1,2023-03-27,"22219727",41.5,"G8601","606306","61760",8790,"2023",3,"Spring",2021-01-27,2024-05-02,-13.1935483870968,TRUE,"2021",1,"Winter","G-coded","male","1",25.61,"<=30",FALSE,FALSE,FALSE,FALSE,FALSE,FALSE,FALSE,FALSE,FALSE,FALSE,1,1,"singleton",0,0,0,0,0,0,0,0,0,0,0,3,"Reference range"
"201807",64.63,4,2025-11-10,"41121286",48.7,"G53374",NA,NA,1690,"2025",11,"Autumn",2020-06-10,2021-02-02,57.2666666666667,FALSE,"2020",6,"Summer","G-coded","male","4",64.63,">60",FALSE,FALSE,FALSE,FALSE,FALSE,FALSE,FALSE,FALSE,FALSE,FALSE,1,1,"singleton",0,0,0,0,0,0,0,0,0,0,0,11,"Reference range"
"800061",64.2,4,2023-06-05,"65117533",49.3,"G8976",NA,NA,8299,"2023",6,"Summer",2018-02-05,2021-03-02,27.1,FALSE,"2018",2,"Winter","G-coded","male","4",64.2,">60",FALSE,FALSE,FALSE,FALSE,FALSE,FALSE,FALSE,FALSE,FALSE,FALSE,1,1,"singleton",0,0,0,0,0,0,0,0,0,0,0,6,"Reference range"
"234592",34.88,2,2026-03-09,"13222529",47.2,"G62238","871041文尼哥","70565",785,"2026",3,"Spring",2023-04-09,2023-08-02,31.2258064516129,FALSE,"2023",4,"Spring","G-coded","male","2",34.88,"31-42",FALSE,FALSE,FALSE,FALSE,FALSE,FALSE,FALSE,FALSE,FALSE,FALSE,1,1,"singleton",0,0,0,0,0,0,0,0,0,0,0,3,"Reference range"
"70456",99.44,6,2025-10-26,"41121286",53.4,"G53310",NA,NA,1822,"2025",10,"Autumn",2017-07-26,2018-04-02,90.7741935483871,FALSE,"2017",7,"Summer","G-coded","male","6",99.44,">60",FALSE,FALSE,FALSE,FALSE,FALSE,FALSE,FALSE,FALSE,FALSE,FALSE,1,1,"singleton",0,0,0,0,0,1,0,1,0,0,0,10,"Reference range"
"202679",37.08,2,2023-12-20,"FR7045049997",46.2,"G10048","7402563907","61708",7068,"2023",12,"Winter",2020-11-20,2023-06-02,6.58064516129032,TRUE,"2020",11,"Autumn","G-coded","male","2",37.08,"31-42",FALSE,FALSE,FALSE,FALSE,FALSE,FALSE,FALSE,FALSE,FALSE,FALSE,1,1,"singleton",0,0,0,0,0,0,0,0,0,0,0,12,"Reference range"
"213498",47.99,3,2025-10-01,"15620193",47.4,"G53017","606306","01255",2042,"2025",10,"Autumn",2021-10-01,2022-07-02,38.9666666666667,FALSE,"2021",10,"Autumn","G-coded","male","3",47.99,"43-60",FALSE,FALSE,FALSE,FALSE,FALSE,FALSE,FALSE,FALSE,FALSE,FALSE,1,1,"singleton",0,0,0,0,0,0,0,0,0,0,0,10,"Reference range"
"212706",27.68,1,2023-05-30,"65117552",37.9,"G8940",NA,NA,8348,"2023",5,"Spring",2021-01-30,2024-03-02,-9.09677419354839,TRUE,"2021",1,"Winter","G-coded","male","1",27.68,"<=30",FALSE,FALSE,FALSE,FALSE,FALSE,FALSE,FALSE,FALSE,FALSE,FALSE,1,1,"singleton",0,0,0,0,1,0,0,0,0,0,0,5,"Reference range"
"61136",115.55,7,2025-08-25,"41121260",43.2,"G53059",NA,NA,2290,"2025",8,"Summer",2015-12-25,2016-11-02,105.741935483871,FALSE,"2015",12,"Winter","G-coded","male",">=7",115.55,">60",FALSE,FALSE,FALSE,FALSE,FALSE,FALSE,FALSE,FALSE,FALSE,FALSE,1,1,"singleton",0,0,0,0,0,0,0,0,0,0,0,8,"Reference range"
"800816",57.79,4,2023-08-11,"7402563907",53.5,"G9325",NA,NA,7919,"2023",8,"Summer",2018-10-11,2021-09-02,23.2903225806452,FALSE,"2018",10,"Autumn","G-coded","male","4",57.79,"43-60",FALSE,FALSE,FALSE,FALSE,FALSE,FALSE,FALSE,FALSE,FALSE,FALSE,1,1,"singleton",0,0,0,0,0,1,0,1,0,0,0,8,"Reference range"
"235008",27.38,1,2025-10-17,"41119226",50.6,"G53262","854773威吉吉","50414",1905,"2025",10,"Autumn",2023-07-17,2024-04-02,18.4838709677419,FALSE,"2023",7,"Summer","G-coded","male","1",27.38,"<=30",FALSE,FALSE,FALSE,FALSE,FALSE,FALSE,FALSE,FALSE,FALSE,FALSE,1,1,"singleton",0,0,0,0,0,0,0,0,0,0,0,10,"Reference range"
"234611",24.65,1,2025-05-06,"22218621",53.5,"G52669","854773威吉吉","70557",3045,"2025",5,"Spring",2023-04-06,2024-06-02,11.1290322580645,TRUE,"2023",4,"Spring","G-coded","male","1",24.65,"<=30",FALSE,FALSE,FALSE,FALSE,FALSE,FALSE,FALSE,FALSE,FALSE,FALSE,1,1,"singleton",0,0,0,0,0,1,0,1,0,0,0,5,"Reference range"
"61051",87.05,4,2023-04-03,"871041文尼哥",49.3,"G8645",NA,NA,8723,"2023",4,"Spring",2016-01-03,2019-04-02,48.0333333333333,FALSE,"2016",1,"Winter","G-coded","male","4",87.05,">60",FALSE,FALSE,FALSE,FALSE,FALSE,FALSE,FALSE,FALSE,FALSE,FALSE,1,1,"singleton",0,0,0,0,0,0,0,0,0,0,0,4,"Reference range"
"234761",27.58,1,2025-09-03,"22220783",39.2,"G53084","865530狼血","70359",2254,"2025",9,"Autumn",2023-05-03,2024-03-02,18.0333333333333,FALSE,"2023",5,"Spring","G-coded","male","1",27.58,"<=30",FALSE,FALSE,FALSE,FALSE,FALSE,FALSE,FALSE,FALSE,FALSE,FALSE,1,1,"singleton",0,0,0,0,1,0,0,0,0,0,0,9,"Reference range"
"00170",50.39,3,2023-08-28,"7402563907",44.5,"G9418",NA,NA,7811,"2023",8,"Summer",2019-06-28,2022-05-02,15.8387096774194,FALSE,"2019",6,"Summer","G-coded","male","3",50.39,"43-60",FALSE,FALSE,FALSE,FALSE,FALSE,FALSE,FALSE,FALSE,FALSE,FALSE,1,1,"singleton",0,0,0,0,0,0,0,0,0,0,0,8,"Reference range"
"01418",48.36,2,2023-10-29,"865530狼血",51.2,"G9697",NA,NA,7449,"2023",10,"Autumn",2019-10-29,2022-07-02,15.8709677419355,FALSE,"2019",10,"Autumn","G-coded","male","2",48.36,"43-60",FALSE,FALSE,FALSE,FALSE,FALSE,FALSE,FALSE,FALSE,FALSE,FALSE,1,1,"singleton",0,0,0,0,0,0,0,0,0,0,0,10,"Reference range"
"90014",81.1,5,2025-09-13,"41121286",43,"G53116",NA,NA,2192,"2025",9,"Autumn",2018-12-13,2019-10-02,71.3666666666667,FALSE,"2018",12,"Winter","G-coded","male","5",81.1,">60",FALSE,FALSE,FALSE,FALSE,FALSE,FALSE,FALSE,FALSE,FALSE,FALSE,1,1,"singleton",0,0,0,0,0,0,0,0,0,0,0,9,"Reference range"
"201527",43.29,2,2023-11-26,"854400西部公园",41.3,"G9876","606244","70184",7285,"2023",11,"Autumn",2020-04-26,2022-12-02,11.8,TRUE,"2020",4,"Spring","G-coded","male","2",43.29,"43-60",FALSE,FALSE,FALSE,FALSE,FALSE,FALSE,FALSE,FALSE,FALSE,FALSE,1,1,"singleton",0,0,0,0,0,0,0,0,0,0,0,11,"Reference range"
"212991",24.13,1,2023-06-05,"65118574",41.3,"G8983",NA,NA,8298,"2023",6,"Summer",2021-06-05,2024-07-02,-12.9,TRUE,"2021",6,"Summer","G-coded","male","1",24.13,"<=30",FALSE,FALSE,FALSE,FALSE,FALSE,FALSE,FALSE,FALSE,FALSE,FALSE,1,1,"singleton",0,0,0,0,0,0,0,0,0,0,0,6,"Reference range"
"202216",52.89,3,2025-03-04,"22218621",49.6,"G52355","163940","800754",3669,"2025",3,"Spring",2020-10-04,2022-02-02,37.0645161290323,FALSE,"2020",10,"Autumn","G-coded","male","3",52.89,"43-60",FALSE,FALSE,FALSE,FALSE,FALSE,FALSE,FALSE,FALSE,FALSE,FALSE,1,1,"singleton",0,0,0,0,0,0,0,0,0,0,0,3,"Reference range"
"62602",83.76,5,2023-01-27,"871041文尼哥",47.1,"G8245",NA,NA,9307,"2023",1,"Winter",2016-01-27,2019-07-02,42.8064516129032,FALSE,"2016",1,"Winter","G-coded","male","5",83.76,">60",FALSE,FALSE,FALSE,FALSE,FALSE,FALSE,FALSE,FALSE,FALSE,FALSE,1,1,"singleton",0,0,0,0,0,0,0,0,0,0,0,1,"Reference range"
"01317",40.01,2,2023-02-17,"854773威吉吉",45.2,"G8339",NA,NA,9158,"2023",2,"Winter",2019-10-17,2023-03-02,-0.464285714285714,TRUE,"2019",10,"Autumn","G-coded","male","2",40.01,"31-42",FALSE,FALSE,FALSE,FALSE,FALSE,FALSE,FALSE,FALSE,FALSE,FALSE,1,1,"singleton",0,0,0,0,0,0,0,0,0,0,0,2,"Reference range"
"234600",24.39,1,2025-04-25,"427133",46.2,"G52616","871041文尼哥","00421",3150,"2025",4,"Spring",2023-04-25,2024-07-02,9.76666666666667,TRUE,"2023",4,"Spring","G-coded","male","1",24.39,"<=30",FALSE,FALSE,FALSE,FALSE,FALSE,FALSE,FALSE,FALSE,FALSE,FALSE,1,1,"singleton",0,0,0,0,0,0,0,0,0,0,0,4,"Reference range"
"800978",55.75,3,2023-07-26,"854773威吉吉",47.8,"G9254","171350","Z61082",8015,"2023",7,"Summer",2018-11-26,2021-11-02,20.7741935483871,FALSE,"2018",11,"Autumn","G-coded","male","3",55.75,"43-60",FALSE,FALSE,FALSE,FALSE,FALSE,FALSE,FALSE,FALSE,FALSE,FALSE,1,1,"singleton",0,0,0,0,0,0,0,0,0,0,0,7,"Reference range"
"00748L",49.9,3,2023-08-06,"865530狼血",48.5,"G9306",NA,NA,7943,"2023",8,"Summer",2019-06-06,2022-05-02,15.1290322580645,FALSE,"2019",6,"Summer","G-coded","male","3",49.9,"43-60",FALSE,FALSE,FALSE,FALSE,FALSE,FALSE,FALSE,FALSE,FALSE,FALSE,1,1,"singleton",0,0,0,0,0,0,0,0,0,0,0,8,"Reference range"
"212121",26.04,1,2023-12-14,"865530狼血",41.5,"G10002","2544424506","L40074",7143,"2023",12,"Winter",2021-10-14,2024-05-02,-4.61290322580645,TRUE,"2021",10,"Autumn","G-coded","male","1",26.04,"<=30",FALSE,FALSE,FALSE,FALSE,FALSE,FALSE,FALSE,FALSE,FALSE,FALSE,1,1,"singleton",0,0,0,0,0,0,0,0,0,0,0,12,"Reference range"
"212587",64.83,4,2023-11-21,"854282维利纳诺",53.4,"G9855",NA,NA,7305,"2023",11,"Autumn",2018-06-21,2021-02-02,33.6333333333333,FALSE,"2018",6,"Summer","G-coded","male","4",64.83,">60",FALSE,FALSE,FALSE,FALSE,FALSE,FALSE,FALSE,FALSE,FALSE,FALSE,1,1,"singleton",0,0,0,0,0,1,0,1,0,0,0,11,"Reference range"
"H60630",86.49,5,2023-04-11,"871041文尼哥",45.3,"G8978",NA,NA,8650,"2023",4,"Spring",2016-02-11,2019-05-02,47.3,FALSE,"2016",2,"Winter","G-coded","male","5",86.49,">60",FALSE,FALSE,FALSE,FALSE,FALSE,FALSE,FALSE,FALSE,FALSE,FALSE,1,1,"singleton",0,0,0,0,0,0,0,0,0,0,0,4,"Reference range"
"202131",63.48,4,2026-01-02,"21219011",47.4,"G62003","65117502","61213",1207,"2026",1,"Winter",2020-10-02,2021-04-02,57,FALSE,"2020",10,"Autumn","G-coded","male","4",63.48,">60",FALSE,FALSE,FALSE,FALSE,FALSE,FALSE,FALSE,FALSE,FALSE,FALSE,1,1,"singleton",0,0,0,0,0,0,0,0,0,0,0,1,"Reference range"
"201487",62.26,3,2025-05-02,"427133",51.8,"G52653",NA,NA,3081,"2025",5,"Spring",2020-03-02,2021-05-02,48,FALSE,"2020",3,"Spring","G-coded","male","3",62.26,">60",FALSE,FALSE,FALSE,FALSE,FALSE,FALSE,FALSE,FALSE,FALSE,FALSE,1,1,"singleton",0,0,0,0,0,0,0,0,0,0,0,5,"Reference range"
"213054",58.84,3,2026-05-15,"861404",47.2,"G62499","606306","00791",246,"2026",5,"Spring",2021-06-15,2021-08-02,57.4193548387097,FALSE,"2021",6,"Summer","G-coded","male","3",58.84,"43-60",FALSE,FALSE,FALSE,FALSE,FALSE,FALSE,FALSE,FALSE,FALSE,FALSE,1,1,"singleton",0,0,0,0,0,0,0,0,0,0,0,5,"Reference range"
"202490",36.23,2,2023-11-23,"854400西部公园",53.2,"G9863",NA,NA,7296,"2023",11,"Autumn",2020-11-23,2023-07-02,4.7,TRUE,"2020",11,"Autumn","G-coded","male","2",36.23,"31-42",FALSE,FALSE,FALSE,FALSE,FALSE,FALSE,FALSE,FALSE,FALSE,FALSE,1,1,"singleton",0,0,0,0,0,1,0,1,0,0,0,11,"Reference range"
"213033",37.67,2,2024-08-01,"171206",43.4,"G40969",NA,NA,5248,"2024",8,"Summer",2021-06-01,2023-05-02,14.9677419354839,TRUE,"2021",6,"Summer","G-coded","male","2",37.67,"31-42",FALSE,FALSE,FALSE,FALSE,FALSE,FALSE,FALSE,FALSE,FALSE,FALSE,1,1,"singleton",0,0,0,0,0,0,0,0,0,0,0,8,"Reference range"
"01339",48.09,3,2023-12-19,"FR7045049997",46.7,"G10034",NA,NA,7095,"2023",12,"Winter",2019-12-19,2022-07-02,17.5483870967742,FALSE,"2019",12,"Winter","G-coded","male","3",48.09,"43-60",FALSE,FALSE,FALSE,FALSE,FALSE,FALSE,FALSE,FALSE,FALSE,FALSE,1,1,"singleton",0,0,0,0,0,0,0,0,0,0,0,12,"Reference range"
"235001",24.75,1,2025-06-06,"22218621",43.4,"G52799","871041文尼哥","H00422",2792,"2025",6,"Summer",2023-05-06,2024-06-02,12.1333333333333,TRUE,"2023",5,"Spring","G-coded","male","1",24.75,"<=30",FALSE,FALSE,FALSE,FALSE,FALSE,FALSE,FALSE,FALSE,FALSE,FALSE,1,1,"singleton",0,0,0,0,0,0,0,0,0,0,0,6,"Reference range"
"202452",63.71,4,2026-01-30,"21219011",49.4,"G62079",NA,NA,1064,"2026",1,"Winter",2020-09-30,2021-03-02,58.9032258064516,FALSE,"2020",9,"Autumn","G-coded","male","4",63.71,">60",FALSE,FALSE,FALSE,FALSE,FALSE,FALSE,FALSE,FALSE,FALSE,FALSE,1,1,"singleton",0,0,0,0,0,0,0,0,0,0,0,1,"Reference range"
"H202523",58.97,4,2025-03-15,"22218621",51.4,"G52409","606244","62096",3555,"2025",3,"Spring",2020-04-15,2021-08-02,43.4193548387097,FALSE,"2020",4,"Spring","G-coded","male","4",58.97,"43-60",FALSE,FALSE,FALSE,FALSE,FALSE,FALSE,FALSE,FALSE,FALSE,FALSE,1,1,"singleton",0,0,0,0,0,0,0,0,0,0,0,3,"Reference range"
"202175",62.36,3,2025-12-08,"41121286",52.2,"G53534","606244","60938",1393,"2025",12,"Winter",2020-10-08,2021-05-02,55.1935483870968,FALSE,"2020",10,"Autumn","G-coded","male","3",62.36,">60",FALSE,FALSE,FALSE,FALSE,FALSE,FALSE,FALSE,FALSE,FALSE,FALSE,1,1,"singleton",0,0,0,0,0,0,0,0,0,0,0,12,"Reference range"
"H00489",98.92,5,2024-08-06,"171206",41.5,"G40984",NA,NA,5225,"2024",8,"Summer",2016-05-06,2018-04-02,76.1290322580645,FALSE,"2016",5,"Spring","G-coded","male","5",98.92,">60",FALSE,FALSE,FALSE,FALSE,FALSE,FALSE,FALSE,FALSE,FALSE,FALSE,1,1,"singleton",0,0,0,0,0,0,0,0,0,0,0,8,"Reference range"
"201570",63.02,4,2025-07-26,"11121358",50.2,"G52968","606244","1467",2462,"2025",7,"Summer",2020-04-26,2021-04-02,51.7741935483871,FALSE,"2020",4,"Spring","G-coded","male","4",63.02,">60",FALSE,FALSE,FALSE,FALSE,FALSE,FALSE,FALSE,FALSE,FALSE,FALSE,1,1,"singleton",0,0,0,0,0,0,0,0,0,0,0,7,"Reference range"
"70157",77.78,5,2023-09-05,"7402563907",53.1,"G9474",NA,NA,7749,"2023",9,"Autumn",2017-03-05,2020-01-02,44.1,FALSE,"2017",3,"Spring","G-coded","male","5",77.78,">60",FALSE,FALSE,FALSE,FALSE,FALSE,FALSE,FALSE,FALSE,FALSE,FALSE,1,1,"singleton",0,0,0,0,0,1,0,1,0,0,0,9,"Reference range"
"63032",84.78,5,2023-03-05,"854773威吉吉",42.3,"G8441",NA,NA,9017,"2023",3,"Spring",2016-02-05,2019-06-02,45.0967741935484,FALSE,"2016",2,"Winter","G-coded","male","5",84.78,">60",FALSE,FALSE,FALSE,FALSE,FALSE,FALSE,FALSE,FALSE,FALSE,FALSE,1,1,"singleton",0,0,0,0,0,0,0,0,0,0,0,3,"Reference range"
"234078",28.9,1,2025-06-11,"22218621",42.8,"G52811","854282维利纳诺","01347",2771,"2025",6,"Summer",2023-01-11,2024-02-02,16.3,FALSE,"2023",1,"Winter","G-coded","male","1",28.9,"<=30",FALSE,FALSE,FALSE,FALSE,FALSE,FALSE,FALSE,FALSE,FALSE,FALSE,1,1,"singleton",0,0,0,0,0,0,0,0,0,0,0,6,"Reference range"
"800856",59.83,4,2023-11-03,"854282维利纳诺",43.5,"G9736",NA,NA,7416,"2023",11,"Autumn",2018-11-03,2021-07-02,28.0333333333333,FALSE,"2018",11,"Autumn","G-coded","male","4",59.83,"43-60",FALSE,FALSE,FALSE,FALSE,FALSE,FALSE,FALSE,FALSE,FALSE,FALSE,1,1,"singleton",0,0,0,0,0,0,0,0,0,0,0,11,"Reference range"
"213697",50.23,3,2026-01-19,"41121286",45.4,"G62049","854282","62298",1131,"2026",1,"Winter",2021-11-19,2022-05-02,44.5483870967742,FALSE,"2021",11,"Autumn","G-coded","male","3",50.23,"43-60",FALSE,FALSE,FALSE,FALSE,FALSE,FALSE,FALSE,FALSE,FALSE,FALSE,1,1,"singleton",0,0,0,0,0,0,0,0,0,0,0,1,"Reference range"
"61270",91.12,6,2023-09-29,"854282维利纳诺",49.4,"G9573",NA,NA,7615,"2023",9,"Autumn",2016-02-29,2018-12-02,57.9,FALSE,"2016",2,"Winter","G-coded","male","6",91.12,">60",FALSE,FALSE,FALSE,FALSE,FALSE,FALSE,FALSE,FALSE,FALSE,FALSE,1,1,"singleton",0,0,0,0,0,0,0,0,0,0,0,9,"Reference range"
"234338L",25.12,1,2025-04-05,"22220783",53,"G52517",NA,NA,3337,"2025",4,"Spring",2023-03-05,2024-06-02,10.1,TRUE,"2023",3,"Spring","G-coded","male","1",25.12,"<=30",FALSE,FALSE,FALSE,FALSE,FALSE,FALSE,FALSE,FALSE,FALSE,FALSE,1,1,"singleton",0,0,0,0,0,1,0,1,0,0,0,4,"Reference range"
"234028",37.48,2,2026-02-18,"41121296",53.5,"G62147","854282维利纳诺","201566",951,"2026",2,"Winter",2023-01-18,2023-06-02,32.5714285714286,FALSE,"2023",1,"Winter","G-coded","male","2",37.48,"31-42",FALSE,FALSE,FALSE,FALSE,FALSE,FALSE,FALSE,FALSE,FALSE,FALSE,1,1,"singleton",0,0,0,0,0,1,0,1,0,0,0,2,"Reference range"
"60983",113.28,7,2025-07-02,"22218621",46.5,"G52883L",NA,NA,2612,"2025",7,"Summer",2016-02-02,2017-02-02,101,FALSE,"2016",2,"Winter","G-coded","male",">=7",113.28,">60",FALSE,FALSE,FALSE,FALSE,FALSE,FALSE,FALSE,FALSE,FALSE,FALSE,1,1,"singleton",0,0,0,0,0,0,0,0,0,0,0,7,"Reference range"
"235635",28.07,2,2026-03-08,NA,49.6,"G62232","854282维利纳诺","213166",794,"2026",3,"Spring",2023-11-08,2024-03-02,24.1935483870968,FALSE,"2023",11,"Autumn","G-coded","male","2",28.07,"<=30",FALSE,FALSE,FALSE,FALSE,FALSE,FALSE,FALSE,FALSE,FALSE,FALSE,1,1,"singleton",0,0,0,0,0,0,0,0,0,0,0,3,"Reference range"
"70203",97.5,6,2025-05-09,"22218621",45.6,"G52693",NA,NA,3013,"2025",5,"Spring",2017-03-09,2018-05-02,84.2258064516129,FALSE,"2017",3,"Spring","G-coded","male","6",97.5,">60",FALSE,FALSE,FALSE,FALSE,FALSE,FALSE,FALSE,FALSE,FALSE,FALSE,1,1,"singleton",0,0,0,0,0,0,0,0,0,0,0,5,"Reference range"
"61146",96.68,6,2024-01-20,"854773威吉吉",53.8,"G40102",NA,NA,6796,"2024",1,"Winter",2015-12-20,2018-06-02,67.5806451612903,FALSE,"2015",12,"Winter","G-coded","male","6",96.68,">60",FALSE,FALSE,FALSE,FALSE,FALSE,FALSE,FALSE,FALSE,FALSE,FALSE,1,1,"singleton",0,0,0,0,0,1,0,1,0,0,0,1,"Reference range"
"213907",23.7,1,2023-12-13,"865530狼血",49.4,"G9997","6868671111","00113",7161,"2023",12,"Winter",2021-12-13,2024-07-02,-6.64516129032258,TRUE,"2021",12,"Winter","G-coded","male","1",23.7,"<=30",FALSE,FALSE,FALSE,FALSE,FALSE,FALSE,FALSE,FALSE,FALSE,FALSE,1,1,"singleton",0,0,0,0,0,0,0,0,0,0,0,12,"Reference range"
"H212053",50.43,3,2025-09-22,"15618075",53.2,"G53151",NA,NA,2120,"2025",9,"Autumn",2021-07-22,2022-05-02,40.6666666666667,FALSE,"2021",7,"Summer","G-coded","male","3",50.43,"43-60",FALSE,FALSE,FALSE,FALSE,FALSE,FALSE,FALSE,FALSE,FALSE,FALSE,1,1,"singleton",0,0,0,0,0,1,0,1,0,0,0,9,"Reference range"
"60657",93.16,4,2023-10-18,"854282维利纳诺",41.7,"G9651",NA,NA,7514,"2023",10,"Autumn",2016-01-18,2018-10-02,60.5161290322581,FALSE,"2016",1,"Winter","G-coded","male","4",93.16,">60",FALSE,FALSE,FALSE,FALSE,FALSE,FALSE,FALSE,FALSE,FALSE,FALSE,1,1,"singleton",0,0,0,0,0,0,0,0,0,0,0,10,"Reference range"
"800089",74.29,5,2024-04-30,"22220785",45.2,"G40676",NA,NA,5765,"2024",4,"Spring",2018-02-28,2020-05-02,47.9333333333333,FALSE,"2018",2,"Winter","G-coded","male","5",74.29,">60",FALSE,FALSE,FALSE,FALSE,FALSE,FALSE,FALSE,FALSE,FALSE,FALSE,1,1,"singleton",0,0,0,0,0,0,0,0,0,0,0,4,"Reference range"
"50676",95.83,6,2024-02-10,"862025瓦特罗",47.8,"G40236L",NA,NA,6556,"2024",2,"Winter",2016-02-10,2018-07-02,67.2758620689655,FALSE,"2016",2,"Winter","G-coded","male","6",95.83,">60",FALSE,FALSE,FALSE,FALSE,FALSE,FALSE,FALSE,FALSE,FALSE,FALSE,1,1,"singleton",0,0,0,0,0,0,0,0,0,0,0,2,"Reference range"
"70324",79.55,4,2023-12-22,"854773威吉吉",40.2,"G10075",NA,NA,7046,"2023",12,"Winter",2017-04-22,2019-11-02,49.6451612903226,FALSE,"2017",4,"Spring","G-coded","male","4",79.55,">60",FALSE,FALSE,FALSE,FALSE,FALSE,FALSE,FALSE,FALSE,FALSE,FALSE,1,1,"singleton",0,0,0,0,0,0,0,0,0,0,0,12,"Reference range"
"201067",42.01,2,2023-07-17,"公牛",47.6,"G9184",NA,NA,8076,"2023",7,"Summer",2020-01-17,2023-01-02,6.48387096774194,TRUE,"2020",1,"Winter","G-coded","male","2",42.01,"43-60",FALSE,FALSE,FALSE,FALSE,FALSE,FALSE,FALSE,FALSE,FALSE,FALSE,1,1,"singleton",0,0,0,0,0,0,0,0,0,0,0,7,"Reference range"
"01193",49.31,2,2023-12-02,"865530狼血",49.3,"G9923","606192","62046",7247,"2023",12,"Winter",2019-11-02,2022-06-02,18,FALSE,"2019",11,"Autumn","G-coded","male","2",49.31,"43-60",FALSE,FALSE,FALSE,FALSE,FALSE,FALSE,FALSE,FALSE,FALSE,FALSE,1,1,"singleton",0,0,0,0,0,0,0,0,0,0,0,12,"Reference range"
"62259",111.87,7,2025-06-01,"22119077",48.7,"G52780",NA,NA,2825,"2025",6,"Summer",2016-02-01,2017-03-02,98.9677419354839,FALSE,"2016",2,"Winter","G-coded","male",">=7",111.87,">60",FALSE,FALSE,FALSE,FALSE,FALSE,FALSE,FALSE,FALSE,FALSE,FALSE,1,1,"singleton",0,0,0,0,0,0,0,0,0,0,0,6,"Reference range"
"224146",43.2,2,2025-08-29,"15620193",45.4,"G53069","871041","800792",2275,"2025",8,"Summer",2022-01-29,2022-12-02,32.8709677419355,FALSE,"2022",1,"Winter","G-coded","male","2",43.2,"43-60",FALSE,FALSE,FALSE,FALSE,FALSE,FALSE,FALSE,FALSE,FALSE,FALSE,1,1,"singleton",0,0,0,0,0,0,0,0,0,0,0,8,"Reference range"
"224257",36.95,2,2025-03-17,"427151",46.1,"G52423",NA,NA,3537,"2025",3,"Spring",2022-02-17,2023-06-02,21.4838709677419,FALSE,"2022",2,"Winter","G-coded","male","2",36.95,"31-42",FALSE,FALSE,FALSE,FALSE,FALSE,FALSE,FALSE,FALSE,FALSE,FALSE,1,1,"singleton",0,0,0,0,0,0,0,0,0,0,0,3,"Reference range"
"235168",24.88,1,2025-09-01,"863302",48.7,"G53079","7402563907","201466",2259,"2025",9,"Autumn",2023-08-01,2024-06-02,14.9677419354839,TRUE,"2023",8,"Summer","G-coded","male","1",24.88,"<=30",FALSE,FALSE,FALSE,FALSE,FALSE,FALSE,FALSE,FALSE,FALSE,FALSE,1,1,"singleton",0,0,0,0,0,0,0,0,0,0,0,9,"Reference range"
"62593",90.24,6,2023-08-31,"854282维利纳诺",40.6,"G9444",NA,NA,7793,"2023",8,"Summer",2016-02-29,2019-01-02,55.9354838709677,FALSE,"2016",2,"Winter","G-coded","male","6",90.24,">60",FALSE,FALSE,FALSE,FALSE,FALSE,FALSE,FALSE,FALSE,FALSE,FALSE,1,1,"singleton",0,0,0,0,0,0,0,0,0,0,0,8,"Reference range"
"H00170",57.13,4,2023-10-28,"7402563907",48.5,"G9694",NA,NA,7455,"2023",10,"Autumn",2019-01-28,2021-10-02,24.8387096774194,FALSE,"2019",1,"Winter","G-coded","male","4",57.13,"43-60",FALSE,FALSE,FALSE,FALSE,FALSE,FALSE,FALSE,FALSE,FALSE,FALSE,1,1,"singleton",0,0,0,0,0,0,0,0,0,0,0,10,"Reference range"
"201837",34.16,2,2023-05-05,"871041文尼哥",47.3,"G8814","15217112","Z70372",8486,"2023",5,"Spring",2020-07-05,2023-09-02,-3.90322580645161,TRUE,"2020",7,"Summer","G-coded","male","2",34.16,"31-42",FALSE,FALSE,FALSE,FALSE,FALSE,FALSE,FALSE,FALSE,FALSE,FALSE,1,1,"singleton",0,0,0,0,0,0,0,0,0,0,0,5,"Reference range"
"H213122",58.48,4,2026-02-19,"41121296",45.2,"G62149","7029225762","62069",946,"2026",2,"Winter",2021-04-19,2021-09-02,53.6071428571429,FALSE,"2021",4,"Spring","G-coded","male","4",58.48,"43-60",FALSE,FALSE,FALSE,FALSE,FALSE,FALSE,FALSE,FALSE,FALSE,FALSE,1,1,"singleton",0,0,0,0,0,0,0,0,0,0,0,2,"Reference range"
"70621",72.65,4,2023-11-09,"854282维利纳诺",45.5,"G9782",NA,NA,7383,"2023",11,"Autumn",2017-10-09,2020-06-02,41.2333333333333,FALSE,"2017",10,"Autumn","G-coded","male","4",72.65,">60",FALSE,FALSE,FALSE,FALSE,FALSE,FALSE,FALSE,FALSE,FALSE,FALSE,1,1,"singleton",0,0,0,0,0,0,0,0,0,0,0,11,"Reference range"
"202233",38.23,2,2023-12-17,"FR7045049997",46.6,"G10025","606244","800730",7108,"2023",12,"Winter",2020-10-17,2023-05-02,7.48387096774194,TRUE,"2020",10,"Autumn","G-coded","male","2",38.23,"31-42",FALSE,FALSE,FALSE,FALSE,FALSE,FALSE,FALSE,FALSE,FALSE,FALSE,1,1,"singleton",0,0,0,0,0,0,0,0,0,0,0,12,"Reference range"
"H213032",25.97,1,2024-03-08,"865530狼血",45.3,"G40449","6868671111","60045",6200,"2024",3,"Spring",2022-01-08,2024-05-02,-1.80645161290323,TRUE,"2022",1,"Winter","G-coded","male","1",25.97,"<=30",FALSE,FALSE,FALSE,FALSE,FALSE,FALSE,FALSE,FALSE,FALSE,FALSE,1,1,"singleton",0,0,0,0,0,0,0,0,0,0,0,3,"Reference range"
"62715",121.1,7,2026-03-03,"65123650",47.8,"G62198",NA,NA,854,"2026",3,"Spring",2016-02-03,2016-06-02,117.032258064516,FALSE,"2016",2,"Winter","G-coded","male",">=7",121.1,">60",FALSE,FALSE,FALSE,FALSE,FALSE,FALSE,FALSE,FALSE,FALSE,FALSE,1,1,"singleton",0,0,0,0,0,0,0,0,0,0,0,3,"Reference range"
"00509",75.71,6,2025-08-22,"15221363",50.6,"G53053","167285","Z70021",2299,"2025",8,"Summer",2019-04-22,2020-03-02,65.6451612903226,FALSE,"2019",4,"Spring","G-coded","male","6",75.71,">60",FALSE,FALSE,FALSE,FALSE,FALSE,FALSE,FALSE,FALSE,FALSE,FALSE,1,1,"singleton",0,0,0,0,0,0,0,0,0,0,0,8,"Reference range"
"00773",80.57,5,2026-02-28,"41222118",45.3,"G62118","167285","60551",877,"2026",2,"Winter",2019-05-28,2019-10-02,76.9285714285714,FALSE,"2019",5,"Spring","G-coded","male","5",80.57,">60",FALSE,FALSE,FALSE,FALSE,FALSE,FALSE,FALSE,FALSE,FALSE,FALSE,1,1,"singleton",0,0,0,0,0,0,0,0,0,0,0,2,"Reference range"
"70073",91.06,5,2024-08-29,"171206",49.6,"G41043",NA,NA,5113,"2024",8,"Summer",2017-01-29,2018-12-02,68.8709677419355,FALSE,"2017",1,"Winter","G-coded","male","5",91.06,">60",FALSE,FALSE,FALSE,FALSE,FALSE,FALSE,FALSE,FALSE,FALSE,FALSE,1,1,"singleton",0,0,0,0,0,0,0,0,0,0,0,8,"Reference range"
"01249",38.03,2,2023-01-06,"606045维泽",48.2,"G8055","606192","61916",9444,"2023",1,"Winter",2019-11-06,2023-05-02,-3.87096774193548,TRUE,"2019",11,"Autumn","G-coded","male","2",38.03,"31-42",FALSE,FALSE,FALSE,FALSE,FALSE,FALSE,FALSE,FALSE,FALSE,FALSE,1,1,"singleton",0,0,0,0,0,0,0,0,0,0,0,1,"Reference range"
"800963",52.93,3,2023-04-29,"871041文尼哥",50.4,"G8783","171350","62594",8520,"2023",4,"Spring",2018-11-29,2022-02-02,14.9,TRUE,"2018",11,"Autumn","G-coded","male","3",52.93,"43-60",FALSE,FALSE,FALSE,FALSE,FALSE,FALSE,FALSE,FALSE,FALSE,FALSE,1,1,"singleton",0,0,0,0,0,0,0,0,0,0,0,4,"Reference range"
"212152",49.61,3,2025-03-05,"427151",44.1,"G52358","180781","801141",3658,"2025",3,"Spring",2021-01-05,2022-05-02,34.0967741935484,FALSE,"2021",1,"Winter","G-coded","male","3",49.61,"43-60",FALSE,FALSE,FALSE,FALSE,FALSE,FALSE,FALSE,FALSE,FALSE,FALSE,1,1,"singleton",0,0,0,0,0,0,0,0,0,0,0,3,"Reference range"
"60826",84.55,5,2023-02-13,"871041文尼哥",42.3,"G8312",NA,NA,9202,"2023",2,"Winter",2016-01-13,2019-06-02,44.3928571428571,FALSE,"2016",1,"Winter","G-coded","male","5",84.55,">60",FALSE,FALSE,FALSE,FALSE,FALSE,FALSE,FALSE,FALSE,FALSE,FALSE,1,1,"singleton",0,0,0,0,0,0,0,0,0,0,0,2,"Reference range"
"70413",83.69,5,2024-05-31,"863025",39.7,"G40789L",NA,NA,5556,"2024",5,"Spring",2017-05-31,2019-07-02,58.9354838709677,FALSE,"2017",5,"Spring","G-coded","male","5",83.69,">60",FALSE,FALSE,FALSE,FALSE,FALSE,FALSE,FALSE,FALSE,FALSE,FALSE,1,1,"singleton",0,0,0,0,0,0,0,0,0,0,0,5,"Reference range"
"225449",32.45,2,2025-08-15,"15621311",46.4,"G53031","606045","62780",2340,"2025",8,"Summer",2022-12-15,2023-11-02,21.4193548387097,FALSE,"2022",12,"Winter","G-coded","male","2",32.45,"31-42",FALSE,FALSE,FALSE,FALSE,FALSE,FALSE,FALSE,FALSE,FALSE,FALSE,1,1,"singleton",0,0,0,0,0,0,0,0,0,0,0,8,"Reference range"
"212113",61.47,3,2026-02-21,"41121296",51.3,"G62157","7402563907","61973",934,"2026",2,"Winter",2021-01-21,2021-06-02,56.6785714285714,FALSE,"2021",1,"Winter","G-coded","male","3",61.47,">60",FALSE,FALSE,FALSE,FALSE,FALSE,FALSE,FALSE,FALSE,FALSE,FALSE,1,1,"singleton",0,0,0,0,0,0,0,0,0,0,0,2,"Reference range"
"212100",37.87,2,2024-03-03,"862025瓦特罗",45.8,"G40418","740640209","60838",6245,"2024",3,"Spring",2021-01-03,2023-05-02,10.0322580645161,TRUE,"2021",1,"Winter","G-coded","male","2",37.87,"31-42",FALSE,FALSE,FALSE,FALSE,FALSE,FALSE,FALSE,FALSE,FALSE,FALSE,1,1,"singleton",0,0,0,0,0,0,0,0,0,0,0,3,"Reference range"
"212246",37.02,2,2024-03-05,"862025瓦特罗",43.8,"G40429","180781","62331",6232,"2024",3,"Spring",2021-02-05,2023-06-02,9.09677419354839,TRUE,"2021",2,"Winter","G-coded","male","2",37.02,"31-42",FALSE,FALSE,FALSE,FALSE,FALSE,FALSE,FALSE,FALSE,FALSE,FALSE,1,1,"singleton",0,0,0,0,0,0,0,0,0,0,0,3,"Reference range"
"212042",83.2,5,2024-04-03,"FR3917468802",52.4,"G40599",NA,NA,5949,"2024",4,"Spring",2017-05-03,2019-08-02,56.0333333333333,FALSE,"2017",5,"Spring","G-coded","male","5",83.2,">60",FALSE,FALSE,FALSE,FALSE,FALSE,FALSE,FALSE,FALSE,FALSE,FALSE,1,1,"singleton",0,0,0,0,0,0,0,0,0,0,0,4,"Reference range"
"202247",34.48,2,2023-08-27,"854773威吉吉",48.4,"G9412",NA,NA,7821,"2023",8,"Summer",2020-10-27,2023-09-02,-0.193548387096774,TRUE,"2020",10,"Autumn","G-coded","male","2",34.48,"31-42",FALSE,FALSE,FALSE,FALSE,FALSE,FALSE,FALSE,FALSE,FALSE,FALSE,1,1,"singleton",0,0,0,0,0,0,0,0,0,0,0,8,"Reference range"
"H01445",40.07,2,2023-12-31,"865530狼血",49.1,"G40011","606244","40296",6957,"2023",12,"Winter",2020-08-31,2023-03-02,9.93548387096774,TRUE,"2020",8,"Summer","G-coded","male","2",40.07,"31-42",FALSE,FALSE,FALSE,FALSE,FALSE,FALSE,FALSE,FALSE,FALSE,FALSE,1,1,"singleton",0,0,0,0,0,0,0,0,0,0,0,12,"Reference range"
"62269",95.07,6,2024-01-17,"865530狼血",42.8,"G40096",NA,NA,6809,"2024",1,"Winter",2016-02-17,2018-08-02,65.4838709677419,FALSE,"2016",2,"Winter","G-coded","male","6",95.07,">60",FALSE,FALSE,FALSE,FALSE,FALSE,FALSE,FALSE,FALSE,FALSE,FALSE,1,1,"singleton",0,0,0,0,0,0,0,0,0,0,0,1,"Reference range"
"61560",97.63,6,2024-04-10,"22220785",39.5,"G40617",NA,NA,5900,"2024",4,"Spring",2016-02-10,2018-05-02,71.2666666666667,FALSE,"2016",2,"Winter","G-coded","male","6",97.63,">60",FALSE,FALSE,FALSE,FALSE,FALSE,FALSE,FALSE,FALSE,FALSE,FALSE,1,1,"singleton",0,0,0,0,1,0,0,0,0,0,0,4,"Reference range"
"10016",26.73,1,2026-03-07,"22222103",52.3,"G62222",NA,NA,805,"2026",3,"Spring",2023-12-07,2024-04-02,23.1612903225806,FALSE,"2023",12,"Winter","G-coded","male","1",26.73,"<=30",FALSE,FALSE,FALSE,FALSE,FALSE,FALSE,FALSE,FALSE,FALSE,FALSE,1,1,"singleton",0,0,0,0,0,0,0,0,0,0,0,3,"Reference range"
"213382",24.59,1,2024-05-11,"22220785",37.6,"G40714L","606045","00665",5696,"2024",5,"Spring",2022-04-11,2024-06-02,-0.709677419354839,TRUE,"2022",4,"Spring","G-coded","male","1",24.59,"<=30",FALSE,FALSE,FALSE,FALSE,FALSE,FALSE,FALSE,FALSE,FALSE,FALSE,1,1,"singleton",0,0,0,0,1,0,0,0,0,0,0,5,"Reference range"
"201391",68.61,3,2025-12-14,"21219011",47.3,"G53568","606244","LX226",1341,"2025",12,"Winter",2020-03-14,2020-10-02,62.3870967741936,FALSE,"2020",3,"Spring","G-coded","male","3",68.61,">60",FALSE,FALSE,FALSE,FALSE,FALSE,FALSE,FALSE,FALSE,FALSE,FALSE,1,1,"singleton",0,0,0,0,0,0,0,0,0,0,0,12,"Reference range"
"201581",46.71,2,2024-03-19,"862025瓦特罗",49.3,"G40516","606244","L1368",6075,"2024",3,"Spring",2020-04-19,2022-08-02,19.5483870967742,FALSE,"2020",4,"Spring","G-coded","male","2",46.71,"43-60",FALSE,FALSE,FALSE,FALSE,FALSE,FALSE,FALSE,FALSE,FALSE,FALSE,1,1,"singleton",0,0,0,0,0,0,0,0,0,0,0,3,"Reference range"
"910403",58.68,3,2024-08-01,"171206",47.3,"G40966",NA,NA,5252,"2024",8,"Summer",2019-09-01,2021-08-02,35.9677419354839,FALSE,"2019",9,"Autumn","G-coded","male","3",58.68,"43-60",FALSE,FALSE,FALSE,FALSE,FALSE,FALSE,FALSE,FALSE,FALSE,FALSE,1,1,"singleton",0,0,0,0,0,0,0,0,0,0,0,8,"Reference range"
"800061",89.38,6,2025-07-10,"22218621",43.6,"G52916",NA,NA,2564,"2025",7,"Summer",2018-02-10,2019-02-02,77.258064516129,FALSE,"2018",2,"Winter","G-coded","male","6",89.38,">60",FALSE,FALSE,FALSE,FALSE,FALSE,FALSE,FALSE,FALSE,FALSE,FALSE,1,1,"singleton",0,0,0,0,0,0,0,0,0,0,0,7,"Reference range"
"70522",66.67,3,2023-03-08,"871041文尼哥",49.3,"G8459",NA,NA,8989,"2023",3,"Spring",2017-08-08,2020-12-02,27.1935483870968,FALSE,"2017",8,"Summer","G-coded","male","3",66.67,">60",FALSE,FALSE,FALSE,FALSE,FALSE,FALSE,FALSE,FALSE,FALSE,FALSE,1,1,"singleton",0,0,0,0,0,0,0,0,0,0,0,3,"Reference range"
"201886",45.99,2,2024-05-11,"22220785",47.3,"G40236","21227027","70285",5697,"2024",5,"Spring",2020-07-11,2022-09-02,20.2903225806452,FALSE,"2020",7,"Summer","G-coded","male","2",45.99,"43-60",FALSE,FALSE,FALSE,FALSE,FALSE,FALSE,FALSE,FALSE,FALSE,FALSE,1,1,"singleton",0,0,0,0,0,0,0,0,0,0,0,5,"Reference range"
"201221",38.03,1,2023-04-25,"871041文尼哥",47.6,"G8756",NA,NA,8552,"2023",4,"Spring",2020-02-25,2023-05-02,-0.233333333333333,TRUE,"2020",2,"Winter","G-coded","male","1",38.03,"31-42",FALSE,FALSE,FALSE,FALSE,FALSE,FALSE,FALSE,FALSE,FALSE,FALSE,1,1,"singleton",0,0,0,0,0,0,0,0,0,0,0,4,"Reference range"
"202365",61.37,3,2025-12-09,"41121286",52.5,"G53538","163940","70706",1380,"2025",12,"Winter",2020-11-09,2021-06-02,54.2258064516129,FALSE,"2020",11,"Autumn","G-coded","male","3",61.37,">60",FALSE,FALSE,FALSE,FALSE,FALSE,FALSE,FALSE,FALSE,FALSE,FALSE,1,1,"singleton",0,0,0,0,0,0,0,1,0,0,0,12,"Reference range"
"62081",94.77,5,2023-12-16,"865530狼血",46.8,"G10017",NA,NA,7130,"2023",12,"Winter",2016-01-16,2018-08-02,64.4516129032258,FALSE,"2016",1,"Winter","G-coded","male","5",94.77,">60",FALSE,FALSE,FALSE,FALSE,FALSE,FALSE,FALSE,FALSE,FALSE,FALSE,1,1,"singleton",0,0,0,0,0,0,0,0,0,0,0,12,"Reference range"
"201690",36.39,2,2023-05-29,"14117208",47.8,"G8936",NA,NA,8350,"2023",5,"Spring",2020-05-29,2023-07-02,-1.12903225806452,TRUE,"2020",5,"Spring","G-coded","male","2",36.39,"31-42",FALSE,FALSE,FALSE,FALSE,FALSE,FALSE,FALSE,FALSE,FALSE,FALSE,1,1,"singleton",0,0,0,0,0,0,0,0,0,0,0,5,"Reference range"
"213584",26.89,1,2023-12-22,"854773威吉吉",50.1,"G10074","180781","800643",7049,"2023",12,"Winter",2021-09-22,2024-04-02,-3.35483870967742,TRUE,"2021",9,"Autumn","G-coded","male","1",26.89,"<=30",FALSE,FALSE,FALSE,FALSE,FALSE,FALSE,FALSE,FALSE,FALSE,FALSE,1,1,"singleton",0,0,0,0,0,0,0,0,0,0,0,12,"Reference range"
"234600",35.96,2,2026-04-12,"21219011",50.2,"G62407","871041文尼哥","00421",439,"2026",4,"Spring",2023-04-12,2023-07-02,33.3333333333333,FALSE,"2023",4,"Spring","G-coded","male","2",35.96,"31-42",FALSE,FALSE,FALSE,FALSE,FALSE,FALSE,FALSE,FALSE,FALSE,FALSE,1,1,"singleton",0,0,0,0,0,0,0,0,0,0,0,4,"Reference range"
"00459",59.3,4,2023-09-06,"7402563907",47.5,"G9481",NA,NA,7737,"2023",9,"Autumn",2018-10-06,2021-08-02,25.1333333333333,FALSE,"2018",10,"Autumn","G-coded","male","4",59.3,"43-60",FALSE,FALSE,FALSE,FALSE,FALSE,FALSE,FALSE,FALSE,FALSE,FALSE,1,1,"singleton",0,0,0,0,0,0,0,0,0,0,0,9,"Reference range"
"60569",74,5,2023-01-27,"871041文尼哥",45.3,"G8244",NA,NA,9310,"2023",1,"Winter",2016-11-27,2020-05-02,32.8064516129032,FALSE,"2016",11,"Autumn","G-coded","male","5",74,">60",FALSE,FALSE,FALSE,FALSE,FALSE,FALSE,FALSE,FALSE,FALSE,FALSE,1,1,"singleton",0,0,0,0,0,0,0,0,0,0,0,1,"Reference range"
"202630",53.35,3,2025-05-24,"427133",50.6,"G52757","180600","50706",2868,"2025",5,"Spring",2020-12-24,2022-02-02,39.7096774193548,FALSE,"2020",12,"Winter","G-coded","male","3",53.35,"43-60",FALSE,FALSE,FALSE,FALSE,FALSE,FALSE,FALSE,FALSE,FALSE,FALSE,1,1,"singleton",0,0,0,0,0,0,0,0,0,0,0,5,"Reference range"
"61875",96.38,6,2024-02-02,"865530狼血",47.3,"G40170",NA,NA,6662,"2024",2,"Winter",2016-02-02,2018-07-02,67,FALSE,"2016",2,"Winter","G-coded","male","6",96.38,">60",FALSE,FALSE,FALSE,FALSE,FALSE,FALSE,FALSE,FALSE,FALSE,FALSE,1,1,"singleton",0,0,0,0,0,0,0,0,0,0,0,2,"Reference range"
"H01086",49.8,3,2023-01-17,"854282维利纳诺",47.5,"G8098","171350","61061",9380,"2023",1,"Winter",2018-11-17,2022-05-02,8.48387096774194,TRUE,"2018",11,"Autumn","G-coded","male","3",49.8,"43-60",FALSE,FALSE,FALSE,FALSE,FALSE,FALSE,FALSE,FALSE,FALSE,FALSE,1,1,"singleton",0,0,0,0,0,0,0,0,0,0,0,1,"Reference range"
"202068",55.95,3,2023-06-07,"7402563907",39.4,"G8993","171350","61531",8282,"2023",6,"Summer",2018-10-07,2021-11-02,19.1666666666667,FALSE,"2018",10,"Autumn","G-coded","male","3",55.95,"43-60",FALSE,FALSE,FALSE,FALSE,FALSE,FALSE,FALSE,FALSE,FALSE,FALSE,1,1,"singleton",0,0,0,0,1,0,0,0,0,0,0,6,"Reference range"
"L213343",24.69,1,2023-09-26,"865530狼血",44.6,"G9557",NA,NA,7631,"2023",9,"Autumn",2021-08-26,2024-06-02,-8.2,TRUE,"2021",8,"Summer","G-coded","male","1",24.69,"<=30",FALSE,FALSE,FALSE,FALSE,FALSE,FALSE,FALSE,FALSE,FALSE,FALSE,1,1,"singleton",0,0,0,0,0,0,0,0,0,0,0,9,"Reference range"
"234287",29.75,1,2025-08-16,"22220607",46.2,"G53035",NA,NA,2332,"2025",8,"Summer",2023-02-16,2024-01-02,19.4516129032258,FALSE,"2023",2,"Winter","G-coded","male","1",29.75,"<=30",FALSE,FALSE,FALSE,FALSE,FALSE,FALSE,FALSE,FALSE,FALSE,FALSE,1,1,"singleton",0,0,0,0,0,0,0,0,0,0,0,8,"Reference range"
"212512",23.83,1,2023-03-21,"15618205",47.2,"G8547",NA,NA,8845,"2023",3,"Spring",2021-03-21,2024-07-02,-15.3870967741935,TRUE,"2021",3,"Spring","G-coded","male","1",23.83,"<=30",FALSE,FALSE,FALSE,FALSE,FALSE,FALSE,FALSE,FALSE,FALSE,FALSE,1,1,"singleton",0,0,0,0,0,0,0,0,0,0,0,3,"Reference range"
"00684",55.33,3,2024-01-06,"FR7045049997",48.4,"G40038","167285","61371",6899,"2024",1,"Winter",2019-06-06,2021-12-02,25.1290322580645,FALSE,"2019",6,"Summer","G-coded","male","3",55.33,"43-60",FALSE,FALSE,FALSE,FALSE,FALSE,FALSE,FALSE,FALSE,FALSE,FALSE,1,1,"singleton",0,0,0,0,0,0,0,0,0,0,0,1,"Reference range"
"60791",95.63,6,2024-01-13,"FR7045049997",50.1,"G40075",NA,NA,6839,"2024",1,"Winter",2016-01-13,2018-07-02,66.3548387096774,FALSE,"2016",1,"Winter","G-coded","male","6",95.63,">60",FALSE,FALSE,FALSE,FALSE,FALSE,FALSE,FALSE,FALSE,FALSE,FALSE,1,1,"singleton",0,0,0,0,0,0,0,0,0,0,0,1,"Reference range"
"202468",38.72,2,2024-02-02,"FR7045049997",42.6,"G40169","163940","800915",6656,"2024",2,"Winter",2020-11-02,2023-04-02,10,TRUE,"2020",11,"Autumn","G-coded","male","2",38.72,"31-42",FALSE,FALSE,FALSE,FALSE,FALSE,FALSE,FALSE,FALSE,FALSE,FALSE,1,1,"singleton",0,0,0,0,0,0,0,0,0,0,0,2,"Reference range"
"H213234",28.67,1,2024-01-06,"865530狼血",51.3,"G40042","603268","60718",6906,"2024",1,"Winter",2021-08-06,2024-02-02,-0.870967741935484,TRUE,"2021",8,"Summer","G-coded","male","1",28.67,"<=30",FALSE,FALSE,FALSE,FALSE,FALSE,FALSE,FALSE,FALSE,FALSE,FALSE,1,1,"singleton",0,0,0,0,0,0,0,0,0,0,0,1,"Reference range"
"800868",80.11,4,2025-07-14,"863302",41.4,"G52928","171350","1591",2533,"2025",7,"Summer",2018-11-14,2019-11-02,68.3870967741936,FALSE,"2018",11,"Autumn","G-coded","male","4",80.11,">60",FALSE,FALSE,FALSE,FALSE,FALSE,FALSE,FALSE,FALSE,FALSE,FALSE,1,1,"singleton",0,0,0,0,0,0,0,0,0,0,0,7,"Reference range"
"213402",27.45,1,2023-12-31,"865530狼血",48.4,"G40013",NA,NA,6954,"2023",12,"Winter",2021-09-30,2024-04-02,-3.06451612903226,TRUE,"2021",9,"Autumn","G-coded","male","1",27.45,"<=30",FALSE,FALSE,FALSE,FALSE,FALSE,FALSE,FALSE,FALSE,FALSE,FALSE,1,1,"singleton",0,0,0,0,0,0,0,0,0,0,0,12,"Reference range"
"225269",44.31,2,2026-06-21,"21219011",37.4,"G62607","西西弗斯180561","800730",9,"2026",6,"Summer",2022-10-21,2022-11-02,43.6333333333333,FALSE,"2022",10,"Autumn","G-coded","male","2",44.31,"43-60",FALSE,FALSE,FALSE,FALSE,FALSE,FALSE,FALSE,FALSE,FALSE,FALSE,1,1,"singleton",1,0,0,0,1,0,0,0,0,0,0,6,"Lower tail"
"234775",36.92,2,2026-06-20,"21219011",24.6,"261615","7402563907","800557",11,"2026",6,"Summer",2023-05-20,2023-06-02,36.6,FALSE,"2023",5,"Spring","non-G-coded","female","2",36.92,"31-42",TRUE,FALSE,FALSE,FALSE,FALSE,FALSE,FALSE,FALSE,FALSE,FALSE,1,1,"singleton",1,0,1,0,1,0,1,0,1,0,0,6,"Lower tail"
"240394",27.81,1,2026-06-20,"41122272",34.4,"261618","FR7045049997","00633",12,"2026",6,"Summer",2024-02-20,2024-03-02,27.6,FALSE,"2024",2,"Winter","non-G-coded","female","1",27.81,"<=30",FALSE,FALSE,FALSE,FALSE,FALSE,FALSE,FALSE,FALSE,FALSE,FALSE,1,1,"singleton",1,0,0,0,1,0,1,0,0,0,0,6,"Lower tail"
"234650",37.87,2,2026-06-20,"41120238",34.4,"G62605","7029225762","61941",15,"2026",6,"Summer",2023-04-20,2023-05-02,37.6,FALSE,"2023",4,"Spring","G-coded","male","2",37.87,"31-42",FALSE,FALSE,FALSE,FALSE,FALSE,FALSE,FALSE,FALSE,FALSE,FALSE,1,1,"singleton",1,0,1,0,1,0,1,0,0,0,0,6,"Lower tail"
"235299",33.73,1,2026-06-20,"41122272",33.2,"261619","865530狼血","00751",17,"2026",6,"Summer",2023-08-20,2023-09-02,33.6,FALSE,"2023",8,"Summer","non-G-coded","female","1",33.73,"31-42",FALSE,FALSE,FALSE,FALSE,FALSE,FALSE,FALSE,FALSE,FALSE,FALSE,1,1,"singleton",1,0,0,0,1,0,1,0,0,0,0,6,"Lower tail"
"234908",36.19,2,2026-06-19,"21219011",34.4,"261611","7402563907","30712",18,"2026",6,"Summer",2023-06-19,2023-07-02,35.5666666666667,FALSE,"2023",6,"Summer","non-G-coded","female","2",36.19,"31-42",FALSE,FALSE,FALSE,FALSE,FALSE,FALSE,FALSE,FALSE,FALSE,FALSE,1,1,"singleton",1,0,0,0,1,0,1,0,0,0,0,6,"Lower tail"
"240867",23.93,1,2026-06-17,"41221179",33.4,"261601","171206","212139",30,"2026",6,"Summer",2024-06-17,2024-07-02,23.5,FALSE,"2024",6,"Summer","non-G-coded","female","1",23.93,"<=30",FALSE,FALSE,FALSE,FALSE,FALSE,FALSE,FALSE,FALSE,FALSE,FALSE,1,1,"singleton",1,0,0,0,1,0,1,0,0,0,0,6,"Lower tail"
"240375L",27.78,1,2026-06-17,"41221179",21.2,"261604",NA,NA,31,"2026",6,"Summer",2024-02-17,2024-03-02,27.5,FALSE,"2024",2,"Winter","non-G-coded","female","1",27.78,"<=30",TRUE,FALSE,FALSE,FALSE,FALSE,FALSE,FALSE,FALSE,FALSE,FALSE,1,1,"singleton",1,0,1,0,1,0,1,0,1,0,0,6,"Lower tail"
"235869",30.14,1,2026-06-17,"21219011",28.4,"G62600","865530狼血","213417",32,"2026",6,"Summer",2023-12-17,2024-01-02,29.5,FALSE,"2023",12,"Winter","G-coded","male","1",30.14,"31-42",FALSE,FALSE,FALSE,FALSE,FALSE,FALSE,FALSE,FALSE,FALSE,FALSE,1,1,"singleton",1,0,1,0,1,0,1,0,1,0,0,6,"Lower tail"
"800685",92.67,6,2026-06-17,"21219011",32.2,"261602","171350","L40574",33,"2026",6,"Summer",2018-09-17,2018-10-02,92.5,FALSE,"2018",9,"Autumn","non-G-coded","female","6",92.67,">60",FALSE,FALSE,FALSE,FALSE,FALSE,FALSE,FALSE,FALSE,FALSE,FALSE,1,1,"singleton",1,0,1,0,1,0,1,0,0,0,0,6,"Lower tail"
"800906",90.86,6,2026-06-17,"21219011",26.4,"261605","171350","60664",35,"2026",6,"Summer",2018-11-17,2018-12-02,90.5,FALSE,"2018",11,"Autumn","non-G-coded","female","6",90.86,">60",FALSE,FALSE,FALSE,FALSE,FALSE,FALSE,FALSE,FALSE,FALSE,FALSE,1,1,"singleton",1,0,1,0,1,0,1,0,1,0,0,6,"Lower tail"
"234963",35.57,2,2026-06-15,"41121286",34.6,"261597","854773威吉吉","00826",43,"2026",6,"Summer",2023-06-15,2023-07-02,35.4333333333333,FALSE,"2023",6,"Summer","non-G-coded","female","2",35.57,"31-42",FALSE,FALSE,FALSE,FALSE,FALSE,FALSE,FALSE,FALSE,FALSE,FALSE,1,1,"singleton",1,0,0,0,1,0,1,0,0,0,0,6,"Lower tail"
"241433",30.64,1,2026-06-14,"41121286",34.4,"261592","854400西部公园","65058",46,"2026",6,"Summer",2023-11-14,2023-12-02,30.4,FALSE,"2023",11,"Autumn","non-G-coded","female","1",30.64,"31-42",FALSE,FALSE,FALSE,FALSE,FALSE,FALSE,FALSE,FALSE,FALSE,FALSE,1,1,"singleton",1,0,0,0,1,0,1,0,0,0,0,6,"Lower tail"
"202043",69.53,4,2026-06-14,"41120238",34.6,"261593","606244","60803",47,"2026",6,"Summer",2020-08-14,2020-09-02,69.4,FALSE,"2020",8,"Summer","non-G-coded","female","4",69.53,">60",FALSE,FALSE,FALSE,FALSE,FALSE,FALSE,FALSE,FALSE,FALSE,FALSE,1,1,"singleton",1,0,0,0,1,0,1,0,0,0,0,6,"Lower tail"
"62193",123.6,8,2026-06-13,"65123650",32.4,"261588",NA,NA,50,"2026",6,"Summer",2016-02-13,2016-03-02,123.366666666667,FALSE,"2016",2,"Winter","non-G-coded","female",">=7",123.6,">60",FALSE,FALSE,FALSE,FALSE,FALSE,FALSE,FALSE,FALSE,FALSE,FALSE,1,1,"singleton",1,0,0,0,1,0,1,0,0,0,0,6,"Lower tail"
"224072",53.19,3,2026-06-13,"21219011",26.8,"261589",NA,NA,53,"2026",6,"Summer",2022-01-13,2022-02-02,52.3666666666667,FALSE,"2022",1,"Winter","non-G-coded","female","3",53.19,"43-60",FALSE,FALSE,FALSE,FALSE,FALSE,FALSE,FALSE,FALSE,FALSE,FALSE,1,1,"singleton",1,0,1,0,1,0,1,0,1,0,0,6,"Lower tail"
"240459",27.22,1,2026-06-13,"41419139",34.4,"261590","862025瓦特罗","201628",54,"2026",6,"Summer",2024-03-13,2024-04-02,26.3666666666667,FALSE,"2024",3,"Spring","non-G-coded","female","1",27.22,"<=30",FALSE,FALSE,FALSE,FALSE,FALSE,FALSE,FALSE,FALSE,FALSE,FALSE,1,1,"singleton",1,0,0,0,1,0,1,0,0,0,0,6,"Lower tail"
"00138",88.23,6,2026-06-12,"41120238",33.8,"G62592","171790","62034",57,"2026",6,"Summer",2019-02-12,2019-03-02,87.3333333333333,FALSE,"2019",2,"Winter","G-coded","male","6",88.23,">60",FALSE,FALSE,FALSE,FALSE,FALSE,FALSE,FALSE,FALSE,FALSE,FALSE,1,1,"singleton",1,0,1,0,1,0,1,0,0,0,0,6,"Lower tail"
"60746",125.02,7,2026-06-10,"65123933",35.6,"G62587",NA,NA,67,"2026",6,"Summer",2016-01-10,2016-02-02,124.266666666667,FALSE,"2016",1,"Winter","G-coded","male",">=7",125.02,">60",FALSE,FALSE,FALSE,FALSE,FALSE,FALSE,FALSE,FALSE,FALSE,FALSE,1,1,"singleton",1,0,0,0,1,0,1,0,0,0,0,6,"Lower tail"
"235145",34.35,2,2026-06-10,"21219011",31.4,"261582","854773威吉吉","00947L",69,"2026",6,"Summer",2023-08-10,2023-09-02,33.2666666666667,FALSE,"2023",8,"Summer","non-G-coded","female","2",34.35,"31-42",FALSE,FALSE,FALSE,FALSE,FALSE,FALSE,FALSE,FALSE,FALSE,FALSE,1,1,"singleton",1,0,1,0,1,0,1,0,0,0,0,6,"Lower tail"
"235021",35.04,1,2026-06-09,"41221179",22.4,"G62583",NA,"212479",74,"2026",6,"Summer",2023-07-09,2023-08-02,34.2333333333333,FALSE,"2023",7,"Summer","G-coded","male","1",35.04,"31-42",TRUE,FALSE,FALSE,FALSE,FALSE,FALSE,FALSE,FALSE,FALSE,FALSE,1,1,"singleton",1,0,1,0,1,0,1,0,1,0,0,6,"Lower tail"
"62643",123.7,8,2026-06-07,"21219011",33.8,"261570",NA,NA,82,"2026",6,"Summer",2016-02-07,2016-03-02,123.166666666667,FALSE,"2016",2,"Winter","non-G-coded","female",">=7",123.7,">60",FALSE,FALSE,FALSE,FALSE,FALSE,FALSE,FALSE,FALSE,FALSE,FALSE,1,1,"singleton",1,0,0,0,1,0,1,0,0,0,0,6,"Lower tail"
"234551",38.13,2,2026-06-07,"21219011",30.4,"261569","7029225762","201219",87,"2026",6,"Summer",2023-04-07,2023-05-02,37.1666666666667,FALSE,"2023",4,"Spring","non-G-coded","female","2",38.13,"31-42",FALSE,FALSE,FALSE,FALSE,FALSE,FALSE,FALSE,FALSE,FALSE,FALSE,1,1,"singleton",1,0,1,0,1,0,1,0,0,0,0,6,"Lower tail"
"234569",37.97,2,2026-06-06,"41120238",36.6,"G62579","871041文尼哥","201662",88,"2026",6,"Summer",2023-04-06,2023-05-02,37.1333333333333,FALSE,"2023",4,"Spring","G-coded","male","2",37.97,"31-42",FALSE,FALSE,FALSE,FALSE,FALSE,FALSE,FALSE,FALSE,FALSE,FALSE,1,1,"singleton",1,0,0,0,1,0,0,0,0,0,0,6,"Lower tail"
"60150",122.45,8,2026-06-06,"65123650",36.6,"G62578",NA,NA,91,"2026",6,"Summer",2016-04-06,2016-05-02,121.133333333333,FALSE,"2016",4,"Spring","G-coded","male",">=7",122.45,">60",FALSE,FALSE,FALSE,FALSE,FALSE,FALSE,FALSE,FALSE,FALSE,FALSE,1,1,"singleton",1,0,0,0,1,0,0,0,0,0,0,6,"Lower tail"
"60532",115.09,3,2026-06-05,"65123650",34.4,"261561",NA,NA,99,"2026",6,"Summer",2016-11-05,2016-12-02,114.1,FALSE,"2016",11,"Autumn","non-G-coded","female","3",115.09,">60",FALSE,FALSE,FALSE,FALSE,FALSE,FALSE,FALSE,FALSE,FALSE,FALSE,1,1,"singleton",1,0,0,0,1,0,1,0,0,0,0,6,"Lower tail"
"60465",116.6,8,2026-06-04,"65123650",29,"261556","179398","13010",104,"2026",6,"Summer",2016-09-04,2016-10-02,116.066666666667,FALSE,"2016",9,"Autumn","non-G-coded","female",">=7",116.6,">60",FALSE,FALSE,FALSE,FALSE,FALSE,FALSE,FALSE,FALSE,FALSE,FALSE,1,1,"singleton",1,0,1,0,1,0,1,0,1,0,0,6,"Lower tail"
"235543",31.46,1,2026-06-03,"41221179",22.8,"G62571","854282维利纳诺","201023",109,"2026",6,"Summer",2023-11-03,2023-12-02,30.0333333333333,FALSE,"2023",11,"Autumn","G-coded","male","1",31.46,"31-42",TRUE,FALSE,FALSE,FALSE,FALSE,FALSE,FALSE,FALSE,FALSE,FALSE,1,1,"singleton",1,0,1,0,1,0,1,0,1,0,0,6,"Lower tail"
"240547",26.3,1,2026-06-02,"41221179",30.4,"261549","862025瓦特罗","62427",118,"2026",6,"Summer",2024-04-02,2024-05-02,25,FALSE,"2024",4,"Spring","non-G-coded","female","1",26.3,"<=30",FALSE,FALSE,FALSE,FALSE,FALSE,FALSE,FALSE,FALSE,FALSE,FALSE,1,1,"singleton",1,0,1,0,1,0,1,0,0,0,0,6,"Lower tail"
"234757",36.55,1,2026-06-01,"41120238",33.6,"261548","7402563907","62430",120,"2026",6,"Summer",2023-05-01,2023-06-02,35.9677419354839,FALSE,"2023",5,"Spring","non-G-coded","female","1",36.55,"31-42",FALSE,FALSE,FALSE,FALSE,FALSE,FALSE,FALSE,FALSE,FALSE,FALSE,1,1,"singleton",1,0,0,0,1,0,1,0,0,0,0,6,"Lower tail"
"213476",56.08,3,2026-06-01,"41120238",29.2,"261547","180781","800211",122,"2026",6,"Summer",2021-10-01,2021-11-02,54.9677419354839,FALSE,"2021",10,"Autumn","non-G-coded","female","3",56.08,"43-60",FALSE,FALSE,FALSE,FALSE,FALSE,FALSE,FALSE,FALSE,FALSE,FALSE,1,1,"singleton",1,0,1,0,1,0,1,0,1,0,0,6,"Lower tail"
"213111",58.71,2,2026-05-31,"21219011",20.2,"261544","180781","5049",127,"2026",5,"Spring",2021-06-30,2021-08-02,57.9354838709677,FALSE,"2021",6,"Summer","non-G-coded","female","2",58.71,"43-60",TRUE,FALSE,FALSE,FALSE,FALSE,FALSE,FALSE,FALSE,FALSE,FALSE,1,1,"singleton",1,0,1,0,1,0,1,0,1,0,0,5,"Lower tail"
"234530",37.94,2,2026-05-30,"41120238",28.2,"G62556","871041文尼哥","00417",135,"2026",5,"Spring",2023-03-30,2023-05-02,36.9032258064516,FALSE,"2023",3,"Spring","G-coded","male","2",37.94,"31-42",FALSE,FALSE,FALSE,FALSE,FALSE,FALSE,FALSE,FALSE,FALSE,FALSE,1,1,"singleton",1,0,1,0,1,0,1,0,1,0,0,5,"Lower tail"
"240199",27.84,1,2026-05-29,"41221179",25.3,"261538","862025瓦特罗","224176",143,"2026",5,"Spring",2024-01-29,2024-03-02,26.8709677419355,FALSE,"2024",1,"Winter","non-G-coded","female","1",27.84,"<=30",FALSE,FALSE,FALSE,FALSE,FALSE,FALSE,FALSE,FALSE,FALSE,FALSE,1,1,"singleton",1,0,1,0,1,0,1,0,1,0,0,5,"Lower tail"
"240158",28.04,1,2026-05-28,"41221179",35.2,"G62550","865530狼血","62152",147,"2026",5,"Spring",2024-01-28,2024-03-02,26.8387096774194,FALSE,"2024",1,"Winter","G-coded","male","1",28.04,"<=30",FALSE,FALSE,FALSE,FALSE,FALSE,FALSE,FALSE,FALSE,FALSE,FALSE,1,1,"singleton",1,0,0,0,1,0,1,0,0,0,0,5,"Lower tail"
"234969",34.94,2,2026-05-28,"41120238",28.8,"G62552","854773威吉吉","61465",150,"2026",5,"Spring",2023-06-28,2023-08-02,33.8387096774194,FALSE,"2023",6,"Summer","G-coded","male","2",34.94,"31-42",FALSE,FALSE,FALSE,FALSE,FALSE,FALSE,FALSE,FALSE,FALSE,FALSE,1,1,"singleton",1,0,1,0,1,0,1,0,1,0,0,5,"Lower tail"
"240802",23.9,1,2026-05-28,"41121286",27.4,"261533","22220785","50484",152,"2026",5,"Spring",2024-05-28,2024-07-02,22.8387096774194,FALSE,"2024",5,"Spring","non-G-coded","female","1",23.9,"<=30",FALSE,FALSE,FALSE,FALSE,FALSE,FALSE,FALSE,FALSE,FALSE,FALSE,1,1,"singleton",1,0,1,0,1,0,1,0,1,0,0,5,"Lower tail"
"240156",28.07,1,2026-05-28,"41221179",24.4,"261536","865530狼血","202454",153,"2026",5,"Spring",2024-01-28,2024-03-02,26.8387096774194,FALSE,"2024",1,"Winter","non-G-coded","female","1",28.07,"<=30",TRUE,FALSE,FALSE,FALSE,FALSE,FALSE,FALSE,FALSE,FALSE,FALSE,1,1,"singleton",1,0,1,0,1,0,1,0,1,0,0,5,"Lower tail"
"240058",28.7,1,2026-05-28,"41221179",33.4,"261535",NA,NA,154,"2026",5,"Spring",2023-12-28,2024-02-02,27.8387096774194,FALSE,"2023",12,"Winter","non-G-coded","female","1",28.7,"<=30",FALSE,FALSE,FALSE,FALSE,FALSE,FALSE,FALSE,FALSE,FALSE,FALSE,1,1,"singleton",1,0,0,0,1,0,1,0,0,0,0,5,"Lower tail"
"224492",50.1,3,2026-05-27,"41120238",37.5,"G62547","2545109367","63039",161,"2026",5,"Spring",2022-03-27,2022-05-02,48.8064516129032,FALSE,"2022",3,"Spring","G-coded","male","3",50.1,"43-60",FALSE,FALSE,FALSE,FALSE,FALSE,FALSE,FALSE,FALSE,FALSE,FALSE,1,1,"singleton",1,0,0,0,1,0,0,0,0,0,0,5,"Lower tail"
"235645",30.67,1,2026-05-27,"41221179",28.2,"G62544","854773威吉吉","201571",162,"2026",5,"Spring",2023-10-27,2023-12-02,29.8064516129032,FALSE,"2023",10,"Autumn","G-coded","male","1",30.67,"31-42",FALSE,FALSE,FALSE,FALSE,FALSE,FALSE,FALSE,FALSE,FALSE,FALSE,1,1,"singleton",1,0,1,0,1,0,1,0,1,0,0,5,"Lower tail"
"235328",32.77,1,2026-05-26,"603335",36.6,"G62537",NA,"L213042",165,"2026",5,"Spring",2023-08-26,2023-10-02,31.7741935483871,FALSE,"2023",8,"Summer","G-coded","male","1",32.77,"31-42",FALSE,FALSE,FALSE,FALSE,FALSE,FALSE,FALSE,FALSE,FALSE,FALSE,1,1,"singleton",1,0,0,0,1,0,0,0,0,0,0,5,"Lower tail"
"240110",28.27,1,2026-05-26,"41120238",25.2,"G62539",NA,NA,169,"2026",5,"Spring",2024-01-26,2024-03-02,26.7741935483871,FALSE,"2024",1,"Winter","G-coded","male","1",28.27,"<=30",FALSE,FALSE,FALSE,FALSE,FALSE,FALSE,FALSE,FALSE,FALSE,FALSE,1,1,"singleton",1,0,1,0,1,0,1,0,1,0,0,5,"Lower tail"
"234722",36.55,2,2026-05-25,"41120238",34.2,"261523","871041文尼哥","61117",179,"2026",5,"Spring",2023-04-25,2023-06-02,35.741935483871,FALSE,"2023",4,"Spring","non-G-coded","female","2",36.55,"31-42",FALSE,FALSE,FALSE,FALSE,FALSE,FALSE,FALSE,FALSE,FALSE,FALSE,1,1,"singleton",1,0,0,0,1,0,1,0,0,0,0,5,"Lower tail"
"240269",27.42,1,2026-05-24,"41422157",33.6,"261519","862025瓦特罗","01399",181,"2026",5,"Spring",2024-02-24,2024-04-02,25.7096774193548,FALSE,"2024",2,"Winter","non-G-coded","female","1",27.42,"<=30",FALSE,FALSE,FALSE,FALSE,FALSE,FALSE,FALSE,FALSE,FALSE,FALSE,1,1,"singleton",1,0,0,0,1,0,1,0,0,0,0,5,"Lower tail"
"235639",30.57,1,2026-05-23,"41422157",37.2,"G62527","854282维利纳诺","01326",194,"2026",5,"Spring",2023-10-23,2023-12-02,29.6774193548387,FALSE,"2023",10,"Autumn","G-coded","male","1",30.57,"31-42",FALSE,FALSE,FALSE,FALSE,FALSE,FALSE,FALSE,FALSE,FALSE,FALSE,1,1,"singleton",1,0,0,0,1,0,0,0,0,0,0,5,"Lower tail"
"240982",25.9,1,2026-05-22,"41422157",33.2,"261510",NA,NA,201,"2026",5,"Spring",2024-03-22,2024-05-02,24.6451612903226,FALSE,"2024",3,"Spring","non-G-coded","female","1",25.9,"<=30",FALSE,FALSE,FALSE,FALSE,FALSE,FALSE,FALSE,FALSE,FALSE,FALSE,1,1,"singleton",1,0,0,0,1,0,1,0,0,0,0,5,"Lower tail"
"235751",29.85,1,2026-05-22,"41422157",29.7,"G62523",NA,NA,202,"2026",5,"Spring",2023-11-22,2024-01-02,28.6451612903226,FALSE,"2023",11,"Autumn","G-coded","male","1",29.85,"<=30",FALSE,FALSE,FALSE,FALSE,FALSE,FALSE,FALSE,FALSE,FALSE,FALSE,1,1,"singleton",1,0,1,0,1,0,1,0,1,0,0,5,"Lower tail"
"235906",29.65,1,2026-05-22,"41422157",30.4,"261508",NA,NA,205,"2026",5,"Spring",2023-11-22,2024-01-02,28.6451612903226,FALSE,"2023",11,"Autumn","non-G-coded","female","1",29.65,"<=30",FALSE,FALSE,FALSE,FALSE,FALSE,FALSE,FALSE,FALSE,FALSE,FALSE,1,1,"singleton",1,0,1,0,1,0,1,0,0,0,0,5,"Lower tail"
"240621",25.35,1,2026-05-21,"41120238",34.7,"261506","FR3917468802","01227",211,"2026",5,"Spring",2024-04-21,2024-06-02,23.6129032258065,FALSE,"2024",4,"Spring","non-G-coded","female","1",25.35,"<=30",FALSE,FALSE,FALSE,FALSE,FALSE,FALSE,FALSE,FALSE,FALSE,FALSE,1,1,"singleton",1,0,0,0,1,0,1,0,0,0,0,5,"Lower tail"
"201005",76.63,4,2026-05-21,"21219011",37.4,"G62517","41115278","61048",212,"2026",5,"Spring",2019-12-21,2020-02-02,75.6129032258064,FALSE,"2019",12,"Winter","G-coded","male","4",76.63,">60",FALSE,FALSE,FALSE,FALSE,FALSE,FALSE,FALSE,FALSE,FALSE,FALSE,1,1,"singleton",1,0,0,0,1,0,0,0,0,0,0,5,"Lower tail"
"235825",29.59,1,2026-05-21,"41120238",35.6,"G62515","865530狼血","800914",215,"2026",5,"Spring",2023-11-21,2024-01-02,28.6129032258065,FALSE,"2023",11,"Autumn","G-coded","male","1",29.59,"<=30",FALSE,FALSE,FALSE,FALSE,FALSE,FALSE,FALSE,FALSE,FALSE,FALSE,1,1,"singleton",1,0,0,0,1,0,1,0,0,0,0,5,"Lower tail"
"240512",26.13,1,2026-05-20,"41421125",35.4,"G62513",NA,NA,222,"2026",5,"Spring",2024-03-20,2024-05-02,24.5806451612903,FALSE,"2024",3,"Spring","G-coded","male","1",26.13,"<=30",FALSE,FALSE,FALSE,FALSE,FALSE,FALSE,FALSE,FALSE,FALSE,FALSE,1,1,"singleton",1,0,0,0,1,0,1,0,0,0,0,5,"Lower tail"
"60956",123.73,6,2026-05-19,"65123933",30.7,"261497",NA,NA,223,"2026",5,"Spring",2016-01-19,2016-03-02,122.548387096774,FALSE,"2016",1,"Winter","non-G-coded","female","6",123.73,">60",FALSE,FALSE,FALSE,FALSE,FALSE,FALSE,FALSE,FALSE,FALSE,FALSE,1,1,"singleton",1,0,1,0,1,0,1,0,0,0,0,5,"Lower tail"
"240153",27.78,1,2026-05-19,"21219011",36.2,"G62508",NA,NA,229,"2026",5,"Spring",2024-01-19,2024-03-02,26.5483870967742,FALSE,"2024",1,"Winter","G-coded","male","1",27.78,"<=30",FALSE,FALSE,FALSE,FALSE,FALSE,FALSE,FALSE,FALSE,FALSE,FALSE,1,1,"singleton",1,0,0,0,1,0,0,0,0,0,0,5,"Lower tail"
"60600",112.98,7,2026-05-19,"65123933",34.7,"261499",NA,NA,231,"2026",5,"Spring",2016-12-19,2017-02-02,111.548387096774,FALSE,"2016",12,"Winter","non-G-coded","female",">=7",112.98,">60",FALSE,FALSE,FALSE,FALSE,FALSE,FALSE,FALSE,FALSE,FALSE,FALSE,1,1,"singleton",1,0,0,0,1,0,1,0,0,0,0,5,"Lower tail"
"60096",122.91,9,2026-05-19,"65123650",29.3,"261500",NA,NA,233,"2026",5,"Spring",2016-02-19,2016-04-02,121.548387096774,FALSE,"2016",2,"Winter","non-G-coded","female",">=7",122.91,">60",FALSE,FALSE,FALSE,FALSE,FALSE,FALSE,FALSE,FALSE,FALSE,FALSE,1,1,"singleton",1,0,1,0,1,0,1,0,1,0,0,5,"Lower tail"
"240667",24.88,1,2026-05-18,"21219011",30.1,"G62505","22220785","60411",234,"2026",5,"Spring",2024-04-18,2024-06-02,23.5161290322581,FALSE,"2024",4,"Spring","G-coded","male","1",24.88,"<=30",FALSE,FALSE,FALSE,FALSE,FALSE,FALSE,FALSE,FALSE,FALSE,FALSE,1,1,"singleton",1,0,1,0,1,0,1,0,0,0,0,5,"Lower tail"
"234647",36.79,1,2026-05-17,"21219011",24.3,"261491","871041文尼哥","00131",239,"2026",5,"Spring",2023-04-17,2023-06-02,35.4838709677419,FALSE,"2023",4,"Spring","non-G-coded","female","1",36.79,"31-42",TRUE,FALSE,FALSE,FALSE,FALSE,FALSE,FALSE,FALSE,FALSE,FALSE,1,1,"singleton",1,0,1,0,1,0,1,0,1,0,0,5,"Lower tail"
"240695",24.52,1,2026-05-16,"41120238",34.7,"G62501","22220785","70220",245,"2026",5,"Spring",2024-04-16,2024-06-02,23.4516129032258,FALSE,"2024",4,"Spring","G-coded","male","1",24.52,"<=30",FALSE,FALSE,FALSE,FALSE,FALSE,FALSE,FALSE,FALSE,FALSE,FALSE,1,1,"singleton",1,0,0,0,1,0,1,0,0,0,0,5,"Lower tail"
"212707",60.75,3,2026-05-15,"21219011",37.3,"G62500","606318","00181",248,"2026",5,"Spring",2021-04-15,2021-06-02,59.4193548387097,FALSE,"2021",4,"Spring","G-coded","male","3",60.75,">60",FALSE,FALSE,FALSE,FALSE,FALSE,FALSE,FALSE,FALSE,FALSE,FALSE,1,1,"singleton",1,0,0,0,1,0,0,0,0,0,0,5,"Lower tail"
"235839",29.22,1,2026-05-14,"41221179",34.8,"G62497","865530狼血","70303",249,"2026",5,"Spring",2023-12-14,2024-02-02,27.3870967741935,FALSE,"2023",12,"Winter","G-coded","male","1",29.22,"<=30",FALSE,FALSE,FALSE,FALSE,FALSE,FALSE,FALSE,FALSE,FALSE,FALSE,1,1,"singleton",1,0,0,0,1,0,1,0,0,0,0,5,"Lower tail"
"240530",25.77,1,2026-05-14,"41120238",33.4,"G62493","15620251","213758",250,"2026",5,"Spring",2024-03-14,2024-05-02,24.3870967741935,FALSE,"2024",3,"Spring","G-coded","male","1",25.77,"<=30",FALSE,FALSE,FALSE,FALSE,FALSE,FALSE,FALSE,FALSE,FALSE,FALSE,1,1,"singleton",1,0,1,0,1,0,1,0,0,0,0,5,"Lower tail"
"241350",29.82,1,2026-05-14,"41120238",27.8,"G62496","FR2545422137","01530",252,"2026",5,"Spring",2023-11-14,2024-01-02,28.3870967741935,FALSE,"2023",11,"Autumn","G-coded","male","1",29.82,"<=30",FALSE,FALSE,FALSE,FALSE,FALSE,FALSE,FALSE,FALSE,FALSE,FALSE,1,1,"singleton",1,0,1,0,1,0,1,0,1,0,0,5,"Lower tail"
"240356",26.73,1,2026-05-14,"41120238",33.4,"261489","FR7045049997","70201",253,"2026",5,"Spring",2024-02-14,2024-04-02,25.3870967741935,FALSE,"2024",2,"Winter","non-G-coded","female","1",26.73,"<=30",FALSE,FALSE,FALSE,FALSE,FALSE,FALSE,FALSE,FALSE,FALSE,FALSE,1,1,"singleton",1,0,0,0,1,0,1,0,0,0,0,5,"Lower tail"
"225588",40.89,2,2026-05-13,"41120238",27.3,"G62492","606045","60797",255,"2026",5,"Spring",2022-12-13,2023-02-02,39.3548387096774,FALSE,"2022",12,"Winter","G-coded","male","2",40.89,"31-42",FALSE,FALSE,FALSE,FALSE,FALSE,FALSE,FALSE,FALSE,FALSE,FALSE,1,1,"singleton",1,0,1,0,1,0,1,0,1,0,0,5,"Lower tail"
"60860",124.36,6,2026-05-13,"41421125",30.2,"G62491",NA,NA,256,"2026",5,"Spring",2016-01-13,2016-03-02,122.354838709677,FALSE,"2016",1,"Winter","G-coded","male","6",124.36,">60",FALSE,FALSE,FALSE,FALSE,FALSE,FALSE,FALSE,FALSE,FALSE,FALSE,1,1,"singleton",1,0,1,0,1,0,1,0,0,0,0,5,"Lower tail"
"234237",38.86,2,2026-05-13,"41120238",30.2,"261487","871041文尼哥","62712",257,"2026",5,"Spring",2023-02-13,2023-04-02,37.3548387096774,FALSE,"2023",2,"Winter","non-G-coded","female","2",38.86,"31-42",FALSE,FALSE,FALSE,FALSE,FALSE,FALSE,FALSE,FALSE,FALSE,FALSE,1,1,"singleton",1,0,1,0,1,0,1,0,0,0,0,5,"Lower tail"
"240689",24.52,1,2026-05-13,"41120238",26.7,"261488","854062赫尔曼斯","212643",258,"2026",5,"Spring",2024-04-13,2024-06-02,23.3548387096774,FALSE,"2024",4,"Spring","non-G-coded","female","1",24.52,"<=30",FALSE,FALSE,FALSE,FALSE,FALSE,FALSE,FALSE,FALSE,FALSE,FALSE,1,1,"singleton",1,0,1,0,1,0,1,0,1,0,0,5,"Lower tail"
"235919",28.76,1,2026-05-12,"21219011",34.8,"G62489","FR7045049997","202255",260,"2026",5,"Spring",2023-12-12,2024-02-02,27.3225806451613,FALSE,"2023",12,"Winter","G-coded","male","1",28.76,"<=30",FALSE,FALSE,FALSE,FALSE,FALSE,FALSE,FALSE,FALSE,FALSE,FALSE,1,1,"singleton",1,0,0,0,1,0,1,0,0,0,0,5,"Lower tail"
"800699",91.39,6,2026-05-12,"21219011",30.2,"G62488","171350","60634",263,"2026",5,"Spring",2018-10-12,2018-12-02,89.3225806451613,FALSE,"2018",10,"Autumn","G-coded","male","6",91.39,">60",FALSE,FALSE,FALSE,FALSE,FALSE,FALSE,FALSE,FALSE,FALSE,FALSE,1,1,"singleton",1,0,1,0,1,0,1,0,0,0,0,5,"Lower tail"
"00379",85.21,5,2026-05-11,"41120238",37.4,"G62486","171790","60051",266,"2026",5,"Spring",2019-04-11,2019-06-02,83.2903225806452,FALSE,"2019",4,"Spring","G-coded","male","5",85.21,">60",FALSE,FALSE,FALSE,FALSE,FALSE,FALSE,FALSE,FALSE,FALSE,FALSE,1,1,"singleton",1,0,0,0,1,0,0,0,0,0,0,5,"Lower tail"
"234175",39.09,2,2026-05-10,"41120238",35.2,"G62485","871041文尼哥","800853",270,"2026",5,"Spring",2023-02-10,2023-04-02,37.258064516129,FALSE,"2023",2,"Winter","G-coded","male","2",39.09,"31-42",FALSE,FALSE,FALSE,FALSE,FALSE,FALSE,FALSE,FALSE,FALSE,FALSE,1,1,"singleton",1,0,0,0,1,0,1,0,0,0,0,5,"Lower tail"
"234543",37.18,2,2026-05-08,"21219011",30.8,"261178","7402563907","201629",279,"2026",5,"Spring",2023-04-08,2023-06-02,35.1935483870968,FALSE,"2023",4,"Spring","non-G-coded","female","2",37.18,"31-42",FALSE,FALSE,FALSE,FALSE,FALSE,FALSE,FALSE,FALSE,FALSE,FALSE,1,1,"singleton",1,0,1,0,1,0,1,0,0,0,0,5,"Lower tail"
"01219",78.34,5,2026-05-07,"21219011",31.1,"261474","186756","91108",286,"2026",5,"Spring",2019-11-07,2020-01-02,76.1612903225806,FALSE,"2019",11,"Autumn","non-G-coded","female","5",78.34,">60",FALSE,FALSE,FALSE,FALSE,FALSE,FALSE,FALSE,FALSE,FALSE,FALSE,1,1,"singleton",1,0,1,0,1,0,1,0,0,0,0,5,"Lower tail"
"240074",27.88,1,2026-05-06,"41419139",28.7,"G62476",NA,NA,288,"2026",5,"Spring",2024-01-06,2024-03-02,26.1290322580645,FALSE,"2024",1,"Winter","G-coded","male","1",27.88,"<=30",FALSE,FALSE,FALSE,FALSE,FALSE,FALSE,FALSE,FALSE,FALSE,FALSE,1,1,"singleton",1,0,1,0,1,0,1,0,1,0,0,5,"Lower tail"
"235851",28.86,1,2026-05-06,"41120238",30.3,"G62475","865530狼血","201176",291,"2026",5,"Spring",2023-12-06,2024-02-02,27.1290322580645,FALSE,"2023",12,"Winter","G-coded","male","1",28.86,"<=30",FALSE,FALSE,FALSE,FALSE,FALSE,FALSE,FALSE,FALSE,FALSE,FALSE,1,1,"singleton",1,0,1,0,1,0,1,0,0,0,0,5,"Lower tail"
"213484",55.19,2,2026-05-05,"21219011",24.2,"261468","2544424506","70742",293,"2026",5,"Spring",2021-10-05,2021-12-02,53.0967741935484,FALSE,"2021",10,"Autumn","non-G-coded","female","2",55.19,"43-60",TRUE,FALSE,FALSE,FALSE,FALSE,FALSE,FALSE,FALSE,FALSE,FALSE,1,1,"singleton",1,0,1,0,1,0,1,0,1,0,0,5,"Lower tail"
"240930",26.4,1,2026-05-04,"41120238",30.3,"G62472",NA,NA,296,"2026",5,"Spring",2024-03-04,2024-05-02,24.0645161290323,FALSE,"2024",3,"Spring","G-coded","male","1",26.4,"<=30",FALSE,FALSE,FALSE,FALSE,FALSE,FALSE,FALSE,FALSE,FALSE,FALSE,1,1,"singleton",1,0,1,0,1,0,1,0,0,0,0,5,"Lower tail"
"61248",123.01,8,2026-05-04,"65123650",23.6,"261465",NA,NA,297,"2026",5,"Spring",2016-02-04,2016-04-02,121.064516129032,FALSE,"2016",2,"Winter","non-G-coded","female",">=7",123.01,">60",TRUE,FALSE,FALSE,FALSE,FALSE,FALSE,FALSE,FALSE,FALSE,FALSE,1,1,"singleton",1,0,1,0,1,0,1,0,1,0,0,5,"Lower tail"
"234121",39.25,2,2026-05-02,"41421125",34.2,"261460",NA,"212046",310,"2026",5,"Spring",2023-02-02,2023-04-02,37,FALSE,"2023",2,"Winter","non-G-coded","female","2",39.25,"31-42",FALSE,FALSE,FALSE,FALSE,FALSE,FALSE,FALSE,FALSE,FALSE,FALSE,1,1,"singleton",1,0,0,0,1,0,1,0,0,0,0,5,"Lower tail"
"212357",62,4,2026-05-01,"21219011",28.6,"G62467","180781","61038",312,"2026",5,"Spring",2021-03-01,2021-05-02,59.9666666666667,FALSE,"2021",3,"Spring","G-coded","male","4",62,">60",FALSE,FALSE,FALSE,FALSE,FALSE,FALSE,FALSE,FALSE,FALSE,FALSE,1,1,"singleton",1,0,1,0,1,0,1,0,1,0,0,5,"Lower tail"
"00393",84.78,4,2026-04-30,"22220119",23.4,"G62465",NA,NA,316,"2026",4,"Spring",2019-03-30,2019-06-02,82.9333333333333,FALSE,"2019",3,"Spring","G-coded","male","4",84.78,">60",TRUE,FALSE,FALSE,FALSE,FALSE,FALSE,FALSE,FALSE,FALSE,FALSE,1,1,"singleton",1,0,1,0,1,0,1,0,1,0,0,4,"Lower tail"
"H20044",53.55,3,2026-04-28,"41120238",30.2,"G62461","854282","800902",329,"2026",4,"Spring",2021-10-28,2022-01-02,51.8666666666667,FALSE,"2021",10,"Autumn","G-coded","male","3",53.55,"43-60",FALSE,FALSE,FALSE,FALSE,FALSE,FALSE,FALSE,FALSE,FALSE,FALSE,1,1,"singleton",1,0,1,0,1,0,1,0,0,0,0,4,"Lower tail"
"202164",67.09,4,2026-04-28,"21219011",34.7,"G62459",NA,NA,330,"2026",4,"Spring",2020-09-28,2020-12-02,64.8666666666667,FALSE,"2020",9,"Autumn","G-coded","male","4",67.09,">60",FALSE,FALSE,FALSE,FALSE,FALSE,FALSE,FALSE,FALSE,FALSE,FALSE,1,1,"singleton",1,0,0,0,1,0,1,0,0,0,0,4,"Lower tail"
"234284",38.13,2,2026-04-28,"41120238",34.6,"261447","854773威吉吉","201580",331,"2026",4,"Spring",2023-02-28,2023-05-02,35.8666666666667,FALSE,"2023",2,"Winter","non-G-coded","female","2",38.13,"31-42",FALSE,FALSE,FALSE,FALSE,FALSE,FALSE,FALSE,FALSE,FALSE,FALSE,1,1,"singleton",1,0,0,0,1,0,1,0,0,0,0,4,"Lower tail"
"234677",36,2,2026-04-27,"41120238",35.2,"G62457","7402563907","60498",333,"2026",4,"Spring",2023-04-27,2023-07-02,33.8333333333333,FALSE,"2023",4,"Spring","G-coded","male","2",36,"31-42",FALSE,FALSE,FALSE,FALSE,FALSE,FALSE,FALSE,FALSE,FALSE,FALSE,1,1,"singleton",1,0,0,0,1,0,1,0,0,0,0,4,"Lower tail"
"225081",44.05,3,2026-04-27,"21219011",26.6,"261442","甘露606318","00736",338,"2026",4,"Spring",2022-08-27,2022-11-02,41.8333333333333,FALSE,"2022",8,"Summer","non-G-coded","female","3",44.05,"43-60",FALSE,FALSE,FALSE,FALSE,FALSE,FALSE,FALSE,FALSE,FALSE,FALSE,1,1,"singleton",1,0,1,0,1,0,1,0,1,0,0,4,"Lower tail"
"235861",28.5,1,2026-04-27,"41221179",37.3,"G62458",NA,NA,340,"2026",4,"Spring",2023-12-27,2024-03-02,25.8333333333333,FALSE,"2023",12,"Winter","G-coded","male","1",28.5,"<=30",FALSE,FALSE,FALSE,FALSE,FALSE,FALSE,FALSE,FALSE,FALSE,FALSE,1,1,"singleton",1,0,0,0,1,0,0,0,0,0,0,4,"Lower tail"
"235404",31.26,1,2026-04-25,"41120238",32.2,"261433",NA,"213208",347,"2026",4,"Spring",2023-09-25,2023-12-02,28.7666666666667,FALSE,"2023",9,"Autumn","non-G-coded","female","1",31.26,"31-42",FALSE,FALSE,FALSE,FALSE,FALSE,FALSE,FALSE,FALSE,FALSE,FALSE,1,1,"singleton",1,0,1,0,1,0,1,0,0,0,0,4,"Lower tail"
"800816",90.27,6,2026-04-25,"41120238",26.4,"261431",NA,NA,354,"2026",4,"Spring",2018-10-25,2019-01-02,87.7666666666667,FALSE,"2018",10,"Autumn","non-G-coded","female","6",90.27,">60",FALSE,FALSE,FALSE,FALSE,FALSE,FALSE,FALSE,FALSE,FALSE,FALSE,1,1,"singleton",1,0,1,0,1,0,1,0,1,0,0,4,"Lower tail"
"234689",35.83,1,2026-04-24,"21219011",25.2,"G62446","7402563907","00538",364,"2026",4,"Spring",2023-04-24,2023-07-02,33.7333333333333,FALSE,"2023",4,"Spring","G-coded","male","1",35.83,"31-42",FALSE,FALSE,FALSE,FALSE,FALSE,FALSE,FALSE,FALSE,FALSE,FALSE,1,1,"singleton",1,0,1,0,1,0,1,0,1,0,0,4,"Lower tail"
"235431",31,1,2026-04-23,"41221179",36.4,"G62445",NA,NA,366,"2026",4,"Spring",2023-09-23,2023-12-02,28.7,FALSE,"2023",9,"Autumn","G-coded","male","1",31,"31-42",FALSE,FALSE,FALSE,FALSE,FALSE,FALSE,FALSE,FALSE,FALSE,FALSE,1,1,"singleton",1,0,0,0,1,0,0,0,0,0,0,4,"Lower tail"
"234546",36.65,2,2026-04-23,"21219011",22.8,"261422","7402563907","800868",367,"2026",4,"Spring",2023-03-23,2023-06-02,34.7,FALSE,"2023",3,"Spring","non-G-coded","female","2",36.65,"31-42",TRUE,FALSE,FALSE,FALSE,FALSE,FALSE,FALSE,FALSE,FALSE,FALSE,1,1,"singleton",1,0,1,0,1,0,1,0,1,0,0,4,"Lower tail"
"240713",23.6,1,2026-04-22,"41120238",34.2,"261420","22220785","70548",370,"2026",4,"Spring",2024-04-22,2024-07-02,21.6666666666667,FALSE,"2024",4,"Spring","non-G-coded","female","1",23.6,"<=30",FALSE,FALSE,FALSE,FALSE,FALSE,FALSE,FALSE,FALSE,FALSE,FALSE,1,1,"singleton",1,0,0,0,1,0,1,0,0,0,0,4,"Lower tail"
"240551",24.92,1,2026-04-22,"41120238",34.2,"G62439","862025瓦特罗","800963",372,"2026",4,"Spring",2024-03-22,2024-06-02,22.6666666666667,FALSE,"2024",3,"Spring","G-coded","male","1",24.92,"<=30",FALSE,FALSE,FALSE,FALSE,FALSE,FALSE,FALSE,FALSE,FALSE,FALSE,1,1,"singleton",1,0,1,0,1,0,1,0,0,0,0,4,"Lower tail"
"234430",37.18,1,2026-04-22,"41120238",28.6,"G62441","7029225762","70108",373,"2026",4,"Spring",2023-03-22,2023-06-02,34.6666666666667,FALSE,"2023",3,"Spring","G-coded","male","1",37.18,"31-42",FALSE,FALSE,FALSE,FALSE,FALSE,FALSE,FALSE,FALSE,FALSE,FALSE,1,1,"singleton",1,0,1,0,1,0,1,0,1,0,0,4,"Lower tail"
"235954",28.01,1,2026-04-22,"41421125",34.2,"G62443","854773威吉吉","213439",374,"2026",4,"Spring",2023-12-22,2024-03-02,25.6666666666667,FALSE,"2023",12,"Winter","G-coded","male","1",28.01,"<=30",FALSE,FALSE,FALSE,FALSE,FALSE,FALSE,FALSE,FALSE,FALSE,FALSE,1,1,"singleton",1,0,1,0,1,0,1,0,0,0,0,4,"Lower tail"
"240125L",27.05,1,2026-04-22,"21219011",33.5,"G62440",NA,NA,375,"2026",4,"Spring",2024-01-22,2024-04-02,24.6666666666667,FALSE,"2024",1,"Winter","G-coded","male","1",27.05,"<=30",FALSE,FALSE,FALSE,FALSE,FALSE,FALSE,FALSE,FALSE,FALSE,FALSE,1,1,"singleton",1,0,1,0,1,0,1,0,0,0,0,4,"Lower tail"
"235438",30.93,1,2026-04-22,"41422157",35.6,"G62438",NA,NA,377,"2026",4,"Spring",2023-09-22,2023-12-02,28.6666666666667,FALSE,"2023",9,"Autumn","G-coded","male","1",30.93,"31-42",FALSE,FALSE,FALSE,FALSE,FALSE,FALSE,FALSE,FALSE,FALSE,FALSE,1,1,"singleton",1,0,0,0,1,0,1,0,0,0,0,4,"Lower tail"
"235464",30.67,1,2026-04-19,"41422157",34.2,"G62431",NA,NA,389,"2026",4,"Spring",2023-09-19,2023-12-02,28.5666666666667,FALSE,"2023",9,"Autumn","G-coded","male","1",30.67,"31-42",FALSE,FALSE,FALSE,FALSE,FALSE,FALSE,FALSE,FALSE,FALSE,FALSE,1,1,"singleton",1,0,1,0,1,0,1,0,0,0,0,4,"Lower tail"
"60220",120.35,9,2026-04-19,"65123933",34.2,"261412",NA,NA,394,"2026",4,"Spring",2016-04-19,2016-07-02,117.566666666667,FALSE,"2016",4,"Spring","non-G-coded","female",">=7",120.35,">60",FALSE,FALSE,FALSE,FALSE,FALSE,FALSE,FALSE,FALSE,FALSE,FALSE,1,1,"singleton",1,0,0,0,1,0,1,0,0,0,0,4,"Lower tail"
"240004",27.71,1,2026-04-18,"41221179",27,"261404",NA,NA,403,"2026",4,"Spring",2023-12-18,2024-03-02,25.5333333333333,FALSE,"2023",12,"Winter","non-G-coded","female","1",27.71,"<=30",FALSE,FALSE,FALSE,FALSE,FALSE,FALSE,FALSE,FALSE,FALSE,FALSE,1,1,"singleton",1,0,1,0,1,0,1,0,1,0,0,4,"Lower tail"
"240395",25.74,1,2026-04-18,"21219011",26.4,"261407",NA,NA,404,"2026",4,"Spring",2024-02-18,2024-05-02,23.5333333333333,FALSE,"2024",2,"Winter","non-G-coded","female","1",25.74,"<=30",FALSE,FALSE,FALSE,FALSE,FALSE,FALSE,FALSE,FALSE,FALSE,FALSE,1,1,"singleton",1,0,1,0,1,0,1,0,1,0,0,4,"Lower tail"
"235964",27.74,1,2026-04-17,"21219011",36.7,"G62424",NA,NA,407,"2026",4,"Spring",2023-12-17,2024-03-02,25.5,FALSE,"2023",12,"Winter","G-coded","male","1",27.74,"<=30",FALSE,FALSE,FALSE,FALSE,FALSE,FALSE,FALSE,FALSE,FALSE,FALSE,1,1,"singleton",1,0,0,0,1,0,0,0,0,0,0,4,"Lower tail"
"70420",85.37,6,2026-04-17,"65123933",31.2,"261399","171790","62264",409,"2026",4,"Spring",2019-03-17,2019-06-02,82.5,FALSE,"2019",3,"Spring","non-G-coded","female","6",85.37,">60",FALSE,FALSE,FALSE,FALSE,FALSE,FALSE,FALSE,FALSE,FALSE,FALSE,1,1,"singleton",1,0,1,0,1,0,1,0,0,0,0,4,"Lower tail"
"235616",29.52,1,2026-04-17,"41122272",29.8,"261400","854282维利纳诺","62581",410,"2026",4,"Spring",2023-10-17,2024-01-02,27.5,FALSE,"2023",10,"Autumn","non-G-coded","female","1",29.52,"<=30",FALSE,FALSE,FALSE,FALSE,FALSE,FALSE,FALSE,FALSE,FALSE,FALSE,1,1,"singleton",1,0,1,0,1,0,1,0,1,0,0,4,"Lower tail"
"240255",26.27,1,2026-04-17,"41221179",26.2,"261401","854773威吉吉","62288",411,"2026",4,"Spring",2024-02-17,2024-05-02,23.5,FALSE,"2024",2,"Winter","non-G-coded","female","1",26.27,"<=30",FALSE,FALSE,FALSE,FALSE,FALSE,FALSE,FALSE,FALSE,FALSE,FALSE,1,1,"singleton",1,0,1,0,1,0,1,0,1,0,0,4,"Lower tail"
"201230",73.73,5,2026-04-16,"21219011",29.2,"G62423","606192","91102",414,"2026",4,"Spring",2020-02-16,2020-05-02,71.4666666666667,FALSE,"2020",2,"Winter","G-coded","male","5",73.73,">60",FALSE,FALSE,FALSE,FALSE,FALSE,FALSE,FALSE,FALSE,FALSE,FALSE,1,1,"singleton",1,0,1,0,1,0,1,0,1,0,0,4,"Lower tail"
"G9766",29.36,1,2026-04-16,"41221179",31.3,"261394","854282维利纳诺","61257",421,"2026",4,"Spring",2023-11-16,2024-02-02,26.4666666666667,FALSE,"2023",11,"Autumn","non-G-coded","female","1",29.36,"<=30",FALSE,FALSE,FALSE,FALSE,FALSE,FALSE,FALSE,FALSE,FALSE,FALSE,1,1,"singleton",1,0,1,0,1,0,1,0,0,0,0,4,"Lower tail"
"240159",26.59,1,2026-04-14,"41121286",33.7,"261387","862025瓦特罗","201810",429,"2026",4,"Spring",2024-01-14,2024-04-02,24.4,FALSE,"2024",1,"Winter","non-G-coded","female","1",26.59,"<=30",FALSE,FALSE,FALSE,FALSE,FALSE,FALSE,FALSE,FALSE,FALSE,FALSE,1,1,"singleton",1,0,0,0,1,0,1,0,0,0,0,4,"Lower tail"
"234256",37.8,2,2026-04-13,"41121286",31.7,"261385","854773威吉吉","62148",434,"2026",4,"Spring",2023-02-13,2023-05-02,35.3666666666667,FALSE,"2023",2,"Winter","non-G-coded","female","2",37.8,"31-42",FALSE,FALSE,FALSE,FALSE,FALSE,FALSE,FALSE,FALSE,FALSE,FALSE,1,1,"singleton",1,0,1,0,1,0,1,0,0,0,0,4,"Lower tail"
"800083",97.76,6,2026-04-12,"41120238",36.4,"G62410",NA,NA,443,"2026",4,"Spring",2018-02-12,2018-05-02,95.3333333333333,FALSE,"2018",2,"Winter","G-coded","male","6",97.76,">60",FALSE,FALSE,FALSE,FALSE,FALSE,FALSE,FALSE,FALSE,FALSE,FALSE,1,1,"singleton",1,0,0,0,1,0,0,0,0,0,0,4,"Lower tail"
"234731",35.08,2,2026-04-12,"41120238",34.7,"G62411",NA,NA,444,"2026",4,"Spring",2023-05-12,2023-08-02,32.3333333333333,FALSE,"2023",5,"Spring","G-coded","male","2",35.08,"31-42",FALSE,FALSE,FALSE,FALSE,FALSE,FALSE,FALSE,FALSE,FALSE,FALSE,1,1,"singleton",1,0,0,0,1,0,1,0,0,0,0,4,"Lower tail"
"240098",25.02,1,2026-04-11,"41120238",36.3,"G62404",NA,NA,452,"2026",4,"Spring",2024-03-11,2024-06-02,22.3,FALSE,"2024",3,"Spring","G-coded","male","1",25.02,"<=30",FALSE,FALSE,FALSE,FALSE,FALSE,FALSE,FALSE,FALSE,FALSE,FALSE,1,1,"singleton",1,0,0,0,1,0,0,0,0,0,0,4,"Lower tail"
"201377",72.52,5,2026-04-09,"21219011",34.2,"261372","606244","800053",464,"2026",4,"Spring",2020-03-09,2020-06-02,70.2333333333333,FALSE,"2020",3,"Spring","non-G-coded","female","5",72.52,">60",FALSE,FALSE,FALSE,FALSE,FALSE,FALSE,FALSE,FALSE,FALSE,FALSE,1,1,"singleton",1,0,0,0,1,0,1,0,0,0,0,4,"Lower tail"
"62344",122.19,8,2026-04-08,"65123650",32.2,"261368",NA,NA,467,"2026",4,"Spring",2016-02-08,2016-05-02,119.2,FALSE,"2016",2,"Winter","non-G-coded","female",">=7",122.19,">60",FALSE,FALSE,FALSE,FALSE,FALSE,FALSE,FALSE,FALSE,FALSE,FALSE,1,1,"singleton",1,0,1,0,1,0,1,0,0,0,0,4,"Lower tail"
"202139",66.63,3,2026-04-08,"41120238",33.4,"261371","606244","61217",470,"2026",4,"Spring",2020-09-08,2020-12-02,64.2,FALSE,"2020",9,"Autumn","non-G-coded","female","3",66.63,">60",FALSE,FALSE,FALSE,FALSE,FALSE,FALSE,FALSE,FALSE,FALSE,FALSE,1,1,"singleton",1,0,0,0,1,0,1,0,0,0,0,4,"Lower tail"
"240066",26.92,1,2026-04-08,"21219011",37.2,"G62394","FR7045049997","212162",471,"2026",4,"Spring",2024-01-08,2024-04-02,24.2,FALSE,"2024",1,"Winter","G-coded","male","1",26.92,"<=30",FALSE,FALSE,FALSE,FALSE,FALSE,FALSE,FALSE,FALSE,FALSE,FALSE,1,1,"singleton",1,0,0,0,1,0,0,0,0,0,0,4,"Lower tail"
"235745",28.3,1,2026-04-05,"41120238",28.7,"261351",NA,"212868",494,"2026",4,"Spring",2023-12-05,2024-03-02,25.1,FALSE,"2023",12,"Winter","non-G-coded","female","1",28.3,"<=30",FALSE,FALSE,FALSE,FALSE,FALSE,FALSE,FALSE,FALSE,FALSE,FALSE,1,1,"singleton",1,0,1,0,1,0,1,0,1,0,0,4,"Lower tail"
"212606",59.93,4,2026-04-05,"21219011",34.6,"261353","7029225762","60951",496,"2026",4,"Spring",2021-04-05,2021-07-02,57.1,FALSE,"2021",4,"Spring","non-G-coded","female","4",59.93,"43-60",FALSE,FALSE,FALSE,FALSE,FALSE,FALSE,FALSE,FALSE,FALSE,FALSE,1,1,"singleton",1,0,0,0,1,0,1,0,0,0,0,4,"Lower tail"
"240542",24.42,1,2026-04-05,"41422157",33.7,"G62384L","14120356","224353",497,"2026",4,"Spring",2024-04-05,2024-07-02,21.1,FALSE,"2024",4,"Spring","G-coded","male","1",24.42,"<=30",FALSE,FALSE,FALSE,FALSE,FALSE,FALSE,FALSE,FALSE,FALSE,FALSE,1,1,"singleton",1,0,1,0,1,0,1,0,0,0,0,4,"Lower tail"
"225453",40.04,1,2026-04-04,"41121296",34.2,"261343","606045","90013",504,"2026",4,"Spring",2022-12-04,2023-03-02,37.0666666666667,FALSE,"2022",12,"Winter","non-G-coded","female","1",40.04,"31-42",FALSE,FALSE,FALSE,FALSE,FALSE,FALSE,FALSE,FALSE,FALSE,FALSE,1,1,"singleton",1,0,0,0,1,0,1,0,0,0,0,4,"Lower tail"
"240311",25.54,1,2026-04-02,"41120238",27.8,"G62366","862025瓦特罗","213505",531,"2026",4,"Spring",2024-02-02,2024-05-02,23,FALSE,"2024",2,"Winter","G-coded","male","1",25.54,"<=30",FALSE,FALSE,FALSE,FALSE,FALSE,FALSE,FALSE,FALSE,FALSE,FALSE,1,1,"singleton",1,0,1,0,1,0,1,0,1,0,0,4,"Lower tail"
"235921",27.45,1,2026-04-02,"41422157",28.4,"G62369","854773威吉吉","61586",535,"2026",4,"Spring",2024-01-02,2024-04-02,24,FALSE,"2024",1,"Winter","G-coded","male","1",27.45,"<=30",FALSE,FALSE,FALSE,FALSE,FALSE,FALSE,FALSE,FALSE,FALSE,FALSE,1,1,"singleton",1,0,1,0,1,0,1,0,1,0,0,4,"Lower tail"
"800880",88.53,6,2026-04-01,"41120238",30.1,"261328",NA,NA,549,"2026",4,"Spring",2018-11-01,2019-02-02,85.9677419354839,FALSE,"2018",11,"Autumn","non-G-coded","female","6",88.53,">60",FALSE,FALSE,FALSE,FALSE,FALSE,FALSE,FALSE,FALSE,FALSE,FALSE,1,1,"singleton",1,0,1,0,1,0,1,0,0,0,0,4,"Lower tail"
"235868",27.58,1,2026-03-31,"41120238",34.2,"G62354","FR7045049997","00178",564,"2026",3,"Spring",2023-11-30,2024-03-02,24.9354838709677,FALSE,"2023",11,"Autumn","G-coded","male","1",27.58,"<=30",FALSE,FALSE,FALSE,FALSE,FALSE,FALSE,FALSE,FALSE,FALSE,FALSE,1,1,"singleton",1,0,1,0,1,0,1,0,0,0,0,3,"Lower tail"
"70025",110.78,8,2026-03-30,"65123650",35.2,"G62350",NA,NA,566,"2026",3,"Spring",2016-12-30,2017-04-02,107.903225806452,FALSE,"2016",12,"Winter","G-coded","male",">=7",110.78,">60",FALSE,FALSE,FALSE,FALSE,FALSE,FALSE,FALSE,FALSE,FALSE,FALSE,1,1,"singleton",1,0,0,0,1,0,1,0,0,0,0,3,"Lower tail"
"235613",27.45,1,2026-03-30,"41422157",32.2,"261313","865530狼血","00389",572,"2026",3,"Spring",2023-12-30,2024-04-02,23.9032258064516,FALSE,"2023",12,"Winter","non-G-coded","female","1",27.45,"<=30",FALSE,FALSE,FALSE,FALSE,FALSE,FALSE,FALSE,FALSE,FALSE,FALSE,1,1,"singleton",1,0,1,0,1,0,1,0,0,0,0,3,"Lower tail"
"235476",29.88,1,2026-03-29,"41422157",37.4,"G62345","854282维利纳诺","61063",580,"2026",3,"Spring",2023-09-29,2024-01-02,26.8709677419355,FALSE,"2023",9,"Autumn","G-coded","male","1",29.88,"<=30",FALSE,FALSE,FALSE,FALSE,FALSE,FALSE,FALSE,FALSE,FALSE,FALSE,1,1,"singleton",1,0,0,0,1,0,0,0,0,0,0,3,"Lower tail"
"234333",36.88,2,2026-03-28,"21219011",22.4,"261300","7029225762","20101",587,"2026",3,"Spring",2023-02-28,2023-06-02,33.8387096774194,FALSE,"2023",2,"Winter","non-G-coded","female","2",36.88,"31-42",TRUE,FALSE,FALSE,FALSE,FALSE,FALSE,FALSE,FALSE,FALSE,FALSE,1,1,"singleton",1,0,1,0,1,0,1,0,1,0,0,3,"Lower tail"
"60496",113.51,7,2026-03-27,"21219011",36.8,"G62338",NA,NA,600,"2026",3,"Spring",2016-09-27,2017-01-02,110.806451612903,FALSE,"2016",9,"Autumn","G-coded","male",">=7",113.51,">60",FALSE,FALSE,FALSE,FALSE,FALSE,FALSE,FALSE,FALSE,FALSE,FALSE,1,1,"singleton",1,0,0,0,1,0,0,0,0,0,0,3,"Lower tail"
"235655",28.63,1,2026-03-27,"11116912",35.3,"G62330",NA,NA,608,"2026",3,"Spring",2023-10-27,2024-02-02,25.8064516129032,FALSE,"2023",10,"Autumn","G-coded","male","1",28.63,"<=30",FALSE,FALSE,FALSE,FALSE,FALSE,FALSE,FALSE,FALSE,FALSE,FALSE,1,1,"singleton",1,0,0,0,1,0,1,0,0,0,0,3,"Lower tail"
"240201",25.74,1,2026-03-26,"41421125",31.4,"261284",NA,NA,616,"2026",3,"Spring",2024-01-26,2024-05-02,22.7741935483871,FALSE,"2024",1,"Winter","non-G-coded","female","1",25.74,"<=30",FALSE,FALSE,FALSE,FALSE,FALSE,FALSE,FALSE,FALSE,FALSE,FALSE,1,1,"singleton",1,0,1,0,1,0,1,0,0,0,0,3,"Lower tail"
"00200",85.04,4,2026-03-26,"41120238",22.2,"261281",NA,NA,621,"2026",3,"Spring",2019-02-26,2019-06-02,81.7741935483871,FALSE,"2019",2,"Winter","non-G-coded","female","4",85.04,">60",TRUE,FALSE,FALSE,FALSE,FALSE,FALSE,FALSE,FALSE,FALSE,FALSE,1,1,"singleton",1,0,1,0,1,0,1,0,1,0,0,3,"Lower tail"
"240298",25.35,1,2026-03-26,"41120238",24.2,"261288","862025瓦特罗","61403",622,"2026",3,"Spring",2024-02-26,2024-06-02,21.7741935483871,FALSE,"2024",2,"Winter","non-G-coded","female","1",25.35,"<=30",TRUE,FALSE,FALSE,FALSE,FALSE,FALSE,FALSE,FALSE,FALSE,FALSE,1,1,"singleton",1,0,1,0,1,0,1,0,1,0,0,3,"Lower tail"
"65092",122.88,5,2026-03-26,"65123933",25.2,"261287",NA,NA,624,"2026",3,"Spring",2015-12-26,2016-04-02,119.774193548387,FALSE,"2015",12,"Winter","non-G-coded","female","5",122.88,">60",FALSE,FALSE,FALSE,FALSE,FALSE,FALSE,FALSE,FALSE,FALSE,FALSE,1,1,"singleton",1,0,1,0,1,0,1,0,1,0,0,3,"Lower tail"
"240089",26.33,1,2026-03-23,"41422157",34.2,"G62313","FR7045049997","90014",651,"2026",3,"Spring",2024-01-23,2024-05-02,22.6774193548387,FALSE,"2024",1,"Winter","G-coded","male","1",26.33,"<=30",FALSE,FALSE,FALSE,FALSE,FALSE,FALSE,FALSE,FALSE,FALSE,FALSE,1,1,"singleton",1,0,1,0,1,0,1,0,0,0,0,3,"Lower tail"
"234311",36.75,2,2026-03-21,"21219011",33.4,"261256",NA,"212575",665,"2026",3,"Spring",2023-02-21,2023-06-02,33.6129032258064,FALSE,"2023",2,"Winter","non-G-coded","female","2",36.75,"31-42",FALSE,FALSE,FALSE,FALSE,FALSE,FALSE,FALSE,FALSE,FALSE,FALSE,1,1,"singleton",1,0,0,0,1,0,1,0,0,0,0,3,"Lower tail"
"235414",30.05,1,2026-03-21,"41419139",34.6,"261293","865530狼血","62373",667,"2026",3,"Spring",2023-09-21,2024-01-02,26.6129032258065,FALSE,"2023",9,"Autumn","non-G-coded","female","1",30.05,"31-42",FALSE,FALSE,FALSE,FALSE,FALSE,FALSE,FALSE,FALSE,FALSE,FALSE,1,1,"singleton",1,0,0,0,1,0,1,0,0,0,0,3,"Lower tail"
"235742",27.84,1,2026-03-21,"41120238",34.4,"261291",NA,NA,672,"2026",3,"Spring",2023-11-21,2024-03-02,24.6129032258065,FALSE,"2023",11,"Autumn","non-G-coded","female","1",27.84,"<=30",FALSE,FALSE,FALSE,FALSE,FALSE,FALSE,FALSE,FALSE,FALSE,FALSE,1,1,"singleton",1,0,0,0,1,0,1,0,0,0,0,3,"Lower tail"
"01260",76.36,5,2026-03-20,"41120238",30.3,"261248",NA,NA,685,"2026",3,"Spring",2019-11-20,2020-03-02,72.5806451612903,FALSE,"2019",11,"Autumn","non-G-coded","female","5",76.36,">60",FALSE,FALSE,FALSE,FALSE,FALSE,FALSE,FALSE,FALSE,FALSE,FALSE,1,1,"singleton",1,0,1,0,1,0,1,0,0,0,0,3,"Lower tail"
"201505",71.17,5,2026-03-19,"41120238",31.5,"261243",NA,NA,687,"2026",3,"Spring",2020-04-19,2020-08-02,67.5483870967742,FALSE,"2020",4,"Spring","non-G-coded","female","5",71.17,">60",FALSE,FALSE,FALSE,FALSE,FALSE,FALSE,FALSE,FALSE,FALSE,FALSE,1,1,"singleton",1,0,1,0,1,0,1,0,0,0,0,3,"Lower tail"
"01171",77.09,6,2026-03-19,"41120238",33.2,"261241","606192","70622",693,"2026",3,"Spring",2019-10-19,2020-02-02,73.5483870967742,FALSE,"2019",10,"Autumn","non-G-coded","female","6",77.09,">60",FALSE,FALSE,FALSE,FALSE,FALSE,FALSE,FALSE,FALSE,FALSE,FALSE,1,1,"singleton",1,0,0,0,1,0,1,0,0,0,0,3,"Lower tail"
"235853",27.25,1,2026-03-18,"22219405",31.6,"261237","865530狼血","202439",699,"2026",3,"Spring",2023-12-18,2024-04-02,23.5161290322581,FALSE,"2023",12,"Winter","non-G-coded","female","1",27.25,"<=30",FALSE,FALSE,FALSE,FALSE,FALSE,FALSE,FALSE,FALSE,FALSE,FALSE,1,1,"singleton",1,0,1,0,1,0,1,0,0,0,0,3,"Lower tail"
"60912",122.09,8,2026-03-18,"65123933",28.8,"261238",NA,NA,700,"2026",3,"Spring",2016-01-18,2016-05-02,118.516129032258,FALSE,"2016",1,"Winter","non-G-coded","female",">=7",122.09,">60",FALSE,FALSE,FALSE,FALSE,FALSE,FALSE,FALSE,FALSE,FALSE,FALSE,1,1,"singleton",1,0,1,0,1,0,1,0,1,0,0,3,"Lower tail"
"240012",26.63,1,2026-03-18,"21219011",32.4,"261240",NA,NA,701,"2026",3,"Spring",2023-12-18,2024-04-02,23.5161290322581,FALSE,"2023",12,"Winter","non-G-coded","female","1",26.63,"<=30",FALSE,FALSE,FALSE,FALSE,FALSE,FALSE,FALSE,FALSE,FALSE,FALSE,1,1,"singleton",1,0,0,0,1,0,1,0,0,0,0,3,"Lower tail"
"234506",35.67,2,2026-03-17,"41120238",34.7,"261230","871041文尼哥","60096",708,"2026",3,"Spring",2023-03-17,2023-07-02,32.4838709677419,FALSE,"2023",3,"Spring","non-G-coded","female","2",35.67,"31-42",FALSE,FALSE,FALSE,FALSE,FALSE,FALSE,FALSE,FALSE,FALSE,FALSE,1,1,"singleton",1,0,0,0,1,0,1,0,0,0,0,3,"Lower tail"
"234559",35.4,2,2026-03-17,"41120238",27.8,"261234",NA,NA,710,"2026",3,"Spring",2023-04-17,2023-08-02,31.4838709677419,FALSE,"2023",4,"Spring","non-G-coded","female","2",35.4,"31-42",FALSE,FALSE,FALSE,FALSE,FALSE,FALSE,FALSE,FALSE,FALSE,FALSE,1,1,"singleton",1,0,1,0,1,0,1,0,1,0,0,3,"Lower tail"
"61940",122.45,8,2026-03-16,"65123650",34.8,"G62273",NA,NA,721,"2026",3,"Spring",2016-01-16,2016-05-02,118.451612903226,FALSE,"2016",1,"Winter","G-coded","male",">=7",122.45,">60",FALSE,FALSE,FALSE,FALSE,FALSE,FALSE,FALSE,FALSE,FALSE,FALSE,1,1,"singleton",1,0,0,0,1,0,1,0,0,0,0,3,"Lower tail"
"212049",62.62,4,2026-03-16,"41121286",35.4,"G62361",NA,NA,723,"2026",3,"Spring",2020-12-16,2021-04-02,59.4516129032258,FALSE,"2020",12,"Winter","G-coded","male","4",62.62,">60",FALSE,FALSE,FALSE,FALSE,FALSE,FALSE,FALSE,FALSE,FALSE,FALSE,1,1,"singleton",1,0,0,0,1,0,1,0,0,0,0,3,"Lower tail"
"60803",115.48,7,2026-03-16,"65123650",37.2,"G62270",NA,NA,725,"2026",3,"Spring",2016-08-16,2016-12-02,111.451612903226,FALSE,"2016",8,"Summer","G-coded","male",">=7",115.48,">60",FALSE,FALSE,FALSE,FALSE,FALSE,FALSE,FALSE,FALSE,FALSE,FALSE,1,1,"singleton",1,0,0,0,1,0,0,0,0,0,0,3,"Lower tail"
"212908",57.96,3,2026-03-16,"21219011",33.7,"261360","186967","00577",727,"2026",3,"Spring",2021-05-16,2021-09-02,54.4516129032258,FALSE,"2021",5,"Spring","non-G-coded","female","3",57.96,"43-60",FALSE,FALSE,FALSE,FALSE,FALSE,FALSE,FALSE,FALSE,FALSE,FALSE,1,1,"singleton",1,0,0,0,1,0,1,0,0,0,0,3,"Lower tail"
"225220",41.52,2,2026-03-15,"41121296",33.4,"261224","西西弗斯180561","10135",736,"2026",3,"Spring",2022-09-15,2023-01-02,38.4193548387097,FALSE,"2022",9,"Autumn","non-G-coded","female","2",41.52,"31-42",FALSE,FALSE,FALSE,FALSE,FALSE,FALSE,FALSE,FALSE,FALSE,FALSE,1,1,"singleton",1,0,0,0,1,0,1,0,0,0,0,3,"Lower tail"
"213618",52.56,3,2026-03-13,"21219011",25.7,"261216","606306","11002",747,"2026",3,"Spring",2021-10-13,2022-02-02,49.3548387096774,FALSE,"2021",10,"Autumn","non-G-coded","female","3",52.56,"43-60",FALSE,FALSE,FALSE,FALSE,FALSE,FALSE,FALSE,FALSE,FALSE,FALSE,1,1,"singleton",1,0,1,0,1,0,1,0,1,0,0,3,"Lower tail"
"235855",27.05,1,2026-03-12,"21219011",37.2,"G62252","865530狼血","00925",760,"2026",3,"Spring",2023-12-12,2024-04-02,23.3225806451613,FALSE,"2023",12,"Winter","G-coded","male","1",27.05,"<=30",FALSE,FALSE,FALSE,FALSE,FALSE,FALSE,FALSE,FALSE,FALSE,FALSE,1,1,"singleton",1,0,0,0,1,0,0,0,0,0,0,3,"Lower tail"
"62437",120.94,5,2026-03-10,"22220607",34.7,"G62240",NA,NA,776,"2026",3,"Spring",2016-02-10,2016-06-02,117.258064516129,FALSE,"2016",2,"Winter","G-coded","male","5",120.94,">60",FALSE,FALSE,FALSE,FALSE,FALSE,FALSE,FALSE,FALSE,FALSE,FALSE,1,1,"singleton",1,0,0,0,1,0,1,0,0,0,0,3,"Lower tail"
"240056",25.97,1,2026-03-06,"21219011",27.8,"G62215","865530狼血","70482",811,"2026",3,"Spring",2024-01-06,2024-05-02,22.1290322580645,FALSE,"2024",1,"Winter","G-coded","male","1",25.97,"<=30",FALSE,FALSE,FALSE,FALSE,FALSE,FALSE,FALSE,FALSE,FALSE,FALSE,1,1,"singleton",1,0,1,0,1,0,1,0,1,0,0,3,"Lower tail"
"213475",53.16,3,2026-03-03,"41123204",35.8,"G62200","606306","61832",852,"2026",3,"Spring",2021-10-03,2022-02-02,49.0322580645161,FALSE,"2021",10,"Autumn","G-coded","male","3",53.16,"43-60",FALSE,FALSE,FALSE,FALSE,FALSE,FALSE,FALSE,FALSE,FALSE,FALSE,1,1,"singleton",1,0,0,0,1,0,1,0,0,0,0,3,"Lower tail"
"240273",24.65,1,2026-03-02,"21219011",32.4,"G62196","862025瓦特罗","801501",856,"2026",3,"Spring",2024-02-02,2024-06-02,21,FALSE,"2024",2,"Winter","G-coded","male","1",24.65,"<=30",FALSE,FALSE,FALSE,FALSE,FALSE,FALSE,FALSE,FALSE,FALSE,FALSE,1,1,"singleton",1,0,1,0,1,0,1,0,0,0,0,3,"Lower tail"
"234345",35.9,2,2026-03-01,"41123204",34.2,"G62191",NA,"Z202249",871,"2026",3,"Spring",2023-03-01,2023-07-02,31.9642857142857,FALSE,"2023",3,"Spring","G-coded","male","2",35.9,"31-42",FALSE,FALSE,FALSE,FALSE,FALSE,FALSE,FALSE,FALSE,FALSE,FALSE,1,1,"singleton",1,0,1,0,1,0,1,0,0,0,0,3,"Lower tail"
"63073",120.41,7,2026-02-23,"65123933",36.7,"G62175",NA,NA,914,"2026",2,"Winter",2016-02-23,2016-07-02,115.75,FALSE,"2016",2,"Winter","G-coded","male",">=7",120.41,">60",FALSE,FALSE,FALSE,FALSE,FALSE,FALSE,FALSE,FALSE,FALSE,FALSE,1,1,"singleton",1,0,0,0,1,0,0,0,0,0,0,2,"Lower tail"
"240279",24.33,1,2026-02-21,"41121286",23.2,"G62159","862025瓦特罗","213762",937,"2026",2,"Winter",2024-02-21,2024-07-02,19.6785714285714,FALSE,"2024",2,"Winter","G-coded","male","1",24.33,"<=30",TRUE,FALSE,FALSE,FALSE,FALSE,FALSE,FALSE,FALSE,FALSE,FALSE,1,1,"singleton",1,0,1,0,1,0,1,0,1,0,0,2,"Lower tail"
"235810",26.36,1,2026-02-11,"41121296",29,"260101","FR2545422137","60792",996,"2026",2,"Winter",2023-12-11,2024-05-02,21.3214285714286,FALSE,"2023",12,"Winter","non-G-coded","female","1",26.36,"<=30",FALSE,FALSE,FALSE,FALSE,FALSE,FALSE,FALSE,FALSE,FALSE,FALSE,1,1,"singleton",1,0,1,0,1,0,1,0,1,0,0,2,"Lower tail"
"225483",37.97,2,2026-02-05,"41121296",34.6,"260086","606045","140536",1034,"2026",2,"Winter",2022-12-05,2023-05-02,33.1071428571429,FALSE,"2022",12,"Winter","non-G-coded","female","2",37.97,"31-42",FALSE,FALSE,FALSE,FALSE,FALSE,FALSE,FALSE,FALSE,FALSE,FALSE,1,1,"singleton",1,0,0,0,1,0,1,0,0,0,0,2,"Lower tail"
"235281",29.36,1,2026-02-04,"41121296",30.6,"260080","865530狼血","800989",1036,"2026",2,"Winter",2023-09-04,2024-02-02,24.0714285714286,FALSE,"2023",9,"Autumn","non-G-coded","female","1",29.36,"<=30",FALSE,FALSE,FALSE,FALSE,FALSE,FALSE,FALSE,FALSE,FALSE,FALSE,1,1,"singleton",1,0,1,0,1,0,1,0,0,0,0,2,"Lower tail"
"212553",58.22,3,2026-02-01,"41122948",34.5,"260066",NA,NA,1054,"2026",2,"Winter",2021-04-01,2021-09-02,52.9677419354839,FALSE,"2021",4,"Spring","non-G-coded","female","3",58.22,"43-60",FALSE,FALSE,FALSE,FALSE,FALSE,FALSE,FALSE,FALSE,FALSE,FALSE,1,1,"singleton",1,0,0,0,1,0,1,0,0,0,0,2,"Lower tail"
"60738",120.71,7,2026-01-22,"65123650",28.9,"260046",NA,NA,1111,"2026",1,"Winter",2015-12-22,2016-06-02,115.645161290323,FALSE,"2015",12,"Winter","non-G-coded","female",">=7",120.71,">60",FALSE,FALSE,FALSE,FALSE,FALSE,FALSE,FALSE,FALSE,FALSE,FALSE,1,1,"singleton",1,0,1,0,1,0,1,0,1,0,0,1,"Lower tail"
"235261",28.93,1,2026-01-20,"41121296",34.6,"G62052",NA,NA,1128,"2026",1,"Winter",2023-08-20,2024-02-02,23.5806451612903,FALSE,"2023",8,"Summer","G-coded","male","1",28.93,"<=30",FALSE,FALSE,FALSE,FALSE,FALSE,FALSE,FALSE,FALSE,FALSE,FALSE,1,1,"singleton",1,0,0,0,1,0,1,0,0,0,0,1,"Lower tail"
"202311",62.75,4,2026-01-14,"21219011",34.1,"260022",NA,NA,1152,"2026",1,"Winter",2020-10-14,2021-04-02,57.3870967741936,FALSE,"2020",10,"Autumn","non-G-coded","female","4",62.75,">60",FALSE,FALSE,FALSE,FALSE,FALSE,FALSE,FALSE,FALSE,FALSE,FALSE,1,1,"singleton",1,0,0,0,1,0,1,0,0,0,0,1,"Lower tail"
"225288",38.92,2,2026-01-12,"41121286",32.8,"260018","865530","60084",1163,"2026",1,"Winter",2022-10-12,2023-04-02,33.3225806451613,FALSE,"2022",10,"Autumn","non-G-coded","female","2",38.92,"31-42",FALSE,FALSE,FALSE,FALSE,FALSE,FALSE,FALSE,FALSE,FALSE,FALSE,1,1,"singleton",1,0,0,0,1,0,1,0,0,0,0,1,"Lower tail"
"62099",119.86,7,2026-01-07,"861404",37.2,"G62017",NA,NA,1185,"2026",1,"Winter",2016-01-07,2016-07-02,114.161290322581,FALSE,"2016",1,"Winter","G-coded","male",">=7",119.86,">60",FALSE,FALSE,FALSE,FALSE,FALSE,FALSE,FALSE,FALSE,FALSE,FALSE,1,1,"singleton",1,0,0,0,1,0,0,0,0,0,0,1,"Lower tail"
"800387",91.49,5,2026-01-06,"41121286",31.2,"G62013",NA,NA,1189,"2026",1,"Winter",2018-06-06,2018-12-02,85.1290322580645,FALSE,"2018",6,"Summer","G-coded","male","5",91.49,">60",FALSE,FALSE,FALSE,FALSE,FALSE,FALSE,FALSE,FALSE,FALSE,FALSE,1,1,"singleton",1,0,1,0,1,0,1,0,0,0,0,1,"Lower tail"
"800112",87.57,5,2026-01-05,"41120238",32.2,"G62009","171350","61466",1193,"2026",1,"Winter",2018-09-05,2019-03-02,82.0967741935484,FALSE,"2018",9,"Autumn","G-coded","male","5",87.57,">60",FALSE,FALSE,FALSE,FALSE,FALSE,FALSE,FALSE,FALSE,FALSE,FALSE,1,1,"singleton",1,0,1,0,1,0,1,0,0,0,0,1,"Lower tail"
"224155",47.17,2,2025-12-31,"41121286",34,"251548","6868671111","60322",1215,"2025",12,"Winter",2022-01-31,2022-08-02,40.9354838709677,FALSE,"2022",1,"Winter","non-G-coded","female","2",47.17,"43-60",FALSE,FALSE,FALSE,FALSE,FALSE,FALSE,FALSE,FALSE,FALSE,FALSE,1,1,"singleton",1,0,0,0,1,0,1,0,0,0,0,12,"Lower tail"
"60807",119.76,8,2025-12-31,"65123650",33.4,"G53611",NA,NA,1221,"2025",12,"Winter",2015-12-31,2016-07-02,113.935483870968,FALSE,"2015",12,"Winter","G-coded","male",">=7",119.76,">60",FALSE,FALSE,FALSE,FALSE,FALSE,FALSE,FALSE,FALSE,FALSE,FALSE,1,1,"singleton",1,0,1,0,1,0,1,0,0,0,0,12,"Lower tail"
"00413",80.74,5,2025-12-31,"41121286",32.3,"G53610","171790","62187",1224,"2025",12,"Winter",2019-03-31,2019-10-02,74.9354838709677,FALSE,"2019",3,"Spring","G-coded","male","5",80.74,">60",FALSE,FALSE,FALSE,FALSE,FALSE,FALSE,FALSE,FALSE,FALSE,FALSE,1,1,"singleton",1,0,1,0,1,0,1,0,0,0,0,12,"Lower tail"
"224943",41.88,2,2025-12-29,"41121286",35.2,"G53604",NA,NA,1232,"2025",12,"Winter",2022-06-29,2023-01-02,35.8709677419355,FALSE,"2022",6,"Summer","G-coded","male","2",41.88,"31-42",FALSE,FALSE,FALSE,FALSE,FALSE,FALSE,FALSE,FALSE,FALSE,FALSE,1,1,"singleton",1,0,0,0,1,0,1,0,0,0,0,12,"Lower tail"
"224862",43.1,2,2025-12-28,"41121286",32.3,"251538","606045","1467",1236,"2025",12,"Winter",2022-05-28,2022-12-02,36.8387096774194,FALSE,"2022",5,"Spring","non-G-coded","female","2",43.1,"43-60",FALSE,FALSE,FALSE,FALSE,FALSE,FALSE,FALSE,FALSE,FALSE,FALSE,1,1,"singleton",1,0,0,0,1,0,1,0,0,0,0,12,"Lower tail"
"201414",68.57,4,2025-12-19,"21219011",36.8,"G53559","606244","91167",1302,"2025",12,"Winter",2020-03-19,2020-10-02,62.5483870967742,FALSE,"2020",3,"Spring","G-coded","male","4",68.57,">60",FALSE,FALSE,FALSE,FALSE,FALSE,FALSE,FALSE,FALSE,FALSE,FALSE,1,1,"singleton",1,0,0,0,1,0,0,0,0,0,0,12,"Lower tail"
"224098",46.98,3,2025-12-13,"21219011",36.4,"G53544L","871041","201291",1357,"2025",12,"Winter",2022-01-13,2022-08-02,40.3548387096774,FALSE,"2022",1,"Winter","G-coded","male","3",46.98,"43-60",FALSE,FALSE,FALSE,FALSE,FALSE,FALSE,FALSE,FALSE,FALSE,FALSE,1,1,"singleton",1,0,0,0,1,0,0,0,0,0,0,12,"Lower tail"
"234258",33.66,2,2025-12-09,"21219011",32.2,"251458","854773威吉吉","00165",1383,"2025",12,"Winter",2023-02-09,2023-09-02,27.2258064516129,FALSE,"2023",2,"Winter","non-G-coded","female","2",33.66,"31-42",FALSE,FALSE,FALSE,FALSE,FALSE,FALSE,FALSE,FALSE,FALSE,FALSE,1,1,"singleton",1,0,1,0,1,0,1,0,0,0,0,12,"Lower tail"
"800466",89.38,6,2025-12-08,"41121286",36.2,"G53532",NA,NA,1384,"2025",12,"Winter",2018-07-08,2019-02-02,82.1935483870968,FALSE,"2018",7,"Summer","G-coded","male","6",89.38,">60",FALSE,FALSE,FALSE,FALSE,FALSE,FALSE,FALSE,FALSE,FALSE,FALSE,1,1,"singleton",1,0,0,0,1,0,0,0,0,0,0,12,"Lower tail"
"60557",108.61,5,2025-12-05,"41121286",36.4,"G53514",NA,NA,1415,"2025",12,"Winter",2016-11-05,2017-06-02,102.096774193548,FALSE,"2016",11,"Autumn","G-coded","male","5",108.61,">60",FALSE,FALSE,FALSE,FALSE,FALSE,FALSE,FALSE,FALSE,FALSE,FALSE,1,1,"singleton",1,0,0,0,1,0,0,0,0,0,0,12,"Lower tail"
"800133",84.91,6,2025-12-05,"41121286",30.7,"G53518",NA,NA,1418,"2025",12,"Winter",2018-11-05,2019-06-02,78.0967741935484,FALSE,"2018",11,"Autumn","G-coded","male","6",84.91,">60",FALSE,FALSE,FALSE,FALSE,FALSE,FALSE,FALSE,FALSE,FALSE,FALSE,1,1,"singleton",1,0,1,0,1,0,1,0,0,0,0,12,"Lower tail"
"60508",109.6,7,2025-12-05,"21219011",36.6,"G53520",NA,NA,1429,"2025",12,"Winter",2016-10-05,2017-05-02,103.096774193548,FALSE,"2016",10,"Autumn","G-coded","male",">=7",109.6,">60",FALSE,FALSE,FALSE,FALSE,FALSE,FALSE,FALSE,FALSE,FALSE,FALSE,1,1,"singleton",1,0,0,0,1,0,0,0,0,0,0,12,"Lower tail"
"225413",35.77,2,2025-12-05,"41121286",34.5,"251436",NA,NA,1433,"2025",12,"Winter",2022-12-05,2023-07-02,29.0967741935484,FALSE,"2022",12,"Winter","non-G-coded","female","2",35.77,"31-42",FALSE,FALSE,FALSE,FALSE,FALSE,FALSE,FALSE,FALSE,FALSE,FALSE,1,1,"singleton",1,0,0,0,1,0,1,0,0,0,0,12,"Lower tail"
"202343",61.28,4,2025-12-04,"41121286",29.6,"251431","7402563907","62431",1437,"2025",12,"Winter",2020-11-04,2021-06-02,54.0645161290323,FALSE,"2020",11,"Autumn","non-G-coded","female","4",61.28,">60",FALSE,FALSE,FALSE,FALSE,FALSE,FALSE,FALSE,FALSE,FALSE,FALSE,1,1,"singleton",1,0,1,0,1,0,1,0,1,0,0,12,"Lower tail"
"62140",118.11,7,2025-12-04,"65123650",25.6,"251432",NA,NA,1440,"2025",12,"Winter",2016-02-04,2016-09-02,111.064516129032,FALSE,"2016",2,"Winter","non-G-coded","female",">=7",118.11,">60",FALSE,FALSE,FALSE,FALSE,FALSE,FALSE,FALSE,FALSE,FALSE,FALSE,1,1,"singleton",1,0,1,0,1,0,1,0,1,0,0,12,"Lower tail"
"235644",24.85,1,2025-12-01,"41121286",32.1,"251411","854282维利纳诺","00418",1471,"2025",12,"Winter",2023-11-01,2024-06-02,17.9666666666667,FALSE,"2023",11,"Autumn","non-G-coded","female","1",24.85,"<=30",FALSE,FALSE,FALSE,FALSE,FALSE,FALSE,FALSE,FALSE,FALSE,FALSE,1,1,"singleton",1,0,1,0,1,0,1,0,0,0,0,12,"Lower tail"
"225458",35.86,2,2025-11-30,"41121286",29.4,"251403","甘露606318","800545",1490,"2025",11,"Autumn",2022-11-30,2023-07-02,28.9333333333333,FALSE,"2022",11,"Autumn","non-G-coded","female","2",35.86,"31-42",FALSE,FALSE,FALSE,FALSE,FALSE,FALSE,FALSE,FALSE,FALSE,FALSE,1,1,"singleton",1,0,1,0,1,0,1,0,1,0,0,11,"Lower tail"
"234059",34.48,2,2025-11-24,"41121286",29.5,"G53459","854282维利纳诺","00106",1535,"2025",11,"Autumn",2023-01-24,2023-09-02,26.7333333333333,FALSE,"2023",1,"Winter","G-coded","male","2",34.48,"31-42",FALSE,FALSE,FALSE,FALSE,FALSE,FALSE,FALSE,FALSE,FALSE,FALSE,1,1,"singleton",1,0,1,0,1,0,1,0,1,0,0,11,"Lower tail"
"225475",35.5,2,2025-11-21,"21219011",36.9,"G53439","甘露606318","800992",1572,"2025",11,"Autumn",2022-11-21,2023-07-02,28.6333333333333,FALSE,"2022",11,"Autumn","G-coded","male","2",35.5,"31-42",FALSE,FALSE,FALSE,FALSE,FALSE,FALSE,FALSE,FALSE,FALSE,FALSE,1,1,"singleton",1,0,0,0,1,0,0,0,0,0,0,11,"Lower tail"
"235405",26.13,1,2025-11-20,"21219011",36.6,"G53432","公牛","202030",1581,"2025",11,"Autumn",2023-09-20,2024-05-02,18.6,FALSE,"2023",9,"Autumn","G-coded","male","1",26.13,"<=30",FALSE,FALSE,FALSE,FALSE,FALSE,FALSE,FALSE,FALSE,FALSE,FALSE,1,1,"singleton",1,0,0,0,1,0,0,0,0,0,0,11,"Lower tail"
"235035",28.34,1,2025-11-19,"41121296",32.4,"G53420","854773威吉吉","62207",1597,"2025",11,"Autumn",2023-07-19,2024-03-02,20.5666666666667,FALSE,"2023",7,"Summer","G-coded","male","1",28.34,"<=30",FALSE,FALSE,FALSE,FALSE,FALSE,FALSE,FALSE,FALSE,FALSE,FALSE,1,1,"singleton",1,0,1,0,1,0,1,0,0,0,0,11,"Lower tail"
"235473",25.41,1,2025-11-12,"21219011",37.1,"G53391L","7402563907","61065",1660,"2025",11,"Autumn",2023-10-12,2024-06-02,17.3333333333333,FALSE,"2023",10,"Autumn","G-coded","male","1",25.41,"<=30",FALSE,FALSE,FALSE,FALSE,FALSE,FALSE,FALSE,FALSE,FALSE,FALSE,1,1,"singleton",1,0,0,0,1,0,0,0,0,0,0,11,"Lower tail"
"61660",117.16,8,2025-11-12,"21219011",33.7,"251320",NA,NA,1663,"2025",11,"Autumn",2016-02-12,2016-10-02,109.333333333333,FALSE,"2016",2,"Winter","non-G-coded","female",">=7",117.16,">60",FALSE,FALSE,FALSE,FALSE,FALSE,FALSE,FALSE,FALSE,FALSE,FALSE,1,1,"singleton",1,0,0,0,1,0,1,0,0,0,0,11,"Lower tail"
"00401",79.16,5,2025-11-12,"41121286",35.7,"G53388","171790","12114",1667,"2025",11,"Autumn",2019-04-12,2019-12-02,71.3333333333333,FALSE,"2019",4,"Spring","G-coded","male","5",79.16,">60",FALSE,FALSE,FALSE,FALSE,FALSE,FALSE,FALSE,FALSE,FALSE,FALSE,1,1,"singleton",1,0,0,0,1,0,1,0,0,0,0,11,"Lower tail"
"235022",28.11,1,2025-11-11,"41121286",36.4,"G53383L","XM-22218621","61542",1680,"2025",11,"Autumn",2023-07-11,2024-03-02,20.3,FALSE,"2023",7,"Summer","G-coded","male","1",28.11,"<=30",FALSE,FALSE,FALSE,FALSE,FALSE,FALSE,FALSE,FALSE,FALSE,FALSE,1,1,"singleton",1,0,0,0,1,0,0,0,0,0,0,11,"Lower tail"
"01453",72.78,3,2025-11-10,"41121286",33.2,"G53373",NA,NA,1694,"2025",11,"Autumn",2019-10-10,2020-06-02,65.2666666666667,FALSE,"2019",10,"Autumn","G-coded","male","3",72.78,">60",FALSE,FALSE,FALSE,FALSE,FALSE,FALSE,FALSE,FALSE,FALSE,FALSE,1,1,"singleton",1,0,1,0,1,0,1,0,0,0,0,11,"Lower tail"
"800498",87.94,5,2025-11-09,"41121286",30.2,"251306","171350","BU13023",1701,"2025",11,"Autumn",2018-07-09,2019-03-02,80.2333333333333,FALSE,"2018",7,"Summer","non-G-coded","female","5",87.94,">60",FALSE,FALSE,FALSE,FALSE,FALSE,FALSE,FALSE,FALSE,FALSE,FALSE,1,1,"singleton",1,0,1,0,1,0,1,0,0,0,0,11,"Lower tail"
"225285",36.85,2,2025-11-09,"21219011",32.2,"251308",NA,NA,1703,"2025",11,"Autumn",2022-10-09,2023-06-02,29.2333333333333,FALSE,"2022",10,"Autumn","non-G-coded","female","2",36.85,"31-42",FALSE,FALSE,FALSE,FALSE,FALSE,FALSE,FALSE,FALSE,FALSE,FALSE,1,1,"singleton",1,0,1,0,1,0,1,0,0,0,0,11,"Lower tail"
"235233",26.69,1,2025-11-09,"41121286",36.2,"G53367","865530狼血","225602",1704,"2025",11,"Autumn",2023-08-09,2024-04-02,19.2333333333333,FALSE,"2023",8,"Summer","G-coded","male","1",26.69,"<=30",FALSE,FALSE,FALSE,FALSE,FALSE,FALSE,FALSE,FALSE,FALSE,FALSE,1,1,"singleton",1,0,0,0,1,0,0,0,0,0,0,11,"Lower tail"
"40630",117.55,7,2025-11-07,"65121614",35.3,"G53359",NA,NA,1723,"2025",11,"Autumn",2016-01-07,2016-09-02,110.166666666667,FALSE,"2016",1,"Winter","G-coded","male",">=7",117.55,">60",FALSE,FALSE,FALSE,FALSE,FALSE,FALSE,FALSE,FALSE,FALSE,FALSE,1,1,"singleton",1,0,0,0,1,0,1,0,0,0,0,11,"Lower tail"
"00344",79.22,5,2025-11-06,"65121614",30.5,"G53352","171790","62259",1727,"2025",11,"Autumn",2019-04-06,2019-12-02,71.1333333333333,FALSE,"2019",4,"Spring","G-coded","male","5",79.22,">60",FALSE,FALSE,FALSE,FALSE,FALSE,FALSE,FALSE,FALSE,FALSE,FALSE,1,1,"singleton",1,0,1,0,1,0,1,0,0,0,0,11,"Lower tail"
"213222",42.7,2,2025-11-06,"41121286",32.8,"G53357L","606045","201371",1729,"2025",11,"Autumn",2022-04-06,2022-12-02,35.1333333333333,FALSE,"2022",4,"Spring","G-coded","male","2",42.7,"43-60",FALSE,FALSE,FALSE,FALSE,FALSE,FALSE,FALSE,FALSE,FALSE,FALSE,1,1,"singleton",1,0,1,0,1,0,1,0,0,0,0,11,"Lower tail"
"235584",24.33,1,2025-11-06,"21219011",29.7,"G53353",NA,NA,1736,"2025",11,"Autumn",2023-11-06,2024-07-02,16.1333333333333,FALSE,"2023",11,"Autumn","G-coded","male","1",24.33,"<=30",FALSE,FALSE,FALSE,FALSE,FALSE,FALSE,FALSE,FALSE,FALSE,FALSE,1,1,"singleton",1,0,1,0,1,0,1,0,1,0,0,11,"Lower tail"
"235929",22.35,1,2025-10-30,"65121614",36.8,"G53328","854773威吉吉","213659",1792,"2025",10,"Autumn",2023-12-30,2024-09-02,13.9032258064516,TRUE,"2023",12,"Winter","G-coded","male","1",22.35,"<=30",FALSE,FALSE,FALSE,FALSE,FALSE,FALSE,FALSE,FALSE,FALSE,FALSE,1,1,"singleton",1,0,0,0,1,0,0,0,0,0,0,10,"Lower tail"
"235279",26.13,1,2025-10-28,"21219011",33.7,"G53314L",NA,NA,1811,"2025",10,"Autumn",2023-08-28,2024-05-02,17.8387096774194,FALSE,"2023",8,"Summer","G-coded","male","1",26.13,"<=30",FALSE,FALSE,FALSE,FALSE,FALSE,FALSE,FALSE,FALSE,FALSE,FALSE,1,1,"singleton",1,0,1,0,1,0,1,0,0,0,0,10,"Lower tail"
"201304",67.59,5,2025-10-26,"21219011",32.8,"251242","606244","L150112",1824,"2025",10,"Autumn",2020-02-26,2020-11-02,59.7741935483871,FALSE,"2020",2,"Winter","non-G-coded","female","5",67.59,">60",FALSE,FALSE,FALSE,FALSE,FALSE,FALSE,FALSE,FALSE,FALSE,FALSE,1,1,"singleton",1,0,0,0,1,0,1,0,0,0,0,10,"Lower tail"
"235412",25.25,1,2025-10-25,"21219011",29.8,"251239","7402563907","61686",1839,"2025",10,"Autumn",2023-09-25,2024-06-02,16.741935483871,FALSE,"2023",9,"Autumn","non-G-coded","female","1",25.25,"<=30",FALSE,FALSE,FALSE,FALSE,FALSE,FALSE,FALSE,FALSE,FALSE,FALSE,1,1,"singleton",1,0,1,0,1,0,1,0,1,0,0,10,"Lower tail"
"225243",36.65,2,2025-10-25,"22219929",32.5,"251238","865530","61698",1840,"2025",10,"Autumn",2022-09-25,2023-06-02,28.741935483871,FALSE,"2022",9,"Autumn","non-G-coded","female","2",36.65,"31-42",FALSE,FALSE,FALSE,FALSE,FALSE,FALSE,FALSE,FALSE,FALSE,FALSE,1,1,"singleton",1,0,0,0,1,0,1,0,0,0,0,10,"Lower tail"
"235535",24.23,1,2025-10-25,"41121286",30.6,"G53294L","854282维利纳诺","00381",1842,"2025",10,"Autumn",2023-10-25,2024-07-02,15.741935483871,FALSE,"2023",10,"Autumn","G-coded","male","1",24.23,"<=30",FALSE,FALSE,FALSE,FALSE,FALSE,FALSE,FALSE,FALSE,FALSE,FALSE,1,1,"singleton",1,0,1,0,1,0,1,0,0,0,0,10,"Lower tail"
"212240",56.74,4,2025-10-24,"41121286",32.6,"251230",NA,NA,1849,"2025",10,"Autumn",2021-01-24,2021-10-02,48.7096774193548,FALSE,"2021",1,"Winter","non-G-coded","female","4",56.74,"43-60",FALSE,FALSE,FALSE,FALSE,FALSE,FALSE,FALSE,FALSE,FALSE,FALSE,1,1,"singleton",1,0,0,0,1,0,1,0,0,0,0,10,"Lower tail"
"235309",25.77,1,2025-10-22,"41121286",29.3,"251222",NA,NA,1864,"2025",10,"Autumn",2023-08-22,2024-05-02,17.6451612903226,FALSE,"2023",8,"Summer","non-G-coded","female","1",25.77,"<=30",FALSE,FALSE,FALSE,FALSE,FALSE,FALSE,FALSE,FALSE,FALSE,FALSE,1,1,"singleton",1,0,1,0,1,0,1,0,1,0,0,10,"Lower tail"
"235123",26.86,1,2025-10-19,"21219011",29.6,"G53277L","854773威吉吉","62378",1893,"2025",10,"Autumn",2023-07-19,2024-04-02,18.5483870967742,FALSE,"2023",7,"Summer","G-coded","male","1",26.86,"<=30",FALSE,FALSE,FALSE,FALSE,FALSE,FALSE,FALSE,FALSE,FALSE,FALSE,1,1,"singleton",1,0,1,0,1,0,1,0,1,0,0,10,"Lower tail"
"225107",37.57,2,2025-10-18,"15619011",34.3,"G53267","西西弗斯180561","60763",1894,"2025",10,"Autumn",2022-08-18,2023-05-02,29.5161290322581,FALSE,"2022",8,"Summer","G-coded","male","2",37.57,"31-42",FALSE,FALSE,FALSE,FALSE,FALSE,FALSE,FALSE,FALSE,FALSE,FALSE,1,1,"singleton",1,0,1,0,1,0,1,0,0,0,0,10,"Lower tail"
"63016",115.84,6,2025-10-18,"41121286",32.6,"G53270",NA,NA,1897,"2025",10,"Autumn",2016-02-18,2016-11-02,107.516129032258,FALSE,"2016",2,"Winter","G-coded","male","6",115.84,">60",FALSE,FALSE,FALSE,FALSE,FALSE,FALSE,FALSE,FALSE,FALSE,FALSE,1,1,"singleton",1,0,1,0,1,0,1,0,0,0,0,10,"Lower tail"
"201553",65.81,4,2025-10-15,"15620193",33.2,"251198","606244","800367",1917,"2025",10,"Autumn",2020-04-15,2021-01-02,57.4193548387097,FALSE,"2020",4,"Spring","non-G-coded","female","4",65.81,">60",FALSE,FALSE,FALSE,FALSE,FALSE,FALSE,FALSE,FALSE,FALSE,FALSE,1,1,"singleton",1,0,0,0,1,0,1,0,0,0,0,10,"Lower tail"
"01031",73.04,5,2025-10-15,"41119226",34.6,"251200","186756","70460",1922,"2025",10,"Autumn",2019-09-15,2020-06-02,64.4193548387097,FALSE,"2019",9,"Autumn","non-G-coded","female","5",73.04,">60",FALSE,FALSE,FALSE,FALSE,FALSE,FALSE,FALSE,FALSE,FALSE,FALSE,1,1,"singleton",1,0,0,0,1,0,1,0,0,0,0,10,"Lower tail"
"201503",66.04,4,2025-10-14,"15618075",31.2,"251193","606244","60858",1928,"2025",10,"Autumn",2020-04-14,2021-01-02,57.3870967741936,FALSE,"2020",4,"Spring","non-G-coded","female","4",66.04,">60",FALSE,FALSE,FALSE,FALSE,FALSE,FALSE,FALSE,FALSE,FALSE,FALSE,1,1,"singleton",1,0,1,0,1,0,1,0,0,0,0,10,"Lower tail"
"235112",26.73,1,2025-10-13,"15620193",35.4,"G53251","854773威吉吉","800203",1933,"2025",10,"Autumn",2023-07-13,2024-04-02,18.3548387096774,FALSE,"2023",7,"Summer","G-coded","male","1",26.73,"<=30",FALSE,FALSE,FALSE,FALSE,FALSE,FALSE,FALSE,FALSE,FALSE,FALSE,1,1,"singleton",1,0,0,0,1,0,1,0,0,0,0,10,"Lower tail"
"235481",24.36,1,2025-10-12,"15618075",36.2,"G53248","854282维利纳诺","L1534",1944,"2025",10,"Autumn",2023-10-12,2024-07-02,15.3225806451613,FALSE,"2023",10,"Autumn","G-coded","male","1",24.36,"<=30",FALSE,FALSE,FALSE,FALSE,FALSE,FALSE,FALSE,FALSE,FALSE,FALSE,1,1,"singleton",1,0,0,0,1,0,0,0,0,0,0,10,"Lower tail"
"202658",48.78,2,2025-10-12,"15618075",33.4,"251189","2544424506","70301",1945,"2025",10,"Autumn",2021-09-12,2022-06-02,40.3225806451613,FALSE,"2021",9,"Autumn","non-G-coded","female","2",48.78,"43-60",FALSE,FALSE,FALSE,FALSE,FALSE,FALSE,FALSE,FALSE,FALSE,FALSE,1,1,"singleton",1,0,0,0,1,0,1,0,0,0,0,10,"Lower tail"
"L213657",95.73,7,2025-10-11,"15618075",34.6,"251182",NA,NA,1947,"2025",10,"Autumn",2017-10-11,2018-07-02,87.2903225806452,FALSE,"2017",10,"Autumn","non-G-coded","female",">=7",95.73,">60",FALSE,FALSE,FALSE,FALSE,FALSE,FALSE,FALSE,FALSE,FALSE,FALSE,1,1,"singleton",1,0,0,0,1,0,1,0,0,0,0,10,"Lower tail"
"235439",24.59,1,2025-10-11,"15621515",31.2,"251174","854282维利纳诺","140422",1948,"2025",10,"Autumn",2023-09-11,2024-06-02,16.2903225806452,FALSE,"2023",9,"Autumn","non-G-coded","female","1",24.59,"<=30",FALSE,FALSE,FALSE,FALSE,FALSE,FALSE,FALSE,FALSE,FALSE,FALSE,1,1,"singleton",1,0,1,0,1,0,1,0,0,0,0,10,"Lower tail"
"202303",50.62,3,2025-10-11,"15618075",32.8,"G53245","603268","Z61233",1950,"2025",10,"Autumn",2021-07-11,2022-04-02,42.2903225806452,FALSE,"2021",7,"Summer","G-coded","male","3",50.62,"43-60",FALSE,FALSE,FALSE,FALSE,FALSE,FALSE,FALSE,FALSE,FALSE,FALSE,1,1,"singleton",1,0,1,0,1,0,1,0,0,0,0,10,"Lower tail"
"213456",48.55,3,2025-10-11,"41221154",28.8,"251179","180781","62431",1951,"2025",10,"Autumn",2021-09-11,2022-06-02,40.2903225806452,FALSE,"2021",9,"Autumn","non-G-coded","female","3",48.55,"43-60",FALSE,FALSE,FALSE,FALSE,FALSE,FALSE,FALSE,FALSE,FALSE,FALSE,1,1,"singleton",1,0,1,0,1,0,1,0,1,0,0,10,"Lower tail"
"235300",25.44,1,2025-10-11,"15618939",33.2,"251176","865530狼血","62193",1955,"2025",10,"Autumn",2023-09-11,2024-06-02,16.2903225806452,FALSE,"2023",9,"Autumn","non-G-coded","female","1",25.44,"<=30",FALSE,FALSE,FALSE,FALSE,FALSE,FALSE,FALSE,FALSE,FALSE,FALSE,1,1,"singleton",1,0,0,0,1,0,1,0,0,0,0,10,"Lower tail"
"235379",24.98,1,2025-10-10,"41221179",34.2,"251171","865530狼血","800470",1967,"2025",10,"Autumn",2023-09-10,2024-06-02,16.258064516129,FALSE,"2023",9,"Autumn","non-G-coded","female","1",24.98,"<=30",FALSE,FALSE,FALSE,FALSE,FALSE,FALSE,FALSE,FALSE,FALSE,FALSE,1,1,"singleton",1,0,0,0,1,0,1,0,0,0,0,10,"Lower tail"
"01445",65.94,5,2025-10-10,"41221179",37.4,"G53235","606244","60174",1970,"2025",10,"Autumn",2020-04-10,2021-01-02,57.258064516129,FALSE,"2020",4,"Spring","G-coded","male","5",65.94,">60",FALSE,FALSE,FALSE,FALSE,FALSE,FALSE,FALSE,FALSE,FALSE,FALSE,1,1,"singleton",1,0,0,0,1,0,0,0,0,0,0,10,"Lower tail"
"213079L",25.21,1,2025-10-08,"15618075",36.3,"G53229",NA,NA,1980,"2025",10,"Autumn",2023-09-08,2024-06-02,16.1935483870968,FALSE,"2023",9,"Autumn","G-coded","male","1",25.21,"<=30",FALSE,FALSE,FALSE,FALSE,FALSE,FALSE,FALSE,FALSE,FALSE,FALSE,1,1,"singleton",1,0,0,0,1,0,0,0,0,0,0,10,"Lower tail"
"202323",59.34,4,2025-10-03,"22219929",33.6,"251144","163940","800977",2029,"2025",10,"Autumn",2020-11-03,2021-08-02,50.0322580645161,FALSE,"2020",11,"Autumn","non-G-coded","female","4",59.34,"43-60",FALSE,FALSE,FALSE,FALSE,FALSE,FALSE,FALSE,FALSE,FALSE,FALSE,1,1,"singleton",1,0,0,0,1,0,1,0,0,0,0,10,"Lower tail"
"H212612",52.3,2,2025-10-03,"15620193",30.8,"G53205","606306","00902",2031,"2025",10,"Autumn",2021-06-03,2022-03-02,43.0322580645161,FALSE,"2021",6,"Summer","G-coded","male","2",52.3,"43-60",FALSE,FALSE,FALSE,FALSE,FALSE,FALSE,FALSE,FALSE,FALSE,FALSE,1,1,"singleton",1,0,1,0,1,0,1,0,0,0,0,10,"Lower tail"
"225210",36.23,2,2025-10-02,"15618075",32.4,"251140","865530","61979",2033,"2025",10,"Autumn",2022-10-02,2023-07-02,27,FALSE,"2022",10,"Autumn","non-G-coded","female","2",36.23,"31-42",FALSE,FALSE,FALSE,FALSE,FALSE,FALSE,FALSE,FALSE,FALSE,FALSE,1,1,"singleton",1,0,0,0,1,0,1,0,0,0,0,10,"Lower tail"
"212095",56.87,3,2025-10-01,"15620193",32.8,"251136","7402563907","60783",2035,"2025",10,"Autumn",2021-01-01,2021-10-02,47.9666666666667,FALSE,"2021",1,"Winter","non-G-coded","female","3",56.87,"43-60",FALSE,FALSE,FALSE,FALSE,FALSE,FALSE,FALSE,FALSE,FALSE,FALSE,1,1,"singleton",1,0,0,0,1,0,1,0,0,0,0,10,"Lower tail"
"01530",77.48,5,2025-10-01,"15621515",25.4,"251137",NA,NA,2036,"2025",10,"Autumn",2019-05-01,2020-02-02,67.9666666666667,FALSE,"2019",5,"Spring","non-G-coded","female","5",77.48,">60",FALSE,FALSE,FALSE,FALSE,FALSE,FALSE,FALSE,FALSE,FALSE,FALSE,1,1,"singleton",1,0,1,0,1,0,1,0,1,0,0,10,"Lower tail"
"235278",25.21,1,2025-10-01,"15618075",30.7,"G53199",NA,"212828",2038,"2025",10,"Autumn",2023-09-01,2024-06-02,15.9666666666667,FALSE,"2023",9,"Autumn","G-coded","male","1",25.21,"<=30",FALSE,FALSE,FALSE,FALSE,FALSE,FALSE,FALSE,FALSE,FALSE,FALSE,1,1,"singleton",1,0,1,0,1,0,1,0,0,0,0,10,"Lower tail"
"235341",24.95,1,2025-10-01,"15620193",35.7,"G53198","7029225762","00360",2040,"2025",10,"Autumn",2023-09-01,2024-06-02,15.9666666666667,FALSE,"2023",9,"Autumn","G-coded","male","1",24.95,"<=30",FALSE,FALSE,FALSE,FALSE,FALSE,FALSE,FALSE,FALSE,FALSE,FALSE,1,1,"singleton",1,0,0,0,1,0,1,0,0,0,0,10,"Lower tail"
"225387",34.55,1,2025-09-30,"15620193",35.7,"G53197","甘露606318","00007",2055,"2025",9,"Autumn",2022-10-30,2023-08-02,25.9333333333333,FALSE,"2022",10,"Autumn","G-coded","male","1",34.55,"31-42",FALSE,FALSE,FALSE,FALSE,FALSE,FALSE,FALSE,FALSE,FALSE,FALSE,1,1,"singleton",1,0,0,0,1,0,1,0,0,0,0,9,"Lower tail"
"235133",26.1,1,2025-09-28,"15618075",31.5,"251121","公牛","60150",2067,"2025",9,"Autumn",2023-07-28,2024-05-02,16.8666666666667,FALSE,"2023",7,"Summer","non-G-coded","female","1",26.1,"<=30",FALSE,FALSE,FALSE,FALSE,FALSE,FALSE,FALSE,FALSE,FALSE,FALSE,1,1,"singleton",1,0,1,0,1,0,1,0,0,0,0,9,"Lower tail"
"213417",48.22,3,2025-09-25,"15618939",30.2,"251110",NA,NA,2095,"2025",9,"Autumn",2021-09-25,2022-07-02,38.7666666666667,FALSE,"2021",9,"Autumn","non-G-coded","female","3",48.22,"43-60",FALSE,FALSE,FALSE,FALSE,FALSE,FALSE,FALSE,FALSE,FALSE,FALSE,1,1,"singleton",1,0,1,0,1,0,1,0,0,0,0,9,"Lower tail"
"213506",47.7,3,2025-09-23,"41121286",24.6,"251103","606306","00865",2116,"2025",9,"Autumn",2021-09-23,2022-07-02,38.7,FALSE,"2021",9,"Autumn","non-G-coded","female","3",47.7,"43-60",TRUE,FALSE,FALSE,FALSE,FALSE,FALSE,FALSE,FALSE,FALSE,FALSE,1,1,"singleton",1,0,1,0,1,0,1,0,1,0,0,9,"Lower tail"
"235301",24.75,1,2025-09-20,"15620193",33.7,"251086","7402563907","30448",2139,"2025",9,"Autumn",2023-08-20,2024-06-02,15.6,FALSE,"2023",8,"Summer","non-G-coded","female","1",24.75,"<=30",FALSE,FALSE,FALSE,FALSE,FALSE,FALSE,FALSE,FALSE,FALSE,FALSE,1,1,"singleton",1,0,0,0,1,0,1,0,0,0,0,9,"Lower tail"
"201396",65.94,4,2025-09-20,"15620193",28.4,"251090","606244","62125",2141,"2025",9,"Autumn",2020-03-20,2021-01-02,56.6,FALSE,"2020",3,"Spring","non-G-coded","female","4",65.94,">60",FALSE,FALSE,FALSE,FALSE,FALSE,FALSE,FALSE,FALSE,FALSE,FALSE,1,1,"singleton",1,0,1,0,1,0,1,0,1,0,0,9,"Lower tail"
"225405",33.99,2,2025-09-19,"15618075",36.6,"G53142","7028157563","60905",2147,"2025",9,"Autumn",2022-11-19,2023-09-02,24.5666666666667,FALSE,"2022",11,"Autumn","G-coded","male","2",33.99,"31-42",FALSE,FALSE,FALSE,FALSE,FALSE,FALSE,FALSE,FALSE,FALSE,FALSE,1,1,"singleton",1,0,0,0,1,0,0,0,0,0,0,9,"Lower tail"
"201022",68.51,4,2025-09-19,"15618075",32.3,"251083","41116220","60501",2152,"2025",9,"Autumn",2019-12-19,2020-10-02,59.5666666666667,FALSE,"2019",12,"Winter","non-G-coded","female","4",68.51,">60",FALSE,FALSE,FALSE,FALSE,FALSE,FALSE,FALSE,FALSE,FALSE,FALSE,1,1,"singleton",1,0,0,0,1,0,1,0,0,0,0,9,"Lower tail"
"00356L",58.19,3,2025-09-18,"15620193",37.2,"G53139",NA,NA,2155,"2025",9,"Autumn",2020-11-18,2021-09-02,48.5333333333333,FALSE,"2020",11,"Autumn","G-coded","male","3",58.19,"43-60",FALSE,FALSE,FALSE,FALSE,FALSE,FALSE,FALSE,FALSE,FALSE,FALSE,1,1,"singleton",1,0,0,0,1,0,0,0,0,0,0,9,"Lower tail"
"213075",24.65,1,2025-09-18,"15618075",33.8,"251081","854282维利纳诺","201474",2156,"2025",9,"Autumn",2023-08-18,2024-06-02,15.5333333333333,FALSE,"2023",8,"Summer","non-G-coded","female","1",24.65,"<=30",FALSE,FALSE,FALSE,FALSE,FALSE,FALSE,FALSE,FALSE,FALSE,FALSE,1,1,"singleton",1,0,0,0,1,0,1,0,0,0,0,9,"Lower tail"
"60495",107.17,7,2025-09-14,"14121448",34.3,"251070",NA,NA,2181,"2025",9,"Autumn",2016-10-14,2017-08-02,97.4,FALSE,"2016",10,"Autumn","non-G-coded","female",">=7",107.17,">60",FALSE,FALSE,FALSE,FALSE,FALSE,FALSE,FALSE,FALSE,FALSE,FALSE,1,1,"singleton",1,0,0,0,1,0,1,0,0,0,0,9,"Lower tail"
"212389",54.34,3,2025-09-14,"15618075",34.6,"251067","180781","00184",2185,"2025",9,"Autumn",2021-03-14,2022-01-02,44.4,FALSE,"2021",3,"Spring","non-G-coded","female","3",54.34,"43-60",FALSE,FALSE,FALSE,FALSE,FALSE,FALSE,FALSE,FALSE,FALSE,FALSE,1,1,"singleton",1,0,0,0,1,0,1,0,0,0,0,9,"Lower tail"
"235239L",24.82,1,2025-09-14,"863302",37.5,"G53117",NA,NA,2186,"2025",9,"Autumn",2023-08-14,2024-06-02,15.4,FALSE,"2023",8,"Summer","G-coded","male","1",24.82,"<=30",FALSE,FALSE,FALSE,FALSE,FALSE,FALSE,FALSE,FALSE,FALSE,FALSE,1,1,"singleton",1,0,0,0,1,0,0,0,0,0,0,9,"Lower tail"
"234006",32.54,2,2025-09-12,"15620193",33.8,"251058",NA,NA,2199,"2025",9,"Autumn",2022-12-12,2023-10-02,23.3333333333333,FALSE,"2022",12,"Winter","non-G-coded","female","2",32.54,"31-42",FALSE,FALSE,FALSE,FALSE,FALSE,FALSE,FALSE,FALSE,FALSE,FALSE,1,1,"singleton",1,0,0,0,1,0,1,0,0,0,0,9,"Lower tail"
"H213039",50.1,3,2025-09-03,"863302",35.4,"G53083","180781","50236",2253,"2025",9,"Autumn",2021-07-03,2022-05-02,40.0333333333333,FALSE,"2021",7,"Summer","G-coded","male","3",50.1,"43-60",FALSE,FALSE,FALSE,FALSE,FALSE,FALSE,FALSE,FALSE,FALSE,FALSE,1,1,"singleton",1,0,0,0,1,0,1,0,0,0,0,9,"Lower tail"
"235182",24.72,1,2025-08-29,"863302",26.4,"G53070",NA,"01040",2278,"2025",8,"Summer",2023-07-29,2024-06-02,14.8709677419355,TRUE,"2023",7,"Summer","G-coded","male","1",24.72,"<=30",FALSE,FALSE,FALSE,FALSE,FALSE,FALSE,FALSE,FALSE,FALSE,FALSE,1,1,"singleton",1,0,1,0,1,0,1,0,1,0,0,8,"Lower tail"
"201056",67.55,4,2025-08-29,"863302",30,"251029","606192","128",2279,"2025",8,"Summer",2019-12-29,2020-11-02,57.8709677419355,FALSE,"2019",12,"Winter","non-G-coded","female","4",67.55,">60",FALSE,FALSE,FALSE,FALSE,FALSE,FALSE,FALSE,FALSE,FALSE,FALSE,1,1,"singleton",1,0,1,0,1,0,1,0,0,0,0,8,"Lower tail"
"212760",51.84,3,2025-08-24,NA,31.3,"G53058","186967","00640",2293,"2025",8,"Summer",2021-04-24,2022-03-02,41.7096774193548,FALSE,"2021",4,"Spring","G-coded","male","3",51.84,"43-60",FALSE,FALSE,FALSE,FALSE,FALSE,FALSE,FALSE,FALSE,FALSE,FALSE,1,1,"singleton",1,0,1,0,1,0,1,0,0,0,0,8,"Lower tail"
"213896",44.02,3,2025-08-21,"863302",28.8,"G53048","854062","61916",2306,"2025",8,"Summer",2021-12-21,2022-11-02,33.6129032258064,FALSE,"2021",12,"Winter","G-coded","male","3",44.02,"43-60",FALSE,FALSE,FALSE,FALSE,FALSE,FALSE,FALSE,FALSE,FALSE,FALSE,1,1,"singleton",1,0,1,0,1,0,1,0,1,0,0,8,"Lower tail"
"201690",63.15,4,2025-08-20,"15620193",31.4,"251017",NA,NA,2310,"2025",8,"Summer",2020-05-20,2021-04-02,52.5806451612903,FALSE,"2020",5,"Spring","non-G-coded","female","4",63.15,">60",FALSE,FALSE,FALSE,FALSE,FALSE,FALSE,FALSE,FALSE,FALSE,FALSE,1,1,"singleton",1,0,1,0,1,0,1,0,0,0,0,8,"Lower tail"
"800532",84.78,5,2025-08-20,"863302",33.4,"G53047",NA,NA,2312,"2025",8,"Summer",2018-07-20,2019-06-02,74.5806451612903,FALSE,"2018",7,"Summer","G-coded","male","5",84.78,">60",FALSE,FALSE,FALSE,FALSE,FALSE,FALSE,FALSE,FALSE,FALSE,FALSE,1,1,"singleton",1,0,1,0,1,0,1,0,0,0,0,8,"Lower tail"
"235314",23.67,1,2025-08-20,"863302",32,"G53045",NA,NA,2315,"2025",8,"Summer",2023-08-20,2024-07-02,13.5806451612903,TRUE,"2023",8,"Summer","G-coded","male","1",23.67,"<=30",FALSE,FALSE,FALSE,FALSE,FALSE,FALSE,FALSE,FALSE,FALSE,FALSE,1,1,"singleton",1,0,1,0,1,0,1,0,0,0,0,8,"Lower tail"
"91116",108.22,7,2025-08-19,"863302",34.2,"G53043",NA,NA,2320,"2025",8,"Summer",2016-08-19,2017-07-02,97.5483870967742,FALSE,"2016",8,"Summer","G-coded","male",">=7",108.22,">60",FALSE,FALSE,FALSE,FALSE,FALSE,FALSE,FALSE,FALSE,FALSE,FALSE,1,1,"singleton",1,0,1,0,1,0,1,0,0,0,0,8,"Lower tail"
"801011",80.34,5,2025-08-18,"15618075",23.8,"251011","171350","61593",2328,"2025",8,"Summer",2018-12-18,2019-11-02,69.5161290322581,FALSE,"2018",12,"Winter","non-G-coded","female","5",80.34,">60",TRUE,FALSE,FALSE,FALSE,FALSE,FALSE,FALSE,FALSE,FALSE,FALSE,1,1,"singleton",1,0,1,0,1,0,1,0,1,0,0,8,"Lower tail"
"800873",81.07,6,2025-08-15,"863302",32.5,"251002","171350","60942",2338,"2025",8,"Summer",2018-11-15,2019-10-02,70.4193548387097,FALSE,"2018",11,"Autumn","non-G-coded","female","6",81.07,">60",FALSE,FALSE,FALSE,FALSE,FALSE,FALSE,FALSE,FALSE,FALSE,FALSE,1,1,"singleton",1,0,0,0,1,0,1,0,0,0,0,8,"Lower tail"
"H800899",101.12,7,2025-08-11,"22121209",28.3,"250998",NA,NA,2355,"2025",8,"Summer",2017-03-11,2018-02-02,90.2903225806452,FALSE,"2017",3,"Spring","non-G-coded","female",">=7",101.12,">60",FALSE,FALSE,FALSE,FALSE,FALSE,FALSE,FALSE,FALSE,FALSE,FALSE,1,1,"singleton",1,0,1,0,1,0,1,0,1,0,0,8,"Lower tail"
"L213343",47.21,3,2025-08-11,"41121222",32.4,"G53021",NA,NA,2356,"2025",8,"Summer",2021-09-11,2022-08-02,36.2903225806452,FALSE,"2021",9,"Autumn","G-coded","male","3",47.21,"43-60",FALSE,FALSE,FALSE,FALSE,FALSE,FALSE,FALSE,FALSE,FALSE,FALSE,1,1,"singleton",1,0,1,0,1,0,1,0,0,0,0,8,"Lower tail"
"70504",96.15,6,2025-08-11,"863302",21.2,"250997",NA,NA,2358,"2025",8,"Summer",2017-08-11,2018-07-02,85.2903225806452,FALSE,"2017",8,"Summer","non-G-coded","female","6",96.15,">60",TRUE,FALSE,FALSE,FALSE,FALSE,FALSE,FALSE,FALSE,FALSE,FALSE,1,1,"singleton",1,0,1,0,1,0,1,0,1,0,0,8,"Lower tail"
"91120",114.04,8,2025-08-11,"15618075",36.5,"G53018",NA,NA,2359,"2025",8,"Summer",2016-02-11,2017-01-02,103.290322580645,FALSE,"2016",2,"Winter","G-coded","male",">=7",114.04,">60",FALSE,FALSE,FALSE,FALSE,FALSE,FALSE,FALSE,FALSE,FALSE,FALSE,1,1,"singleton",1,0,0,0,1,0,0,0,0,0,0,8,"Lower tail"
"235206",23.83,1,2025-08-08,"22220607",33.6,"250989",NA,NA,2367,"2025",8,"Summer",2023-08-08,2024-07-02,13.1935483870968,TRUE,"2023",8,"Summer","non-G-coded","female","1",23.83,"<=30",FALSE,FALSE,FALSE,FALSE,FALSE,FALSE,FALSE,FALSE,FALSE,FALSE,1,1,"singleton",1,0,0,0,1,0,1,0,0,0,0,8,"Lower tail"
"00810",73.5,5,2025-08-06,"22220107",31.3,"250978","167285","61332",2382,"2025",8,"Summer",2019-06-06,2020-05-02,63.1290322580645,FALSE,"2019",6,"Summer","non-G-coded","female","5",73.5,">60",FALSE,FALSE,FALSE,FALSE,FALSE,FALSE,FALSE,FALSE,FALSE,FALSE,1,1,"singleton",1,0,1,0,1,0,1,0,0,0,0,8,"Lower tail"
"212151",41.26,1,2025-08-06,"22220783",33.8,"G53009","180781","70208",2385,"2025",8,"Summer",2022-03-06,2023-02-02,30.1290322580645,FALSE,"2022",3,"Spring","G-coded","male","1",41.26,"31-42",FALSE,FALSE,FALSE,FALSE,FALSE,FALSE,FALSE,FALSE,FALSE,FALSE,1,1,"singleton",1,0,1,0,1,0,1,0,0,0,0,8,"Lower tail"
"60635",114.46,5,2025-08-04,"863302",34.3,"250973",NA,NA,2394,"2025",8,"Summer",2016-02-04,2017-01-02,103.064516129032,FALSE,"2016",2,"Winter","non-G-coded","female","5",114.46,">60",FALSE,FALSE,FALSE,FALSE,FALSE,FALSE,FALSE,FALSE,FALSE,FALSE,1,1,"singleton",1,0,0,0,1,0,1,0,0,0,0,8,"Lower tail"
"234074",25.61,1,2025-08-03,"863302",28.6,"250970",NA,NA,2400,"2025",8,"Summer",2023-06-03,2024-05-02,15.0322580645161,FALSE,"2023",6,"Summer","non-G-coded","female","1",25.61,"<=30",FALSE,FALSE,FALSE,FALSE,FALSE,FALSE,FALSE,FALSE,FALSE,FALSE,1,1,"singleton",1,0,1,0,1,0,1,0,1,0,0,8,"Lower tail"
"225629",31.23,1,2025-08-02,"41122238",35.3,"G52998","854282维利纳诺","201294",2408,"2025",8,"Summer",2023-01-02,2023-12-02,20,FALSE,"2023",1,"Winter","G-coded","male","1",31.23,"31-42",FALSE,FALSE,FALSE,FALSE,FALSE,FALSE,FALSE,FALSE,FALSE,FALSE,1,1,"singleton",1,0,0,0,1,0,1,0,0,0,0,8,"Lower tail"
"235087",24.56,1,2025-08-02,"863302",30.6,"250966","XM-22218621","202302",2409,"2025",8,"Summer",2023-07-02,2024-06-02,14,TRUE,"2023",7,"Summer","non-G-coded","female","1",24.56,"<=30",FALSE,FALSE,FALSE,FALSE,FALSE,FALSE,FALSE,FALSE,FALSE,FALSE,1,1,"singleton",1,0,1,0,1,0,1,0,0,0,0,8,"Lower tail"
"65029",91.95,6,2025-08-02,"15621315",34.7,"250968",NA,NA,2410,"2025",8,"Summer",2017-12-02,2018-11-02,81,FALSE,"2017",12,"Winter","non-G-coded","female","6",91.95,">60",FALSE,FALSE,FALSE,FALSE,FALSE,FALSE,FALSE,FALSE,FALSE,FALSE,1,1,"singleton",1,0,0,0,1,0,1,0,0,0,0,8,"Lower tail"
"225009",36.03,2,2025-08-02,"15621315",27.8,"250967","606045","01178",2411,"2025",8,"Summer",2022-08-02,2023-07-02,25,FALSE,"2022",8,"Summer","non-G-coded","female","2",36.03,"31-42",FALSE,FALSE,FALSE,FALSE,FALSE,FALSE,FALSE,FALSE,FALSE,FALSE,1,1,"singleton",1,0,1,0,1,0,1,0,1,0,0,8,"Lower tail"
"224194",41.88,2,2025-08-01,"863302",36.4,"G52992",NA,NA,2416,"2025",8,"Summer",2022-02-01,2023-01-02,30.9677419354839,FALSE,"2022",2,"Winter","G-coded","male","2",41.88,"31-42",FALSE,FALSE,FALSE,FALSE,FALSE,FALSE,FALSE,FALSE,FALSE,FALSE,1,1,"singleton",1,0,0,0,1,0,0,0,0,0,0,8,"Lower tail"
"61818",114.27,8,2025-08-01,"41122202",25.7,"G52996",NA,NA,2417,"2025",8,"Summer",2016-02-01,2017-01-02,102.967741935484,FALSE,"2016",2,"Winter","G-coded","male",">=7",114.27,">60",FALSE,FALSE,FALSE,FALSE,FALSE,FALSE,FALSE,FALSE,FALSE,FALSE,1,1,"singleton",1,0,1,0,1,0,1,0,1,0,0,8,"Lower tail"
"65052",114.04,3,2025-07-31,"863302",31.2,"250958",NA,NA,2420,"2025",7,"Summer",2016-01-31,2017-01-02,102.935483870968,FALSE,"2016",1,"Winter","non-G-coded","female","3",114.04,">60",FALSE,FALSE,FALSE,FALSE,FALSE,FALSE,FALSE,FALSE,FALSE,FALSE,1,1,"singleton",1,0,1,0,1,0,1,0,0,0,0,7,"Lower tail"
"61752",114.46,7,2025-07-31,"863302",36.5,"G52990",NA,NA,2425,"2025",7,"Summer",2016-01-31,2017-01-02,102.935483870968,FALSE,"2016",1,"Winter","G-coded","male",">=7",114.46,">60",FALSE,FALSE,FALSE,FALSE,FALSE,FALSE,FALSE,FALSE,FALSE,FALSE,1,1,"singleton",1,0,0,0,1,0,0,0,0,0,0,7,"Lower tail"
"234743",26.5,1,2025-07-28,"863302",37.5,"G52980","7402563907","70238",2444,"2025",7,"Summer",2023-05-28,2024-05-02,14.8387096774194,TRUE,"2023",5,"Spring","G-coded","male","1",26.5,"<=30",FALSE,FALSE,FALSE,FALSE,FALSE,FALSE,FALSE,FALSE,FALSE,FALSE,1,1,"singleton",1,0,0,0,1,0,0,0,0,0,0,7,"Lower tail"
"234701",26.86,1,2025-07-28,"863302",36.6,"G52978","871041文尼哥","62457",2445,"2025",7,"Summer",2023-04-28,2024-04-02,15.8387096774194,FALSE,"2023",4,"Spring","G-coded","male","1",26.86,"<=30",FALSE,FALSE,FALSE,FALSE,FALSE,FALSE,FALSE,FALSE,FALSE,FALSE,1,1,"singleton",1,0,0,0,1,0,0,0,0,0,0,7,"Lower tail"
"213330",46.84,2,2025-07-28,"22220783",32.5,"250949",NA,NA,2446,"2025",7,"Summer",2021-08-28,2022-08-02,35.8387096774194,FALSE,"2021",8,"Summer","non-G-coded","female","2",46.84,"43-60",FALSE,FALSE,FALSE,FALSE,FALSE,FALSE,FALSE,FALSE,FALSE,FALSE,1,1,"singleton",1,0,0,0,1,0,1,0,0,0,0,7,"Lower tail"
"234833",25.84,1,2025-07-28,"863302",32.7,"G52977","865530狼血","60714",2448,"2025",7,"Summer",2023-05-28,2024-05-02,14.8387096774194,TRUE,"2023",5,"Spring","G-coded","male","1",25.84,"<=30",FALSE,FALSE,FALSE,FALSE,FALSE,FALSE,FALSE,FALSE,FALSE,FALSE,1,1,"singleton",1,0,1,0,1,0,1,0,0,0,0,7,"Lower tail"
"60294",111.01,7,2025-07-28,"41122218",30.8,"G52976","426585","1498",2449,"2025",7,"Summer",2016-04-28,2017-04-02,99.8387096774194,FALSE,"2016",4,"Spring","G-coded","male",">=7",111.01,">60",FALSE,FALSE,FALSE,FALSE,FALSE,FALSE,FALSE,FALSE,FALSE,FALSE,1,1,"singleton",1,0,1,0,1,0,1,0,0,0,0,7,"Lower tail"
"00526",74.72,4,2025-07-27,"15222825",34.7,"G52972",NA,NA,2452,"2025",7,"Summer",2019-04-27,2020-04-02,63.8064516129032,FALSE,"2019",4,"Spring","G-coded","male","4",74.72,">60",FALSE,FALSE,FALSE,FALSE,FALSE,FALSE,FALSE,FALSE,FALSE,FALSE,1,1,"singleton",1,0,0,0,1,0,1,0,0,0,0,7,"Lower tail"
"202543",55.98,3,2025-07-26,NA,27.3,"G52967","180600","Z70687",2464,"2025",7,"Summer",2020-11-26,2021-11-02,44.7741935483871,FALSE,"2020",11,"Autumn","G-coded","male","3",55.98,"43-60",FALSE,FALSE,FALSE,FALSE,FALSE,FALSE,FALSE,FALSE,FALSE,FALSE,1,1,"singleton",1,0,1,0,1,0,1,0,1,0,0,7,"Lower tail"
"201869",62.52,2,2025-07-26,"22220107",37.5,"G52965",NA,NA,2465,"2025",7,"Summer",2020-04-26,2021-04-02,51.7741935483871,FALSE,"2020",4,"Spring","G-coded","male","2",62.52,">60",FALSE,FALSE,FALSE,FALSE,FALSE,FALSE,FALSE,FALSE,FALSE,FALSE,1,1,"singleton",1,0,0,0,1,0,0,0,0,0,0,7,"Lower tail"
"60558",104.24,6,2025-07-25,"22121105",36.7,"G52962",NA,NA,2466,"2025",7,"Summer",2016-11-25,2017-11-02,92.741935483871,FALSE,"2016",11,"Autumn","G-coded","male","6",104.24,">60",FALSE,FALSE,FALSE,FALSE,FALSE,FALSE,FALSE,FALSE,FALSE,FALSE,1,1,"singleton",1,0,0,0,1,0,0,0,0,0,0,7,"Lower tail"
"202191",57.73,4,2025-07-23,"15621315",28.6,"250938",NA,NA,2472,"2025",7,"Summer",2020-09-23,2021-09-02,46.6774193548387,FALSE,"2020",9,"Autumn","non-G-coded","female","4",57.73,"43-60",FALSE,FALSE,FALSE,FALSE,FALSE,FALSE,FALSE,FALSE,FALSE,FALSE,1,1,"singleton",1,0,1,0,1,0,1,0,1,0,0,7,"Lower tail"
"212515",52.01,3,2025-07-23,"41221174",36.3,"G52956","62544424506","70693",2477,"2025",7,"Summer",2021-03-23,2022-03-02,40.6774193548387,FALSE,"2021",3,"Spring","G-coded","male","3",52.01,"43-60",FALSE,FALSE,FALSE,FALSE,FALSE,FALSE,FALSE,FALSE,FALSE,FALSE,1,1,"singleton",1,0,0,0,1,0,0,0,0,0,0,7,"Lower tail"
"800937L",79.88,5,2025-07-23,"11122975",37.3,"G52959",NA,NA,2479,"2025",7,"Summer",2018-11-23,2019-11-02,68.6774193548387,FALSE,"2018",11,"Autumn","G-coded","male","5",79.88,">60",FALSE,FALSE,FALSE,FALSE,FALSE,FALSE,FALSE,FALSE,FALSE,FALSE,1,1,"singleton",1,0,0,0,1,0,0,0,0,0,0,7,"Lower tail"
"234996",28.3,1,2025-07-22,"41221174",34.6,"250934",NA,NA,2480,"2025",7,"Summer",2023-03-22,2024-03-02,16.6451612903226,FALSE,"2023",3,"Spring","non-G-coded","female","1",28.3,"<=30",FALSE,FALSE,FALSE,FALSE,FALSE,FALSE,FALSE,FALSE,FALSE,FALSE,1,1,"singleton",1,0,0,0,1,0,1,0,0,0,0,7,"Lower tail"
"234810",25.77,1,2025-07-22,"863302",34.5,"250937",NA,"212860",2485,"2025",7,"Summer",2023-05-22,2024-05-02,14.6451612903226,TRUE,"2023",5,"Spring","non-G-coded","female","1",25.77,"<=30",FALSE,FALSE,FALSE,FALSE,FALSE,FALSE,FALSE,FALSE,FALSE,FALSE,1,1,"singleton",1,0,0,0,1,0,1,0,0,0,0,7,"Lower tail"
"201642",62.43,1,2025-07-20,"863302",37.2,"G52947",NA,NA,2501,"2025",7,"Summer",2020-05-20,2021-05-02,50.5806451612903,FALSE,"2020",5,"Spring","G-coded","male","1",62.43,">60",FALSE,FALSE,FALSE,FALSE,FALSE,FALSE,FALSE,FALSE,FALSE,FALSE,1,1,"singleton",1,0,0,0,1,0,0,0,0,0,0,7,"Lower tail"
"61339",113.31,6,2025-07-17,"15621171",37.1,"G52936",NA,NA,2518,"2025",7,"Summer",2016-02-17,2017-02-02,101.483870967742,FALSE,"2016",2,"Winter","G-coded","male","6",113.31,">60",FALSE,FALSE,FALSE,FALSE,FALSE,FALSE,FALSE,FALSE,FALSE,FALSE,1,1,"singleton",1,0,0,0,1,0,0,0,0,0,0,7,"Lower tail"
"213533",45.3,2,2025-07-17,"863302",26.2,"G52934",NA,NA,2523,"2025",7,"Summer",2021-10-17,2022-10-02,33.4838709677419,FALSE,"2021",10,"Autumn","G-coded","male","2",45.3,"43-60",FALSE,FALSE,FALSE,FALSE,FALSE,FALSE,FALSE,FALSE,FALSE,FALSE,1,1,"singleton",1,0,1,0,1,0,1,0,1,0,0,7,"Lower tail"
"225062",34.88,2,2025-07-17,"22220525",32.4,"G52937","甘露606318","201968",2524,"2025",7,"Summer",2022-08-17,2023-08-02,23.4838709677419,FALSE,"2022",8,"Summer","G-coded","male","2",34.88,"31-42",FALSE,FALSE,FALSE,FALSE,FALSE,FALSE,FALSE,FALSE,FALSE,FALSE,1,1,"singleton",1,0,1,0,1,0,1,0,0,0,0,7,"Lower tail"
"225506",31.13,1,2025-07-16,"41121912",33.4,"250912","871041文尼哥","62548",2526,"2025",7,"Summer",2022-12-16,2023-12-02,19.4516129032258,FALSE,"2022",12,"Winter","non-G-coded","female","1",31.13,"31-42",FALSE,FALSE,FALSE,FALSE,FALSE,FALSE,FALSE,FALSE,FALSE,FALSE,1,1,"singleton",1,0,0,0,1,0,1,0,0,0,0,7,"Lower tail"
"212835L",50.33,3,2025-07-16,"863302",30.5,"G52932",NA,NA,2527,"2025",7,"Summer",2021-05-16,2022-05-02,38.4516129032258,FALSE,"2021",5,"Spring","G-coded","male","3",50.33,"43-60",FALSE,FALSE,FALSE,FALSE,FALSE,FALSE,FALSE,FALSE,FALSE,FALSE,1,1,"singleton",1,0,1,0,1,0,1,0,0,0,0,7,"Lower tail"
"800246",87.02,6,2025-07-16,"41122238",31.3,"250913",NA,NA,2532,"2025",7,"Summer",2018-04-16,2019-04-02,75.4516129032258,FALSE,"2018",4,"Spring","non-G-coded","female","6",87.02,">60",FALSE,FALSE,FALSE,FALSE,FALSE,FALSE,FALSE,FALSE,FALSE,FALSE,1,1,"singleton",1,0,1,0,1,0,1,0,0,0,0,7,"Lower tail"
"217023",41.98,2,2025-07-14,"863302",33,"G52929",NA,NA,2535,"2025",7,"Summer",2022-01-14,2023-01-02,30.3870967741935,FALSE,"2022",1,"Winter","G-coded","male","2",41.98,"31-42",FALSE,FALSE,FALSE,FALSE,FALSE,FALSE,FALSE,FALSE,FALSE,FALSE,1,1,"singleton",1,0,1,0,1,0,1,0,0,0,0,7,"Lower tail"
"234602",26.99,1,2025-07-14,"863302",36.2,"G52930","7402563907","L60048",2536,"2025",7,"Summer",2023-04-14,2024-04-02,15.3870967741935,FALSE,"2023",4,"Spring","G-coded","male","1",26.99,"<=30",FALSE,FALSE,FALSE,FALSE,FALSE,FALSE,FALSE,FALSE,FALSE,FALSE,1,1,"singleton",1,0,0,0,1,0,0,0,0,0,0,7,"Lower tail"
"800179",87.61,6,2025-07-12,"24122442",32.6,"G52921",NA,NA,2549,"2025",7,"Summer",2018-03-12,2019-03-02,76.3225806451613,FALSE,"2018",3,"Spring","G-coded","male","6",87.61,">60",FALSE,FALSE,FALSE,FALSE,FALSE,FALSE,FALSE,FALSE,FALSE,FALSE,1,1,"singleton",1,0,1,0,1,0,1,0,0,0,0,7,"Lower tail"
"234550",27.25,1,2025-07-11,"22219919",33.2,"250899","7402563907","800848",2555,"2025",7,"Summer",2023-04-11,2024-04-02,15.2903225806452,FALSE,"2023",4,"Spring","non-G-coded","female","1",27.25,"<=30",FALSE,FALSE,FALSE,FALSE,FALSE,FALSE,FALSE,FALSE,FALSE,FALSE,1,1,"singleton",1,0,0,0,1,0,1,0,0,0,0,7,"Lower tail"
"235002",24.16,1,2025-07-10,"22218621",36.1,"G52912","854773威吉吉","212224",2565,"2025",7,"Summer",2023-07-10,2024-07-02,12.258064516129,TRUE,"2023",7,"Summer","G-coded","male","1",24.16,"<=30",FALSE,FALSE,FALSE,FALSE,FALSE,FALSE,FALSE,FALSE,FALSE,FALSE,1,1,"singleton",1,0,0,0,1,0,0,0,0,0,0,7,"Lower tail"
"224072",41.98,2,2025-07-07,"863302",30,"G52899",NA,NA,2578,"2025",7,"Summer",2022-01-07,2023-01-02,30.1612903225806,FALSE,"2022",1,"Winter","G-coded","male","2",41.98,"31-42",FALSE,FALSE,FALSE,FALSE,FALSE,FALSE,FALSE,FALSE,FALSE,FALSE,1,1,"singleton",1,0,1,0,1,0,1,0,0,0,0,7,"Lower tail"
"201729",109.8,6,2025-07-07,"22219919",34.2,"250889",NA,NA,2579,"2025",7,"Summer",2016-05-07,2017-05-02,98.1612903225806,FALSE,"2016",5,"Spring","non-G-coded","female","6",109.8,">60",FALSE,FALSE,FALSE,FALSE,FALSE,FALSE,FALSE,FALSE,FALSE,FALSE,1,1,"singleton",1,0,0,0,1,0,1,0,0,0,0,7,"Lower tail"
"70396",97.17,7,2025-07-07,"41221174",30.9,"G52903",NA,NA,2581,"2025",7,"Summer",2017-06-07,2018-06-02,85.1612903225806,FALSE,"2017",6,"Summer","G-coded","male",">=7",97.17,">60",FALSE,FALSE,FALSE,FALSE,FALSE,FALSE,FALSE,FALSE,FALSE,FALSE,1,1,"singleton",1,0,1,0,1,0,1,0,0,0,0,7,"Lower tail"
"60327",111.28,7,2025-07-07,"15621171",37,"G52898",NA,NA,2585,"2025",7,"Summer",2016-04-07,2017-04-02,99.1612903225806,FALSE,"2016",4,"Spring","G-coded","male",">=7",111.28,">60",FALSE,FALSE,FALSE,FALSE,FALSE,FALSE,FALSE,FALSE,FALSE,FALSE,1,1,"singleton",1,0,0,0,1,0,0,0,0,0,0,7,"Lower tail"
"213015",48.92,3,2025-07-06,"41121912",33,"250884",NA,NA,2589,"2025",7,"Summer",2021-06-06,2022-06-02,37.1290322580645,FALSE,"2021",6,"Summer","non-G-coded","female","3",48.92,"43-60",FALSE,FALSE,FALSE,FALSE,FALSE,FALSE,FALSE,FALSE,FALSE,FALSE,1,1,"singleton",1,0,0,0,1,0,1,0,0,0,0,7,"Lower tail"
"234766",25.58,1,2025-07-04,"22219919",37.1,"G52890",NA,NA,2600,"2025",7,"Summer",2023-05-04,2024-05-02,14.0645161290323,TRUE,"2023",5,"Spring","G-coded","male","1",25.58,"<=30",FALSE,FALSE,FALSE,FALSE,FALSE,FALSE,FALSE,FALSE,FALSE,FALSE,1,1,"singleton",1,0,0,0,1,0,0,0,0,0,0,7,"Lower tail"
"60916",113.51,7,2025-07-04,"13221223",28.2,"250880",NA,NA,2604,"2025",7,"Summer",2016-01-04,2017-01-02,102.064516129032,FALSE,"2016",1,"Winter","non-G-coded","female",">=7",113.51,">60",FALSE,FALSE,FALSE,FALSE,FALSE,FALSE,FALSE,FALSE,FALSE,FALSE,1,1,"singleton",1,0,1,0,1,0,1,0,1,0,0,7,"Lower tail"
"201836",60.16,4,2025-07-03,"41121260",26.4,"250878",NA,NA,2608,"2025",7,"Summer",2020-07-03,2021-07-02,48.0322580645161,FALSE,"2020",7,"Summer","non-G-coded","female","4",60.16,">60",FALSE,FALSE,FALSE,FALSE,FALSE,FALSE,FALSE,FALSE,FALSE,FALSE,1,1,"singleton",1,0,1,0,1,0,1,0,1,0,0,7,"Lower tail"
"61994",113.25,6,2025-07-02,"22218621",31.4,"G52885",NA,NA,2611,"2025",7,"Summer",2016-02-02,2017-02-02,101,FALSE,"2016",2,"Winter","G-coded","male","6",113.25,">60",FALSE,FALSE,FALSE,FALSE,FALSE,FALSE,FALSE,FALSE,FALSE,FALSE,1,1,"singleton",1,0,1,0,1,0,1,0,0,0,0,7,"Lower tail"
"225325",32.22,2,2025-07-02,"41121266",34.5,"250874","865530","800702",2615,"2025",7,"Summer",2022-11-02,2023-11-02,20,FALSE,"2022",11,"Autumn","non-G-coded","female","2",32.22,"31-42",FALSE,FALSE,FALSE,FALSE,FALSE,FALSE,FALSE,FALSE,FALSE,FALSE,1,1,"singleton",1,0,0,0,1,0,1,0,0,0,0,7,"Lower tail"
"240316",77.84,5,2025-06-30,"863302",30.4,"250864",NA,NA,2631,"2025",6,"Summer",2018-12-30,2020-01-02,65.9333333333333,FALSE,"2018",12,"Winter","non-G-coded","female","5",77.84,">60",FALSE,FALSE,FALSE,FALSE,FALSE,FALSE,FALSE,FALSE,FALSE,FALSE,1,1,"singleton",1,0,1,0,1,0,1,0,0,0,0,6,"Lower tail"
"202548",55.1,3,2025-06-30,"22218621",33.8,"250866L","7402563907","61927",2637,"2025",6,"Summer",2020-11-30,2021-12-02,42.9333333333333,FALSE,"2020",11,"Autumn","non-G-coded","female","3",55.1,"43-60",FALSE,FALSE,FALSE,FALSE,FALSE,FALSE,FALSE,FALSE,FALSE,FALSE,1,1,"singleton",1,0,0,0,1,0,1,0,0,0,0,6,"Lower tail"
"60753",113.41,7,2025-06-29,"22218621",25.8,"G52866",NA,NA,2641,"2025",6,"Summer",2016-01-29,2017-02-02,100.9,FALSE,"2016",1,"Winter","G-coded","male",">=7",113.41,">60",FALSE,FALSE,FALSE,FALSE,FALSE,FALSE,FALSE,FALSE,FALSE,FALSE,1,1,"singleton",1,0,1,0,1,0,1,0,1,0,0,6,"Lower tail"
"00523",73.83,5,2025-06-29,"22220617",24.8,"250863","167285","61834",2643,"2025",6,"Summer",2019-04-29,2020-05-02,61.9,FALSE,"2019",4,"Spring","non-G-coded","female","5",73.83,">60",TRUE,FALSE,FALSE,FALSE,FALSE,FALSE,FALSE,FALSE,FALSE,FALSE,1,1,"singleton",1,0,1,0,1,0,1,0,1,0,0,6,"Lower tail"
"234749",25.48,1,2025-06-28,"863302",34.3,"250859","7402563907","61486",2649,"2025",6,"Summer",2023-05-28,2024-06-02,12.8666666666667,TRUE,"2023",5,"Spring","non-G-coded","female","1",25.48,"<=30",FALSE,FALSE,FALSE,FALSE,FALSE,FALSE,FALSE,FALSE,FALSE,FALSE,1,1,"singleton",1,0,0,0,1,0,1,0,0,0,0,6,"Lower tail"
"234542",26.82,1,2025-06-27,"22218621",34,"250856","871041文尼哥","62051",2653,"2025",6,"Summer",2023-03-27,2024-04-02,14.8333333333333,TRUE,"2023",3,"Spring","non-G-coded","female","1",26.82,"<=30",FALSE,FALSE,FALSE,FALSE,FALSE,FALSE,FALSE,FALSE,FALSE,FALSE,1,1,"singleton",1,0,0,0,1,0,1,0,0,0,0,6,"Lower tail"
"213168L",46.94,3,2025-06-27,"863302",32.4,"250852",NA,NA,2656,"2025",6,"Summer",2021-07-27,2022-08-02,34.8333333333333,FALSE,"2021",7,"Summer","non-G-coded","female","3",46.94,"43-60",FALSE,FALSE,FALSE,FALSE,FALSE,FALSE,FALSE,FALSE,FALSE,FALSE,1,1,"singleton",1,0,0,0,1,0,1,0,0,0,0,6,"Lower tail"
"62048",113.28,6,2025-06-26,"863302",30.2,"250848",NA,NA,2660,"2025",6,"Summer",2016-01-26,2017-02-02,100.8,FALSE,"2016",1,"Winter","non-G-coded","female","6",113.28,">60",FALSE,FALSE,FALSE,FALSE,FALSE,FALSE,FALSE,FALSE,FALSE,FALSE,1,1,"singleton",1,0,1,0,1,0,1,0,0,0,0,6,"Lower tail"
"235060",23.47,1,2025-06-26,"863302",36.2,"G52859","854773威吉吉","L212658",2663,"2025",6,"Summer",2023-07-26,2024-08-02,10.8,TRUE,"2023",7,"Summer","G-coded","male","1",23.47,"<=30",FALSE,FALSE,FALSE,FALSE,FALSE,FALSE,FALSE,FALSE,FALSE,FALSE,1,1,"singleton",1,0,0,0,1,0,0,0,0,0,0,6,"Lower tail"
"62578",112.59,8,2025-06-26,"863302",36.6,"G52862",NA,NA,2666,"2025",6,"Summer",2016-01-26,2017-02-02,100.8,FALSE,"2016",1,"Winter","G-coded","male",">=7",112.59,">60",FALSE,FALSE,FALSE,FALSE,FALSE,FALSE,FALSE,FALSE,FALSE,FALSE,1,1,"singleton",1,0,0,0,1,0,0,0,0,0,0,6,"Lower tail"
"234775",25.08,1,2025-06-25,"863302",29.3,"250841","7402563907","800557",2674,"2025",6,"Summer",2023-05-25,2024-06-02,12.7666666666667,TRUE,"2023",5,"Spring","non-G-coded","female","1",25.08,"<=30",FALSE,FALSE,FALSE,FALSE,FALSE,FALSE,FALSE,FALSE,FALSE,FALSE,1,1,"singleton",1,0,1,0,1,0,1,0,1,0,0,6,"Lower tail"
"62276",112.1,8,2025-06-24,"41421125",34.6,"G52855",NA,NA,2681,"2025",6,"Summer",2016-02-24,2017-03-02,99.7333333333333,FALSE,"2016",2,"Winter","G-coded","male",">=7",112.1,">60",FALSE,FALSE,FALSE,FALSE,FALSE,FALSE,FALSE,FALSE,FALSE,FALSE,1,1,"singleton",1,0,0,0,1,0,1,0,0,0,0,6,"Lower tail"
"60482",104.7,8,2025-06-23,"863302",32,"250835",NA,NA,2690,"2025",6,"Summer",2016-09-23,2017-10-02,92.7,FALSE,"2016",9,"Autumn","non-G-coded","female",">=7",104.7,">60",FALSE,FALSE,FALSE,FALSE,FALSE,FALSE,FALSE,FALSE,FALSE,FALSE,1,1,"singleton",1,0,1,0,1,0,1,0,0,0,0,6,"Lower tail"
"00855",71.37,5,2025-06-20,"863302",29.4,"250820","167285","L60371",2707,"2025",6,"Summer",2019-07-20,2020-08-02,58.6,FALSE,"2019",7,"Summer","non-G-coded","female","5",71.37,">60",FALSE,FALSE,FALSE,FALSE,FALSE,FALSE,FALSE,FALSE,FALSE,FALSE,1,1,"singleton",1,0,1,0,1,0,1,0,1,0,0,6,"Lower tail"
"224691",38,1,2025-06-20,"863302",35.6,"G52840",NA,NA,2709,"2025",6,"Summer",2022-04-20,2023-05-02,25.6,FALSE,"2022",4,"Spring","G-coded","male","1",38,"31-42",FALSE,FALSE,FALSE,FALSE,FALSE,FALSE,FALSE,FALSE,FALSE,FALSE,1,1,"singleton",1,0,0,0,1,0,1,0,0,0,0,6,"Lower tail"
"234339",27.58,1,2025-06-19,"22218621",33.8,"250815","854773威吉吉","00768",2716,"2025",6,"Summer",2023-02-19,2024-03-02,15.5666666666667,FALSE,"2023",2,"Winter","non-G-coded","female","1",27.58,"<=30",FALSE,FALSE,FALSE,FALSE,FALSE,FALSE,FALSE,FALSE,FALSE,FALSE,1,1,"singleton",1,0,0,0,1,0,1,0,0,0,0,6,"Lower tail"
"234704",25.58,1,2025-06-19,"863302",37.2,"G52839",NA,NA,2717,"2025",6,"Summer",2023-04-19,2024-05-02,13.5666666666667,TRUE,"2023",4,"Spring","G-coded","male","1",25.58,"<=30",FALSE,FALSE,FALSE,FALSE,FALSE,FALSE,FALSE,FALSE,FALSE,FALSE,1,1,"singleton",1,0,0,0,1,0,0,0,0,0,0,6,"Lower tail"
"224151",40.8,2,2025-06-18,"22218621",35,"G52834",NA,NA,2724,"2025",6,"Summer",2022-01-18,2023-02-02,28.5333333333333,FALSE,"2022",1,"Winter","G-coded","male","2",40.8,"31-42",FALSE,FALSE,FALSE,FALSE,FALSE,FALSE,FALSE,FALSE,FALSE,FALSE,1,1,"singleton",1,0,0,0,1,0,1,0,0,0,0,6,"Lower tail"
"213458",44.77,2,2025-06-18,"863302",29.3,"G52835",NA,NA,2726,"2025",6,"Summer",2021-09-18,2022-10-02,32.5333333333333,FALSE,"2021",9,"Autumn","G-coded","male","2",44.77,"43-60",FALSE,FALSE,FALSE,FALSE,FALSE,FALSE,FALSE,FALSE,FALSE,FALSE,1,1,"singleton",1,0,1,0,1,0,1,0,1,0,0,6,"Lower tail"
"61198",112.16,7,2025-06-18,"863302",30.8,"G52833",NA,NA,2733,"2025",6,"Summer",2016-02-18,2017-03-02,99.5333333333333,FALSE,"2016",2,"Winter","G-coded","male",">=7",112.16,">60",FALSE,FALSE,FALSE,FALSE,FALSE,FALSE,FALSE,FALSE,FALSE,FALSE,1,1,"singleton",1,0,1,0,1,0,1,0,0,0,0,6,"Lower tail"
"234998",23.34,1,2025-06-15,"863302",35.2,"G52823",NA,"212846",2743,"2025",6,"Summer",2023-07-15,2024-08-02,10.4333333333333,TRUE,"2023",7,"Summer","G-coded","male","1",23.34,"<=30",FALSE,FALSE,FALSE,FALSE,FALSE,FALSE,FALSE,FALSE,FALSE,FALSE,1,1,"singleton",1,0,0,0,1,0,1,0,0,0,0,6,"Lower tail"
"234630",25.81,1,2025-06-14,"863302",34.2,"250801",NA,NA,2753,"2025",6,"Summer",2023-04-14,2024-05-02,13.4,TRUE,"2023",4,"Spring","non-G-coded","female","1",25.81,"<=30",FALSE,FALSE,FALSE,FALSE,FALSE,FALSE,FALSE,FALSE,FALSE,FALSE,1,1,"singleton",1,0,0,0,1,0,1,0,0,0,0,6,"Lower tail"
"70037",101.08,7,2025-06-14,"65121619",35.8,"G52819",NA,NA,2756,"2025",6,"Summer",2017-01-14,2018-02-02,88.4,FALSE,"2017",1,"Winter","G-coded","male",">=7",101.08,">60",FALSE,FALSE,FALSE,FALSE,FALSE,FALSE,FALSE,FALSE,FALSE,FALSE,1,1,"singleton",1,0,0,0,1,0,1,0,0,0,0,6,"Lower tail"
"800219",86.13,6,2025-06-13,"22218621",33.6,"250797",NA,NA,2757,"2025",6,"Summer",2018-04-13,2019-05-02,73.3666666666667,FALSE,"2018",4,"Spring","non-G-coded","female","6",86.13,">60",FALSE,FALSE,FALSE,FALSE,FALSE,FALSE,FALSE,FALSE,FALSE,FALSE,1,1,"singleton",1,0,0,0,1,0,1,0,0,0,0,6,"Lower tail"
"60796",112.49,7,2025-06-13,"22218621",34.2,"G52815",NA,NA,2759,"2025",6,"Summer",2016-02-13,2017-03-02,99.3666666666667,FALSE,"2016",2,"Winter","G-coded","male",">=7",112.49,">60",FALSE,FALSE,FALSE,FALSE,FALSE,FALSE,FALSE,FALSE,FALSE,FALSE,1,1,"singleton",1,0,1,0,1,0,1,0,0,0,0,6,"Lower tail"
"800963",78.44,5,2025-06-13,"22218621",31.2,"250796","171350","62594",2760,"2025",6,"Summer",2018-12-13,2020-01-02,65.3666666666667,FALSE,"2018",12,"Winter","non-G-coded","female","5",78.44,">60",FALSE,FALSE,FALSE,FALSE,FALSE,FALSE,FALSE,FALSE,FALSE,FALSE,1,1,"singleton",1,0,1,0,1,0,1,0,0,0,0,6,"Lower tail"
"61248",112.26,7,2025-06-11,"22218621",30.2,"250791",NA,NA,2772,"2025",6,"Summer",2016-02-11,2017-03-02,99.3,FALSE,"2016",2,"Winter","non-G-coded","female",">=7",112.26,">60",FALSE,FALSE,FALSE,FALSE,FALSE,FALSE,FALSE,FALSE,FALSE,FALSE,1,1,"singleton",1,0,1,0,1,0,1,0,0,0,0,6,"Lower tail"
"01068",68.57,5,2025-06-10,"22218621",33.6,"G52809",NA,NA,2773,"2025",6,"Summer",2019-09-10,2020-10-02,56.2666666666667,FALSE,"2019",9,"Autumn","G-coded","male","5",68.57,">60",FALSE,FALSE,FALSE,FALSE,FALSE,FALSE,FALSE,FALSE,FALSE,FALSE,1,1,"singleton",1,0,1,0,1,0,1,0,0,0,0,6,"Lower tail"
"61790",112.39,7,2025-06-07,"22218621",32.2,"250780",NA,NA,2790,"2025",6,"Summer",2016-02-07,2017-03-02,99.1666666666667,FALSE,"2016",2,"Winter","non-G-coded","female",">=7",112.39,">60",FALSE,FALSE,FALSE,FALSE,FALSE,FALSE,FALSE,FALSE,FALSE,FALSE,1,1,"singleton",1,0,1,0,1,0,1,0,0,0,0,6,"Lower tail"
"201569",61.34,4,2025-06-05,"863302",33,"G52798","606244","62089",2800,"2025",6,"Summer",2020-05-05,2021-06-02,48.1,FALSE,"2020",5,"Spring","G-coded","male","4",61.34,">60",FALSE,FALSE,FALSE,FALSE,FALSE,FALSE,FALSE,FALSE,FALSE,FALSE,1,1,"singleton",1,0,1,0,1,0,1,0,0,0,0,6,"Lower tail"
"L213035",47.73,2,2025-06-04,"22120025",33.2,"G52796",NA,NA,2806,"2025",6,"Summer",2021-06-04,2022-07-02,35.0666666666667,FALSE,"2021",6,"Summer","G-coded","male","2",47.73,"43-60",FALSE,FALSE,FALSE,FALSE,FALSE,FALSE,FALSE,FALSE,FALSE,FALSE,1,1,"singleton",1,0,1,0,1,0,1,0,0,0,0,6,"Lower tail"
"213778",42.24,2,2025-06-02,"863302",28.2,"G52782","2544424506","70503",2819,"2025",6,"Summer",2021-12-02,2023-01-02,29,FALSE,"2021",12,"Winter","G-coded","male","2",42.24,"43-60",FALSE,FALSE,FALSE,FALSE,FALSE,FALSE,FALSE,FALSE,FALSE,FALSE,1,1,"singleton",1,0,1,0,1,0,1,0,1,0,0,6,"Lower tail"
"L202368",62.29,4,2025-06-01,"863302",26.8,"250768",NA,NA,2823,"2025",6,"Summer",2020-04-01,2021-05-02,48.9677419354839,FALSE,"2020",4,"Spring","non-G-coded","female","4",62.29,">60",FALSE,FALSE,FALSE,FALSE,FALSE,FALSE,FALSE,FALSE,FALSE,FALSE,1,1,"singleton",1,0,1,0,1,0,1,0,1,0,0,6,"Lower tail"
"225318",31.23,1,2025-05-30,"22220783",31.4,"G52768","865530","2029",2842,"2025",5,"Spring",2022-10-30,2023-12-02,17.9032258064516,FALSE,"2022",10,"Autumn","G-coded","male","1",31.23,"31-42",FALSE,FALSE,FALSE,FALSE,FALSE,FALSE,FALSE,FALSE,FALSE,FALSE,1,1,"singleton",1,0,1,0,1,0,1,0,0,0,0,5,"Lower tail"
"224850",36.19,2,2025-05-29,"22119077",32.5,"250759","606045","61028",2848,"2025",5,"Spring",2022-05-29,2023-07-02,22.8709677419355,FALSE,"2022",5,"Spring","non-G-coded","female","2",36.19,"31-42",FALSE,FALSE,FALSE,FALSE,FALSE,FALSE,FALSE,FALSE,FALSE,FALSE,1,1,"singleton",1,0,0,0,1,0,1,0,0,0,0,5,"Lower tail"
"224602",36.98,2,2025-05-20,"427133",37.2,"G52740",NA,NA,2897,"2025",5,"Spring",2022-04-20,2023-06-02,23.5806451612903,FALSE,"2022",4,"Spring","G-coded","male","2",36.98,"31-42",FALSE,FALSE,FALSE,FALSE,FALSE,FALSE,FALSE,FALSE,FALSE,FALSE,1,1,"singleton",1,0,0,0,1,0,0,0,0,0,0,5,"Lower tail"
"201230",62.72,4,2025-05-16,"427133",32.2,"250714","606192","91102",2937,"2025",5,"Spring",2020-02-16,2021-04-02,49.4516129032258,FALSE,"2020",2,"Winter","non-G-coded","female","4",62.72,">60",FALSE,FALSE,FALSE,FALSE,FALSE,FALSE,FALSE,FALSE,FALSE,FALSE,1,1,"singleton",1,0,1,0,1,0,1,0,0,0,0,5,"Lower tail"
"61041",111.8,7,2025-05-15,"863302",24.3,"G52717",NA,NA,2940,"2025",5,"Spring",2016-01-15,2017-03-02,98.4193548387097,FALSE,"2016",1,"Winter","G-coded","male",">=7",111.8,">60",TRUE,FALSE,FALSE,FALSE,FALSE,FALSE,FALSE,FALSE,FALSE,FALSE,1,1,"singleton",1,0,1,0,1,0,1,0,1,0,0,5,"Lower tail"
"800906",77.78,5,2025-05-15,"427133",24.3,"G52718","171350","60664",2946,"2025",5,"Spring",2018-11-15,2020-01-02,64.4193548387097,FALSE,"2018",11,"Autumn","G-coded","male","5",77.78,">60",TRUE,FALSE,FALSE,FALSE,FALSE,FALSE,FALSE,FALSE,FALSE,FALSE,1,1,"singleton",1,0,1,0,1,0,1,0,1,0,0,5,"Lower tail"
"202041",29.88,1,2025-05-13,"22218621",37.3,"G52707","865530","62604",2967,"2025",5,"Spring",2022-11-13,2024-01-02,16.3548387096774,FALSE,"2022",11,"Autumn","G-coded","male","1",29.88,"<=30",FALSE,FALSE,FALSE,FALSE,FALSE,FALSE,FALSE,FALSE,FALSE,FALSE,1,1,"singleton",1,0,0,0,1,0,0,0,0,0,0,5,"Lower tail"
"201453",60.26,4,2025-05-13,"427133",36.2,"G52708",NA,NA,2971,"2025",5,"Spring",2020-05-13,2021-07-02,46.3548387096774,FALSE,"2020",5,"Spring","G-coded","male","4",60.26,">60",FALSE,FALSE,FALSE,FALSE,FALSE,FALSE,FALSE,FALSE,FALSE,FALSE,1,1,"singleton",1,0,0,0,1,0,0,0,0,0,0,5,"Lower tail"
"234121",27.58,1,2025-05-12,"427133",30.2,"250691",NA,"212046",2978,"2025",5,"Spring",2023-01-12,2024-03-02,14.3225806451613,TRUE,"2023",1,"Winter","non-G-coded","female","1",27.58,"<=30",FALSE,FALSE,FALSE,FALSE,FALSE,FALSE,FALSE,FALSE,FALSE,FALSE,1,1,"singleton",1,0,1,0,1,0,1,0,0,0,0,5,"Lower tail"
"224694",36.62,2,2025-05-10,"427133",31.6,"G52694","2545109367","60180",2996,"2025",5,"Spring",2022-04-10,2023-06-02,23.258064516129,FALSE,"2022",4,"Spring","G-coded","male","2",36.62,"31-42",FALSE,FALSE,FALSE,FALSE,FALSE,FALSE,FALSE,FALSE,FALSE,FALSE,1,1,"singleton",1,0,1,0,1,0,1,0,0,0,0,5,"Lower tail"
"50208",123.14,9,2025-05-09,"427133",32.3,"250668",NA,NA,3009,"2025",5,"Spring",2015-02-09,2016-04-02,109.225806451613,FALSE,"2015",2,"Winter","non-G-coded","female",">=7",123.14,">60",FALSE,FALSE,FALSE,FALSE,FALSE,FALSE,FALSE,FALSE,FALSE,FALSE,1,1,"singleton",1,0,0,0,1,0,1,0,0,0,0,5,"Lower tail"
"60220",109.01,8,2025-05-09,"22218621",30.1,"250671",NA,NA,3014,"2025",5,"Spring",2016-04-09,2017-06-02,95.2258064516129,FALSE,"2016",4,"Spring","non-G-coded","female",">=7",109.01,">60",FALSE,FALSE,FALSE,FALSE,FALSE,FALSE,FALSE,FALSE,FALSE,FALSE,1,1,"singleton",1,0,1,0,1,0,1,0,0,0,0,5,"Lower tail"
"212635",48.82,2,2025-05-07,"22218621",35.2,"G52680","606318","60313",3036,"2025",5,"Spring",2021-04-07,2022-06-02,35.1612903225806,FALSE,"2021",4,"Spring","G-coded","male","2",48.82,"43-60",FALSE,FALSE,FALSE,FALSE,FALSE,FALSE,FALSE,FALSE,FALSE,FALSE,1,1,"singleton",1,0,0,0,1,0,1,0,0,0,0,5,"Lower tail"
"212267",50.89,3,2025-05-05,"427133",26.6,"250649",NA,NA,3060,"2025",5,"Spring",2021-02-05,2022-04-02,37.0967741935484,FALSE,"2021",2,"Winter","non-G-coded","female","3",50.89,"43-60",FALSE,FALSE,FALSE,FALSE,FALSE,FALSE,FALSE,FALSE,FALSE,FALSE,1,1,"singleton",1,0,1,0,1,0,1,0,1,0,0,5,"Lower tail"
"234554",24.75,1,2025-04-27,"22218621",33.2,"250619","871041文尼哥","70413",3129,"2025",4,"Spring",2023-03-27,2024-06-02,10.8333333333333,TRUE,"2023",3,"Spring","non-G-coded","female","1",24.75,"<=30",FALSE,FALSE,FALSE,FALSE,FALSE,FALSE,FALSE,FALSE,FALSE,FALSE,1,1,"singleton",1,0,0,0,1,0,1,0,0,0,0,4,"Lower tail"
"70561",91.12,7,2025-04-23,"22218621",31.8,"250589",NA,NA,3174,"2025",4,"Spring",2017-09-23,2018-12-02,76.7,FALSE,"2017",9,"Autumn","non-G-coded","female",">=7",91.12,">60",FALSE,FALSE,FALSE,FALSE,FALSE,FALSE,FALSE,FALSE,FALSE,FALSE,1,1,"singleton",1,0,1,0,1,0,1,0,0,0,0,4,"Lower tail"
"212882",47.37,2,2025-04-23,"427133",36.7,"G52598","186967","61580",3177,"2025",4,"Spring",2021-05-23,2022-08-02,32.7,FALSE,"2021",5,"Spring","G-coded","male","2",47.37,"43-60",FALSE,FALSE,FALSE,FALSE,FALSE,FALSE,FALSE,FALSE,FALSE,FALSE,1,1,"singleton",1,0,0,0,1,0,0,0,0,0,0,4,"Lower tail"
"201606",59.73,4,2025-04-23,"427133",34,"250591","606244","62490",3179,"2025",4,"Spring",2020-04-23,2021-07-02,45.7,FALSE,"2020",4,"Spring","non-G-coded","female","4",59.73,"43-60",FALSE,FALSE,FALSE,FALSE,FALSE,FALSE,FALSE,FALSE,FALSE,FALSE,1,1,"singleton",1,0,0,0,1,0,1,0,0,0,0,4,"Lower tail"
"61508",110.78,7,2025-04-23,"427133",32,"250590",NA,NA,3180,"2025",4,"Spring",2016-01-23,2017-04-02,96.7,FALSE,"2016",1,"Winter","non-G-coded","female",">=7",110.78,">60",FALSE,FALSE,FALSE,FALSE,FALSE,FALSE,FALSE,FALSE,FALSE,FALSE,1,1,"singleton",1,0,1,0,1,0,1,0,0,0,0,4,"Lower tail"
"212357",49.7,3,2025-04-22,"427133",36.7,"G52594","180781","61038",3195,"2025",4,"Spring",2021-02-22,2022-05-02,35.6666666666667,FALSE,"2021",2,"Winter","G-coded","male","3",49.7,"43-60",FALSE,FALSE,FALSE,FALSE,FALSE,FALSE,FALSE,FALSE,FALSE,FALSE,1,1,"singleton",1,0,0,0,1,0,0,0,0,0,0,4,"Lower tail"
"225602",51.55,2,2025-04-22,"22218621",35,"G52595","180781","61674",3196,"2025",4,"Spring",2020-12-22,2022-03-02,37.6666666666667,FALSE,"2020",12,"Winter","G-coded","male","2",51.55,"43-60",FALSE,FALSE,FALSE,FALSE,FALSE,FALSE,FALSE,FALSE,FALSE,FALSE,1,1,"singleton",1,0,0,0,1,0,1,0,0,0,0,4,"Lower tail"
"234250",26.13,1,2025-04-22,"427133",34,"250580",NA,"212115",3198,"2025",4,"Spring",2023-02-22,2024-05-02,11.6666666666667,TRUE,"2023",2,"Winter","non-G-coded","female","1",26.13,"<=30",FALSE,FALSE,FALSE,FALSE,FALSE,FALSE,FALSE,FALSE,FALSE,FALSE,1,1,"singleton",1,0,0,0,1,0,1,0,0,0,0,4,"Lower tail"
"00176",74.06,5,2025-04-18,"22218621",34.3,"G52582","171790","60783",3229,"2025",4,"Spring",2019-02-18,2020-05-02,59.5333333333333,FALSE,"2019",2,"Winter","G-coded","male","5",74.06,">60",FALSE,FALSE,FALSE,FALSE,FALSE,FALSE,FALSE,FALSE,FALSE,FALSE,1,1,"singleton",1,0,1,0,1,0,1,0,0,0,0,4,"Lower tail"
"212888",47.14,3,2025-04-18,"427133",31.6,"250558",NA,NA,3231,"2025",4,"Spring",2021-05-18,2022-08-02,32.5333333333333,FALSE,"2021",5,"Spring","non-G-coded","female","3",47.14,"43-60",FALSE,FALSE,FALSE,FALSE,FALSE,FALSE,FALSE,FALSE,FALSE,FALSE,1,1,"singleton",1,0,1,0,1,0,1,0,0,0,0,4,"Lower tail"
"212055",51.45,3,2025-04-18,"427133",32.6,"250560",NA,NA,3232,"2025",4,"Spring",2021-01-18,2022-04-02,36.5333333333333,FALSE,"2021",1,"Winter","non-G-coded","female","3",51.45,"43-60",FALSE,FALSE,FALSE,FALSE,FALSE,FALSE,FALSE,FALSE,FALSE,FALSE,1,1,"singleton",1,0,0,0,1,0,1,0,0,0,0,4,"Lower tail"
"212499",48.92,3,2025-04-17,"427133",36.2,"G52579","606306","00039",3237,"2025",4,"Spring",2021-03-17,2022-06-02,34.5,FALSE,"2021",3,"Spring","G-coded","male","3",48.92,"43-60",FALSE,FALSE,FALSE,FALSE,FALSE,FALSE,FALSE,FALSE,FALSE,FALSE,1,1,"singleton",1,0,0,0,1,0,0,0,0,0,0,4,"Lower tail"
"212245",50.39,3,2025-04-16,"22218621",36.3,"G52570",NA,NA,3245,"2025",4,"Spring",2021-02-16,2022-05-02,35.4666666666667,FALSE,"2021",2,"Winter","G-coded","male","3",50.39,"43-60",FALSE,FALSE,FALSE,FALSE,FALSE,FALSE,FALSE,FALSE,FALSE,FALSE,1,1,"singleton",1,0,0,0,1,0,0,0,0,0,0,4,"Lower tail"
"212742",47.67,2,2025-04-16,"22218621",35.4,"G52576",NA,NA,3247,"2025",4,"Spring",2021-04-16,2022-07-02,33.4666666666667,FALSE,"2021",4,"Spring","G-coded","male","2",47.67,"43-60",FALSE,FALSE,FALSE,FALSE,FALSE,FALSE,FALSE,FALSE,FALSE,FALSE,1,1,"singleton",1,0,0,0,1,0,1,0,0,0,0,4,"Lower tail"
"60100",109.7,7,2025-04-15,"863302",36.7,"G52568",NA,NA,3251,"2025",4,"Spring",2016-02-15,2017-05-02,95.4333333333333,FALSE,"2016",2,"Winter","G-coded","male",">=7",109.7,">60",FALSE,FALSE,FALSE,FALSE,FALSE,FALSE,FALSE,FALSE,FALSE,FALSE,1,1,"singleton",1,0,0,0,1,0,0,0,0,0,0,4,"Lower tail"
"00709",70.45,5,2025-04-15,"427133",35.2,"G52567",NA,NA,3252,"2025",4,"Spring",2019-06-15,2020-09-02,55.4333333333333,FALSE,"2019",6,"Summer","G-coded","male","5",70.45,">60",FALSE,FALSE,FALSE,FALSE,FALSE,FALSE,FALSE,FALSE,FALSE,FALSE,1,1,"singleton",1,0,0,0,1,0,1,0,0,0,0,4,"Lower tail"
"234357",25.28,1,2025-04-14,"427133",36.2,"G52565","871041文尼哥","801052",3258,"2025",4,"Spring",2023-03-14,2024-06-02,10.4,TRUE,"2023",3,"Spring","G-coded","male","1",25.28,"<=30",FALSE,FALSE,FALSE,FALSE,FALSE,FALSE,FALSE,FALSE,FALSE,FALSE,1,1,"singleton",1,0,0,0,1,0,0,0,0,0,0,4,"Lower tail"
"234819",22.39,1,2025-04-12,"427133",30.4,"G52561","865530狼血","60182",3278,"2025",4,"Spring",2023-06-12,2024-09-02,7.33333333333333,TRUE,"2023",6,"Summer","G-coded","male","1",22.39,"<=30",FALSE,FALSE,FALSE,FALSE,FALSE,FALSE,FALSE,FALSE,FALSE,FALSE,1,1,"singleton",1,0,1,0,1,0,1,0,0,0,0,4,"Lower tail"
"234496",24.49,1,2025-04-10,"22218621",28.6,"250527","871041文尼哥","201266",3292,"2025",4,"Spring",2023-04-10,2024-07-02,9.26666666666667,TRUE,"2023",4,"Spring","non-G-coded","female","1",24.49,"<=30",FALSE,FALSE,FALSE,FALSE,FALSE,FALSE,FALSE,FALSE,FALSE,FALSE,1,1,"singleton",1,0,1,0,1,0,1,0,1,0,0,4,"Lower tail"
"234377",25.02,1,2025-04-10,"22218621",32.2,"250530","871041文尼哥","201665",3296,"2025",4,"Spring",2023-03-10,2024-06-02,10.2666666666667,TRUE,"2023",3,"Spring","non-G-coded","female","1",25.02,"<=30",FALSE,FALSE,FALSE,FALSE,FALSE,FALSE,FALSE,FALSE,FALSE,FALSE,1,1,"singleton",1,0,1,0,1,0,1,0,0,0,0,4,"Lower tail"
"234323",25.28,1,2025-04-08,"427133",36.8,"G52542","7402563907","00546",3308,"2025",4,"Spring",2023-03-08,2024-06-02,10.2,TRUE,"2023",3,"Spring","G-coded","male","1",25.28,"<=30",FALSE,FALSE,FALSE,FALSE,FALSE,FALSE,FALSE,FALSE,FALSE,FALSE,1,1,"singleton",1,0,0,0,1,0,0,0,0,0,0,4,"Lower tail"
"212439",48.85,2,2025-04-06,"427133",37.2,"G52525","7402563907","61058",3331,"2025",4,"Spring",2021-03-06,2022-06-02,34.1333333333333,FALSE,"2021",3,"Spring","G-coded","male","2",48.85,"43-60",FALSE,FALSE,FALSE,FALSE,FALSE,FALSE,FALSE,FALSE,FALSE,FALSE,1,1,"singleton",1,0,0,0,1,0,0,0,0,0,0,4,"Lower tail"
"201291",60.95,4,2025-04-06,"427133",30.2,"G52524","606244","800040",3332,"2025",4,"Spring",2020-03-06,2021-06-02,46.1333333333333,FALSE,"2020",3,"Spring","G-coded","male","4",60.95,">60",FALSE,FALSE,FALSE,FALSE,FALSE,FALSE,FALSE,FALSE,FALSE,FALSE,1,1,"singleton",1,0,1,0,1,0,1,0,0,0,0,4,"Lower tail"
"61878",110.32,4,2025-04-04,"427059",36.7,"G52514",NA,NA,3347,"2025",4,"Spring",2016-02-04,2017-05-02,95.0666666666667,FALSE,"2016",2,"Winter","G-coded","male","4",110.32,">60",FALSE,FALSE,FALSE,FALSE,FALSE,FALSE,FALSE,FALSE,FALSE,FALSE,1,1,"singleton",1,0,0,0,1,0,0,0,0,0,0,4,"Lower tail"
"225030L",31.79,1,2025-04-03,"22220783",37.2,"G52511",NA,NA,3354,"2025",4,"Spring",2022-08-03,2023-11-02,17.0333333333333,FALSE,"2022",8,"Summer","G-coded","male","1",31.79,"31-42",FALSE,FALSE,FALSE,FALSE,FALSE,FALSE,FALSE,FALSE,FALSE,FALSE,1,1,"singleton",1,0,0,0,1,0,0,0,0,0,0,4,"Lower tail"
"234343",24.92,1,2025-04-01,"22220783",36,"G52500","871041文尼哥","212431",3379,"2025",4,"Spring",2023-03-01,2024-06-02,9.96774193548387,TRUE,"2023",3,"Spring","G-coded","male","1",24.92,"<=30",FALSE,FALSE,FALSE,FALSE,FALSE,FALSE,FALSE,FALSE,FALSE,FALSE,1,1,"singleton",1,0,0,0,1,0,0,0,0,0,0,4,"Lower tail"
"224276",37.34,2,2025-03-31,"22218621",31,"250495","180781","Z201101",3390,"2025",3,"Spring",2022-02-28,2023-06-02,21.9354838709677,FALSE,"2022",2,"Winter","non-G-coded","female","2",37.34,"31-42",FALSE,FALSE,FALSE,FALSE,FALSE,FALSE,FALSE,FALSE,FALSE,FALSE,1,1,"singleton",1,0,1,0,1,0,1,0,0,0,0,3,"Lower tail"
"00174",73.44,5,2025-03-30,"22218621",34.6,"G52483","171790","62188",3398,"2025",3,"Spring",2019-02-28,2020-06-02,57.9032258064516,FALSE,"2019",2,"Winter","G-coded","male","5",73.44,">60",FALSE,FALSE,FALSE,FALSE,FALSE,FALSE,FALSE,FALSE,FALSE,FALSE,1,1,"singleton",1,0,0,0,1,0,1,0,0,0,0,3,"Lower tail"
"213719",40.4,2,2025-03-28,"22218621",32.6,"G52479",NA,NA,3407,"2025",3,"Spring",2021-11-28,2023-03-02,24.8387096774194,FALSE,"2021",11,"Autumn","G-coded","male","2",40.4,"31-42",FALSE,FALSE,FALSE,FALSE,FALSE,FALSE,FALSE,FALSE,FALSE,FALSE,1,1,"singleton",1,0,1,0,1,0,1,0,0,0,0,3,"Lower tail"
"224040",38.86,2,2025-03-28,"22218621",34.6,"250485",NA,NA,3413,"2025",3,"Spring",2021-12-28,2023-04-02,23.8387096774194,FALSE,"2021",12,"Winter","non-G-coded","female","2",38.86,"31-42",FALSE,FALSE,FALSE,FALSE,FALSE,FALSE,FALSE,FALSE,FALSE,FALSE,1,1,"singleton",1,0,0,0,1,0,1,0,0,0,0,3,"Lower tail"
"224676",35.17,2,2025-03-26,"22218621",25.6,"250476",NA,NA,3428,"2025",3,"Spring",2022-04-26,2023-08-02,19.7741935483871,FALSE,"2022",4,"Spring","non-G-coded","female","2",35.17,"31-42",FALSE,FALSE,FALSE,FALSE,FALSE,FALSE,FALSE,FALSE,FALSE,FALSE,1,1,"singleton",1,0,1,0,1,0,1,0,1,0,0,3,"Lower tail"
"224390",36.59,2,2025-03-25,"427059",34.2,"250463","2545109367","60700",3433,"2025",3,"Spring",2022-02-25,2023-06-02,21.741935483871,FALSE,"2022",2,"Winter","non-G-coded","female","2",36.59,"31-42",FALSE,FALSE,FALSE,FALSE,FALSE,FALSE,FALSE,FALSE,FALSE,FALSE,1,1,"singleton",1,0,0,0,1,0,1,0,0,0,0,3,"Lower tail"
"225222",29.82,1,2025-03-24,"22220783",34.2,"G52461","865530","800412",3452,"2025",3,"Spring",2022-09-24,2024-01-02,14.7096774193548,TRUE,"2022",9,"Autumn","G-coded","male","1",29.82,"<=30",FALSE,FALSE,FALSE,FALSE,FALSE,FALSE,FALSE,FALSE,FALSE,FALSE,1,1,"singleton",1,0,1,0,1,0,1,0,0,0,0,3,"Lower tail"
"202090",54.37,3,2025-03-23,"22218621",37.2,"G52459",NA,NA,3458,"2025",3,"Spring",2020-09-23,2022-01-02,38.6774193548387,FALSE,"2020",9,"Autumn","G-coded","male","3",54.37,"43-60",FALSE,FALSE,FALSE,FALSE,FALSE,FALSE,FALSE,FALSE,FALSE,FALSE,1,1,"singleton",1,0,0,0,1,0,0,0,0,0,0,3,"Lower tail"
"234489",23.9,1,2025-03-22,"22220783",31,"250437","7402563907","800219",3470,"2025",3,"Spring",2023-03-22,2024-07-02,8.64516129032258,TRUE,"2023",3,"Spring","non-G-coded","female","1",23.9,"<=30",FALSE,FALSE,FALSE,FALSE,FALSE,FALSE,FALSE,FALSE,FALSE,FALSE,1,1,"singleton",1,0,1,0,1,0,1,0,0,0,0,3,"Lower tail"
"201745",57.66,4,2025-03-22,"427151",36.6,"G52455","865530","60521",3474,"2025",3,"Spring",2020-05-22,2021-09-02,42.6451612903226,FALSE,"2020",5,"Spring","G-coded","male","4",57.66,"43-60",FALSE,FALSE,FALSE,FALSE,FALSE,FALSE,FALSE,FALSE,FALSE,FALSE,1,1,"singleton",1,0,0,0,1,0,0,0,0,0,0,3,"Lower tail"
"234119",25.94,1,2025-03-22,"22220783",29.7,"250438","871041文尼哥","202375",3480,"2025",3,"Spring",2023-01-22,2024-05-02,10.6451612903226,TRUE,"2023",1,"Winter","non-G-coded","female","1",25.94,"<=30",FALSE,FALSE,FALSE,FALSE,FALSE,FALSE,FALSE,FALSE,FALSE,FALSE,1,1,"singleton",1,0,1,0,1,0,1,0,1,0,0,3,"Lower tail"
"212278",49.31,3,2025-03-21,"427151",33.5,"G52445","606306","40574",3494,"2025",3,"Spring",2021-02-21,2022-06-02,33.6129032258064,FALSE,"2021",2,"Winter","G-coded","male","3",49.31,"43-60",FALSE,FALSE,FALSE,FALSE,FALSE,FALSE,FALSE,FALSE,FALSE,FALSE,1,1,"singleton",1,0,1,0,1,0,1,0,0,0,0,3,"Lower tail"
"H213550",65.09,4,2025-03-21,"427133",31.3,"250431",NA,NA,3498,"2025",3,"Spring",2019-10-21,2021-02-02,49.6129032258064,FALSE,"2019",10,"Autumn","non-G-coded","female","4",65.09,">60",FALSE,FALSE,FALSE,FALSE,FALSE,FALSE,FALSE,FALSE,FALSE,FALSE,1,1,"singleton",1,0,1,0,1,0,1,0,0,0,0,3,"Lower tail"
"60425",103.65,6,2025-03-20,"22218621",32.6,"G52438",NA,NA,3504,"2025",3,"Spring",2016-07-20,2017-11-02,88.5806451612903,FALSE,"2016",7,"Summer","G-coded","male","6",103.65,">60",FALSE,FALSE,FALSE,FALSE,FALSE,FALSE,FALSE,FALSE,FALSE,FALSE,1,1,"singleton",1,0,1,0,1,0,1,0,0,0,0,3,"Lower tail"
"62520",109.14,4,2025-03-13,"427151",31.4,"G52389",NA,NA,3578,"2025",3,"Spring",2016-02-13,2017-06-02,93.3548387096774,FALSE,"2016",2,"Winter","G-coded","male","4",109.14,">60",FALSE,FALSE,FALSE,FALSE,FALSE,FALSE,FALSE,FALSE,FALSE,FALSE,1,1,"singleton",1,0,1,0,1,0,1,0,0,0,0,3,"Lower tail"
"212344",48.36,2,2025-03-11,"427151",32.3,"G52394",NA,NA,3600,"2025",3,"Spring",2021-03-11,2022-07-02,32.2903225806452,FALSE,"2021",3,"Spring","G-coded","male","2",48.36,"43-60",FALSE,FALSE,FALSE,FALSE,FALSE,FALSE,FALSE,FALSE,FALSE,FALSE,1,1,"singleton",1,0,1,0,1,0,1,0,0,0,0,3,"Lower tail"
"234204",24.92,1,2025-03-11,"22220783",24.6,"250385",NA,"202632",3603,"2025",3,"Spring",2023-02-11,2024-06-02,9.29032258064516,TRUE,"2023",2,"Winter","non-G-coded","female","1",24.92,"<=30",TRUE,FALSE,FALSE,FALSE,FALSE,FALSE,FALSE,FALSE,FALSE,FALSE,1,1,"singleton",1,0,1,0,1,0,1,0,1,0,0,3,"Lower tail"
"20072",59.14,4,2025-03-11,"22218621",36.5,"G52393",NA,NA,3605,"2025",3,"Spring",2020-04-11,2021-08-02,43.2903225806452,FALSE,"2020",4,"Spring","G-coded","male","4",59.14,"43-60",FALSE,FALSE,FALSE,FALSE,FALSE,FALSE,FALSE,FALSE,FALSE,FALSE,1,1,"singleton",1,0,0,0,1,0,0,0,0,0,0,3,"Lower tail"
"224543",35.21,2,2025-03-10,"427151",37.2,"G52380","2545109367","62501",3609,"2025",3,"Spring",2022-04-10,2023-08-02,19.258064516129,FALSE,"2022",4,"Spring","G-coded","male","2",35.21,"31-42",FALSE,FALSE,FALSE,FALSE,FALSE,FALSE,FALSE,FALSE,FALSE,FALSE,1,1,"singleton",1,0,0,0,1,0,0,0,0,0,0,3,"Lower tail"
"70659",85.17,4,2025-03-08,"22218621",31.6,"G52369","160885","12100",3631,"2025",3,"Spring",2018-02-08,2019-06-02,69.1935483870968,FALSE,"2018",2,"Winter","G-coded","male","4",85.17,">60",FALSE,FALSE,FALSE,FALSE,FALSE,FALSE,FALSE,FALSE,FALSE,FALSE,1,1,"singleton",1,0,1,0,1,0,1,0,0,0,0,3,"Lower tail"
"95113",64.43,4,2025-03-08,"427151",36.2,"G52368",NA,NA,3632,"2025",3,"Spring",2019-11-08,2021-03-02,48.1935483870968,FALSE,"2019",11,"Autumn","G-coded","male","4",64.43,">60",FALSE,FALSE,FALSE,FALSE,FALSE,FALSE,FALSE,FALSE,FALSE,FALSE,1,1,"singleton",1,0,0,0,1,0,0,0,0,0,0,3,"Lower tail"
"212434",47.86,2,2025-03-07,"22218621",31.1,"250362","180781","00119",3640,"2025",3,"Spring",2021-03-07,2022-07-02,32.1612903225806,FALSE,"2021",3,"Spring","non-G-coded","female","2",47.86,"43-60",FALSE,FALSE,FALSE,FALSE,FALSE,FALSE,FALSE,FALSE,FALSE,FALSE,1,1,"singleton",1,0,1,0,1,0,1,0,0,0,0,3,"Lower tail"
"801059",74.75,4,2025-03-06,"427151",26.5,"250355","171790","60735",3650,"2025",3,"Spring",2018-12-06,2020-04-02,59.1290322580645,FALSE,"2018",12,"Winter","non-G-coded","female","4",74.75,">60",FALSE,FALSE,FALSE,FALSE,FALSE,FALSE,FALSE,FALSE,FALSE,FALSE,1,1,"singleton",1,0,1,0,1,0,1,0,1,0,0,3,"Lower tail"
"91153",81.85,6,2024-08-27,"171206",30.8,"241051",NA,NA,5125,"2024",8,"Summer",2017-10-27,2019-09-02,59.8064516129032,FALSE,"2017",10,"Autumn","non-G-coded","female","6",81.85,">60",FALSE,FALSE,FALSE,FALSE,FALSE,FALSE,FALSE,FALSE,FALSE,FALSE,1,1,"singleton",1,0,1,0,1,0,1,0,0,0,0,8,"Lower tail"
"00767",62.52,4,2024-08-27,"15620128",36.4,"G41073",NA,NA,5126,"2024",8,"Summer",2019-05-27,2021-04-02,40.8064516129032,FALSE,"2019",5,"Spring","G-coded","male","4",62.52,">60",FALSE,FALSE,FALSE,FALSE,FALSE,FALSE,FALSE,FALSE,FALSE,FALSE,1,1,"singleton",1,0,0,0,1,0,0,0,0,0,0,8,"Lower tail"
"00060",67.26,4,2024-08-26,"171206",31.8,"G41032",NA,NA,5130,"2024",8,"Summer",2019-01-26,2020-12-02,44.7741935483871,FALSE,"2019",1,"Winter","G-coded","male","4",67.26,">60",FALSE,FALSE,FALSE,FALSE,FALSE,FALSE,FALSE,FALSE,FALSE,FALSE,1,1,"singleton",1,0,1,0,1,0,1,0,0,0,0,8,"Lower tail"
"70645",81.89,6,2024-08-24,"171206",26.7,"G41026",NA,NA,5141,"2024",8,"Summer",2017-10-24,2019-09-02,59.7096774193548,FALSE,"2017",10,"Autumn","G-coded","male","6",81.89,">60",FALSE,FALSE,FALSE,FALSE,FALSE,FALSE,FALSE,FALSE,FALSE,FALSE,1,1,"singleton",1,0,1,0,1,0,1,0,1,0,0,8,"Lower tail"
"00381",64.63,4,2024-08-23,"15620128",23.2,"G41020","171790","62481",5146,"2024",8,"Summer",2019-03-23,2021-02-02,42.6774193548387,FALSE,"2019",3,"Spring","G-coded","male","4",64.63,">60",TRUE,FALSE,FALSE,FALSE,FALSE,FALSE,FALSE,FALSE,FALSE,FALSE,1,1,"singleton",1,0,1,0,1,0,1,0,1,0,0,8,"Lower tail"
"61599",102.66,5,2024-08-23,"15620128",32.8,"241039",NA,NA,5147,"2024",8,"Summer",2016-01-23,2017-12-02,80.6774193548387,FALSE,"2016",1,"Winter","non-G-coded","female","5",102.66,">60",FALSE,FALSE,FALSE,FALSE,FALSE,FALSE,FALSE,FALSE,FALSE,FALSE,1,1,"singleton",1,0,0,0,1,0,1,0,0,0,0,8,"Lower tail"
"70345",87.34,6,2024-08-23,"15620128",33.6,"241040",NA,NA,5149,"2024",8,"Summer",2017-05-23,2019-04-02,64.6774193548387,FALSE,"2017",5,"Spring","non-G-coded","female","6",87.34,">60",FALSE,FALSE,FALSE,FALSE,FALSE,FALSE,FALSE,FALSE,FALSE,FALSE,1,1,"singleton",1,0,0,0,1,0,1,0,0,0,0,8,"Lower tail"
"212975",38.86,2,2024-08-22,"171206",36.6,"G41017","606306","00310",5152,"2024",8,"Summer",2021-05-22,2023-04-02,16.6451612903226,FALSE,"2021",5,"Spring","G-coded","male","2",38.86,"31-42",FALSE,FALSE,FALSE,FALSE,FALSE,FALSE,FALSE,FALSE,FALSE,FALSE,1,1,"singleton",1,0,0,0,1,0,0,0,0,0,0,8,"Lower tail"
"00544",63.51,4,2024-08-21,"171206",35.6,"G41012","167285","62580",5159,"2024",8,"Summer",2019-04-21,2021-03-02,41.6129032258064,FALSE,"2019",4,"Spring","G-coded","male","4",63.51,">60",FALSE,FALSE,FALSE,FALSE,FALSE,FALSE,FALSE,FALSE,FALSE,FALSE,1,1,"singleton",1,0,0,0,1,0,1,0,0,0,0,8,"Lower tail"
"212849",39.35,2,2024-08-18,"171206",37.2,"G41010",NA,NA,5170,"2024",8,"Summer",2021-05-18,2023-04-02,16.5161290322581,FALSE,"2021",5,"Spring","G-coded","male","2",39.35,"31-42",FALSE,FALSE,FALSE,FALSE,FALSE,FALSE,FALSE,FALSE,FALSE,FALSE,1,1,"singleton",1,0,0,0,1,0,0,0,0,0,0,8,"Lower tail"
"60052",102.73,6,2024-08-16,"15620126",32.2,"G41003",NA,NA,5178,"2024",8,"Summer",2016-01-16,2017-12-02,80.4516129032258,FALSE,"2016",1,"Winter","G-coded","male","6",102.73,">60",FALSE,FALSE,FALSE,FALSE,FALSE,FALSE,FALSE,FALSE,FALSE,FALSE,1,1,"singleton",1,0,1,0,1,0,1,0,0,0,0,8,"Lower tail"
"224863",26.66,1,2024-08-16,"171206",34.5,"G41004","606045","00069",5179,"2024",8,"Summer",2022-05-16,2024-04-02,4.45161290322581,TRUE,"2022",5,"Spring","G-coded","male","1",26.66,"<=30",FALSE,FALSE,FALSE,FALSE,FALSE,FALSE,FALSE,FALSE,FALSE,FALSE,1,1,"singleton",1,0,0,0,1,0,1,0,0,0,0,8,"Lower tail"
"800681",70.71,5,2024-08-16,"15620126",33.8,"241024","171350","60909",5180,"2024",8,"Summer",2018-09-16,2020-08-02,48.4516129032258,FALSE,"2018",9,"Autumn","non-G-coded","female","5",70.71,">60",FALSE,FALSE,FALSE,FALSE,FALSE,FALSE,FALSE,FALSE,FALSE,FALSE,1,1,"singleton",1,0,0,0,1,0,1,0,0,0,0,8,"Lower tail"
"H213264",35.83,2,2024-08-14,"171206",30.5,"241017","180781","L140502",5198,"2024",8,"Summer",2021-08-14,2023-07-02,13.3870967741935,TRUE,"2021",8,"Summer","non-G-coded","female","2",35.83,"31-42",FALSE,FALSE,FALSE,FALSE,FALSE,FALSE,FALSE,FALSE,FALSE,FALSE,1,1,"singleton",1,0,1,0,1,0,1,0,0,0,0,8,"Lower tail"
"H224471",24.79,1,2024-08-13,"15620126",36.5,"G40996","甘露606318","800937",5199,"2024",8,"Summer",2022-07-13,2024-06-02,2.35483870967742,TRUE,"2022",7,"Summer","G-coded","male","1",24.79,"<=30",FALSE,FALSE,FALSE,FALSE,FALSE,FALSE,FALSE,FALSE,FALSE,FALSE,1,1,"singleton",1,0,0,0,1,0,0,0,0,0,0,8,"Lower tail"
"202112",46.84,3,2024-08-10,"171206",32.4,"241002","606244","70626",5207,"2024",8,"Summer",2020-09-10,2022-08-02,24.258064516129,FALSE,"2020",9,"Autumn","non-G-coded","female","3",46.84,"43-60",FALSE,FALSE,FALSE,FALSE,FALSE,FALSE,FALSE,FALSE,FALSE,FALSE,1,1,"singleton",1,0,0,0,1,0,1,0,0,0,0,8,"Lower tail"
"213337",36,2,2024-08-10,"15620126",36.4,"G40994",NA,NA,5208,"2024",8,"Summer",2021-08-10,2023-07-02,13.258064516129,TRUE,"2021",8,"Summer","G-coded","male","2",36,"31-42",FALSE,FALSE,FALSE,FALSE,FALSE,FALSE,FALSE,FALSE,FALSE,FALSE,1,1,"singleton",1,0,0,0,1,0,0,0,0,0,0,8,"Lower tail"
"00637",62.72,4,2024-08-10,"171206",27.6,"241001","167285","1236",5210,"2024",8,"Summer",2019-05-10,2021-04-02,40.258064516129,FALSE,"2019",5,"Spring","non-G-coded","female","4",62.72,">60",FALSE,FALSE,FALSE,FALSE,FALSE,FALSE,FALSE,FALSE,FALSE,FALSE,1,1,"singleton",1,0,1,0,1,0,1,0,1,0,0,8,"Lower tail"
"H70239",91.75,5,2024-08-10,"15620128",34.4,"G40991",NA,NA,5211,"2024",8,"Summer",2016-12-10,2018-11-02,69.258064516129,FALSE,"2016",12,"Winter","G-coded","male","5",91.75,">60",FALSE,FALSE,FALSE,FALSE,FALSE,FALSE,FALSE,FALSE,FALSE,FALSE,1,1,"singleton",1,0,1,0,1,0,1,0,0,0,0,8,"Lower tail"
"60738",103.29,6,2024-08-10,"171206",36.8,"G40993",NA,NA,5213,"2024",8,"Summer",2016-01-10,2017-12-02,80.258064516129,FALSE,"2016",1,"Winter","G-coded","male","6",103.29,">60",FALSE,FALSE,FALSE,FALSE,FALSE,FALSE,FALSE,FALSE,FALSE,FALSE,1,1,"singleton",1,0,0,0,1,0,0,0,0,0,0,8,"Lower tail"
"202231",45.99,3,2024-08-09,"15620126",32.2,"241000",NA,NA,5216,"2024",8,"Summer",2020-10-09,2022-09-02,23.2258064516129,FALSE,"2020",10,"Autumn","non-G-coded","female","3",45.99,"43-60",FALSE,FALSE,FALSE,FALSE,FALSE,FALSE,FALSE,FALSE,FALSE,FALSE,1,1,"singleton",1,0,1,0,1,0,1,0,0,0,0,8,"Lower tail"
"70038",90.8,6,2024-08-07,"171206",31.8,"G40985",NA,NA,5219,"2024",8,"Summer",2017-01-07,2018-12-02,68.1612903225806,FALSE,"2017",1,"Winter","G-coded","male","6",90.8,">60",FALSE,FALSE,FALSE,FALSE,FALSE,FALSE,FALSE,FALSE,FALSE,FALSE,1,1,"singleton",1,0,1,0,1,0,1,0,0,0,0,8,"Lower tail"
"213158",36.36,2,2024-08-07,"171206",33.4,"240999","603268","60233",5221,"2024",8,"Summer",2021-08-07,2023-07-02,13.1612903225806,TRUE,"2021",8,"Summer","non-G-coded","female","2",36.36,"31-42",FALSE,FALSE,FALSE,FALSE,FALSE,FALSE,FALSE,FALSE,FALSE,FALSE,1,1,"singleton",1,0,0,0,1,0,1,0,0,0,0,8,"Lower tail"
"62172",102.07,5,2024-08-07,"171206",33.6,"240997",NA,NA,5223,"2024",8,"Summer",2016-02-07,2018-01-02,79.1612903225806,FALSE,"2016",2,"Winter","non-G-coded","female","5",102.07,">60",FALSE,FALSE,FALSE,FALSE,FALSE,FALSE,FALSE,FALSE,FALSE,FALSE,1,1,"singleton",1,0,0,0,1,0,1,0,0,0,0,8,"Lower tail"
"60132",100.59,7,2024-08-06,"15620126",28.7,"G40982",NA,NA,5226,"2024",8,"Summer",2016-03-06,2018-02-02,78.1290322580645,FALSE,"2016",3,"Spring","G-coded","male",">=7",100.59,">60",FALSE,FALSE,FALSE,FALSE,FALSE,FALSE,FALSE,FALSE,FALSE,FALSE,1,1,"singleton",1,0,1,0,1,0,1,0,1,0,0,8,"Lower tail"
"62358",101.55,6,2024-08-02,"15620126",27.5,"240988",NA,NA,5246,"2024",8,"Summer",2016-02-02,2018-01-02,79,FALSE,"2016",2,"Winter","non-G-coded","female","6",101.55,">60",FALSE,FALSE,FALSE,FALSE,FALSE,FALSE,FALSE,FALSE,FALSE,FALSE,1,1,"singleton",1,0,1,0,1,0,1,0,1,0,0,8,"Lower tail"
"50370",111.05,6,2024-08-01,"171206",35.4,"G40967",NA,NA,5249,"2024",8,"Summer",2015-05-01,2017-04-02,87.9677419354839,FALSE,"2015",5,"Spring","G-coded","male","6",111.05,">60",FALSE,FALSE,FALSE,FALSE,FALSE,FALSE,FALSE,FALSE,FALSE,FALSE,1,1,"singleton",1,0,0,0,1,0,1,0,0,0,0,8,"Lower tail"
"70149",88.79,6,2024-08-01,"171206",37.4,"G40968",NA,NA,5250,"2024",8,"Summer",2017-03-01,2019-02-02,65.9677419354839,FALSE,"2017",3,"Spring","G-coded","male","6",88.79,">60",FALSE,FALSE,FALSE,FALSE,FALSE,FALSE,FALSE,FALSE,FALSE,FALSE,1,1,"singleton",1,0,0,0,1,0,0,0,0,0,0,8,"Lower tail"
"225081",23.18,1,2024-07-31,"171206",29.6,"240986","甘露606318","00736",5253,"2024",7,"Summer",2022-08-31,2024-08-02,-0.0645161290322581,TRUE,"2022",8,"Summer","non-G-coded","female","1",23.18,"<=30",FALSE,FALSE,FALSE,FALSE,FALSE,FALSE,FALSE,FALSE,FALSE,FALSE,1,1,"singleton",1,0,1,0,1,0,1,0,1,0,0,7,"Lower tail"
"H213015",37.67,2,2024-07-31,"171206",32.6,"240984",NA,NA,5254,"2024",7,"Summer",2021-05-31,2023-05-02,14.9354838709677,TRUE,"2021",5,"Spring","non-G-coded","female","2",37.67,"31-42",FALSE,FALSE,FALSE,FALSE,FALSE,FALSE,FALSE,FALSE,FALSE,FALSE,1,1,"singleton",1,0,0,0,1,0,1,0,0,0,0,7,"Lower tail"
"201396",52.27,3,2024-07-31,"171206",31.2,"240985","606244","62125",5255,"2024",7,"Summer",2020-03-31,2022-03-02,28.9354838709677,FALSE,"2020",3,"Spring","non-G-coded","female","3",52.27,"43-60",FALSE,FALSE,FALSE,FALSE,FALSE,FALSE,FALSE,FALSE,FALSE,FALSE,1,1,"singleton",1,0,1,0,1,0,1,0,0,0,0,7,"Lower tail"
"H212053",36.62,2,2024-07-29,"15620126",30.7,"G40964",NA,NA,5261,"2024",7,"Summer",2021-06-29,2023-06-02,13.8709677419355,TRUE,"2021",6,"Summer","G-coded","male","2",36.62,"31-42",FALSE,FALSE,FALSE,FALSE,FALSE,FALSE,FALSE,FALSE,FALSE,FALSE,1,1,"singleton",1,0,1,0,1,0,1,0,0,0,0,7,"Lower tail"
"70452",84.55,6,2024-07-29,"171206",33.6,"G40965",NA,NA,5263,"2024",7,"Summer",2017-06-29,2019-06-02,61.8709677419355,FALSE,"2017",6,"Summer","G-coded","male","6",84.55,">60",FALSE,FALSE,FALSE,FALSE,FALSE,FALSE,FALSE,FALSE,FALSE,FALSE,1,1,"singleton",1,0,1,0,1,0,1,0,0,0,0,7,"Lower tail"
"212978",38,2,2024-07-28,"171206",35.2,"G40962","606306","61990",5266,"2024",7,"Summer",2021-05-28,2023-05-02,14.8387096774194,TRUE,"2021",5,"Spring","G-coded","male","2",38,"31-42",FALSE,FALSE,FALSE,FALSE,FALSE,FALSE,FALSE,FALSE,FALSE,FALSE,1,1,"singleton",1,0,0,0,1,0,1,0,0,0,0,7,"Lower tail"
"201938",47.96,3,2024-07-28,"171206",37.2,"G40963","606244","1411",5269,"2024",7,"Summer",2020-07-28,2022-07-02,24.8387096774194,FALSE,"2020",7,"Summer","G-coded","male","3",47.96,"43-60",FALSE,FALSE,FALSE,FALSE,FALSE,FALSE,FALSE,FALSE,FALSE,FALSE,1,1,"singleton",1,0,0,0,1,0,0,0,0,0,0,7,"Lower tail"
"90021",69.4,4,2024-07-26,"171206",30.4,"240966",NA,NA,5278,"2024",7,"Summer",2018-10-26,2020-10-02,45.7741935483871,FALSE,"2018",10,"Autumn","non-G-coded","female","4",69.4,">60",FALSE,FALSE,FALSE,FALSE,FALSE,FALSE,FALSE,FALSE,FALSE,FALSE,1,1,"singleton",1,0,1,0,1,0,1,0,0,0,0,7,"Lower tail"
"61987",102.2,6,2024-07-24,"171206",34.5,"240960",NA,NA,5291,"2024",7,"Summer",2016-01-24,2018-01-02,78.7096774193548,FALSE,"2016",1,"Winter","non-G-coded","female","6",102.2,">60",FALSE,FALSE,FALSE,FALSE,FALSE,FALSE,FALSE,FALSE,FALSE,FALSE,1,1,"singleton",1,0,0,0,1,0,1,0,0,0,0,7,"Lower tail"
"00748L",61.51,4,2024-07-24,"171206",35,"G40940",NA,NA,5296,"2024",7,"Summer",2019-05-24,2021-05-02,38.7096774193548,FALSE,"2019",5,"Spring","G-coded","male","4",61.51,">60",FALSE,FALSE,FALSE,FALSE,FALSE,FALSE,FALSE,FALSE,FALSE,FALSE,1,1,"singleton",1,0,0,0,1,0,1,0,0,0,0,7,"Lower tail"
"61726",102.14,6,2024-07-24,"22220785",35,"G40948",NA,NA,5299,"2024",7,"Summer",2016-01-24,2018-01-02,78.7096774193548,FALSE,"2016",1,"Winter","G-coded","male","6",102.14,">60",FALSE,FALSE,FALSE,FALSE,FALSE,FALSE,FALSE,FALSE,FALSE,FALSE,1,1,"singleton",1,0,0,0,1,0,1,0,0,0,0,7,"Lower tail"
"212319",40.93,2,2024-07-24,"171206",32.6,"240961","7402563907","60582",5301,"2024",7,"Summer",2021-02-24,2023-02-02,17.7096774193548,FALSE,"2021",2,"Winter","non-G-coded","female","2",40.93,"31-42",FALSE,FALSE,FALSE,FALSE,FALSE,FALSE,FALSE,FALSE,FALSE,FALSE,1,1,"singleton",1,0,0,0,1,0,1,0,0,0,0,7,"Lower tail"
"62193",100.92,7,2024-07-23,"171206",36.6,"G40939",NA,NA,5316,"2024",7,"Summer",2016-02-23,2018-02-02,77.6774193548387,FALSE,"2016",2,"Winter","G-coded","male",">=7",100.92,">60",FALSE,FALSE,FALSE,FALSE,FALSE,FALSE,FALSE,FALSE,FALSE,FALSE,1,1,"singleton",1,0,0,0,1,0,0,0,0,0,0,7,"Lower tail"
"00735",61.51,4,2024-07-22,"171206",33.6,"240950",NA,NA,5321,"2024",7,"Summer",2019-05-22,2021-05-02,38.6451612903226,FALSE,"2019",5,"Spring","non-G-coded","female","4",61.51,">60",FALSE,FALSE,FALSE,FALSE,FALSE,FALSE,FALSE,FALSE,FALSE,FALSE,1,1,"singleton",1,0,0,0,1,0,1,0,0,0,0,7,"Lower tail"
"00782",61.24,3,2024-07-22,"171206",31.3,"240949",NA,NA,5325,"2024",7,"Summer",2019-06-22,2021-06-02,37.6451612903226,FALSE,"2019",6,"Summer","non-G-coded","female","3",61.24,">60",FALSE,FALSE,FALSE,FALSE,FALSE,FALSE,FALSE,FALSE,FALSE,FALSE,1,1,"singleton",1,0,1,0,1,0,1,0,0,0,0,7,"Lower tail"
"201690",50.1,3,2024-07-19,"171206",36.3,"G40922",NA,NA,5335,"2024",7,"Summer",2020-05-19,2022-05-02,26.5483870967742,FALSE,"2020",5,"Spring","G-coded","male","3",50.1,"43-60",FALSE,FALSE,FALSE,FALSE,FALSE,FALSE,FALSE,FALSE,FALSE,FALSE,1,1,"singleton",1,0,0,0,1,0,0,0,0,0,0,7,"Lower tail"
"225223",21.6,1,2024-07-17,"171206",32.3,"G40916",NA,NA,5347,"2024",7,"Summer",2022-09-17,2024-09-02,-1.51612903225806,TRUE,"2022",9,"Autumn","G-coded","male","1",21.6,"<=30",FALSE,FALSE,FALSE,FALSE,FALSE,FALSE,FALSE,FALSE,FALSE,FALSE,1,1,"singleton",1,0,1,0,1,0,1,0,0,0,0,7,"Lower tail"
"201923",47.47,3,2024-07-08,"22220785",35.6,"G40893","606244","800334",5368,"2024",7,"Summer",2020-08-08,2022-08-02,23.1935483870968,FALSE,"2020",8,"Summer","G-coded","male","3",47.47,"43-60",FALSE,FALSE,FALSE,FALSE,FALSE,FALSE,FALSE,FALSE,FALSE,FALSE,1,1,"singleton",1,0,0,0,1,0,1,0,0,0,0,7,"Lower tail"
"70225",87.02,6,2024-07-02,"22220785",26.6,"240904",NA,NA,5378,"2024",7,"Summer",2017-04-02,2019-04-02,63,FALSE,"2017",4,"Spring","non-G-coded","female","6",87.02,">60",FALSE,FALSE,FALSE,FALSE,FALSE,FALSE,FALSE,FALSE,FALSE,FALSE,1,1,"singleton",1,0,1,0,1,0,1,0,1,0,0,7,"Lower tail"
"213805",101.64,6,2024-06-30,"171206",31.3,"240894",NA,NA,5381,"2024",6,"Summer",2015-12-30,2018-01-02,77.9333333333333,FALSE,"2015",12,"Winter","non-G-coded","female","6",101.64,">60",FALSE,FALSE,FALSE,FALSE,FALSE,FALSE,FALSE,FALSE,FALSE,FALSE,1,1,"singleton",1,0,1,0,1,0,1,0,0,0,0,6,"Lower tail"
"800451",72.32,5,2024-06-29,"171206",32.8,"G40872",NA,NA,5384,"2024",6,"Summer",2018-06-29,2020-07-02,47.9,FALSE,"2018",6,"Summer","G-coded","male","5",72.32,">60",FALSE,FALSE,FALSE,FALSE,FALSE,FALSE,FALSE,FALSE,FALSE,FALSE,1,1,"singleton",1,0,1,0,1,0,1,0,0,0,0,6,"Lower tail"
"60482",92.8,7,2024-06-26,"171206",26.2,"G40871",NA,NA,5392,"2024",6,"Summer",2016-09-26,2018-10-02,68.8,FALSE,"2016",9,"Autumn","G-coded","male",">=7",92.8,">60",FALSE,FALSE,FALSE,FALSE,FALSE,FALSE,FALSE,FALSE,FALSE,FALSE,1,1,"singleton",1,0,1,0,1,0,1,0,1,0,0,6,"Lower tail"
"201086",53.22,2,2024-06-26,"171206",24.6,"G40870",NA,NA,5395,"2024",6,"Summer",2020-01-26,2022-02-02,28.8,FALSE,"2020",1,"Winter","G-coded","male","2",53.22,"43-60",TRUE,FALSE,FALSE,FALSE,FALSE,FALSE,FALSE,FALSE,FALSE,FALSE,1,1,"singleton",1,0,1,0,1,0,1,0,1,0,0,6,"Lower tail"
"00418",60.91,4,2024-06-24,"22220785",35.6,"G40864",NA,NA,5402,"2024",6,"Summer",2019-05-24,2021-06-02,36.7333333333333,FALSE,"2019",5,"Spring","G-coded","male","4",60.91,">60",FALSE,FALSE,FALSE,FALSE,FALSE,FALSE,FALSE,FALSE,FALSE,FALSE,1,1,"singleton",1,0,0,0,1,0,1,0,0,0,0,6,"Lower tail"
"801015",66.47,5,2024-06-22,"171206",28.4,"240873",NA,NA,5413,"2024",6,"Summer",2018-12-22,2021-01-02,41.6666666666667,FALSE,"2018",12,"Winter","non-G-coded","female","5",66.47,">60",FALSE,FALSE,FALSE,FALSE,FALSE,FALSE,FALSE,FALSE,FALSE,FALSE,1,1,"singleton",1,0,1,0,1,0,1,0,1,0,0,6,"Lower tail"
"61504",99.93,7,2024-06-21,"22220785",36.8,"G40859",NA,NA,5416,"2024",6,"Summer",2016-02-21,2018-03-02,75.6333333333333,FALSE,"2016",2,"Winter","G-coded","male",">=7",99.93,">60",FALSE,FALSE,FALSE,FALSE,FALSE,FALSE,FALSE,FALSE,FALSE,FALSE,1,1,"singleton",1,0,0,0,1,0,0,0,0,0,0,6,"Lower tail"
"212674",37.97,2,2024-06-16,"863025",26.2,"G40853","606318","910401",5438,"2024",6,"Summer",2021-04-16,2023-05-02,13.4666666666667,TRUE,"2021",4,"Spring","G-coded","male","2",37.97,"31-42",FALSE,FALSE,FALSE,FALSE,FALSE,FALSE,FALSE,FALSE,FALSE,FALSE,1,1,"singleton",1,0,1,0,1,0,1,0,1,0,0,6,"Lower tail"
"201704",48.88,3,2024-06-15,"171206",28.8,"HG40844",NA,NA,5445,"2024",6,"Summer",2020-05-15,2022-06-02,24.4333333333333,FALSE,"2020",5,"Spring","non-G-coded","female","3",48.88,"43-60",FALSE,FALSE,FALSE,FALSE,FALSE,FALSE,FALSE,FALSE,FALSE,FALSE,1,1,"singleton",1,0,1,0,1,0,1,0,1,0,0,6,"Lower tail"
"800396",72.55,5,2024-06-14,"863025",29.2,"240851",NA,NA,5458,"2024",6,"Summer",2018-05-14,2020-06-02,48.4,FALSE,"2018",5,"Spring","non-G-coded","female","5",72.55,">60",FALSE,FALSE,FALSE,FALSE,FALSE,FALSE,FALSE,FALSE,FALSE,FALSE,1,1,"singleton",1,0,1,0,1,0,1,0,1,0,0,6,"Lower tail"
"70340",85.14,6,2024-06-13,"22220785",30.2,"240848","426864","1336",5462,"2024",6,"Summer",2017-05-13,2019-06-02,60.3666666666667,FALSE,"2017",5,"Spring","non-G-coded","female","6",85.14,">60",FALSE,FALSE,FALSE,FALSE,FALSE,FALSE,FALSE,FALSE,FALSE,FALSE,1,1,"singleton",1,0,1,0,1,0,1,0,0,0,0,6,"Lower tail"
"60035",100.82,6,2024-06-11,"863025",29.8,"HG40834",NA,NA,5468,"2024",6,"Summer",2016-01-11,2018-02-02,76.3,FALSE,"2016",1,"Winter","non-G-coded","female","6",100.82,">60",FALSE,FALSE,FALSE,FALSE,FALSE,FALSE,FALSE,FALSE,FALSE,FALSE,1,1,"singleton",1,0,1,0,1,0,1,0,1,0,0,6,"Lower tail"
"Z800743",58.32,4,2024-06-09,"22220785",34.7,"240839",NA,NA,5487,"2024",6,"Summer",2019-08-09,2021-09-02,33.2333333333333,FALSE,"2019",8,"Summer","non-G-coded","female","4",58.32,"43-60",FALSE,FALSE,FALSE,FALSE,FALSE,FALSE,FALSE,FALSE,FALSE,FALSE,1,1,"singleton",1,0,0,0,1,0,1,0,0,0,0,6,"Lower tail"
"50226",112.06,7,2024-06-09,"863025",33.5,"240838",NA,NA,5488,"2024",6,"Summer",2015-02-09,2017-03-02,87.2333333333333,FALSE,"2015",2,"Winter","non-G-coded","female",">=7",112.06,">60",FALSE,FALSE,FALSE,FALSE,FALSE,FALSE,FALSE,FALSE,FALSE,FALSE,1,1,"singleton",1,0,0,0,1,0,1,0,0,0,0,6,"Lower tail"
"63066",99.61,6,2024-06-04,"863025",34.6,"240819",NA,NA,5519,"2024",6,"Summer",2016-02-04,2018-03-02,75.0666666666667,FALSE,"2016",2,"Winter","non-G-coded","female","6",99.61,">60",FALSE,FALSE,FALSE,FALSE,FALSE,FALSE,FALSE,FALSE,FALSE,FALSE,1,1,"singleton",1,0,0,0,1,0,1,0,0,0,0,6,"Lower tail"
"H212973",36.98,2,2024-06-04,"863025",27.1,"240816","186967","00729",5520,"2024",6,"Summer",2021-05-04,2023-06-02,12.0666666666667,TRUE,"2021",5,"Spring","non-G-coded","female","2",36.98,"31-42",FALSE,FALSE,FALSE,FALSE,FALSE,FALSE,FALSE,FALSE,FALSE,FALSE,1,1,"singleton",1,0,1,0,1,0,1,0,1,0,0,6,"Lower tail"
"224755",25.08,1,2024-06-04,"22220785",31.7,"240817",NA,NA,5522,"2024",6,"Summer",2022-05-04,2024-06-02,0.0666666666666667,TRUE,"2022",5,"Spring","non-G-coded","female","1",25.08,"<=30",FALSE,FALSE,FALSE,FALSE,FALSE,FALSE,FALSE,FALSE,FALSE,FALSE,1,1,"singleton",1,0,1,0,1,0,1,0,0,0,0,6,"Lower tail"
"800687",68.24,5,2024-06-04,"22220785",34.6,"240820","171350","L09035",5523,"2024",6,"Summer",2018-10-04,2020-11-02,43.0666666666667,FALSE,"2018",10,"Autumn","non-G-coded","female","5",68.24,">60",FALSE,FALSE,FALSE,FALSE,FALSE,FALSE,FALSE,FALSE,FALSE,FALSE,1,1,"singleton",1,0,0,0,1,0,1,0,0,0,0,6,"Lower tail"
"800868",66.8,3,2024-06-04,"863025",33.7,"240818","171350","1591",5524,"2024",6,"Summer",2018-11-04,2020-12-02,42.0666666666667,FALSE,"2018",11,"Autumn","non-G-coded","female","3",66.8,">60",FALSE,FALSE,FALSE,FALSE,FALSE,FALSE,FALSE,FALSE,FALSE,FALSE,1,1,"singleton",1,0,0,0,1,0,1,0,0,0,0,6,"Lower tail"
"224676",25.44,1,2024-06-03,"22220785",35.6,"G40797",NA,NA,5540,"2024",6,"Summer",2022-05-03,2024-06-02,0.0333333333333333,TRUE,"2022",5,"Spring","G-coded","male","1",25.44,"<=30",FALSE,FALSE,FALSE,FALSE,FALSE,FALSE,FALSE,FALSE,FALSE,FALSE,1,1,"singleton",1,0,0,0,1,0,1,0,0,0,0,6,"Lower tail"
"201743",48.09,3,2024-06-03,"863025",34.7,"240806","865530","60261",5541,"2024",6,"Summer",2020-06-03,2022-07-02,23.0333333333333,FALSE,"2020",6,"Summer","non-G-coded","female","3",48.09,"43-60",FALSE,FALSE,FALSE,FALSE,FALSE,FALSE,FALSE,FALSE,FALSE,FALSE,1,1,"singleton",1,0,0,0,1,0,1,0,0,0,0,6,"Lower tail"
"212612",36.23,1,2024-06-01,"22220785",31.4,"G40792",NA,NA,5544,"2024",6,"Summer",2021-06-01,2023-07-02,10.9677419354839,TRUE,"2021",6,"Summer","G-coded","male","1",36.23,"31-42",FALSE,FALSE,FALSE,FALSE,FALSE,FALSE,FALSE,FALSE,FALSE,FALSE,1,1,"singleton",1,0,1,0,1,0,1,0,0,0,0,6,"Lower tail"
"60909",100.66,7,2024-06-01,"22220785",31.1,"G40793",NA,NA,5547,"2024",6,"Summer",2016-01-01,2018-02-02,75.9677419354839,FALSE,"2016",1,"Winter","G-coded","male",">=7",100.66,">60",FALSE,FALSE,FALSE,FALSE,FALSE,FALSE,FALSE,FALSE,FALSE,FALSE,1,1,"singleton",1,0,1,0,1,0,1,0,0,0,0,6,"Lower tail"
"70256",85.6,6,2024-05-31,"22220785",33.6,"240799",NA,NA,5559,"2024",5,"Spring",2017-03-31,2019-05-02,60.9354838709677,FALSE,"2017",3,"Spring","non-G-coded","female","6",85.6,">60",FALSE,FALSE,FALSE,FALSE,FALSE,FALSE,FALSE,FALSE,FALSE,FALSE,1,1,"singleton",1,0,0,0,1,0,1,0,0,0,0,5,"Lower tail"
"212882",36.59,1,2024-05-30,"22220785",34.7,"240790","186967","61580",5571,"2024",5,"Spring",2021-04-30,2023-06-02,11.9032258064516,TRUE,"2021",4,"Spring","non-G-coded","female","1",36.59,"31-42",FALSE,FALSE,FALSE,FALSE,FALSE,FALSE,FALSE,FALSE,FALSE,FALSE,1,1,"singleton",1,0,0,0,1,0,1,0,0,0,0,5,"Lower tail"
"201493",49.61,3,2024-05-29,"863025",36.8,"G40780","606244","70251",5575,"2024",5,"Spring",2020-03-29,2022-05-02,24.8709677419355,FALSE,"2020",3,"Spring","G-coded","male","3",49.61,"43-60",FALSE,FALSE,FALSE,FALSE,FALSE,FALSE,FALSE,FALSE,FALSE,FALSE,1,1,"singleton",1,0,0,0,1,0,0,0,0,0,0,5,"Lower tail"
"800093",75.15,5,2024-05-28,"22220785",34.8,"G40771","178434","10448",5585,"2024",5,"Spring",2018-02-28,2020-04-02,49.8387096774194,FALSE,"2018",2,"Winter","G-coded","male","5",75.15,">60",FALSE,FALSE,FALSE,FALSE,FALSE,FALSE,FALSE,FALSE,FALSE,FALSE,1,1,"singleton",1,0,0,0,1,0,1,0,0,0,0,5,"Lower tail"
"800083",75.25,4,2024-05-27,"22220785",30.7,"240781L",NA,NA,5593,"2024",5,"Spring",2018-02-27,2020-04-02,49.8064516129032,FALSE,"2018",2,"Winter","non-G-coded","female","4",75.25,">60",FALSE,FALSE,FALSE,FALSE,FALSE,FALSE,FALSE,FALSE,FALSE,FALSE,1,1,"singleton",1,0,1,0,1,0,1,0,0,0,0,5,"Lower tail"
"212426",38.46,2,2024-05-24,"171206",34.8,"G40757",NA,NA,5617,"2024",5,"Spring",2021-03-24,2023-05-02,12.7096774193548,TRUE,"2021",3,"Spring","G-coded","male","2",38.46,"31-42",FALSE,FALSE,FALSE,FALSE,FALSE,FALSE,FALSE,FALSE,FALSE,FALSE,1,1,"singleton",1,0,0,0,1,0,1,0,0,0,0,5,"Lower tail"
"61497",99.24,6,2024-05-24,"863025",35.8,"G40758",NA,NA,5618,"2024",5,"Spring",2016-02-24,2018-04-02,73.7096774193548,FALSE,"2016",2,"Winter","G-coded","male","6",99.24,">60",FALSE,FALSE,FALSE,FALSE,FALSE,FALSE,FALSE,FALSE,FALSE,FALSE,1,1,"singleton",1,0,0,0,1,0,1,0,0,0,0,5,"Lower tail"
"217020",47.37,3,2024-05-23,"22220785",33.5,"G40751",NA,NA,5622,"2024",5,"Spring",2020-06-23,2022-08-02,21.6774193548387,FALSE,"2020",6,"Summer","G-coded","male","3",47.37,"43-60",FALSE,FALSE,FALSE,FALSE,FALSE,FALSE,FALSE,FALSE,FALSE,FALSE,1,1,"singleton",1,0,1,0,1,0,1,0,0,0,0,5,"Lower tail"
"212635",27.84,1,2024-05-23,"22220785",29.6,"G40755","606318","60313",5625,"2024",5,"Spring",2022-01-23,2024-03-02,2.67741935483871,TRUE,"2022",1,"Winter","G-coded","male","1",27.84,"<=30",FALSE,FALSE,FALSE,FALSE,FALSE,FALSE,FALSE,FALSE,FALSE,FALSE,1,1,"singleton",1,0,1,0,1,0,1,0,1,0,0,5,"Lower tail"
"H01050",43.39,2,2024-05-22,"22220785",34.6,"240762","606244","800590",5628,"2024",5,"Spring",2020-10-22,2022-12-02,17.6451612903226,FALSE,"2020",10,"Autumn","non-G-coded","female","2",43.39,"43-60",FALSE,FALSE,FALSE,FALSE,FALSE,FALSE,FALSE,FALSE,FALSE,FALSE,1,1,"singleton",1,0,0,0,1,0,1,0,0,0,0,5,"Lower tail"
"61615",98.95,6,2024-05-18,"427151",33.2,"240756",NA,NA,5638,"2024",5,"Spring",2016-02-18,2018-04-02,73.5161290322581,FALSE,"2016",2,"Winter","non-G-coded","female","6",98.95,">60",FALSE,FALSE,FALSE,FALSE,FALSE,FALSE,FALSE,FALSE,FALSE,FALSE,1,1,"singleton",1,0,0,0,1,0,1,0,0,0,0,5,"Lower tail"
"201969",45.3,3,2024-05-17,"863025",33.5,"240753","606244","70598",5641,"2024",5,"Spring",2020-08-17,2022-10-02,19.4838709677419,FALSE,"2020",8,"Summer","non-G-coded","female","3",45.3,"43-60",FALSE,FALSE,FALSE,FALSE,FALSE,FALSE,FALSE,FALSE,FALSE,FALSE,1,1,"singleton",1,0,0,0,1,0,1,0,0,0,0,5,"Lower tail"
"00269",62.26,4,2024-05-17,"65119601",27.8,"240751","171790","X085",5646,"2024",5,"Spring",2019-03-17,2021-05-02,36.4838709677419,FALSE,"2019",3,"Spring","non-G-coded","female","4",62.26,">60",FALSE,FALSE,FALSE,FALSE,FALSE,FALSE,FALSE,FALSE,FALSE,FALSE,1,1,"singleton",1,0,1,0,1,0,1,0,1,0,0,5,"Lower tail"
"212888",36.06,2,2024-05-16,"22220785",31.8,"240747",NA,NA,5651,"2024",5,"Spring",2021-05-16,2023-07-02,10.4516129032258,TRUE,"2021",5,"Spring","non-G-coded","female","2",36.06,"31-42",FALSE,FALSE,FALSE,FALSE,FALSE,FALSE,FALSE,FALSE,FALSE,FALSE,1,1,"singleton",1,0,1,0,1,0,1,0,0,0,0,5,"Lower tail"
"800340",72.19,5,2024-05-15,"22220785",36.6,"G40731",NA,NA,5658,"2024",5,"Spring",2018-05-15,2020-07-02,46.4193548387097,FALSE,"2018",5,"Spring","G-coded","male","5",72.19,">60",FALSE,FALSE,FALSE,FALSE,FALSE,FALSE,FALSE,FALSE,FALSE,FALSE,1,1,"singleton",1,0,0,0,1,0,0,0,0,0,0,5,"Lower tail"
"212741",36.55,2,2024-05-13,"863025",26.4,"G41007","606318","Z00613",5675,"2024",5,"Spring",2021-04-13,2023-06-02,11.3548387096774,TRUE,"2021",4,"Spring","G-coded","male","2",36.55,"31-42",FALSE,FALSE,FALSE,FALSE,FALSE,FALSE,FALSE,FALSE,FALSE,FALSE,1,1,"singleton",1,0,1,0,1,0,1,0,1,0,0,5,"Lower tail"
"00653",59.66,3,2024-05-12,"22220785",33.6,"240733",NA,NA,5686,"2024",5,"Spring",2019-05-12,2021-07-02,34.3225806451613,FALSE,"2019",5,"Spring","non-G-coded","female","3",59.66,"43-60",FALSE,FALSE,FALSE,FALSE,FALSE,FALSE,FALSE,FALSE,FALSE,FALSE,1,1,"singleton",1,0,0,0,1,0,1,0,0,0,0,5,"Lower tail"
"212930",35.7,2,2024-05-11,"22220785",35.8,"G40712","186967","00288",5698,"2024",5,"Spring",2021-05-11,2023-07-02,10.2903225806452,TRUE,"2021",5,"Spring","G-coded","male","2",35.7,"31-42",FALSE,FALSE,FALSE,FALSE,FALSE,FALSE,FALSE,FALSE,FALSE,FALSE,1,1,"singleton",1,0,0,0,1,0,1,0,0,0,0,5,"Lower tail"
"60717",99.93,6,2024-05-09,"22220785",34.4,"240722",NA,NA,5707,"2024",5,"Spring",2016-01-09,2018-03-02,74.2258064516129,FALSE,"2016",1,"Winter","non-G-coded","female","6",99.93,">60",FALSE,FALSE,FALSE,FALSE,FALSE,FALSE,FALSE,FALSE,FALSE,FALSE,1,1,"singleton",1,0,0,0,1,0,1,0,0,0,0,5,"Lower tail"
"H800733",47.63,2,2024-05-08,"22220785",33.7,"240718","606244","60180",5713,"2024",5,"Spring",2020-05-08,2022-07-02,22.1935483870968,FALSE,"2020",5,"Spring","non-G-coded","female","2",47.63,"43-60",FALSE,FALSE,FALSE,FALSE,FALSE,FALSE,FALSE,FALSE,FALSE,FALSE,1,1,"singleton",1,0,0,0,1,0,1,0,0,0,0,5,"Lower tail"
"800324",72.02,5,2024-05-04,"22220785",31.2,"240705",NA,NA,5733,"2024",5,"Spring",2018-05-04,2020-07-02,46.0645161290323,FALSE,"2018",5,"Spring","non-G-coded","female","5",72.02,">60",FALSE,FALSE,FALSE,FALSE,FALSE,FALSE,FALSE,FALSE,FALSE,FALSE,1,1,"singleton",1,0,1,0,1,0,1,0,0,0,0,5,"Lower tail"
"212778",36.13,1,2024-05-04,"22220785",37.4,"G40690","606318","61852",5738,"2024",5,"Spring",2021-05-04,2023-07-02,10.0645161290323,TRUE,"2021",5,"Spring","G-coded","male","1",36.13,"31-42",FALSE,FALSE,FALSE,FALSE,FALSE,FALSE,FALSE,FALSE,FALSE,FALSE,1,1,"singleton",1,0,0,0,1,0,0,0,0,0,0,5,"Lower tail"
"01015",55.85,3,2024-05-04,"22220785",34.3,"G9458",NA,NA,5740,"2024",5,"Spring",2019-09-04,2021-11-02,30.0645161290323,FALSE,"2019",9,"Autumn","G-coded","male","3",55.85,"43-60",FALSE,FALSE,FALSE,FALSE,FALSE,FALSE,FALSE,FALSE,FALSE,FALSE,1,1,"singleton",1,0,1,0,1,0,1,0,0,0,0,5,"Lower tail"
"70396",83.04,6,2024-05-03,"22220785",36.8,"G40689",NA,NA,5751,"2024",5,"Spring",2017-06-03,2019-08-02,57.0322580645161,FALSE,"2017",6,"Summer","G-coded","male","6",83.04,">60",FALSE,FALSE,FALSE,FALSE,FALSE,FALSE,FALSE,FALSE,FALSE,FALSE,1,1,"singleton",1,0,0,0,1,0,0,0,0,0,0,5,"Lower tail"
"224331",26.07,1,2024-04-30,"22220785",23.8,"240693",NA,NA,5761,"2024",4,"Spring",2022-02-28,2024-05-02,-0.0666666666666667,TRUE,"2022",2,"Winter","non-G-coded","female","1",26.07,"<=30",TRUE,FALSE,FALSE,FALSE,FALSE,FALSE,FALSE,FALSE,FALSE,FALSE,1,1,"singleton",1,0,1,0,1,0,1,0,1,0,0,4,"Lower tail"
"60560",89.38,5,2024-04-30,"22220785",31.3,"G40680",NA,NA,5766,"2024",4,"Spring",2016-11-30,2019-02-02,62.9333333333333,FALSE,"2016",11,"Autumn","G-coded","male","5",89.38,">60",FALSE,FALSE,FALSE,FALSE,FALSE,FALSE,FALSE,FALSE,FALSE,FALSE,1,1,"singleton",1,0,1,0,1,0,1,0,0,0,0,4,"Lower tail"
"212643",36.42,1,2024-04-28,"854062赫尔曼斯",34.3,"240689","180600","801131",5778,"2024",4,"Spring",2021-04-28,2023-07-02,9.86666666666667,TRUE,"2021",4,"Spring","non-G-coded","female","1",36.42,"31-42",FALSE,FALSE,FALSE,FALSE,FALSE,FALSE,FALSE,FALSE,FALSE,FALSE,1,1,"singleton",1,0,0,0,1,0,1,0,0,0,0,4,"Lower tail"
"60582",88.82,6,2024-04-28,"22220785",32.4,"G40669L",NA,NA,5779,"2024",4,"Spring",2016-11-28,2019-02-02,62.8666666666667,FALSE,"2016",11,"Autumn","G-coded","male","6",88.82,">60",FALSE,FALSE,FALSE,FALSE,FALSE,FALSE,FALSE,FALSE,FALSE,FALSE,1,1,"singleton",1,0,1,0,1,0,1,0,0,0,0,4,"Lower tail"
"800244",72.39,5,2024-04-26,"FR3917468802",31.2,"G40667",NA,NA,5788,"2024",4,"Spring",2018-04-26,2020-07-02,45.8,FALSE,"2018",4,"Spring","G-coded","male","5",72.39,">60",FALSE,FALSE,FALSE,FALSE,FALSE,FALSE,FALSE,FALSE,FALSE,FALSE,1,1,"singleton",1,0,1,0,1,0,1,0,0,0,0,4,"Lower tail"
"201121",50.95,3,2024-04-26,"22220785",32.3,"240676","186756","61537",5794,"2024",4,"Spring",2020-01-26,2022-04-02,24.8,FALSE,"2020",1,"Winter","non-G-coded","female","3",50.95,"43-60",FALSE,FALSE,FALSE,FALSE,FALSE,FALSE,FALSE,FALSE,FALSE,FALSE,1,1,"singleton",1,0,0,0,1,0,1,0,0,0,0,4,"Lower tail"
"212959",34.88,2,2024-04-21,"22220785",33.6,"G40655","186967","61887",5814,"2024",4,"Spring",2021-05-21,2023-08-02,8.63333333333333,TRUE,"2021",5,"Spring","G-coded","male","2",34.88,"31-42",FALSE,FALSE,FALSE,FALSE,FALSE,FALSE,FALSE,FALSE,FALSE,FALSE,1,1,"singleton",1,0,1,0,1,0,1,0,0,0,0,4,"Lower tail"
"70350",83.17,5,2024-04-20,"FR3917468802",33.4,"240654",NA,NA,5829,"2024",4,"Spring",2017-05-20,2019-08-02,56.6,FALSE,"2017",5,"Spring","non-G-coded","female","5",83.17,">60",FALSE,FALSE,FALSE,FALSE,FALSE,FALSE,FALSE,FALSE,FALSE,FALSE,1,1,"singleton",1,0,0,0,1,0,1,0,0,0,0,4,"Lower tail"
"212768",35.63,2,2024-04-19,"22220785",32.3,"240650",NA,NA,5836,"2024",4,"Spring",2021-04-19,2023-07-02,9.56666666666667,TRUE,"2021",4,"Spring","non-G-coded","female","2",35.63,"31-42",FALSE,FALSE,FALSE,FALSE,FALSE,FALSE,FALSE,FALSE,FALSE,FALSE,1,1,"singleton",1,0,0,0,1,0,1,0,0,0,0,4,"Lower tail"
"62592",97.86,6,2024-04-18,"22220785",32.5,"240647",NA,NA,5837,"2024",4,"Spring",2016-02-18,2018-05-02,71.5333333333333,FALSE,"2016",2,"Winter","non-G-coded","female","6",97.86,">60",FALSE,FALSE,FALSE,FALSE,FALSE,FALSE,FALSE,FALSE,FALSE,FALSE,1,1,"singleton",1,0,0,0,1,0,1,0,0,0,0,4,"Lower tail"
"70627",77.74,5,2024-04-16,"FR3917468802",32.6,"G40634",NA,NA,5855,"2024",4,"Spring",2017-10-16,2020-01-02,51.4666666666667,FALSE,"2017",10,"Autumn","G-coded","male","5",77.74,">60",FALSE,FALSE,FALSE,FALSE,FALSE,FALSE,FALSE,FALSE,FALSE,FALSE,1,1,"singleton",1,0,1,0,1,0,1,0,0,0,0,4,"Lower tail"
"224592",24.19,1,2024-04-16,"22220785",32.4,"G40638","180781","40349",5862,"2024",4,"Spring",2022-04-16,2024-07-02,-2.53333333333333,TRUE,"2022",4,"Spring","G-coded","male","1",24.19,"<=30",FALSE,FALSE,FALSE,FALSE,FALSE,FALSE,FALSE,FALSE,FALSE,FALSE,1,1,"singleton",1,0,1,0,1,0,1,0,0,0,0,4,"Lower tail"
"224289",25.77,1,2024-04-15,"22220785",33.4,"240633","6868671111","800155",5869,"2024",4,"Spring",2022-02-15,2024-05-02,-0.566666666666667,TRUE,"2022",2,"Winter","non-G-coded","female","1",25.77,"<=30",FALSE,FALSE,FALSE,FALSE,FALSE,FALSE,FALSE,FALSE,FALSE,FALSE,1,1,"singleton",1,0,0,0,1,0,1,0,0,0,0,4,"Lower tail"
"201591",47.53,3,2024-04-15,"22220785",29.8,"240634",NA,NA,5872,"2024",4,"Spring",2020-04-15,2022-07-02,21.4333333333333,FALSE,"2020",4,"Spring","non-G-coded","female","3",47.53,"43-60",FALSE,FALSE,FALSE,FALSE,FALSE,FALSE,FALSE,FALSE,FALSE,FALSE,1,1,"singleton",1,0,1,0,1,0,1,0,1,0,0,4,"Lower tail"
"01126",54.34,3,2024-04-14,"FR3917468802",33.8,"240629",NA,NA,5875,"2024",4,"Spring",2019-10-14,2022-01-02,27.4,FALSE,"2019",10,"Autumn","non-G-coded","female","3",54.34,"43-60",FALSE,FALSE,FALSE,FALSE,FALSE,FALSE,FALSE,FALSE,FALSE,FALSE,1,1,"singleton",1,0,0,0,1,0,1,0,0,0,0,4,"Lower tail"
"201488",48.13,3,2024-04-14,"22220785",31.5,"240627","606244","62106",5879,"2024",4,"Spring",2020-04-14,2022-07-02,21.4,FALSE,"2020",4,"Spring","non-G-coded","female","3",48.13,"43-60",FALSE,FALSE,FALSE,FALSE,FALSE,FALSE,FALSE,FALSE,FALSE,FALSE,1,1,"singleton",1,0,1,0,1,0,1,0,0,0,0,4,"Lower tail"
"224440",24.98,1,2024-04-14,"22220785",34.6,"240628","2545109367","60436",5880,"2024",4,"Spring",2022-03-14,2024-06-02,-1.6,TRUE,"2022",3,"Spring","non-G-coded","female","1",24.98,"<=30",FALSE,FALSE,FALSE,FALSE,FALSE,FALSE,FALSE,FALSE,FALSE,FALSE,1,1,"singleton",1,0,0,0,1,0,1,0,0,0,0,4,"Lower tail"
"70203",84.62,5,2024-04-12,"FR3917468802",32.8,"240624",NA,NA,5886,"2024",4,"Spring",2017-03-12,2019-06-02,58.3333333333333,FALSE,"2017",3,"Spring","non-G-coded","female","5",84.62,">60",FALSE,FALSE,FALSE,FALSE,FALSE,FALSE,FALSE,FALSE,FALSE,FALSE,1,1,"singleton",1,0,0,0,1,0,1,0,0,0,0,4,"Lower tail"
"201577",47.47,3,2024-04-10,"FR3917468802",36.8,"G40555","606244","800153",5898,"2024",4,"Spring",2020-05-10,2022-08-02,20.2666666666667,FALSE,"2020",5,"Spring","G-coded","male","3",47.47,"43-60",FALSE,FALSE,FALSE,FALSE,FALSE,FALSE,FALSE,FALSE,FALSE,FALSE,1,1,"singleton",1,0,0,0,1,0,0,0,0,0,0,4,"Lower tail"
"212859",35.01,2,2024-04-09,"22220785",24.3,"240613",NA,NA,5902,"2024",4,"Spring",2021-05-09,2023-08-02,8.23333333333333,TRUE,"2021",5,"Spring","non-G-coded","female","2",35.01,"31-42",TRUE,FALSE,FALSE,FALSE,FALSE,FALSE,FALSE,FALSE,FALSE,FALSE,1,1,"singleton",1,0,1,0,1,0,1,0,1,0,0,4,"Lower tail"
"61916",99.08,6,2024-04-08,"22220785",34.3,"240605",NA,NA,5919,"2024",4,"Spring",2016-01-08,2018-04-02,72.2,FALSE,"2016",1,"Winter","non-G-coded","female","6",99.08,">60",FALSE,FALSE,FALSE,FALSE,FALSE,FALSE,FALSE,FALSE,FALSE,FALSE,1,1,"singleton",1,0,0,0,1,0,1,0,0,0,0,4,"Lower tail"
"224581",23.96,1,2024-04-07,"22220785",33.4,"G40606","180781","62312",5927,"2024",4,"Spring",2022-04-07,2024-07-02,-2.83333333333333,TRUE,"2022",4,"Spring","G-coded","male","1",23.96,"<=30",FALSE,FALSE,FALSE,FALSE,FALSE,FALSE,FALSE,FALSE,FALSE,FALSE,1,1,"singleton",1,0,1,0,1,0,1,0,0,0,0,4,"Lower tail"
"00865",56.67,3,2024-04-04,"15420602",30.3,"240590","167285","60197",5934,"2024",4,"Spring",2019-07-04,2021-10-02,30.0666666666667,FALSE,"2019",7,"Summer","non-G-coded","female","3",56.67,"43-60",FALSE,FALSE,FALSE,FALSE,FALSE,FALSE,FALSE,FALSE,FALSE,FALSE,1,1,"singleton",1,0,1,0,1,0,1,0,0,0,0,4,"Lower tail"
"201006",51.08,3,2024-04-04,"FR3917468802",34.6,"240592",NA,NA,5936,"2024",4,"Spring",2020-01-04,2022-04-02,24.0666666666667,FALSE,"2020",1,"Winter","non-G-coded","female","3",51.08,"43-60",FALSE,FALSE,FALSE,FALSE,FALSE,FALSE,FALSE,FALSE,FALSE,FALSE,1,1,"singleton",1,0,0,0,1,0,1,0,0,0,0,4,"Lower tail"
"212668",25.64,1,2024-03-31,"15420614",33.4,"240573",NA,NA,5966,"2024",3,"Spring",2022-01-31,2024-05-02,-1.06451612903226,TRUE,"2022",1,"Winter","non-G-coded","female","1",25.64,"<=30",FALSE,FALSE,FALSE,FALSE,FALSE,FALSE,FALSE,FALSE,FALSE,FALSE,1,1,"singleton",1,0,0,0,1,0,1,0,0,0,0,3,"Lower tail"
"213486",29.95,1,2024-03-29,"15420614",27.4,"G40578","2544424506","61165",5977,"2024",3,"Spring",2021-09-29,2024-01-02,2.87096774193548,TRUE,"2021",9,"Autumn","G-coded","male","1",29.95,"<=30",FALSE,FALSE,FALSE,FALSE,FALSE,FALSE,FALSE,FALSE,FALSE,FALSE,1,1,"singleton",1,0,1,0,1,0,1,0,1,0,0,3,"Lower tail"
"224001",26.92,1,2024-03-29,"41121216",30,"G40579",NA,NA,5980,"2024",3,"Spring",2021-12-29,2024-04-02,-0.129032258064516,TRUE,"2021",12,"Winter","G-coded","male","1",26.92,"<=30",FALSE,FALSE,FALSE,FALSE,FALSE,FALSE,FALSE,FALSE,FALSE,FALSE,1,1,"singleton",1,0,1,0,1,0,1,0,0,0,0,3,"Lower tail"
"202126",42.34,2,2024-03-28,"22220785",34.3,"240559","11117951","62075",5994,"2024",3,"Spring",2020-09-28,2023-01-02,14.8387096774194,TRUE,"2020",9,"Autumn","non-G-coded","female","2",42.34,"43-60",FALSE,FALSE,FALSE,FALSE,FALSE,FALSE,FALSE,FALSE,FALSE,FALSE,1,1,"singleton",1,0,0,0,1,0,1,0,0,0,0,3,"Lower tail"
"800021",74.79,5,2024-03-25,"65119600",24.2,"G40541",NA,NA,6019,"2024",3,"Spring",2017-12-25,2020-04-02,47.741935483871,FALSE,"2017",12,"Winter","G-coded","male","5",74.79,">60",TRUE,FALSE,FALSE,FALSE,FALSE,FALSE,FALSE,FALSE,FALSE,FALSE,1,1,"singleton",1,0,1,0,1,0,1,0,1,0,0,3,"Lower tail"
"224488",24.1,1,2024-03-25,"14120356",26.6,"G40552","2545109367","ZL20031L",6027,"2024",3,"Spring",2022-03-25,2024-07-02,-3.25806451612903,TRUE,"2022",3,"Spring","G-coded","male","1",24.1,"<=30",FALSE,FALSE,FALSE,FALSE,FALSE,FALSE,FALSE,FALSE,FALSE,FALSE,1,1,"singleton",1,0,1,0,1,0,1,0,1,0,0,3,"Lower tail"
"213422",29.45,1,2024-03-24,"15420614",31.2,"240047",NA,NA,6036,"2024",3,"Spring",2021-10-24,2024-02-02,1.70967741935484,TRUE,"2021",10,"Autumn","non-G-coded","female","1",29.45,"<=30",FALSE,FALSE,FALSE,FALSE,FALSE,FALSE,FALSE,FALSE,FALSE,FALSE,1,1,"singleton",1,0,1,0,1,0,1,0,0,0,0,3,"Lower tail"
"224353",24.72,1,2024-03-24,"14120356",30.5,"240542","2545109367","70037",6043,"2024",3,"Spring",2022-02-24,2024-06-02,-2.29032258064516,TRUE,"2022",2,"Winter","non-G-coded","female","1",24.72,"<=30",FALSE,FALSE,FALSE,FALSE,FALSE,FALSE,FALSE,FALSE,FALSE,FALSE,1,1,"singleton",1,0,1,0,1,0,1,0,0,0,0,3,"Lower tail"
"00425",59.34,3,2024-03-23,"862025瓦特罗",25.8,"240532","171790","62439",6051,"2024",3,"Spring",2019-04-23,2021-08-02,31.6774193548387,FALSE,"2019",4,"Spring","non-G-coded","female","3",59.34,"43-60",FALSE,FALSE,FALSE,FALSE,FALSE,FALSE,FALSE,FALSE,FALSE,FALSE,1,1,"singleton",1,0,1,0,1,0,1,0,1,0,0,3,"Lower tail"
"910054",62.1,4,2024-03-17,"FR3917468802",27.6,"240514",NA,NA,6087,"2024",3,"Spring",2019-01-17,2021-05-02,34.4838709677419,FALSE,"2019",1,"Winter","non-G-coded","female","4",62.1,">60",FALSE,FALSE,FALSE,FALSE,FALSE,FALSE,FALSE,FALSE,FALSE,FALSE,1,1,"singleton",1,0,1,0,1,0,1,0,1,0,0,3,"Lower tail"
"00584",57.86,4,2024-03-16,"FR3917468802",34.7,"G40501",NA,NA,6094,"2024",3,"Spring",2019-05-16,2021-09-02,30.4516129032258,FALSE,"2019",5,"Spring","G-coded","male","4",57.86,"43-60",FALSE,FALSE,FALSE,FALSE,FALSE,FALSE,FALSE,FALSE,FALSE,FALSE,1,1,"singleton",1,0,0,0,1,0,1,0,0,0,0,3,"Lower tail"
"224052",26.17,1,2024-03-14,"865530狼血",26.3,"G40482","854062","201102",6124,"2024",3,"Spring",2022-01-14,2024-05-02,-1.61290322580645,TRUE,"2022",1,"Winter","G-coded","male","1",26.17,"<=30",FALSE,FALSE,FALSE,FALSE,FALSE,FALSE,FALSE,FALSE,FALSE,FALSE,1,1,"singleton",1,0,1,0,1,0,1,0,1,0,0,3,"Lower tail"
"213766",27.61,1,2024-03-12,"862025瓦特罗",35.4,"GL40844",NA,NA,6155,"2024",3,"Spring",2021-11-12,2024-03-02,0.32258064516129,TRUE,"2021",11,"Autumn","G-coded","male","1",27.61,"<=30",FALSE,FALSE,FALSE,FALSE,FALSE,FALSE,FALSE,FALSE,FALSE,FALSE,1,1,"singleton",1,0,0,0,1,0,1,0,0,0,0,3,"Lower tail"
"70374",58.02,4,2024-03-10,"FR3917468802",30.6,"G40459","167285","70138",6175,"2024",3,"Spring",2019-05-10,2021-09-02,30.258064516129,FALSE,"2019",5,"Spring","G-coded","male","4",58.02,"43-60",FALSE,FALSE,FALSE,FALSE,FALSE,FALSE,FALSE,FALSE,FALSE,FALSE,1,1,"singleton",1,0,1,0,1,0,1,0,0,0,0,3,"Lower tail"
"213012",33.07,1,2024-03-10,"41220100",32.4,"240470",NA,NA,6177,"2024",3,"Spring",2021-06-10,2023-10-02,5.25806451612903,TRUE,"2021",6,"Summer","non-G-coded","female","1",33.07,"31-42",FALSE,FALSE,FALSE,FALSE,FALSE,FALSE,FALSE,FALSE,FALSE,FALSE,1,1,"singleton",1,0,0,0,1,0,1,0,0,0,0,3,"Lower tail"
"213900",26.59,1,2024-03-09,"41220100",30.6,"240466",NA,NA,6184,"2024",3,"Spring",2021-12-09,2024-04-02,-0.774193548387097,TRUE,"2021",12,"Winter","non-G-coded","female","1",26.59,"<=30",FALSE,FALSE,FALSE,FALSE,FALSE,FALSE,FALSE,FALSE,FALSE,FALSE,1,1,"singleton",1,0,1,0,1,0,1,0,0,0,0,3,"Lower tail"
"227008",25.08,1,2024-03-08,"862025瓦特罗",36.4,"G40445","6868671111","00167",6199,"2024",3,"Spring",2022-02-08,2024-06-02,-2.80645161290323,TRUE,"2022",2,"Winter","G-coded","male","1",25.08,"<=30",FALSE,FALSE,FALSE,FALSE,FALSE,FALSE,FALSE,FALSE,FALSE,FALSE,1,1,"singleton",1,0,0,0,1,0,0,0,0,0,0,3,"Lower tail"
"212271",27.38,1,2024-03-07,"862025瓦特罗",36.4,"G40436L","2544424506","61190",6203,"2024",3,"Spring",2021-12-07,2024-04-02,-0.838709677419355,TRUE,"2021",12,"Winter","G-coded","male","1",27.38,"<=30",FALSE,FALSE,FALSE,FALSE,FALSE,FALSE,FALSE,FALSE,FALSE,FALSE,1,1,"singleton",1,0,0,0,1,0,0,0,0,0,0,3,"Lower tail"
"62344",97.14,6,2024-03-07,"FR3917468802",37.5,"G40437L",NA,NA,6205,"2024",3,"Spring",2016-02-07,2018-06-02,69.1612903225806,FALSE,"2016",2,"Winter","G-coded","male","6",97.14,">60",FALSE,FALSE,FALSE,FALSE,FALSE,FALSE,FALSE,FALSE,FALSE,FALSE,1,1,"singleton",1,0,0,0,1,0,0,0,0,0,0,3,"Lower tail"
"00244",59.93,4,2024-03-03,"862025瓦特罗",34.3,"G40423","171790","62288",6252,"2024",3,"Spring",2019-03-03,2021-07-02,32.0322580645161,FALSE,"2019",3,"Spring","G-coded","male","4",59.93,"43-60",FALSE,FALSE,FALSE,FALSE,FALSE,FALSE,FALSE,FALSE,FALSE,FALSE,1,1,"singleton",1,0,1,0,1,0,1,0,0,0,0,3,"Lower tail"
"61626",96.91,6,2024-02-29,"862025瓦特罗",31.8,"240414",NA,NA,6276,"2024",2,"Winter",2016-01-29,2018-06-02,68.9310344827586,FALSE,"2016",1,"Winter","non-G-coded","female","6",96.91,">60",FALSE,FALSE,FALSE,FALSE,FALSE,FALSE,FALSE,FALSE,FALSE,FALSE,1,1,"singleton",1,0,1,0,1,0,1,0,0,0,0,2,"Lower tail"
"213645",27.78,1,2024-02-25,"862025瓦特罗",27.3,"240384","2544424506","800825",6344,"2024",2,"Winter",2021-10-25,2024-03-02,-0.206896551724138,TRUE,"2021",10,"Autumn","non-G-coded","female","1",27.78,"<=30",FALSE,FALSE,FALSE,FALSE,FALSE,FALSE,FALSE,FALSE,FALSE,FALSE,1,1,"singleton",1,0,1,0,1,0,1,0,1,0,0,2,"Lower tail"
"212398",26.46,1,2024-02-23,"862025瓦特罗",36.2,"G3659","854062","201017",6359,"2024",2,"Winter",2021-12-23,2024-05-02,-2.27586206896552,TRUE,"2021",12,"Winter","G-coded","male","1",26.46,"<=30",FALSE,FALSE,FALSE,FALSE,FALSE,FALSE,FALSE,FALSE,FALSE,FALSE,1,1,"singleton",1,0,0,0,1,0,0,0,0,0,0,2,"Lower tail"
"1475",93.75,6,2024-02-23,"862025瓦特罗",33.8,"240366",NA,NA,6375,"2024",2,"Winter",2016-04-23,2018-09-02,65.7241379310345,FALSE,"2016",4,"Spring","non-G-coded","female","6",93.75,">60",FALSE,FALSE,FALSE,FALSE,FALSE,FALSE,FALSE,FALSE,FALSE,FALSE,1,1,"singleton",1,0,0,0,1,0,1,0,0,0,0,2,"Lower tail"
"801017",62.49,4,2024-02-22,"862025瓦特罗",33.1,"240360","171350","L09016",6399,"2024",2,"Winter",2018-12-22,2021-05-02,33.6896551724138,FALSE,"2018",12,"Winter","non-G-coded","female","4",62.49,">60",FALSE,FALSE,FALSE,FALSE,FALSE,FALSE,FALSE,FALSE,FALSE,FALSE,1,1,"singleton",1,0,0,0,1,0,1,0,0,0,0,2,"Lower tail"
"60313",93.46,5,2024-02-19,"862025瓦特罗",31.2,"G40307",NA,NA,6439,"2024",2,"Winter",2016-05-19,2018-10-02,64.5862068965517,FALSE,"2016",5,"Spring","G-coded","male","5",93.46,">60",FALSE,FALSE,FALSE,FALSE,FALSE,FALSE,FALSE,FALSE,FALSE,FALSE,1,1,"singleton",1,0,1,0,1,0,1,0,0,0,0,2,"Lower tail"
"70557",77.09,5,2024-02-18,"FR3917468802",31.9,"240325","426864","x134",6446,"2024",2,"Winter",2017-09-18,2020-02-02,48.551724137931,FALSE,"2017",9,"Autumn","non-G-coded","female","5",77.09,">60",FALSE,FALSE,FALSE,FALSE,FALSE,FALSE,FALSE,FALSE,FALSE,FALSE,1,1,"singleton",1,0,1,0,1,0,1,0,0,0,0,2,"Lower tail"
"224135",24.82,1,2024-02-15,"862025瓦特罗",32.3,"240302","6868671111","00245",6482,"2024",2,"Winter",2022-01-15,2024-06-02,-3.55172413793103,TRUE,"2022",1,"Winter","non-G-coded","female","1",24.82,"<=30",FALSE,FALSE,FALSE,FALSE,FALSE,FALSE,FALSE,FALSE,FALSE,FALSE,1,1,"singleton",1,0,0,0,1,0,1,0,0,0,0,2,"Lower tail"
"00138",60.32,4,2024-02-14,"862025瓦特罗",31.6,"240290","171790","62034",6488,"2024",2,"Winter",2019-02-14,2021-07-02,31.4137931034483,FALSE,"2019",2,"Winter","non-G-coded","female","4",60.32,">60",FALSE,FALSE,FALSE,FALSE,FALSE,FALSE,FALSE,FALSE,FALSE,FALSE,1,1,"singleton",1,0,1,0,1,0,1,0,0,0,0,2,"Lower tail"
"61322",95.83,6,2024-02-12,"862025瓦特罗",33.6,"240275",NA,NA,6526,"2024",2,"Winter",2016-02-12,2018-07-02,67.3448275862069,FALSE,"2016",2,"Winter","non-G-coded","female","6",95.83,">60",FALSE,FALSE,FALSE,FALSE,FALSE,FALSE,FALSE,FALSE,FALSE,FALSE,1,1,"singleton",1,0,0,0,1,0,1,0,0,0,0,2,"Lower tail"
"01470",51.61,2,2024-02-05,"862025瓦特罗",33.8,"240220",NA,NA,6626,"2024",2,"Winter",2019-10-05,2022-03-02,23.1034482758621,FALSE,"2019",10,"Autumn","non-G-coded","female","2",51.61,"43-60",FALSE,FALSE,FALSE,FALSE,FALSE,FALSE,FALSE,FALSE,FALSE,FALSE,1,1,"singleton",1,0,0,0,1,0,1,0,0,0,0,2,"Lower tail"
"62730",95.69,6,2024-02-04,"FR3917468802",30.5,"G40190",NA,NA,6630,"2024",2,"Winter",2016-02-04,2018-07-02,67.0689655172414,FALSE,"2016",2,"Winter","G-coded","male","6",95.69,">60",FALSE,FALSE,FALSE,FALSE,FALSE,FALSE,FALSE,FALSE,FALSE,FALSE,1,1,"singleton",1,0,1,0,1,0,1,0,0,0,0,2,"Lower tail"
"H213337",25.54,1,2024-02-02,"862025瓦特罗",23.1,"G40173","854062","65033",6663,"2024",2,"Winter",2021-12-02,2024-05-02,-3,TRUE,"2021",12,"Winter","G-coded","male","1",25.54,"<=30",TRUE,FALSE,FALSE,FALSE,FALSE,FALSE,FALSE,FALSE,FALSE,FALSE,1,1,"singleton",1,0,1,0,1,0,1,0,1,0,0,2,"Lower tail"
"212616",24.42,1,2024-02-02,"862025瓦特罗",31.8,"240196",NA,NA,6664,"2024",2,"Winter",2022-02-02,2024-07-02,-5,TRUE,"2022",2,"Winter","non-G-coded","female","1",24.42,"<=30",FALSE,FALSE,FALSE,FALSE,FALSE,FALSE,FALSE,FALSE,FALSE,FALSE,1,1,"singleton",1,0,1,0,1,0,1,0,0,0,0,2,"Lower tail"
"61021",96.98,5,2024-01-31,"862025瓦特罗",34.8,"G40157",NA,NA,6680,"2024",1,"Winter",2015-12-31,2018-06-02,67.9354838709677,FALSE,"2015",12,"Winter","G-coded","male","5",96.98,">60",FALSE,FALSE,FALSE,FALSE,FALSE,FALSE,FALSE,FALSE,FALSE,FALSE,1,1,"singleton",1,0,0,0,1,0,1,0,0,0,0,1,"Lower tail"
"212211",35.83,2,2024-01-22,"865530狼血",33.6,"G40111",NA,NA,6779,"2024",1,"Winter",2021-01-22,2023-07-02,6.64516129032258,TRUE,"2021",1,"Winter","G-coded","male","2",35.83,"31-42",FALSE,FALSE,FALSE,FALSE,FALSE,FALSE,FALSE,FALSE,FALSE,FALSE,1,1,"singleton",1,0,1,0,1,0,1,0,0,0,0,1,"Lower tail"
"01341",49.74,3,2024-01-16,"865530狼血",36.8,"G40092",NA,NA,6812,"2024",1,"Winter",2019-11-16,2022-05-02,20.4516129032258,FALSE,"2019",11,"Autumn","G-coded","male","3",49.74,"43-60",FALSE,FALSE,FALSE,FALSE,FALSE,FALSE,FALSE,FALSE,FALSE,FALSE,1,1,"singleton",1,0,0,0,1,0,0,0,0,0,0,1,"Lower tail"
"01380",43.46,2,2024-01-16,"865530狼血",37.4,"G40089","865530","61003",6817,"2024",1,"Winter",2020-06-16,2022-12-02,13.4516129032258,TRUE,"2020",6,"Summer","G-coded","male","2",43.46,"43-60",FALSE,FALSE,FALSE,FALSE,FALSE,FALSE,FALSE,FALSE,FALSE,FALSE,1,1,"singleton",1,0,0,0,1,0,0,0,0,0,0,1,"Lower tail"
"213553",27.05,1,2024-01-12,"865530狼血",34.6,"G40070","606306","62172",6848,"2024",1,"Winter",2021-10-12,2024-04-02,-2.67741935483871,TRUE,"2021",10,"Autumn","G-coded","male","1",27.05,"<=30",FALSE,FALSE,FALSE,FALSE,FALSE,FALSE,FALSE,FALSE,FALSE,FALSE,1,1,"singleton",1,0,0,0,1,0,1,0,0,0,0,1,"Lower tail"
"213089",25.51,1,2024-01-10,"865530狼血",33.6,"240079",NA,NA,6863,"2024",1,"Winter",2021-11-10,2024-05-02,-3.74193548387097,TRUE,"2021",11,"Autumn","non-G-coded","female","1",25.51,"<=30",FALSE,FALSE,FALSE,FALSE,FALSE,FALSE,FALSE,FALSE,FALSE,FALSE,1,1,"singleton",1,0,0,0,1,0,1,0,0,0,0,1,"Lower tail"
"61797",96.15,7,2024-01-09,"865530狼血",30.4,"G40056",NA,NA,6871,"2024",1,"Winter",2016-01-09,2018-07-02,66.2258064516129,FALSE,"2016",1,"Winter","G-coded","male",">=7",96.15,">60",FALSE,FALSE,FALSE,FALSE,FALSE,FALSE,FALSE,FALSE,FALSE,FALSE,1,1,"singleton",1,0,1,0,1,0,1,0,0,0,0,1,"Lower tail"
"01268",56.74,3,2024-01-09,"865530狼血",30.8,"240071",NA,NA,6875,"2024",1,"Winter",2019-04-09,2021-10-02,27.2258064516129,FALSE,"2019",4,"Spring","non-G-coded","female","3",56.74,"43-60",FALSE,FALSE,FALSE,FALSE,FALSE,FALSE,FALSE,FALSE,FALSE,FALSE,1,1,"singleton",1,0,1,0,1,0,1,0,0,0,0,1,"Lower tail"
"800619",63.68,4,2024-01-04,"FR7045049997",28,"240044","171350","2031",6922,"2024",1,"Winter",2018-09-04,2021-03-02,34.0645161290323,FALSE,"2018",9,"Autumn","non-G-coded","female","4",63.68,">60",FALSE,FALSE,FALSE,FALSE,FALSE,FALSE,FALSE,FALSE,FALSE,FALSE,1,1,"singleton",1,0,1,0,1,0,1,0,1,0,0,1,"Lower tail"
"61834",95.76,6,2024-01-03,"865530狼血",32.4,"240037",NA,NA,6929,"2024",1,"Winter",2016-01-03,2018-07-02,66.0322580645161,FALSE,"2016",1,"Winter","non-G-coded","female","6",95.76,">60",FALSE,FALSE,FALSE,FALSE,FALSE,FALSE,FALSE,FALSE,FALSE,FALSE,1,1,"singleton",1,0,0,0,1,0,1,0,0,0,0,1,"Lower tail"
"201134",47.07,2,2024-01-02,"865530狼血",34.5,"G40016","186756","62345",6943,"2024",1,"Winter",2020-02-02,2022-08-02,17,FALSE,"2020",2,"Winter","G-coded","male","2",47.07,"43-60",FALSE,FALSE,FALSE,FALSE,FALSE,FALSE,FALSE,FALSE,FALSE,FALSE,1,1,"singleton",1,0,0,0,1,0,1,0,0,0,0,1,"Lower tail"
"213697",25.61,1,2024-01-01,"865530狼血",25.3,"240022","854282","62298",6946,"2024",1,"Winter",2021-11-01,2024-05-02,-4.03225806451613,TRUE,"2021",11,"Autumn","non-G-coded","female","1",25.61,"<=30",FALSE,FALSE,FALSE,FALSE,FALSE,FALSE,FALSE,FALSE,FALSE,FALSE,1,1,"singleton",1,0,1,0,1,0,1,0,1,0,0,1,"Lower tail"
"00706",55,3,2024-01-01,"FR7045049997",35.1,"G40014",NA,NA,6948,"2024",1,"Winter",2019-06-01,2021-12-02,24.9677419354839,FALSE,"2019",6,"Summer","G-coded","male","3",55,"43-60",FALSE,FALSE,FALSE,FALSE,FALSE,FALSE,FALSE,FALSE,FALSE,FALSE,1,1,"singleton",1,0,0,0,1,0,1,0,0,0,0,1,"Lower tail"
"150164",104.31,6,2023-12-28,"865530狼血",33.2,"240005",NA,NA,6976,"2023",12,"Winter",2015-04-28,2017-11-02,73.8387096774194,FALSE,"2015",4,"Spring","non-G-coded","female","6",104.31,">60",FALSE,FALSE,FALSE,FALSE,FALSE,FALSE,FALSE,FALSE,FALSE,FALSE,1,1,"singleton",1,0,0,0,1,0,1,0,0,0,0,12,"Lower tail"
"212141",35.44,2,2023-12-27,"865530狼血",32.3,"235973",NA,NA,6982,"2023",12,"Winter",2021-01-27,2023-08-02,4.80645161290323,TRUE,"2021",1,"Winter","non-G-coded","female","2",35.44,"31-42",FALSE,FALSE,FALSE,FALSE,FALSE,FALSE,FALSE,FALSE,FALSE,FALSE,1,1,"singleton",1,0,0,0,1,0,1,0,0,0,0,12,"Lower tail"
"202450",37.57,2,2023-12-25,"854773威吉吉",33.6,"G10107","163940","61130",7008,"2023",12,"Winter",2020-10-25,2023-05-02,7.74193548387097,TRUE,"2020",10,"Autumn","G-coded","male","2",37.57,"31-42",FALSE,FALSE,FALSE,FALSE,FALSE,FALSE,FALSE,FALSE,FALSE,FALSE,1,1,"singleton",1,0,1,0,1,0,1,0,0,0,0,12,"Lower tail"
"212236",34.71,1,2023-12-23,"865530狼血",36.2,"G10081","180781","800748",7026,"2023",12,"Winter",2021-01-23,2023-08-02,4.67741935483871,TRUE,"2021",1,"Winter","G-coded","male","1",34.71,"31-42",FALSE,FALSE,FALSE,FALSE,FALSE,FALSE,FALSE,FALSE,FALSE,FALSE,1,1,"singleton",1,0,0,0,1,0,0,0,0,0,0,12,"Lower tail"
"224078",23.34,1,2023-12-20,"865530狼血",33.7,"235924","6868671111","ZL800025",7071,"2023",12,"Winter",2022-01-20,2024-08-02,-7.41935483870968,TRUE,"2022",1,"Winter","non-G-coded","female","1",23.34,"<=30",FALSE,FALSE,FALSE,FALSE,FALSE,FALSE,FALSE,FALSE,FALSE,FALSE,1,1,"singleton",1,0,0,0,1,0,1,0,0,0,0,12,"Lower tail"
"213385",27.19,1,2023-12-19,"854773威吉吉",30.4,"235915","180781","61237",7084,"2023",12,"Winter",2021-09-19,2024-04-02,-3.45161290322581,TRUE,"2021",9,"Autumn","non-G-coded","female","1",27.19,"<=30",FALSE,FALSE,FALSE,FALSE,FALSE,FALSE,FALSE,FALSE,FALSE,FALSE,1,1,"singleton",1,0,1,0,1,0,1,0,0,0,0,12,"Lower tail"
"70458",77.19,5,2023-12-19,"865530狼血",31.2,"G10040",NA,NA,7093,"2023",12,"Winter",2017-07-19,2020-02-02,46.5483870967742,FALSE,"2017",7,"Summer","G-coded","male","5",77.19,">60",FALSE,FALSE,FALSE,FALSE,FALSE,FALSE,FALSE,FALSE,FALSE,FALSE,1,1,"singleton",1,0,1,0,1,0,1,0,0,0,0,12,"Lower tail"
"213569",26.17,1,2023-12-19,"865530狼血",33.4,"235908L",NA,NA,7094,"2023",12,"Winter",2021-10-19,2024-05-02,-4.45161290322581,TRUE,"2021",10,"Autumn","non-G-coded","female","1",26.17,"<=30",FALSE,FALSE,FALSE,FALSE,FALSE,FALSE,FALSE,FALSE,FALSE,FALSE,1,1,"singleton",1,0,0,0,1,0,1,0,0,0,0,12,"Lower tail"
"800128",69.43,5,2023-12-17,"865530狼血",33.6,"235900",NA,NA,7104,"2023",12,"Winter",2018-03-17,2020-10-02,38.4838709677419,FALSE,"2018",3,"Spring","non-G-coded","female","5",69.43,">60",FALSE,FALSE,FALSE,FALSE,FALSE,FALSE,FALSE,FALSE,FALSE,FALSE,1,1,"singleton",1,0,0,0,1,0,1,0,0,0,0,12,"Lower tail"
"800612",63.15,4,2023-12-17,"854773威吉吉",32.4,"235899","171350","LX202",7105,"2023",12,"Winter",2018-09-17,2021-04-02,32.4838709677419,FALSE,"2018",9,"Autumn","non-G-coded","female","4",63.15,">60",FALSE,FALSE,FALSE,FALSE,FALSE,FALSE,FALSE,FALSE,FALSE,FALSE,1,1,"singleton",1,0,0,0,1,0,1,0,0,0,0,12,"Lower tail"
"213280",27.68,1,2023-12-17,"854773威吉吉",31.8,"235901","180781","01097",7107,"2023",12,"Winter",2021-08-17,2024-03-02,-2.51612903225806,TRUE,"2021",8,"Summer","non-G-coded","female","1",27.68,"<=30",FALSE,FALSE,FALSE,FALSE,FALSE,FALSE,FALSE,FALSE,FALSE,FALSE,1,1,"singleton",1,0,1,0,1,0,1,0,0,0,0,12,"Lower tail"
"213540",26.2,1,2023-12-15,"854773威吉吉",33.8,"235877","606306","800806",7132,"2023",12,"Winter",2021-10-15,2024-05-02,-4.58064516129032,TRUE,"2021",10,"Autumn","non-G-coded","female","1",26.2,"<=30",FALSE,FALSE,FALSE,FALSE,FALSE,FALSE,FALSE,FALSE,FALSE,FALSE,1,1,"singleton",1,0,0,0,1,0,1,0,0,0,0,12,"Lower tail"
"224007",23.44,1,2023-12-14,"865530狼血",31.7,"G10006","6868671111","60467",7149,"2023",12,"Winter",2022-01-14,2024-08-02,-7.61290322580645,TRUE,"2022",1,"Winter","G-coded","male","1",23.44,"<=30",FALSE,FALSE,FALSE,FALSE,FALSE,FALSE,FALSE,FALSE,FALSE,FALSE,1,1,"singleton",1,0,1,0,1,0,1,0,0,0,0,12,"Lower tail"
"212908",30.87,1,2023-12-13,"865530狼血",25.6,"G9994","186967","00577",7154,"2023",12,"Winter",2021-05-13,2023-12-02,0.354838709677419,TRUE,"2021",5,"Spring","G-coded","male","1",30.87,"31-42",FALSE,FALSE,FALSE,FALSE,FALSE,FALSE,FALSE,FALSE,FALSE,FALSE,1,1,"singleton",1,0,1,0,1,0,1,0,1,0,0,12,"Lower tail"
"62106",94.67,5,2023-12-10,"865530狼血",36.2,"G9975",NA,NA,7185,"2023",12,"Winter",2016-01-10,2018-08-02,64.258064516129,FALSE,"2016",1,"Winter","G-coded","male","5",94.67,">60",FALSE,FALSE,FALSE,FALSE,FALSE,FALSE,FALSE,FALSE,FALSE,FALSE,1,1,"singleton",1,0,0,0,1,0,0,0,0,0,0,12,"Lower tail"
"213437",26.53,1,2023-12-08,"865530狼血",35.8,"G9968","180781","800971",7200,"2023",12,"Winter",2021-09-08,2024-04-02,-3.80645161290323,TRUE,"2021",9,"Autumn","G-coded","male","1",26.53,"<=30",FALSE,FALSE,FALSE,FALSE,FALSE,FALSE,FALSE,FALSE,FALSE,FALSE,1,1,"singleton",1,0,0,0,1,0,1,0,0,0,0,12,"Lower tail"
"800108",69.3,5,2023-12-07,"865530狼血",29.7,"G9962",NA,NA,7206,"2023",12,"Winter",2018-03-07,2020-10-02,38.1612903225806,FALSE,"2018",3,"Spring","G-coded","male","5",69.3,">60",FALSE,FALSE,FALSE,FALSE,FALSE,FALSE,FALSE,FALSE,FALSE,FALSE,1,1,"singleton",1,0,1,0,1,0,1,0,1,0,0,12,"Lower tail"
"213456",26.3,1,2023-12-04,"865530狼血",35.6,"G9945","180781","62431",7232,"2023",12,"Winter",2021-10-04,2024-05-02,-4.93548387096774,TRUE,"2021",10,"Autumn","G-coded","male","1",26.3,"<=30",FALSE,FALSE,FALSE,FALSE,FALSE,FALSE,FALSE,FALSE,FALSE,FALSE,1,1,"singleton",1,0,0,0,1,0,1,0,0,0,0,12,"Lower tail"
"212826",30.93,1,2023-12-03,"865530狼血",30.1,"G9929",NA,NA,7239,"2023",12,"Winter",2021-05-03,2023-12-02,0.032258064516129,TRUE,"2021",5,"Spring","G-coded","male","1",30.93,"31-42",FALSE,FALSE,FALSE,FALSE,FALSE,FALSE,FALSE,FALSE,FALSE,FALSE,1,1,"singleton",1,0,1,0,1,0,1,0,0,0,0,12,"Lower tail"
"62265",93.52,6,2023-11-27,"854400西部公园",34.6,"235747",NA,NA,7271,"2023",11,"Autumn",2016-01-27,2018-09-02,62.8333333333333,FALSE,"2016",1,"Winter","non-G-coded","female","6",93.52,">60",FALSE,FALSE,FALSE,FALSE,FALSE,FALSE,FALSE,FALSE,FALSE,FALSE,1,1,"singleton",1,0,0,0,1,0,1,0,0,0,0,11,"Lower tail"
"800558",70.81,3,2023-11-24,"854400西部公园",34.3,"235730",NA,NA,7291,"2023",11,"Autumn",2017-12-24,2020-08-02,39.7333333333333,FALSE,"2017",12,"Winter","non-G-coded","female","3",70.81,">60",FALSE,FALSE,FALSE,FALSE,FALSE,FALSE,FALSE,FALSE,FALSE,FALSE,1,1,"singleton",1,0,0,0,1,0,1,0,0,0,0,11,"Lower tail"
"H212899",103.65,7,2023-11-23,"FR2545422137",35.2,"G9861",NA,NA,7295,"2023",11,"Autumn",2015-03-23,2017-11-02,72.7,FALSE,"2015",3,"Spring","G-coded","male",">=7",103.65,">60",FALSE,FALSE,FALSE,FALSE,FALSE,FALSE,FALSE,FALSE,FALSE,FALSE,1,1,"singleton",1,0,0,0,1,0,1,0,0,0,0,11,"Lower tail"
"213079",25.31,1,2023-11-22,"865530狼血",28.3,"235726",NA,NA,7298,"2023",11,"Autumn",2021-10-22,2024-06-02,-6.33333333333333,TRUE,"2021",10,"Autumn","non-G-coded","female","1",25.31,"<=30",FALSE,FALSE,FALSE,FALSE,FALSE,FALSE,FALSE,FALSE,FALSE,FALSE,1,1,"singleton",1,0,1,0,1,0,1,0,1,0,0,11,"Lower tail"
"212020",25.77,1,2023-11-22,"854282维利纳诺",25.4,"235728",NA,NA,7301,"2023",11,"Autumn",2021-09-22,2024-05-02,-5.33333333333333,TRUE,"2021",9,"Autumn","non-G-coded","female","1",25.77,"<=30",FALSE,FALSE,FALSE,FALSE,FALSE,FALSE,FALSE,TRUE,FALSE,FALSE,1,1,"singleton",1,0,1,0,1,0,1,0,1,0,0,11,"Lower tail"
"201294",35.14,2,2023-11-20,"FR2545422137",30.2,"235717","180600","800964",7309,"2023",11,"Autumn",2020-12-20,2023-08-02,3.6,TRUE,"2020",12,"Winter","non-G-coded","female","2",35.14,"31-42",FALSE,FALSE,FALSE,FALSE,FALSE,FALSE,FALSE,FALSE,FALSE,FALSE,1,1,"singleton",1,0,1,0,1,0,1,0,0,0,0,11,"Lower tail"
"202367",36.59,2,2023-11-16,"854400西部公园",36.4,"G9829",NA,NA,7341,"2023",11,"Autumn",2020-10-16,2023-06-02,5.46666666666667,TRUE,"2020",10,"Autumn","G-coded","male","2",36.59,"31-42",FALSE,FALSE,FALSE,FALSE,FALSE,FALSE,FALSE,FALSE,FALSE,FALSE,1,1,"singleton",1,0,0,0,1,0,0,0,0,0,0,11,"Lower tail"
"140536",93,5,2023-11-14,"854282维利纳诺",20,"G9817",NA,NA,7350,"2023",11,"Autumn",2016-02-14,2018-10-02,61.4,FALSE,"2016",2,"Winter","G-coded","male","5",93,">60",TRUE,FALSE,FALSE,FALSE,FALSE,FALSE,FALSE,FALSE,FALSE,FALSE,1,1,"singleton",1,0,1,0,1,0,1,0,1,0,0,11,"Lower tail"
"201036",46.19,3,2023-11-14,"854400西部公园",30.1,"235680","606244","60675",7352,"2023",11,"Autumn",2020-01-14,2022-09-02,14.4,TRUE,"2020",1,"Winter","non-G-coded","female","3",46.19,"43-60",FALSE,FALSE,FALSE,FALSE,FALSE,FALSE,FALSE,FALSE,FALSE,FALSE,1,1,"singleton",1,0,1,0,1,0,1,0,0,0,0,11,"Lower tail"
"62711",92.67,6,2023-11-13,"854400西部公园",34.2,"G9801",NA,NA,7356,"2023",11,"Autumn",2016-02-13,2018-10-02,61.3666666666667,FALSE,"2016",2,"Winter","G-coded","male","6",92.67,">60",FALSE,FALSE,FALSE,FALSE,FALSE,FALSE,FALSE,FALSE,FALSE,FALSE,1,1,"singleton",1,0,1,0,1,0,1,0,0,0,0,11,"Lower tail"
"60928",94.44,5,2023-11-13,"865530狼血",35.6,"G9802",NA,NA,7363,"2023",11,"Autumn",2016-01-13,2018-09-02,62.3666666666667,FALSE,"2016",1,"Winter","G-coded","male","5",94.44,">60",FALSE,FALSE,FALSE,FALSE,FALSE,FALSE,FALSE,FALSE,FALSE,FALSE,1,1,"singleton",1,0,0,0,1,0,1,0,0,0,0,11,"Lower tail"
"60911",93.95,4,2023-11-12,"854400西部公园",31.5,"235668",NA,NA,7365,"2023",11,"Autumn",2016-01-12,2018-09-02,62.3333333333333,FALSE,"2016",1,"Winter","non-G-coded","female","4",93.95,">60",FALSE,FALSE,FALSE,FALSE,FALSE,FALSE,FALSE,FALSE,FALSE,FALSE,1,1,"singleton",1,0,1,0,1,0,1,0,0,0,0,11,"Lower tail"
"581",103.19,6,2023-11-10,"FR2545422137",33,"235665",NA,NA,7376,"2023",11,"Autumn",2015-04-10,2017-12-02,71.2666666666667,FALSE,"2015",4,"Spring","non-G-coded","female","6",103.19,">60",FALSE,FALSE,FALSE,FALSE,FALSE,FALSE,FALSE,FALSE,FALSE,FALSE,1,1,"singleton",1,0,0,0,1,0,1,0,0,0,0,11,"Lower tail"
"202326",36.39,2,2023-11-06,"854282维利纳诺",32.8,"235636",NA,NA,7395,"2023",11,"Autumn",2020-11-06,2023-07-02,4.13333333333333,TRUE,"2020",11,"Autumn","non-G-coded","female","2",36.39,"31-42",FALSE,FALSE,FALSE,FALSE,FALSE,FALSE,FALSE,FALSE,FALSE,FALSE,1,1,"singleton",1,0,0,0,1,0,1,0,0,0,0,11,"Lower tail"
"212108",24.85,1,2023-11-06,"854282维利纳诺",32.4,"235735","180600","20100",7396,"2023",11,"Autumn",2021-10-06,2024-06-02,-6.86666666666667,TRUE,"2021",10,"Autumn","non-G-coded","female","1",24.85,"<=30",FALSE,FALSE,FALSE,FALSE,FALSE,FALSE,FALSE,FALSE,FALSE,FALSE,1,1,"singleton",1,0,0,0,1,0,1,0,0,0,0,11,"Lower tail"
"202425",36.03,2,2023-11-04,"854282维利纳诺",33.8,"G9743","7402563907","61165",7411,"2023",11,"Autumn",2020-11-04,2023-07-02,4.06666666666667,TRUE,"2020",11,"Autumn","G-coded","male","2",36.03,"31-42",FALSE,FALSE,FALSE,FALSE,FALSE,FALSE,FALSE,FALSE,FALSE,FALSE,1,1,"singleton",1,0,1,0,1,0,1,0,0,0,0,11,"Lower tail"
"70640",72.16,4,2023-11-02,"865530狼血",32.8,"G9725",NA,NA,7428,"2023",11,"Autumn",2017-11-02,2020-07-02,40,FALSE,"2017",11,"Autumn","G-coded","male","4",72.16,">60",FALSE,FALSE,FALSE,FALSE,FALSE,FALSE,FALSE,FALSE,FALSE,FALSE,1,1,"singleton",1,0,1,0,1,0,1,0,0,0,0,11,"Lower tail"
"00275",55.79,3,2023-11-02,"FR2545422137",33.2,"225008","171790","62044",7430,"2023",11,"Autumn",2019-03-02,2021-11-02,24,FALSE,"2019",3,"Spring","non-G-coded","female","3",55.79,"43-60",FALSE,FALSE,FALSE,FALSE,FALSE,FALSE,FALSE,FALSE,FALSE,FALSE,1,1,"singleton",1,0,0,0,1,0,1,0,0,0,0,11,"Lower tail"
"H213707",36,2,2023-11-01,"854400西部公园",33.5,"235643","163940","41011",7432,"2023",11,"Autumn",2020-11-01,2023-07-02,3.96774193548387,TRUE,"2020",11,"Autumn","non-G-coded","female","2",36,"31-42",FALSE,FALSE,FALSE,FALSE,FALSE,FALSE,FALSE,FALSE,FALSE,FALSE,1,1,"singleton",1,0,0,0,1,0,1,0,0,0,0,11,"Lower tail"
"202555",35.08,2,2023-10-31,"854400西部公园",32.4,"G9713","606318","50400",7436,"2023",10,"Autumn",2020-11-30,2023-08-02,2.93548387096774,TRUE,"2020",11,"Autumn","G-coded","male","2",35.08,"31-42",FALSE,FALSE,FALSE,FALSE,FALSE,FALSE,FALSE,FALSE,FALSE,FALSE,1,1,"singleton",1,0,1,0,1,0,1,0,0,0,0,10,"Lower tail"
"00412",54.7,4,2023-10-31,"FR2545422137",34.4,"HG9712","171790","60062",7441,"2023",10,"Autumn",2019-03-31,2021-12-02,22.9354838709677,FALSE,"2019",3,"Spring","non-G-coded","female","4",54.7,"43-60",FALSE,FALSE,FALSE,FALSE,FALSE,FALSE,FALSE,FALSE,FALSE,FALSE,1,1,"singleton",1,0,0,0,1,0,1,0,0,0,0,10,"Lower tail"
"213549",24.62,1,2023-10-30,"854282维利纳诺",27.8,"G9707","606306","95105",7444,"2023",10,"Autumn",2021-09-30,2024-06-02,-7.09677419354839,TRUE,"2021",9,"Autumn","G-coded","male","1",24.62,"<=30",FALSE,FALSE,FALSE,FALSE,FALSE,FALSE,FALSE,FALSE,FALSE,FALSE,1,1,"singleton",1,0,1,0,1,0,1,0,1,0,0,10,"Lower tail"
"01441",48.36,3,2023-10-29,"FR2545422137",29.8,"235585",NA,NA,7452,"2023",10,"Autumn",2019-10-29,2022-07-02,15.8709677419355,FALSE,"2019",10,"Autumn","non-G-coded","female","3",48.36,"43-60",FALSE,FALSE,FALSE,FALSE,FALSE,FALSE,FALSE,FALSE,FALSE,FALSE,1,1,"singleton",1,0,1,0,1,0,1,0,1,0,0,10,"Lower tail"
"213174",26.73,1,2023-10-23,"854282维利纳诺",31.7,"235552","2544424506","800636",7477,"2023",10,"Autumn",2021-07-23,2024-04-02,-5.32258064516129,TRUE,"2021",7,"Summer","non-G-coded","female","1",26.73,"<=30",FALSE,FALSE,FALSE,FALSE,FALSE,FALSE,FALSE,FALSE,FALSE,FALSE,1,1,"singleton",1,0,1,0,1,0,1,0,0,0,0,10,"Lower tail"
"60568",82.91,5,2023-10-23,"7402563907",35.6,"G9673",NA,NA,7479,"2023",10,"Autumn",2016-11-23,2019-08-02,50.6774193548387,FALSE,"2016",11,"Autumn","G-coded","male","5",82.91,">60",FALSE,FALSE,FALSE,FALSE,FALSE,FALSE,FALSE,FALSE,FALSE,FALSE,1,1,"singleton",1,0,0,0,1,0,1,0,0,0,0,10,"Lower tail"
"213297",25.48,1,2023-10-14,"854282维利纳诺",29.8,"G9639","180781","800380",7527,"2023",10,"Autumn",2021-09-14,2024-06-02,-7.61290322580645,TRUE,"2021",9,"Autumn","G-coded","male","1",25.48,"<=30",FALSE,FALSE,FALSE,FALSE,FALSE,FALSE,FALSE,FALSE,FALSE,FALSE,1,1,"singleton",1,0,1,0,1,0,1,0,1,0,0,10,"Lower tail"
"60443",85.5,5,2023-10-14,"854282维利纳诺",31.8,"235515",NA,NA,7528,"2023",10,"Autumn",2016-08-14,2019-05-02,53.3870967741936,FALSE,"2016",8,"Summer","non-G-coded","female","5",85.5,">60",FALSE,FALSE,FALSE,FALSE,FALSE,FALSE,FALSE,FALSE,FALSE,FALSE,1,1,"singleton",1,0,1,0,1,0,1,0,0,0,0,10,"Lower tail"
"65052",92.44,2,2023-10-13,"854282维利纳诺",35.5,"G9634",NA,NA,7531,"2023",10,"Autumn",2016-02-13,2018-11-02,59.3548387096774,FALSE,"2016",2,"Winter","G-coded","male","2",92.44,">60",FALSE,FALSE,FALSE,FALSE,FALSE,FALSE,FALSE,FALSE,FALSE,FALSE,1,1,"singleton",1,0,0,0,1,0,1,0,0,0,0,10,"Lower tail"
"01086L",48.55,3,2023-10-13,"7402563907",36.2,"G9631",NA,NA,7532,"2023",10,"Autumn",2019-09-13,2022-06-02,16.3548387096774,FALSE,"2019",9,"Autumn","G-coded","male","3",48.55,"43-60",FALSE,FALSE,FALSE,FALSE,FALSE,FALSE,FALSE,FALSE,FALSE,FALSE,1,1,"singleton",1,0,0,0,1,0,0,0,0,0,0,10,"Lower tail"
"800259",65.81,4,2023-10-12,"7402563907",37.5,"G9629",NA,NA,7535,"2023",10,"Autumn",2018-04-12,2021-01-02,33.3225806451613,FALSE,"2018",4,"Spring","G-coded","male","4",65.81,">60",FALSE,FALSE,FALSE,FALSE,FALSE,FALSE,FALSE,FALSE,FALSE,FALSE,1,1,"singleton",1,0,0,0,1,0,0,0,0,0,0,10,"Lower tail"
"01107",48.39,3,2023-10-12,"7402563907",34.5,"235514",NA,NA,7536,"2023",10,"Autumn",2019-10-12,2022-07-02,15.3225806451613,FALSE,"2019",10,"Autumn","non-G-coded","female","3",48.39,"43-60",FALSE,FALSE,FALSE,FALSE,FALSE,FALSE,FALSE,FALSE,FALSE,FALSE,1,1,"singleton",1,0,0,0,1,0,1,0,0,0,0,10,"Lower tail"
"61829",93.16,6,2023-10-11,"7402563907",34.4,"G9622",NA,NA,7543,"2023",10,"Autumn",2016-01-11,2018-10-02,60.2903225806452,FALSE,"2016",1,"Winter","G-coded","male","6",93.16,">60",FALSE,FALSE,FALSE,FALSE,FALSE,FALSE,FALSE,FALSE,FALSE,FALSE,1,1,"singleton",1,0,1,0,1,0,1,0,0,0,0,10,"Lower tail"
"00036",57.03,3,2023-10-10,"7402563907",34.3,"235503",NA,NA,7545,"2023",10,"Autumn",2019-01-10,2021-10-02,24.258064516129,FALSE,"2019",1,"Winter","non-G-coded","female","3",57.03,"43-60",FALSE,FALSE,FALSE,FALSE,FALSE,FALSE,FALSE,FALSE,FALSE,FALSE,1,1,"singleton",1,0,0,0,1,0,1,0,0,0,0,10,"Lower tail"
"62874",91.42,5,2023-10-07,"854282维利纳诺",33.8,"235492",NA,NA,7563,"2023",10,"Autumn",2016-03-07,2018-12-02,58.1612903225806,FALSE,"2016",3,"Spring","non-G-coded","female","5",91.42,">60",FALSE,FALSE,FALSE,FALSE,FALSE,FALSE,FALSE,FALSE,FALSE,FALSE,1,1,"singleton",1,0,0,0,1,0,1,0,0,0,0,10,"Lower tail"
"800770",59.7,4,2023-10-06,"7402563907",34.4,"G9604",NA,NA,7565,"2023",10,"Autumn",2018-10-06,2021-07-02,27.1290322580645,FALSE,"2018",10,"Autumn","G-coded","male","4",59.7,"43-60",FALSE,FALSE,FALSE,FALSE,FALSE,FALSE,FALSE,FALSE,FALSE,FALSE,1,1,"singleton",1,0,1,0,1,0,1,0,0,0,0,10,"Lower tail"
"60411",91.52,5,2023-10-03,"854282维利纳诺",30.5,"235482",NA,NA,7578,"2023",10,"Autumn",2016-02-03,2018-11-02,59.0322580645161,FALSE,"2016",2,"Winter","non-G-coded","female","5",91.52,">60",FALSE,FALSE,FALSE,FALSE,FALSE,FALSE,FALSE,FALSE,FALSE,FALSE,1,1,"singleton",1,0,1,0,1,0,1,0,0,0,0,10,"Lower tail"
"60933",92.8,6,2023-09-29,"854282维利纳诺",36.7,"G9577",NA,NA,7610,"2023",9,"Autumn",2015-12-29,2018-10-02,59.9,FALSE,"2015",12,"Winter","G-coded","male","6",92.8,">60",FALSE,FALSE,FALSE,FALSE,FALSE,FALSE,FALSE,FALSE,FALSE,FALSE,1,1,"singleton",1,0,0,0,1,0,0,0,0,0,0,9,"Lower tail"
"202529",34.19,1,2023-09-29,"854282维利纳诺",32.3,"235458",NA,NA,7613,"2023",9,"Autumn",2020-11-29,2023-09-02,0.9,TRUE,"2020",11,"Autumn","non-G-coded","female","1",34.19,"31-42",FALSE,FALSE,FALSE,FALSE,FALSE,FALSE,FALSE,FALSE,FALSE,FALSE,1,1,"singleton",1,0,0,0,1,0,1,0,0,0,0,9,"Lower tail"
"213099",26.69,1,2023-09-27,"865530狼血",25.3,"G9565","603268","60354",7624,"2023",9,"Autumn",2021-06-27,2024-04-02,-6.16666666666667,TRUE,"2021",6,"Summer","G-coded","male","1",26.69,"<=30",FALSE,FALSE,FALSE,FALSE,FALSE,FALSE,FALSE,FALSE,FALSE,FALSE,1,1,"singleton",1,0,1,0,1,0,1,0,1,0,0,9,"Lower tail"
"202378",25.67,1,2023-09-27,"854282维利纳诺",34.2,"G9563","180781","60657",7627,"2023",9,"Autumn",2021-07-27,2024-05-02,-7.16666666666667,TRUE,"2021",7,"Summer","G-coded","male","1",25.67,"<=30",FALSE,FALSE,FALSE,FALSE,FALSE,FALSE,FALSE,FALSE,FALSE,FALSE,1,1,"singleton",1,0,1,0,1,0,1,0,0,0,0,9,"Lower tail"
"62611",91.42,5,2023-09-26,"7402563907",34.8,"G9559",NA,NA,7632,"2023",9,"Autumn",2016-02-26,2018-12-02,57.8,FALSE,"2016",2,"Winter","G-coded","male","5",91.42,">60",FALSE,FALSE,FALSE,FALSE,FALSE,FALSE,FALSE,FALSE,FALSE,FALSE,1,1,"singleton",1,0,0,0,1,0,1,0,0,0,0,9,"Lower tail"
"800498",62.29,4,2023-09-21,"7402563907",29.3,"G9540","171350","BU13023",7656,"2023",9,"Autumn",2018-07-21,2021-05-02,28.6333333333333,FALSE,"2018",7,"Summer","G-coded","male","4",62.29,">60",FALSE,FALSE,FALSE,FALSE,FALSE,FALSE,FALSE,FALSE,FALSE,FALSE,1,1,"singleton",1,0,1,0,1,0,1,0,1,0,0,9,"Lower tail"
"212468",30.05,1,2023-09-16,"865530狼血",34.6,"9517","180781","61794",7682,"2023",9,"Autumn",2021-03-16,2024-01-02,-3.53333333333333,TRUE,"2021",3,"Spring","non-G-coded","female","1",30.05,"31-42",FALSE,FALSE,FALSE,FALSE,FALSE,FALSE,FALSE,FALSE,FALSE,FALSE,1,1,"singleton",1,0,0,0,1,0,1,0,0,0,0,9,"Lower tail"
"212770",28.53,1,2023-09-16,"865530狼血",24.8,"G9519","186967","00790",7686,"2023",9,"Autumn",2021-04-16,2024-02-02,-4.53333333333333,TRUE,"2021",4,"Spring","G-coded","male","1",28.53,"<=30",TRUE,FALSE,FALSE,FALSE,FALSE,FALSE,FALSE,FALSE,FALSE,FALSE,1,1,"singleton",1,0,1,0,1,0,1,0,1,0,0,9,"Lower tail"
"60526",82.51,5,2023-09-15,"865530狼血",31,"235394",NA,NA,7689,"2023",9,"Autumn",2016-10-15,2019-08-02,49.4333333333333,FALSE,"2016",10,"Autumn","non-G-coded","female","5",82.51,">60",FALSE,FALSE,FALSE,FALSE,FALSE,FALSE,FALSE,FALSE,FALSE,FALSE,1,1,"singleton",1,0,1,0,1,0,1,0,0,0,0,9,"Lower tail"
"213337",25.12,1,2023-09-14,"854282维利纳诺",26.7,"G9508",NA,NA,7699,"2023",9,"Autumn",2021-08-14,2024-06-02,-8.6,TRUE,"2021",8,"Summer","G-coded","male","1",25.12,"<=30",FALSE,FALSE,FALSE,FALSE,FALSE,FALSE,FALSE,FALSE,FALSE,FALSE,1,1,"singleton",1,0,1,0,1,0,1,0,1,0,0,9,"Lower tail"
"800932",57.53,4,2023-09-11,"7402563907",32.7,"235372",NA,NA,7717,"2023",9,"Autumn",2018-11-11,2021-09-02,24.3,FALSE,"2018",11,"Autumn","non-G-coded","female","4",57.53,"43-60",FALSE,FALSE,FALSE,FALSE,FALSE,FALSE,FALSE,FALSE,FALSE,FALSE,1,1,"singleton",1,0,0,0,1,0,1,0,0,0,0,9,"Lower tail"
"212994",27.35,1,2023-09-11,"854282维利纳诺",33.7,"235371",NA,NA,7718,"2023",9,"Autumn",2021-06-11,2024-04-02,-6.7,TRUE,"2021",6,"Summer","non-G-coded","female","1",27.35,"<=30",FALSE,FALSE,FALSE,FALSE,FALSE,FALSE,FALSE,FALSE,FALSE,FALSE,1,1,"singleton",1,0,0,0,1,0,1,0,0,0,0,9,"Lower tail"
"800732",55.46,4,2023-09-10,"7402563907",32.8,"G9491","171790","60542",7721,"2023",9,"Autumn",2019-02-10,2021-12-02,21.2666666666667,FALSE,"2019",2,"Winter","G-coded","male","4",55.46,"43-60",FALSE,FALSE,FALSE,FALSE,FALSE,FALSE,FALSE,FALSE,FALSE,FALSE,1,1,"singleton",1,0,1,0,1,0,1,0,0,0,0,9,"Lower tail"
"800900",57.66,4,2023-09-09,"854282维利纳诺",30.5,"G9490",NA,NA,7723,"2023",9,"Autumn",2018-11-09,2021-09-02,24.2333333333333,FALSE,"2018",11,"Autumn","G-coded","male","4",57.66,"43-60",FALSE,FALSE,FALSE,FALSE,FALSE,FALSE,FALSE,FALSE,FALSE,FALSE,1,1,"singleton",1,0,1,0,1,0,1,0,0,0,0,9,"Lower tail"
"213273",24.39,1,2023-09-06,"854282维利纳诺",26.8,"235349",NA,NA,7736,"2023",9,"Autumn",2021-09-06,2024-07-02,-9.86666666666667,TRUE,"2021",9,"Autumn","non-G-coded","female","1",24.39,"<=30",FALSE,FALSE,FALSE,FALSE,FALSE,FALSE,FALSE,FALSE,FALSE,FALSE,1,1,"singleton",1,0,1,0,1,0,1,0,1,0,0,9,"Lower tail"
"213152",25.35,1,2023-09-06,"854282维利纳诺",22.8,"G9480",NA,NA,7738,"2023",9,"Autumn",2021-08-06,2024-06-02,-8.86666666666667,TRUE,"2021",8,"Summer","G-coded","male","1",25.35,"<=30",TRUE,FALSE,FALSE,FALSE,FALSE,FALSE,FALSE,FALSE,FALSE,FALSE,1,1,"singleton",1,0,1,0,1,0,1,0,1,0,0,9,"Lower tail"
"213110L",25.87,1,2023-09-05,"865530狼血",31.8,"235343",NA,NA,7739,"2023",9,"Autumn",2021-07-05,2024-05-02,-7.9,TRUE,"2021",7,"Summer","non-G-coded","female","1",25.87,"<=30",FALSE,FALSE,FALSE,FALSE,FALSE,FALSE,FALSE,FALSE,FALSE,FALSE,1,1,"singleton",1,0,1,0,1,0,1,0,0,0,0,9,"Lower tail"
"70335",78.01,3,2023-09-05,"XM-22218621",33.8,"235345",NA,NA,7740,"2023",9,"Autumn",2017-03-05,2020-01-02,44.1,FALSE,"2017",3,"Spring","non-G-coded","female","3",78.01,">60",FALSE,FALSE,FALSE,FALSE,FALSE,FALSE,FALSE,FALSE,FALSE,FALSE,1,1,"singleton",1,0,0,0,1,0,1,0,0,0,0,9,"Lower tail"
"202640",23.87,1,2023-09-03,"854282维利纳诺",31.2,"235334","180781","60723",7758,"2023",9,"Autumn",2021-09-03,2024-07-02,-9.96666666666667,TRUE,"2021",9,"Autumn","non-G-coded","female","1",23.87,"<=30",FALSE,FALSE,FALSE,FALSE,FALSE,FALSE,FALSE,FALSE,FALSE,FALSE,1,1,"singleton",1,0,1,0,1,0,1,0,0,0,0,9,"Lower tail"
"213446",24.33,1,2023-09-01,"865530狼血",32.5,"235317","2544424506","800585",7780,"2023",9,"Autumn",2021-09-01,2024-07-02,-10.0322580645161,TRUE,"2021",9,"Autumn","non-G-coded","female","1",24.33,"<=30",FALSE,FALSE,FALSE,FALSE,FALSE,FALSE,FALSE,FALSE,FALSE,FALSE,1,1,"singleton",1,0,0,0,1,0,1,0,0,0,0,9,"Lower tail"
"60052",91.19,5,2023-08-31,"854773威吉吉",26.8,"235307",NA,NA,7785,"2023",8,"Summer",2016-01-31,2018-12-02,56.9354838709677,FALSE,"2016",1,"Winter","non-G-coded","female","5",91.19,">60",FALSE,FALSE,FALSE,FALSE,FALSE,FALSE,FALSE,FALSE,FALSE,FALSE,1,1,"singleton",1,0,1,0,1,0,1,0,1,0,0,8,"Lower tail"
"61330",90.14,6,2023-08-31,"854282维利纳诺",31.4,"235306",NA,NA,7794,"2023",8,"Summer",2016-02-29,2019-01-02,55.9354838709677,FALSE,"2016",2,"Winter","non-G-coded","female","6",90.14,">60",FALSE,FALSE,FALSE,FALSE,FALSE,FALSE,FALSE,FALSE,FALSE,FALSE,1,1,"singleton",1,0,1,0,1,0,1,0,0,0,0,8,"Lower tail"
"800681",59.07,4,2023-08-28,"7402563907",29.1,"235285","171350","60909",7812,"2023",8,"Summer",2018-09-28,2021-08-02,24.8387096774194,FALSE,"2018",9,"Autumn","non-G-coded","female","4",59.07,"43-60",FALSE,FALSE,FALSE,FALSE,FALSE,FALSE,FALSE,FALSE,FALSE,FALSE,1,1,"singleton",1,0,1,0,1,0,1,0,1,0,0,8,"Lower tail"
"70204",77.09,5,2023-08-28,"854282维利纳诺",29.7,"235283",NA,NA,7816,"2023",8,"Summer",2017-03-28,2020-02-02,42.8387096774194,FALSE,"2017",3,"Spring","non-G-coded","female","5",77.09,">60",FALSE,FALSE,FALSE,FALSE,FALSE,FALSE,FALSE,FALSE,FALSE,FALSE,1,1,"singleton",1,0,1,0,1,0,1,0,1,0,0,8,"Lower tail"
"95105",46.02,3,2023-08-26,"7402563907",31.2,"G9405",NA,NA,7826,"2023",8,"Summer",2019-10-26,2022-09-02,11.7741935483871,TRUE,"2019",10,"Autumn","G-coded","male","3",46.02,"43-60",FALSE,FALSE,FALSE,FALSE,FALSE,FALSE,FALSE,FALSE,FALSE,FALSE,1,1,"singleton",1,0,1,0,1,0,1,0,0,0,0,8,"Lower tail"
"213015",26.56,1,2023-08-26,"14117309",35.9,"G9409",NA,NA,7828,"2023",8,"Summer",2021-05-26,2024-04-02,-7.2258064516129,TRUE,"2021",5,"Spring","G-coded","male","1",26.56,"<=30",FALSE,FALSE,FALSE,FALSE,FALSE,FALSE,FALSE,FALSE,FALSE,FALSE,1,1,"singleton",1,0,0,0,1,0,0,0,0,0,0,8,"Lower tail"
"202056",35.83,2,2023-08-26,"7402563907",27.7,"9G410","606244","802753",7833,"2023",8,"Summer",2020-08-26,2023-07-02,1.7741935483871,TRUE,"2020",8,"Summer","non-G-coded","female","2",35.83,"31-42",FALSE,FALSE,FALSE,FALSE,FALSE,FALSE,FALSE,FALSE,FALSE,FALSE,1,1,"singleton",1,0,1,0,1,0,1,0,1,0,0,8,"Lower tail"
"62358",90.24,5,2023-08-24,"854773威吉吉",33.4,"235258",NA,NA,7846,"2023",8,"Summer",2016-02-24,2019-01-02,55.7096774193548,FALSE,"2016",2,"Winter","non-G-coded","female","5",90.24,">60",FALSE,FALSE,FALSE,FALSE,FALSE,FALSE,FALSE,FALSE,FALSE,FALSE,1,1,"singleton",1,0,0,0,1,0,1,0,0,0,0,8,"Lower tail"
"60231",88.4,6,2023-08-24,"7402563907",34,"235254",NA,NA,7847,"2023",8,"Summer",2016-04-24,2019-03-02,53.7096774193548,FALSE,"2016",4,"Spring","non-G-coded","female","6",88.4,">60",FALSE,FALSE,FALSE,FALSE,FALSE,FALSE,FALSE,FALSE,FALSE,FALSE,1,1,"singleton",1,0,0,0,1,0,1,0,0,0,0,8,"Lower tail"
"201987",36.39,2,2023-08-24,"854282维利纳诺",25.5,"235250","606244","800203",7850,"2023",8,"Summer",2020-08-24,2023-07-02,1.70967741935484,TRUE,"2020",8,"Summer","non-G-coded","female","2",36.39,"31-42",FALSE,FALSE,FALSE,FALSE,FALSE,FALSE,FALSE,FALSE,FALSE,FALSE,1,1,"singleton",1,0,1,0,1,0,1,0,1,0,0,8,"Lower tail"
"30810",126.46,8,2023-08-21,"854773威吉吉",31.5,"235231",NA,NA,7862,"2023",8,"Summer",2013-02-21,2016-01-02,91.6129032258064,FALSE,"2013",2,"Winter","non-G-coded","female",">=7",126.46,">60",FALSE,FALSE,FALSE,FALSE,FALSE,FALSE,FALSE,FALSE,FALSE,FALSE,1,1,"singleton",1,0,1,0,1,0,1,0,0,0,0,8,"Lower tail"
"00996",47.5,3,2023-08-19,"7402563907",32,"G9365","186756","61568",7874,"2023",8,"Summer",2019-08-19,2022-07-02,13.5483870967742,TRUE,"2019",8,"Summer","G-coded","male","3",47.5,"43-60",FALSE,FALSE,FALSE,FALSE,FALSE,FALSE,FALSE,FALSE,FALSE,FALSE,1,1,"singleton",1,0,1,0,1,0,1,0,0,0,0,8,"Lower tail"
"800380L",62.89,3,2023-08-18,"865530狼血",31.8,"G9362",NA,NA,7878,"2023",8,"Summer",2018-05-18,2021-04-02,28.5161290322581,FALSE,"2018",5,"Spring","G-coded","male","3",62.89,">60",FALSE,FALSE,FALSE,FALSE,FALSE,FALSE,FALSE,FALSE,FALSE,FALSE,1,1,"singleton",1,0,1,0,1,0,1,0,0,0,0,8,"Lower tail"
"00462",51.91,3,2023-08-18,"871041文尼哥",33.4,"235222","171790","60036",7879,"2023",8,"Summer",2019-04-18,2022-03-02,17.5161290322581,FALSE,"2019",4,"Spring","non-G-coded","female","3",51.91,"43-60",FALSE,FALSE,FALSE,FALSE,FALSE,FALSE,FALSE,FALSE,FALSE,FALSE,1,1,"singleton",1,0,0,0,1,0,1,0,0,0,0,8,"Lower tail"
"213076",25.67,1,2023-08-18,"865530狼血",36.8,"G9357","180781","60888",7880,"2023",8,"Summer",2021-06-18,2024-05-02,-8.48387096774194,TRUE,"2021",6,"Summer","G-coded","male","1",25.67,"<=30",FALSE,FALSE,FALSE,FALSE,FALSE,FALSE,FALSE,FALSE,FALSE,FALSE,1,1,"singleton",1,0,0,0,1,0,0,0,0,0,0,8,"Lower tail"
"65029",68.41,5,2023-08-17,"7402563907",34,"G9353",NA,NA,7888,"2023",8,"Summer",2017-12-17,2020-11-02,33.4838709677419,FALSE,"2017",12,"Winter","G-coded","male","5",68.41,">60",FALSE,FALSE,FALSE,FALSE,FALSE,FALSE,FALSE,FALSE,FALSE,FALSE,1,1,"singleton",1,0,1,0,1,0,1,0,0,0,0,8,"Lower tail"
"212902",26.96,1,2023-08-15,"865530狼血",28.4,"G9345","7029225762","60276",7899,"2023",8,"Summer",2021-05-15,2024-04-02,-7.58064516129032,TRUE,"2021",5,"Spring","G-coded","male","1",26.96,"<=30",FALSE,FALSE,FALSE,FALSE,FALSE,FALSE,FALSE,FALSE,FALSE,FALSE,1,1,"singleton",1,0,1,0,1,0,1,0,1,0,0,8,"Lower tail"
"61960",90.73,5,2023-08-12,"865530狼血",31.5,"235190",NA,NA,7910,"2023",8,"Summer",2016-01-12,2018-12-02,56.3225806451613,FALSE,"2016",1,"Winter","non-G-coded","female","5",90.73,">60",FALSE,FALSE,FALSE,FALSE,FALSE,FALSE,FALSE,FALSE,FALSE,FALSE,1,1,"singleton",1,0,1,0,1,0,1,0,0,0,0,8,"Lower tail"
"202414",56.54,4,2023-08-12,"7402563907",33.4,"G9333","171350","40114",7911,"2023",8,"Summer",2018-11-12,2021-10-02,22.3225806451613,FALSE,"2018",11,"Autumn","G-coded","male","4",56.54,"43-60",FALSE,FALSE,FALSE,FALSE,FALSE,FALSE,FALSE,FALSE,FALSE,FALSE,1,1,"singleton",1,0,1,0,1,0,1,0,0,0,0,8,"Lower tail"
"60204",89.97,5,2023-08-12,"865530狼血",35.4,"G9329",NA,NA,7913,"2023",8,"Summer",2016-02-12,2019-01-02,55.3225806451613,FALSE,"2016",2,"Winter","G-coded","male","5",89.97,">60",FALSE,FALSE,FALSE,FALSE,FALSE,FALSE,FALSE,FALSE,FALSE,FALSE,1,1,"singleton",1,0,0,0,1,0,1,0,0,0,0,8,"Lower tail"
"213459",22.55,1,2023-08-12,"854773威吉吉",35.4,"G9331","2544424506","60306",7915,"2023",8,"Summer",2021-09-12,2024-08-02,-11.6774193548387,TRUE,"2021",9,"Autumn","G-coded","male","1",22.55,"<=30",FALSE,FALSE,FALSE,FALSE,FALSE,FALSE,FALSE,FALSE,FALSE,FALSE,1,1,"singleton",1,0,0,0,1,0,1,0,0,0,0,8,"Lower tail"
"800609",58.78,4,2023-08-05,"7402563907",32.7,"235163","171350","Z60815",7951,"2023",8,"Summer",2018-09-05,2021-08-02,24.0967741935484,FALSE,"2018",9,"Autumn","non-G-coded","female","4",58.78,"43-60",FALSE,FALSE,FALSE,FALSE,FALSE,FALSE,FALSE,FALSE,FALSE,FALSE,1,1,"singleton",1,0,0,0,1,0,1,0,0,0,0,8,"Lower tail"
"H213013",25.87,1,2023-08-05,"854773威吉吉",22.7,"G9304","603268","00922",7952,"2023",8,"Summer",2021-06-05,2024-05-02,-8.90322580645161,TRUE,"2021",6,"Summer","G-coded","male","1",25.87,"<=30",TRUE,FALSE,FALSE,FALSE,FALSE,FALSE,FALSE,FALSE,FALSE,FALSE,1,1,"singleton",1,0,1,0,1,0,1,0,1,0,0,8,"Lower tail"
"70455",72.72,5,2023-08-05,"854773威吉吉",32.7,"235164",NA,NA,7954,"2023",8,"Summer",2017-07-05,2020-06-02,38.0967741935484,FALSE,"2017",7,"Summer","non-G-coded","female","5",72.72,">60",FALSE,FALSE,FALSE,FALSE,FALSE,FALSE,FALSE,FALSE,FALSE,FALSE,1,1,"singleton",1,0,0,0,1,0,1,0,0,0,0,8,"Lower tail"
"20010",54.5,3,2023-08-04,"865530狼血",36.5,"G9299",NA,NA,7957,"2023",8,"Summer",2019-02-04,2022-01-02,19.0645161290323,FALSE,"2019",2,"Winter","G-coded","male","3",54.5,"43-60",FALSE,FALSE,FALSE,FALSE,FALSE,FALSE,FALSE,FALSE,FALSE,FALSE,1,1,"singleton",1,0,0,0,1,0,0,0,0,0,0,8,"Lower tail"
"50650",98.95,3,2023-08-02,"862025瓦特罗",23.3,"235150",NA,NA,7965,"2023",8,"Summer",2015-05-02,2018-04-02,64,FALSE,"2015",5,"Spring","non-G-coded","female","3",98.95,">60",TRUE,FALSE,FALSE,FALSE,FALSE,FALSE,FALSE,FALSE,FALSE,FALSE,1,1,"singleton",1,0,1,0,1,0,1,0,1,0,0,8,"Lower tail"
"62597",90.07,6,2023-08-02,"7402563907",30.4,"235149",NA,NA,7966,"2023",8,"Summer",2016-02-02,2019-01-02,55,FALSE,"2016",2,"Winter","non-G-coded","female","6",90.07,">60",FALSE,FALSE,FALSE,FALSE,FALSE,FALSE,FALSE,FALSE,FALSE,FALSE,1,1,"singleton",1,0,1,0,1,0,1,0,0,0,0,8,"Lower tail"
"800939",56.15,4,2023-08-01,"7402563907",28.7,"G9285","171350","91126",7973,"2023",8,"Summer",2018-12-01,2021-11-02,20.9677419354839,FALSE,"2018",12,"Winter","G-coded","male","4",56.15,"43-60",FALSE,FALSE,FALSE,FALSE,FALSE,FALSE,FALSE,FALSE,FALSE,FALSE,1,1,"singleton",1,0,1,0,1,0,1,0,1,0,0,8,"Lower tail"
"800955",56.05,4,2023-07-30,"854773威吉吉",35.2,"G9276",NA,NA,7976,"2023",7,"Summer",2018-11-30,2021-11-02,20.9032258064516,FALSE,"2018",11,"Autumn","G-coded","male","4",56.05,"43-60",FALSE,FALSE,FALSE,FALSE,FALSE,FALSE,FALSE,FALSE,FALSE,FALSE,1,1,"singleton",1,0,0,0,1,0,1,0,0,0,0,7,"Lower tail"
"70269",75.31,5,2023-07-29,"7402563907",33.1,"235140",NA,NA,7982,"2023",7,"Summer",2017-04-29,2020-04-02,39.8709677419355,FALSE,"2017",4,"Spring","non-G-coded","female","5",75.31,">60",FALSE,FALSE,FALSE,FALSE,FALSE,FALSE,FALSE,FALSE,FALSE,FALSE,1,1,"singleton",1,0,0,0,1,0,1,0,0,0,0,7,"Lower tail"
"201937",35.96,2,2023-07-28,"865530狼血",25,"235132","865530","800411",7991,"2023",7,"Summer",2020-07-28,2023-07-02,0.838709677419355,TRUE,"2020",7,"Summer","non-G-coded","female","2",35.96,"31-42",FALSE,FALSE,FALSE,FALSE,FALSE,FALSE,FALSE,FALSE,FALSE,FALSE,1,1,"singleton",1,0,1,0,1,0,1,0,1,0,0,7,"Lower tail"
"201597",41.16,2,2023-07-27,"公牛",28.7,"235127",NA,NA,7993,"2023",7,"Summer",2020-02-27,2023-02-02,5.80645161290323,TRUE,"2020",2,"Winter","non-G-coded","female","2",41.16,"31-42",FALSE,FALSE,FALSE,FALSE,FALSE,FALSE,FALSE,FALSE,FALSE,FALSE,1,1,"singleton",1,0,1,0,1,0,1,0,1,0,0,7,"Lower tail"
"212780",26.82,1,2023-07-27,"854773威吉吉",34.5,"235130","606306","60763",7994,"2023",7,"Summer",2021-04-27,2024-04-02,-8.19354838709677,TRUE,"2021",4,"Spring","non-G-coded","female","1",26.82,"<=30",FALSE,FALSE,FALSE,FALSE,FALSE,FALSE,FALSE,FALSE,FALSE,FALSE,1,1,"singleton",1,0,0,0,1,0,1,0,0,0,0,7,"Lower tail"
"212605",27.61,1,2023-07-27,"854773威吉吉",30.3,"235128",NA,NA,7995,"2023",7,"Summer",2021-03-27,2024-03-02,-7.19354838709677,TRUE,"2021",3,"Spring","non-G-coded","female","1",27.61,"<=30",FALSE,FALSE,FALSE,FALSE,FALSE,FALSE,FALSE,FALSE,FALSE,FALSE,1,1,"singleton",1,0,1,0,1,0,1,0,0,0,0,7,"Lower tail"
"201639",38.63,1,2023-07-27,"854773威吉吉",30.4,"G9257",NA,NA,7996,"2023",7,"Summer",2020-04-27,2023-04-02,3.80645161290323,TRUE,"2020",4,"Spring","G-coded","male","1",38.63,"31-42",FALSE,FALSE,FALSE,FALSE,FALSE,FALSE,FALSE,FALSE,FALSE,FALSE,1,1,"singleton",1,0,1,0,1,0,1,0,0,0,0,7,"Lower tail"
"201068",42.34,2,2023-07-27,"865530狼血",30.2,"G9262",NA,NA,7998,"2023",7,"Summer",2020-01-27,2023-01-02,6.80645161290323,TRUE,"2020",1,"Winter","G-coded","male","2",42.34,"43-60",FALSE,FALSE,FALSE,FALSE,FALSE,FALSE,FALSE,FALSE,FALSE,FALSE,1,1,"singleton",1,0,1,0,1,0,1,0,0,0,0,7,"Lower tail"
"801015",55.59,4,2023-07-27,"865530狼血",34.3,"G9256",NA,NA,8002,"2023",7,"Summer",2018-11-27,2021-11-02,20.8064516129032,FALSE,"2018",11,"Autumn","G-coded","male","4",55.59,"43-60",FALSE,FALSE,FALSE,FALSE,FALSE,FALSE,FALSE,FALSE,FALSE,FALSE,1,1,"singleton",1,0,1,0,1,0,1,0,0,0,0,7,"Lower tail"
"01096",45.92,2,2023-07-26,"854773威吉吉",36.7,"G9252","186756","70500",8010,"2023",7,"Summer",2019-09-26,2022-09-02,10.7741935483871,TRUE,"2019",9,"Autumn","G-coded","male","2",45.92,"43-60",FALSE,FALSE,FALSE,FALSE,FALSE,FALSE,FALSE,FALSE,FALSE,FALSE,1,1,"singleton",1,0,0,0,1,0,0,0,0,0,0,7,"Lower tail"
"212674",27.22,1,2023-07-25,"854773威吉吉",33.8,"235117","606318","910401",8018,"2023",7,"Summer",2021-04-25,2024-04-02,-8.25806451612903,TRUE,"2021",4,"Spring","non-G-coded","female","1",27.22,"<=30",FALSE,FALSE,FALSE,FALSE,FALSE,FALSE,FALSE,FALSE,FALSE,FALSE,1,1,"singleton",1,0,0,0,1,0,1,0,0,0,0,7,"Lower tail"
"61265",89.12,4,2023-07-25,"854773威吉吉",32.7,"235525",NA,NA,8019,"2023",7,"Summer",2016-02-25,2019-02-02,53.741935483871,FALSE,"2016",2,"Winter","non-G-coded","female","4",89.12,">60",FALSE,FALSE,FALSE,FALSE,FALSE,FALSE,FALSE,FALSE,FALSE,FALSE,1,1,"singleton",1,0,0,0,1,0,1,0,0,0,0,7,"Lower tail"
"202321",33,1,2023-07-25,"854773威吉吉",34.3,"235120",NA,NA,8023,"2023",7,"Summer",2020-10-25,2023-10-02,-2.25806451612903,TRUE,"2020",10,"Autumn","non-G-coded","female","1",33,"31-42",FALSE,FALSE,FALSE,FALSE,FALSE,FALSE,FALSE,FALSE,FALSE,FALSE,1,1,"singleton",1,0,0,0,1,0,1,0,0,0,0,7,"Lower tail"
"212989",25.77,1,2023-07-24,"854773威吉吉",33.8,"235111","606306","70285",8028,"2023",7,"Summer",2021-05-24,2024-05-02,-9.29032258064516,TRUE,"2021",5,"Spring","non-G-coded","female","1",25.77,"<=30",FALSE,FALSE,FALSE,FALSE,FALSE,FALSE,FALSE,FALSE,FALSE,FALSE,1,1,"singleton",1,0,0,0,1,0,1,0,0,0,0,7,"Lower tail"
"212849",26.46,1,2023-07-23,"854773威吉吉",37.4,"G9228",NA,NA,8034,"2023",7,"Summer",2021-05-23,2024-05-02,-9.32258064516129,TRUE,"2021",5,"Spring","G-coded","male","1",26.46,"<=30",FALSE,FALSE,FALSE,FALSE,FALSE,FALSE,FALSE,FALSE,FALSE,FALSE,1,1,"singleton",1,0,0,0,1,0,0,0,0,0,0,7,"Lower tail"
"91156",90.76,5,2023-07-23,"854773威吉吉",34.1,"235104",NA,NA,8035,"2023",7,"Summer",2015-12-23,2018-12-02,55.6774193548387,FALSE,"2015",12,"Winter","non-G-coded","female","5",90.76,">60",FALSE,FALSE,FALSE,FALSE,FALSE,FALSE,FALSE,FALSE,FALSE,FALSE,1,1,"singleton",1,0,0,0,1,0,1,0,0,0,0,7,"Lower tail"
"201959",35.57,2,2023-07-23,"854773威吉吉",31.6,"G9233",NA,NA,8037,"2023",7,"Summer",2020-07-23,2023-07-02,0.67741935483871,TRUE,"2020",7,"Summer","G-coded","male","2",35.57,"31-42",FALSE,FALSE,FALSE,FALSE,FALSE,FALSE,FALSE,FALSE,FALSE,FALSE,1,1,"singleton",1,0,1,0,1,0,1,0,0,0,0,7,"Lower tail"
"800306",62.72,3,2023-07-21,"公牛",31.5,"G9212",NA,NA,8046,"2023",7,"Summer",2018-04-21,2021-04-02,27.6129032258065,FALSE,"2018",4,"Spring","G-coded","male","3",62.72,">60",FALSE,FALSE,FALSE,FALSE,FALSE,FALSE,FALSE,FALSE,FALSE,FALSE,1,1,"singleton",1,0,1,0,1,0,1,0,0,0,0,7,"Lower tail"
"L00809",48.85,3,2023-07-18,"7402563907",35.5,"G9188",NA,NA,8062,"2023",7,"Summer",2019-06-18,2022-06-02,13.5161290322581,TRUE,"2019",6,"Summer","G-coded","male","3",48.85,"43-60",FALSE,FALSE,FALSE,FALSE,FALSE,FALSE,FALSE,FALSE,FALSE,FALSE,1,1,"singleton",1,0,0,0,1,0,1,0,0,0,0,7,"Lower tail"
"212533",27.74,1,2023-07-18,"XM-22218621",34.7,"235083","180600","61779",8067,"2023",7,"Summer",2021-03-18,2024-03-02,-7.48387096774194,TRUE,"2021",3,"Spring","non-G-coded","female","1",27.74,"<=30",FALSE,FALSE,FALSE,FALSE,FALSE,FALSE,FALSE,FALSE,FALSE,FALSE,1,1,"singleton",1,0,0,0,1,0,1,0,0,0,0,7,"Lower tail"
"01007",46.32,3,2023-07-18,"7402563907",27.1,"G9190","186756","50541",8071,"2023",7,"Summer",2019-09-18,2022-09-02,10.5161290322581,TRUE,"2019",9,"Autumn","G-coded","male","3",46.32,"43-60",FALSE,FALSE,FALSE,FALSE,FALSE,FALSE,FALSE,FALSE,FALSE,FALSE,1,1,"singleton",1,0,1,0,1,0,1,0,1,0,0,7,"Lower tail"
"61719",90.04,4,2023-07-16,"854773威吉吉",34.5,"G9177",NA,NA,8085,"2023",7,"Summer",2016-01-16,2019-01-02,54.4516129032258,FALSE,"2016",1,"Winter","G-coded","male","4",90.04,">60",FALSE,FALSE,FALSE,FALSE,FALSE,FALSE,FALSE,FALSE,FALSE,FALSE,1,1,"singleton",1,0,0,0,1,0,1,0,0,0,0,7,"Lower tail"
"212608",27.25,1,2023-07-16,"854773威吉吉",30.5,"235072",NA,NA,8087,"2023",7,"Summer",2021-04-16,2024-04-02,-8.54838709677419,TRUE,"2021",4,"Spring","non-G-coded","female","1",27.25,"<=30",FALSE,FALSE,FALSE,FALSE,FALSE,FALSE,FALSE,FALSE,FALSE,FALSE,1,1,"singleton",1,0,1,0,1,0,1,0,0,0,0,7,"Lower tail"
"60482",81.3,6,2023-07-12,"854773威吉吉",24.7,"235029",NA,NA,8105,"2023",7,"Summer",2016-10-12,2019-10-02,45.3225806451613,FALSE,"2016",10,"Autumn","non-G-coded","female","6",81.3,">60",TRUE,FALSE,FALSE,FALSE,FALSE,FALSE,FALSE,FALSE,FALSE,FALSE,1,1,"singleton",1,0,1,0,1,0,1,0,1,0,0,7,"Lower tail"
"01219",44.48,2,2023-07-12,"公牛",28.5,"235041","186756","91108",8112,"2023",7,"Summer",2019-11-12,2022-11-02,8.32258064516129,TRUE,"2019",11,"Autumn","non-G-coded","female","2",44.48,"43-60",FALSE,FALSE,FALSE,FALSE,FALSE,FALSE,FALSE,FALSE,FALSE,FALSE,1,1,"singleton",1,0,1,0,1,0,1,0,1,0,0,7,"Lower tail"
"00874",47.73,3,2023-07-10,"854773威吉吉",31.5,"235018","167285","60368",8126,"2023",7,"Summer",2019-07-10,2022-07-02,12.258064516129,TRUE,"2019",7,"Summer","non-G-coded","female","3",47.73,"43-60",FALSE,FALSE,FALSE,FALSE,FALSE,FALSE,FALSE,FALSE,FALSE,FALSE,1,1,"singleton",1,0,1,0,1,0,1,0,0,0,0,7,"Lower tail"
"202191",33.2,2,2023-07-08,"854773威吉吉",31.2,"235005",NA,NA,8130,"2023",7,"Summer",2020-10-08,2023-10-02,-2.80645161290323,TRUE,"2020",10,"Autumn","non-G-coded","female","2",33.2,"31-42",FALSE,FALSE,FALSE,FALSE,FALSE,FALSE,FALSE,FALSE,FALSE,FALSE,1,1,"singleton",1,0,1,0,1,0,1,0,0,0,0,7,"Lower tail"
"01145",44.97,2,2023-07-08,"854773威吉吉",36.3,"G9133","186756","61187",8131,"2023",7,"Summer",2019-10-08,2022-10-02,9.19354838709677,TRUE,"2019",10,"Autumn","G-coded","male","2",44.97,"43-60",FALSE,FALSE,FALSE,FALSE,FALSE,FALSE,FALSE,FALSE,FALSE,FALSE,1,1,"singleton",1,0,0,0,1,0,0,0,0,0,0,7,"Lower tail"
"212262",28.9,1,2023-07-06,"854773威吉吉",27.5,"234993","606306","61114",8135,"2023",7,"Summer",2021-02-06,2024-02-02,-6.87096774193548,TRUE,"2021",2,"Winter","non-G-coded","female","1",28.9,"<=30",FALSE,FALSE,FALSE,FALSE,FALSE,FALSE,FALSE,FALSE,FALSE,FALSE,1,1,"singleton",1,0,1,0,1,0,1,0,1,0,0,7,"Lower tail"
"201377",39.35,2,2023-07-05,"7402563907",33.8,"G9117","606244","800053",8137,"2023",7,"Summer",2020-04-05,2023-04-02,3.09677419354839,TRUE,"2020",4,"Spring","G-coded","male","2",39.35,"31-42",FALSE,FALSE,FALSE,FALSE,FALSE,FALSE,FALSE,FALSE,FALSE,FALSE,1,1,"singleton",1,0,1,0,1,0,1,0,0,0,0,7,"Lower tail"
"802517",61.44,4,2023-07-04,"7402563907",28.6,"234986",NA,NA,8141,"2023",7,"Summer",2018-06-04,2021-06-02,25.0645161290323,FALSE,"2018",6,"Summer","non-G-coded","female","4",61.44,">60",FALSE,FALSE,FALSE,FALSE,FALSE,FALSE,FALSE,FALSE,FALSE,FALSE,1,1,"singleton",1,0,1,0,1,0,1,0,1,0,0,7,"Lower tail"
"62445",88.46,6,2023-07-04,"854773威吉吉",36.8,"G9112",NA,NA,8142,"2023",7,"Summer",2016-03-04,2019-03-02,52.0645161290323,FALSE,"2016",3,"Spring","G-coded","male","6",88.46,">60",FALSE,FALSE,FALSE,FALSE,FALSE,FALSE,FALSE,FALSE,FALSE,FALSE,1,1,"singleton",1,0,0,0,1,0,0,0,0,0,0,7,"Lower tail"
"00264",51.71,3,2023-06-30,"854773威吉吉",29.8,"234967","171790","61895",8155,"2023",6,"Summer",2019-02-28,2022-03-02,15.9333333333333,FALSE,"2019",2,"Winter","non-G-coded","female","3",51.71,"43-60",FALSE,FALSE,FALSE,FALSE,FALSE,FALSE,FALSE,FALSE,FALSE,FALSE,1,1,"singleton",1,0,1,0,1,0,1,0,1,0,0,6,"Lower tail"
"70183",49.77,3,2023-06-28,"7402563907",35.8,"G9097","167285","Z70476",8163,"2023",6,"Summer",2019-04-28,2022-05-02,13.8666666666667,TRUE,"2019",4,"Spring","G-coded","male","3",49.77,"43-60",FALSE,FALSE,FALSE,FALSE,FALSE,FALSE,FALSE,FALSE,FALSE,FALSE,1,1,"singleton",1,0,0,0,1,0,1,0,0,0,0,6,"Lower tail"
"01171",44.18,3,2023-06-22,"7402563907",33,"G9078","606192","70622",8188,"2023",6,"Summer",2019-10-22,2022-11-02,7.66666666666667,TRUE,"2019",10,"Autumn","G-coded","male","3",44.18,"43-60",FALSE,FALSE,FALSE,FALSE,FALSE,FALSE,FALSE,FALSE,FALSE,FALSE,1,1,"singleton",1,0,1,0,1,0,1,0,0,0,0,6,"Lower tail"
"60185",86.65,6,2023-06-22,"7402563907",31.3,"234933",NA,NA,8189,"2023",6,"Summer",2016-03-22,2019-04-02,50.6666666666667,FALSE,"2016",3,"Spring","non-G-coded","female","6",86.65,">60",FALSE,FALSE,FALSE,FALSE,FALSE,FALSE,FALSE,FALSE,FALSE,FALSE,1,1,"singleton",1,0,1,0,1,0,1,0,0,0,0,6,"Lower tail"
"65092",89.68,3,2023-06-20,"XM-22218621",30.6,"234928",NA,NA,8194,"2023",6,"Summer",2015-12-20,2019-01-02,53.6,FALSE,"2015",12,"Winter","non-G-coded","female","3",89.68,">60",FALSE,FALSE,FALSE,FALSE,FALSE,FALSE,FALSE,FALSE,FALSE,FALSE,1,1,"singleton",1,0,1,0,1,0,1,0,0,0,0,6,"Lower tail"
"20058",59.01,4,2023-06-20,"7402563907",29.5,"234927",NA,NA,8195,"2023",6,"Summer",2018-07-20,2021-08-02,22.6,FALSE,"2018",7,"Summer","non-G-coded","female","4",59.01,"43-60",FALSE,FALSE,FALSE,FALSE,FALSE,FALSE,FALSE,FALSE,FALSE,FALSE,1,1,"singleton",1,0,1,0,1,0,1,0,1,0,0,6,"Lower tail"
"61216",88.56,4,2023-06-20,"65117547",34.4,"G9071",NA,NA,8196,"2023",6,"Summer",2016-01-20,2019-02-02,52.6,FALSE,"2016",1,"Winter","G-coded","male","4",88.56,">60",FALSE,FALSE,FALSE,FALSE,FALSE,FALSE,FALSE,FALSE,FALSE,FALSE,1,1,"singleton",1,0,1,0,1,0,1,0,0,0,0,6,"Lower tail"
"61141",89.64,5,2023-06-20,"854773威吉吉",33.5,"G9070",NA,NA,8201,"2023",6,"Summer",2015-12-20,2019-01-02,53.6,FALSE,"2015",12,"Winter","G-coded","male","5",89.64,">60",FALSE,FALSE,FALSE,FALSE,FALSE,FALSE,FALSE,FALSE,FALSE,FALSE,1,1,"singleton",1,0,1,0,1,0,1,0,0,0,0,6,"Lower tail"
"201650",37.34,2,2023-06-19,"854773威吉吉",35.6,"G9064","606244","62131",8207,"2023",6,"Summer",2020-05-19,2023-06-02,0.566666666666667,TRUE,"2020",5,"Spring","G-coded","male","2",37.34,"31-42",FALSE,FALSE,FALSE,FALSE,FALSE,FALSE,FALSE,FALSE,FALSE,FALSE,1,1,"singleton",1,0,0,0,1,0,1,0,0,0,0,6,"Lower tail"
"201969",34.32,2,2023-06-18,"854773威吉吉",28.8,"234918","606244","70598",8209,"2023",6,"Summer",2020-08-18,2023-09-02,-2.46666666666667,TRUE,"2020",8,"Summer","non-G-coded","female","2",34.32,"31-42",FALSE,FALSE,FALSE,FALSE,FALSE,FALSE,FALSE,FALSE,FALSE,FALSE,1,1,"singleton",1,0,1,0,1,0,1,0,1,0,0,6,"Lower tail"
"212630",26.2,1,2023-06-18,"854773威吉吉",23.8,"234921","7029225762","62646",8210,"2023",6,"Summer",2021-04-18,2024-05-02,-10.4666666666667,TRUE,"2021",4,"Spring","non-G-coded","female","1",26.2,"<=30",TRUE,FALSE,FALSE,FALSE,FALSE,FALSE,FALSE,FALSE,FALSE,FALSE,1,1,"singleton",1,0,1,0,1,0,1,0,1,0,0,6,"Lower tail"
"00855",47.27,3,2023-06-18,"7402563907",32.6,"234919","167285","L60371",8211,"2023",6,"Summer",2019-07-18,2022-08-02,10.5333333333333,TRUE,"2019",7,"Summer","non-G-coded","female","3",47.27,"43-60",FALSE,FALSE,FALSE,FALSE,FALSE,FALSE,FALSE,FALSE,FALSE,FALSE,1,1,"singleton",1,0,0,0,1,0,1,0,0,0,0,6,"Lower tail"
"60187",86.88,6,2023-06-16,"7402563907",30.1,"G9046",NA,NA,8221,"2023",6,"Summer",2016-03-16,2019-04-02,50.4666666666667,FALSE,"2016",3,"Spring","G-coded","male","6",86.88,">60",FALSE,FALSE,FALSE,FALSE,FALSE,FALSE,FALSE,FALSE,FALSE,FALSE,1,1,"singleton",1,0,1,0,1,0,1,0,0,0,0,6,"Lower tail"
"62576",88.23,5,2023-06-14,"7402563907",35.7,"G9038",NA,NA,8234,"2023",6,"Summer",2016-02-14,2019-03-02,51.4,FALSE,"2016",2,"Winter","G-coded","male","5",88.23,">60",FALSE,FALSE,FALSE,FALSE,FALSE,FALSE,FALSE,FALSE,FALSE,FALSE,1,1,"singleton",1,0,0,0,1,0,1,0,0,0,0,6,"Lower tail"
"212641",26,1,2023-06-14,"65118574",36.4,"G9037","606306","70528",8236,"2023",6,"Summer",2021-04-14,2024-05-02,-10.6,TRUE,"2021",4,"Spring","G-coded","male","1",26,"<=30",FALSE,FALSE,FALSE,FALSE,FALSE,FALSE,FALSE,FALSE,FALSE,FALSE,1,1,"singleton",1,0,0,0,1,0,0,0,0,0,0,6,"Lower tail"
"212515",26.66,1,2023-06-13,"65118599",36.8,"G9029","62544424506","70693",8237,"2023",6,"Summer",2021-03-13,2024-04-02,-9.63333333333333,TRUE,"2021",3,"Spring","G-coded","male","1",26.66,"<=30",FALSE,FALSE,FALSE,FALSE,FALSE,FALSE,FALSE,FALSE,FALSE,FALSE,1,1,"singleton",1,0,0,0,1,0,0,0,0,0,0,6,"Lower tail"
"212490",80.47,6,2023-06-13,"7402563907",23.6,"G9028",NA,NA,8243,"2023",6,"Summer",2016-10-13,2019-11-02,43.3666666666667,FALSE,"2016",10,"Autumn","G-coded","male","6",80.47,">60",TRUE,FALSE,FALSE,FALSE,FALSE,FALSE,FALSE,FALSE,FALSE,FALSE,1,1,"singleton",1,0,1,0,1,0,1,0,1,0,0,6,"Lower tail"
"212978",24.46,1,2023-06-12,"65118596",33.4,"G9025","606306","61990",8247,"2023",6,"Summer",2021-06-12,2024-07-02,-12.6666666666667,TRUE,"2021",6,"Summer","G-coded","male","1",24.46,"<=30",FALSE,FALSE,FALSE,FALSE,FALSE,FALSE,FALSE,FALSE,FALSE,FALSE,1,1,"singleton",1,0,1,0,1,0,1,0,0,0,0,6,"Lower tail"
"212419",27.02,1,2023-06-10,"65117529",32.6,"234883",NA,NA,8260,"2023",6,"Summer",2021-03-10,2024-04-02,-9.73333333333333,TRUE,"2021",3,"Spring","non-G-coded","female","1",27.02,"<=30",FALSE,FALSE,FALSE,FALSE,FALSE,FALSE,FALSE,FALSE,FALSE,FALSE,1,1,"singleton",1,0,0,0,1,0,1,0,0,0,0,6,"Lower tail"
"212888",24.79,1,2023-06-08,"65117530",29.6,"234863",NA,NA,8273,"2023",6,"Summer",2021-05-08,2024-06-02,-11.8,TRUE,"2021",5,"Spring","non-G-coded","female","1",24.79,"<=30",FALSE,FALSE,FALSE,FALSE,FALSE,FALSE,FALSE,FALSE,FALSE,FALSE,1,1,"singleton",1,0,1,0,1,0,1,0,1,0,0,6,"Lower tail"
"212268",27.91,1,2023-06-07,"65117547",30.2,"G8995","606306","HHH800088",8279,"2023",6,"Summer",2021-02-07,2024-03-02,-8.83333333333333,TRUE,"2021",2,"Winter","G-coded","male","1",27.91,"<=30",FALSE,FALSE,FALSE,FALSE,FALSE,FALSE,FALSE,FALSE,FALSE,FALSE,1,1,"singleton",1,0,1,0,1,0,1,0,0,0,0,6,"Lower tail"
"212290",27.74,1,2023-06-07,"65117528",30.2,"234853","7402563907","61890",8280,"2023",6,"Summer",2021-02-07,2024-03-02,-8.83333333333333,TRUE,"2021",2,"Winter","non-G-coded","female","1",27.74,"<=30",FALSE,FALSE,FALSE,FALSE,FALSE,FALSE,FALSE,FALSE,FALSE,FALSE,1,1,"singleton",1,0,1,0,1,0,1,0,0,0,0,6,"Lower tail"
"60514",79.52,5,2023-06-07,"7402563907",33.6,"234852",NA,NA,8287,"2023",6,"Summer",2016-10-07,2019-11-02,43.1666666666667,FALSE,"2016",10,"Autumn","non-G-coded","female","5",79.52,">60",FALSE,FALSE,FALSE,FALSE,FALSE,FALSE,FALSE,FALSE,FALSE,FALSE,1,1,"singleton",1,0,0,0,1,0,1,0,0,0,0,6,"Lower tail"
"213009",23.96,1,2023-06-06,"65118574",30.6,"234846","606306","800486",8290,"2023",6,"Summer",2021-06-06,2024-07-02,-12.8666666666667,TRUE,"2021",6,"Summer","non-G-coded","female","1",23.96,"<=30",FALSE,FALSE,FALSE,FALSE,FALSE,FALSE,FALSE,FALSE,FALSE,FALSE,1,1,"singleton",1,0,1,0,1,0,1,0,0,0,0,6,"Lower tail"
"212933",24.49,1,2023-06-05,"65118598",32.8,"G8980","186967","70422",8293,"2023",6,"Summer",2021-06-05,2024-07-02,-12.9,TRUE,"2021",6,"Summer","G-coded","male","1",24.49,"<=30",FALSE,FALSE,FALSE,FALSE,FALSE,FALSE,FALSE,FALSE,FALSE,FALSE,1,1,"singleton",1,0,1,0,1,0,1,0,0,0,0,6,"Lower tail"
"213763",24.03,1,2023-06-05,"65117543",35.6,"G8973",NA,NA,8297,"2023",6,"Summer",2021-06-05,2024-07-02,-12.9,TRUE,"2021",6,"Summer","G-coded","male","1",24.03,"<=30",FALSE,FALSE,FALSE,FALSE,FALSE,FALSE,FALSE,FALSE,FALSE,FALSE,1,1,"singleton",1,0,0,0,1,0,1,0,0,0,0,6,"Lower tail"
"212680",25.54,1,2023-06-05,"65118598",36.3,"G8981",NA,NA,8305,"2023",6,"Summer",2021-04-05,2024-05-02,-10.9,TRUE,"2021",4,"Spring","G-coded","male","1",25.54,"<=30",FALSE,FALSE,FALSE,FALSE,FALSE,FALSE,FALSE,FALSE,FALSE,FALSE,1,1,"singleton",1,0,0,0,1,0,0,0,0,0,0,6,"Lower tail"
"50508",87.87,6,2023-06-04,"7402563907",31.2,"234832",NA,NA,8308,"2023",6,"Summer",2016-02-04,2019-03-02,51.0666666666667,FALSE,"2016",2,"Winter","non-G-coded","female","6",87.87,">60",FALSE,FALSE,FALSE,FALSE,FALSE,FALSE,FALSE,FALSE,FALSE,FALSE,1,1,"singleton",1,0,1,0,1,0,1,0,0,0,0,6,"Lower tail"
"212688",25.48,1,2023-06-04,"65118598",36.4,"G8969","606318","50754",8311,"2023",6,"Summer",2021-05-04,2024-06-02,-11.9333333333333,TRUE,"2021",5,"Spring","G-coded","male","1",25.48,"<=30",FALSE,FALSE,FALSE,FALSE,FALSE,FALSE,FALSE,FALSE,FALSE,FALSE,1,1,"singleton",1,0,0,0,1,0,0,0,0,0,0,6,"Lower tail"
"212859",24.82,1,2023-06-04,"65117529",34.6,"234837",NA,NA,8314,"2023",6,"Summer",2021-05-04,2024-06-02,-11.9333333333333,TRUE,"2021",5,"Spring","non-G-coded","female","1",24.82,"<=30",FALSE,FALSE,FALSE,FALSE,FALSE,FALSE,FALSE,FALSE,FALSE,FALSE,1,1,"singleton",1,0,0,0,1,0,1,0,0,0,0,6,"Lower tail"
"212682",25.44,1,2023-06-02,"65117552",34.6,"234823","606318","800044",8325,"2023",6,"Summer",2021-05-02,2024-06-02,-12,TRUE,"2021",5,"Spring","non-G-coded","female","1",25.44,"<=30",FALSE,FALSE,FALSE,FALSE,FALSE,FALSE,FALSE,FALSE,FALSE,FALSE,1,1,"singleton",1,0,0,0,1,0,1,0,0,0,0,6,"Lower tail"
"201890",34.55,2,2023-05-31,"865530狼血",30.2,"234806","865530","l50552",8335,"2023",5,"Spring",2020-06-30,2023-08-02,-2.06451612903226,TRUE,"2020",6,"Summer","non-G-coded","female","2",34.55,"31-42",FALSE,FALSE,FALSE,FALSE,FALSE,FALSE,FALSE,FALSE,FALSE,FALSE,1,1,"singleton",1,0,1,0,1,0,1,0,0,0,0,5,"Lower tail"
"212959",24.16,1,2023-05-31,"XM-22218621",32.6,"G8943","186967","61887",8344,"2023",5,"Spring",2021-05-31,2024-07-02,-13.0645161290323,TRUE,"2021",5,"Spring","G-coded","male","1",24.16,"<=30",FALSE,FALSE,FALSE,FALSE,FALSE,FALSE,FALSE,FALSE,FALSE,FALSE,1,1,"singleton",1,0,1,0,1,0,1,0,0,0,0,5,"Lower tail"
"60014",88.89,4,2023-05-30,"854773威吉吉",30.7,"234805",NA,NA,8345,"2023",5,"Spring",2015-12-30,2019-02-02,51.9032258064516,FALSE,"2015",12,"Winter","non-G-coded","female","4",88.89,">60",FALSE,FALSE,FALSE,FALSE,FALSE,FALSE,FALSE,FALSE,FALSE,FALSE,1,1,"singleton",1,0,1,0,1,0,1,0,0,0,0,5,"Lower tail"
"212751",25.05,1,2023-05-30,"14118102",27.5,"234803","606318","61943",8346,"2023",5,"Spring",2021-04-30,2024-06-02,-12.0967741935484,TRUE,"2021",4,"Spring","non-G-coded","female","1",25.05,"<=30",FALSE,FALSE,FALSE,FALSE,FALSE,FALSE,FALSE,FALSE,FALSE,FALSE,1,1,"singleton",1,0,1,0,1,0,1,0,1,0,0,5,"Lower tail"
"202617",29.59,1,2023-05-30,"65117532",36.7,"G8939",NA,NA,8349,"2023",5,"Spring",2020-11-30,2024-01-02,-7.09677419354839,TRUE,"2020",11,"Autumn","G-coded","male","1",29.59,"<=30",FALSE,FALSE,FALSE,FALSE,FALSE,FALSE,FALSE,FALSE,FALSE,FALSE,1,1,"singleton",1,0,0,0,1,0,0,0,0,0,0,5,"Lower tail"
"H212835",24.82,1,2023-05-29,"41418180",28.6,"234801","186967","00589",8353,"2023",5,"Spring",2021-04-29,2024-06-02,-12.1290322580645,TRUE,"2021",4,"Spring","non-G-coded","female","1",24.82,"<=30",FALSE,FALSE,FALSE,FALSE,FALSE,FALSE,FALSE,FALSE,FALSE,FALSE,1,1,"singleton",1,0,1,0,1,0,1,0,1,0,0,5,"Lower tail"
"800509L",47.07,3,2023-05-29,"7402563907",29.4,"234799",NA,NA,8357,"2023",5,"Spring",2019-06-29,2022-08-02,9.87096774193548,TRUE,"2019",6,"Summer","non-G-coded","female","3",47.07,"43-60",FALSE,FALSE,FALSE,FALSE,FALSE,FALSE,FALSE,FALSE,FALSE,FALSE,1,1,"singleton",1,0,1,0,1,0,1,0,1,0,0,5,"Lower tail"
"201743",35.83,2,2023-05-27,"854773威吉吉",31.8,"234786","865530","60261",8372,"2023",5,"Spring",2020-05-27,2023-07-02,-1.19354838709677,TRUE,"2020",5,"Spring","non-G-coded","female","2",35.83,"31-42",FALSE,FALSE,FALSE,FALSE,FALSE,FALSE,FALSE,FALSE,FALSE,FALSE,1,1,"singleton",1,0,1,0,1,0,1,0,0,0,0,5,"Lower tail"
"1411",84.45,6,2023-05-25,"854773威吉吉",33.5,"234776",NA,NA,8381,"2023",5,"Spring",2016-05-25,2019-07-02,46.741935483871,FALSE,"2016",5,"Spring","non-G-coded","female","6",84.45,">60",FALSE,FALSE,FALSE,FALSE,FALSE,FALSE,FALSE,FALSE,FALSE,FALSE,1,1,"singleton",1,0,0,0,1,0,1,0,0,0,0,5,"Lower tail"
"00659",48.03,3,2023-05-25,"41417171",37.2,"G8919","167285","40456",8382,"2023",5,"Spring",2019-05-25,2022-07-02,10.741935483871,TRUE,"2019",5,"Spring","G-coded","male","3",48.03,"43-60",FALSE,FALSE,FALSE,FALSE,FALSE,FALSE,FALSE,FALSE,FALSE,FALSE,1,1,"singleton",1,0,0,0,1,0,0,0,0,0,0,5,"Lower tail"
"212338",26.82,1,2023-05-25,"41418183",33.2,"G8913","180781","801145",8385,"2023",5,"Spring",2021-02-25,2024-04-02,-10.258064516129,TRUE,"2021",2,"Winter","G-coded","male","1",26.82,"<=30",FALSE,FALSE,FALSE,FALSE,FALSE,FALSE,FALSE,FALSE,FALSE,FALSE,1,1,"singleton",1,0,1,0,1,0,1,0,0,0,0,5,"Lower tail"
"212722",24.95,1,2023-05-24,"65117530",33.6,"234773","606318","00719",8393,"2023",5,"Spring",2021-04-24,2024-06-02,-12.2903225806452,TRUE,"2021",4,"Spring","non-G-coded","female","1",24.95,"<=30",FALSE,FALSE,FALSE,FALSE,FALSE,FALSE,FALSE,FALSE,FALSE,FALSE,1,1,"singleton",1,0,0,0,1,0,1,0,0,0,0,5,"Lower tail"
"212434",26.4,1,2023-05-24,"65117529",26.4,"G8904","180781","00119",8394,"2023",5,"Spring",2021-03-24,2024-05-02,-11.2903225806452,TRUE,"2021",3,"Spring","G-coded","male","1",26.4,"<=30",FALSE,FALSE,FALSE,FALSE,FALSE,FALSE,FALSE,FALSE,FALSE,FALSE,1,1,"singleton",1,0,1,0,1,0,1,0,1,0,0,5,"Lower tail"
"212137",28.21,1,2023-05-21,"65118598",23.7,"G8887",NA,NA,8406,"2023",5,"Spring",2021-01-21,2024-03-02,-9.38709677419355,TRUE,"2021",1,"Winter","G-coded","male","1",28.21,"<=30",TRUE,FALSE,FALSE,FALSE,FALSE,FALSE,FALSE,FALSE,FALSE,FALSE,1,1,"singleton",1,0,1,0,1,0,1,0,1,0,0,5,"Lower tail"
"201654",36.26,2,2023-05-18,"871041文尼哥",32.6,"G8870","606244","60443",8422,"2023",5,"Spring",2020-05-18,2023-07-02,-1.48387096774194,TRUE,"2020",5,"Spring","G-coded","male","2",36.26,"31-42",FALSE,FALSE,FALSE,FALSE,FALSE,FALSE,FALSE,FALSE,FALSE,FALSE,1,1,"singleton",1,0,1,0,1,0,1,0,0,0,0,5,"Lower tail"
"62820",87.87,5,2023-05-17,"871041文尼哥",32.4,"G8861",NA,NA,8426,"2023",5,"Spring",2016-01-17,2019-03-02,50.4838709677419,FALSE,"2016",1,"Winter","G-coded","male","5",87.87,">60",FALSE,FALSE,FALSE,FALSE,FALSE,FALSE,FALSE,FALSE,FALSE,FALSE,1,1,"singleton",1,0,1,0,1,0,1,0,0,0,0,5,"Lower tail"
"00344",49.47,3,2023-05-16,"7402563907",32.6,"234754","171790","62259",8433,"2023",5,"Spring",2019-04-16,2022-06-02,11.4516129032258,TRUE,"2019",4,"Spring","non-G-coded","female","3",49.47,"43-60",FALSE,FALSE,FALSE,FALSE,FALSE,FALSE,FALSE,FALSE,FALSE,FALSE,1,1,"singleton",1,0,0,0,1,0,1,0,0,0,0,5,"Lower tail"
"60276",84.75,5,2023-05-15,"7402563907",24.2,"G8850",NA,NA,8436,"2023",5,"Spring",2016-04-15,2019-06-02,47.4193548387097,FALSE,"2016",4,"Spring","G-coded","male","5",84.75,">60",TRUE,FALSE,FALSE,FALSE,FALSE,FALSE,FALSE,FALSE,FALSE,FALSE,1,1,"singleton",1,0,1,0,1,0,1,0,1,0,0,5,"Lower tail"
"00078",51.58,3,2023-05-12,"7402563907",29.2,"G8839","171790","40265",8453,"2023",5,"Spring",2019-01-12,2022-03-02,14.3225806451613,TRUE,"2019",1,"Winter","G-coded","male","3",51.58,"43-60",FALSE,FALSE,FALSE,FALSE,FALSE,FALSE,FALSE,FALSE,FALSE,FALSE,1,1,"singleton",1,0,1,0,1,0,1,0,1,0,0,5,"Lower tail"
"60294",84.42,5,2023-05-11,"7402563907",34.5,"G8837","426585","1498",8457,"2023",5,"Spring",2016-05-11,2019-07-02,46.2903225806452,FALSE,"2016",5,"Spring","G-coded","male","5",84.42,">60",FALSE,FALSE,FALSE,FALSE,FALSE,FALSE,FALSE,FALSE,FALSE,FALSE,1,1,"singleton",1,0,0,0,1,0,1,0,0,0,0,5,"Lower tail"
"212362",25.35,1,2023-05-11,"21219025",34.6,"233070",NA,NA,8458,"2023",5,"Spring",2021-04-11,2024-06-02,-12.7096774193548,TRUE,"2021",4,"Spring","non-G-coded","female","1",25.35,"<=30",FALSE,FALSE,FALSE,FALSE,FALSE,FALSE,FALSE,FALSE,FALSE,FALSE,1,1,"singleton",1,0,0,0,1,0,1,0,0,0,0,5,"Lower tail"
"H20039",36.92,2,2023-05-11,"871041文尼哥",31.6,"234726","606244","50510",8460,"2023",5,"Spring",2020-04-11,2023-06-02,-0.709677419354839,TRUE,"2020",4,"Spring","non-G-coded","female","2",36.92,"31-42",FALSE,FALSE,FALSE,FALSE,FALSE,FALSE,FALSE,FALSE,FALSE,FALSE,1,1,"singleton",1,0,1,0,1,0,1,0,0,0,0,5,"Lower tail"
"70641",66.34,4,2023-05-09,"7402563907",33.4,"G8830",NA,NA,8467,"2023",5,"Spring",2017-11-09,2021-01-02,28.2258064516129,FALSE,"2017",11,"Autumn","G-coded","male","4",66.34,">60",FALSE,FALSE,FALSE,FALSE,FALSE,FALSE,FALSE,FALSE,FALSE,FALSE,1,1,"singleton",1,0,1,0,1,0,1,0,0,0,0,5,"Lower tail"
"212910",23.7,1,2023-05-09,"41418180",28.1,"234717","186967","00705",8468,"2023",5,"Spring",2021-05-09,2024-07-02,-13.7741935483871,TRUE,"2021",5,"Spring","non-G-coded","female","1",23.7,"<=30",FALSE,FALSE,FALSE,FALSE,FALSE,FALSE,FALSE,FALSE,FALSE,FALSE,1,1,"singleton",1,0,1,0,1,0,1,0,1,0,0,5,"Lower tail"
"70256",72.81,5,2023-05-08,"7402563907",29.2,"234714",NA,NA,8471,"2023",5,"Spring",2017-04-08,2020-06-02,35.1935483870968,FALSE,"2017",4,"Spring","non-G-coded","female","5",72.81,">60",FALSE,FALSE,FALSE,FALSE,FALSE,FALSE,FALSE,FALSE,FALSE,FALSE,1,1,"singleton",1,0,1,0,1,0,1,0,1,0,0,5,"Lower tail"
"01069",43.43,2,2023-05-07,"7402563907",35.6,"G8827","186756","70634",8474,"2023",5,"Spring",2019-10-07,2022-12-02,5.16129032258065,TRUE,"2019",10,"Autumn","G-coded","male","2",43.43,"43-60",FALSE,FALSE,FALSE,FALSE,FALSE,FALSE,FALSE,FALSE,FALSE,FALSE,1,1,"singleton",1,0,0,0,1,0,1,0,0,0,0,5,"Lower tail"
"212642",49.77,3,2023-05-07,"7402563907",24.6,"G8824",NA,NA,8475,"2023",5,"Spring",2019-03-07,2022-05-02,12.1612903225806,TRUE,"2019",3,"Spring","G-coded","male","3",49.77,"43-60",TRUE,FALSE,FALSE,FALSE,FALSE,FALSE,FALSE,FALSE,FALSE,FALSE,1,1,"singleton",1,0,1,0,1,0,1,0,1,0,0,5,"Lower tail"
"00721",46.94,3,2023-05-04,"65117532",27.6,"G8810","167285","62109",8494,"2023",5,"Spring",2019-06-04,2022-08-02,9.06451612903226,TRUE,"2019",6,"Summer","G-coded","male","3",46.94,"43-60",FALSE,FALSE,FALSE,FALSE,FALSE,FALSE,FALSE,FALSE,FALSE,FALSE,1,1,"singleton",1,0,1,0,1,0,1,0,1,0,0,5,"Lower tail"
"212266",26.76,1,2023-05-02,"22218717",31.6,"234695","606306","Z61935",8501,"2023",5,"Spring",2021-02-02,2024-04-02,-11,TRUE,"2021",2,"Winter","non-G-coded","female","1",26.76,"<=30",FALSE,FALSE,FALSE,FALSE,FALSE,FALSE,FALSE,FALSE,FALSE,FALSE,1,1,"singleton",1,0,1,0,1,0,1,0,0,0,0,5,"Lower tail"
"60835",87.8,5,2023-05-02,"871041文尼哥",34.7,"234694",NA,NA,8503,"2023",5,"Spring",2016-01-02,2019-03-02,50,FALSE,"2016",1,"Winter","non-G-coded","female","5",87.8,">60",FALSE,FALSE,FALSE,FALSE,FALSE,FALSE,FALSE,FALSE,FALSE,FALSE,1,1,"singleton",1,0,0,0,1,0,1,0,0,0,0,5,"Lower tail"
"70639",66.07,4,2023-04-30,"7402563907",32.5,"234678",NA,NA,8509,"2023",4,"Spring",2017-10-30,2021-01-02,27.9333333333333,FALSE,"2017",10,"Autumn","non-G-coded","female","4",66.07,">60",FALSE,FALSE,FALSE,FALSE,FALSE,FALSE,FALSE,FALSE,FALSE,FALSE,1,1,"singleton",1,0,0,0,1,0,1,0,0,0,0,4,"Lower tail"
"212603",24.69,1,2023-04-28,"21219022",32.6,"232079",NA,NA,8525,"2023",4,"Spring",2021-03-28,2024-06-02,-13.1333333333333,TRUE,"2021",3,"Spring","non-G-coded","female","1",24.69,"<=30",FALSE,FALSE,FALSE,FALSE,FALSE,FALSE,FALSE,FALSE,FALSE,FALSE,1,1,"singleton",1,0,0,0,1,0,1,0,0,0,0,4,"Lower tail"
"212710",24.03,1,2023-04-25,"21219022",33.4,"233064","606318","00520",8550,"2023",4,"Spring",2021-04-25,2024-07-02,-14.2333333333333,TRUE,"2021",4,"Spring","non-G-coded","female","1",24.03,"<=30",FALSE,FALSE,FALSE,FALSE,FALSE,FALSE,FALSE,FALSE,FALSE,FALSE,1,1,"singleton",1,0,0,0,1,0,1,0,0,0,0,4,"Lower tail"
"202630",28.27,1,2023-04-22,"871041文尼哥",33.6,"234634","180600","50706",8565,"2023",4,"Spring",2020-12-22,2024-03-02,-10.3333333333333,TRUE,"2020",12,"Winter","non-G-coded","female","1",28.27,"<=30",FALSE,FALSE,FALSE,FALSE,FALSE,FALSE,FALSE,FALSE,FALSE,FALSE,1,1,"singleton",1,0,0,0,1,0,1,0,0,0,0,4,"Lower tail"
"910404",43.59,3,2023-04-21,"871041文尼哥",33.5,"234624",NA,NA,8569,"2023",4,"Spring",2019-08-21,2022-11-02,5.63333333333333,TRUE,"2019",8,"Summer","non-G-coded","female","3",43.59,"43-60",FALSE,FALSE,FALSE,FALSE,FALSE,FALSE,FALSE,FALSE,FALSE,FALSE,1,1,"singleton",1,0,0,0,1,0,1,0,0,0,0,4,"Lower tail"
"60339",82.97,6,2023-04-21,"7402563907",34.3,"234625",NA,NA,8571,"2023",4,"Spring",2016-05-21,2019-08-02,44.6333333333333,FALSE,"2016",5,"Spring","non-G-coded","female","6",82.97,">60",FALSE,FALSE,FALSE,FALSE,FALSE,FALSE,FALSE,FALSE,FALSE,FALSE,1,1,"singleton",1,0,0,0,1,0,1,0,0,0,0,4,"Lower tail"
"201453",35.5,2,2023-04-21,"7029225762",35.4,"G8746",NA,NA,8575,"2023",4,"Spring",2020-04-21,2023-07-02,-2.36666666666667,TRUE,"2020",4,"Spring","G-coded","male","2",35.5,"31-42",FALSE,FALSE,FALSE,FALSE,FALSE,FALSE,FALSE,FALSE,FALSE,FALSE,1,1,"singleton",1,0,0,0,1,0,1,0,0,0,0,4,"Lower tail"
"201392",36.75,1,2023-04-20,"871041文尼哥",35.7,"G8742",NA,NA,8578,"2023",4,"Spring",2020-03-20,2023-06-02,-1.4,TRUE,"2020",3,"Spring","G-coded","male","1",36.75,"31-42",FALSE,FALSE,FALSE,FALSE,FALSE,FALSE,FALSE,FALSE,FALSE,FALSE,1,1,"singleton",1,0,0,0,1,0,1,0,0,0,0,4,"Lower tail"
"212482",25.05,1,2023-04-20,"21219022",34.7,"233059",NA,NA,8583,"2023",4,"Spring",2021-03-20,2024-06-02,-13.4,TRUE,"2021",3,"Spring","non-G-coded","female","1",25.05,"<=30",FALSE,FALSE,FALSE,FALSE,FALSE,FALSE,FALSE,FALSE,FALSE,FALSE,1,1,"singleton",1,0,0,0,1,0,1,0,0,0,0,4,"Lower tail"
"213035",35.21,2,2023-04-18,"871041文尼哥",31.9,"234612","41417124","L10197",8596,"2023",4,"Spring",2020-05-18,2023-08-02,-3.46666666666667,TRUE,"2020",5,"Spring","non-G-coded","female","2",35.21,"31-42",FALSE,FALSE,FALSE,FALSE,FALSE,FALSE,FALSE,FALSE,FALSE,FALSE,1,1,"singleton",1,0,1,0,1,0,1,0,0,0,0,4,"Lower tail"
"801083",52.01,2,2023-04-17,"871041文尼哥",37.4,"G8720","171790","12026",8608,"2023",4,"Spring",2018-12-17,2022-03-02,13.5,TRUE,"2018",12,"Winter","G-coded","male","2",52.01,"43-60",FALSE,FALSE,FALSE,FALSE,FALSE,FALSE,FALSE,FALSE,FALSE,FALSE,1,1,"singleton",1,0,0,0,1,0,0,0,0,0,0,4,"Lower tail"
"50872",89.32,4,2023-04-17,"7402563907",29.6,"G8721",NA,NA,8612,"2023",4,"Spring",2015-11-17,2019-02-02,50.5,FALSE,"2015",11,"Autumn","G-coded","male","4",89.32,">60",FALSE,FALSE,FALSE,FALSE,FALSE,FALSE,FALSE,FALSE,FALSE,FALSE,1,1,"singleton",1,0,1,0,1,0,1,0,1,0,0,4,"Lower tail"
"212467",25.02,1,2023-04-16,"21219022",34.6,"233012","606318","61619",8618,"2023",4,"Spring",2021-03-16,2024-06-02,-13.5333333333333,TRUE,"2021",3,"Spring","non-G-coded","female","1",25.02,"<=30",FALSE,FALSE,FALSE,FALSE,FALSE,FALSE,FALSE,FALSE,FALSE,FALSE,1,1,"singleton",1,0,0,0,1,0,1,0,0,0,0,4,"Lower tail"
"00606",47.01,3,2023-04-15,"7402563907",33.6,"G8711",NA,NA,8620,"2023",4,"Spring",2019-05-15,2022-08-02,8.43333333333333,TRUE,"2019",5,"Spring","G-coded","male","3",47.01,"43-60",FALSE,FALSE,FALSE,FALSE,FALSE,FALSE,FALSE,FALSE,FALSE,FALSE,1,1,"singleton",1,0,1,0,1,0,1,0,0,0,0,4,"Lower tail"
"212128",27.05,1,2023-04-14,"21219025",32.6,"232014",NA,NA,8629,"2023",4,"Spring",2021-01-14,2024-04-02,-11.6,TRUE,"2021",1,"Winter","non-G-coded","female","1",27.05,"<=30",FALSE,FALSE,FALSE,FALSE,FALSE,FALSE,FALSE,FALSE,FALSE,FALSE,1,1,"singleton",1,0,0,0,1,0,1,0,0,0,0,4,"Lower tail"
"201745",34.39,2,2023-04-14,"871041文尼哥",31.2,"G8705","865530","60521",8631,"2023",4,"Spring",2020-06-14,2023-09-02,-4.6,TRUE,"2020",6,"Summer","G-coded","male","2",34.39,"31-42",FALSE,FALSE,FALSE,FALSE,FALSE,FALSE,FALSE,FALSE,FALSE,FALSE,1,1,"singleton",1,0,1,0,1,0,1,0,0,0,0,4,"Lower tail"
"800491",57.13,4,2023-04-14,"7402563907",30.6,"G8703",NA,NA,8633,"2023",4,"Spring",2018-07-14,2021-10-02,18.4,FALSE,"2018",7,"Summer","G-coded","male","4",57.13,"43-60",FALSE,FALSE,FALSE,FALSE,FALSE,FALSE,FALSE,FALSE,FALSE,FALSE,1,1,"singleton",1,0,1,0,1,0,1,0,0,0,0,4,"Lower tail"
"60717",87.08,5,2023-04-14,"871041文尼哥",34.6,"234593",NA,NA,8634,"2023",4,"Spring",2016-01-14,2019-04-02,48.4,FALSE,"2016",1,"Winter","non-G-coded","female","5",87.08,">60",FALSE,FALSE,FALSE,FALSE,FALSE,FALSE,FALSE,FALSE,FALSE,FALSE,1,1,"singleton",1,0,0,0,1,0,1,0,0,0,0,4,"Lower tail"
"H212970",53.25,3,2023-04-13,"7402563907",33.2,"234590",NA,NA,8639,"2023",4,"Spring",2018-11-13,2022-02-02,14.3666666666667,TRUE,"2018",11,"Autumn","non-G-coded","female","3",53.25,"43-60",FALSE,FALSE,FALSE,FALSE,FALSE,FALSE,FALSE,FALSE,FALSE,FALSE,1,1,"singleton",1,0,0,0,1,0,1,0,0,0,0,4,"Lower tail"
"00598",46.98,3,2023-04-13,"7402563907",30.6,"234588","167285","60020",8640,"2023",4,"Spring",2019-05-13,2022-08-02,8.36666666666667,TRUE,"2019",5,"Spring","non-G-coded","female","3",46.98,"43-60",FALSE,FALSE,FALSE,FALSE,FALSE,FALSE,FALSE,FALSE,FALSE,FALSE,1,1,"singleton",1,0,1,0,1,0,1,0,0,0,0,4,"Lower tail"
"60494",78.01,5,2023-04-11,"871041文尼哥",33.6,"234582",NA,NA,8655,"2023",4,"Spring",2016-10-11,2020-01-02,39.3,FALSE,"2016",10,"Autumn","non-G-coded","female","5",78.01,">60",FALSE,FALSE,FALSE,FALSE,FALSE,FALSE,FALSE,FALSE,FALSE,FALSE,1,1,"singleton",1,0,0,0,1,0,1,0,0,0,0,4,"Lower tail"
"62451",85.47,5,2023-04-10,"871041文尼哥",33.6,"G8686",NA,NA,8657,"2023",4,"Spring",2016-03-10,2019-06-02,46.2666666666667,FALSE,"2016",3,"Spring","G-coded","male","5",85.47,">60",FALSE,FALSE,FALSE,FALSE,FALSE,FALSE,FALSE,FALSE,FALSE,FALSE,1,1,"singleton",1,0,1,0,1,0,1,0,0,0,0,4,"Lower tail"
"00695",46.22,2,2023-04-06,"65117532",36.7,"G8663","167285","61664",8681,"2023",4,"Spring",2019-06-06,2022-09-02,7.13333333333333,TRUE,"2019",6,"Summer","G-coded","male","2",46.22,"43-60",FALSE,FALSE,FALSE,FALSE,FALSE,FALSE,FALSE,FALSE,FALSE,FALSE,1,1,"singleton",1,0,0,0,1,0,0,0,0,0,0,4,"Lower tail"
"60479",78.17,5,2023-04-06,"7402563907",36.4,"G8665",NA,NA,8686,"2023",4,"Spring",2016-10-06,2020-01-02,39.1333333333333,FALSE,"2016",10,"Autumn","G-coded","male","5",78.17,">60",FALSE,FALSE,FALSE,FALSE,FALSE,FALSE,FALSE,FALSE,FALSE,FALSE,1,1,"singleton",1,0,0,0,1,0,0,0,0,0,0,4,"Lower tail"
"62501",85.27,5,2023-03-27,"871041文尼哥",23.7,"234486",NA,NA,8787,"2023",3,"Spring",2016-02-27,2019-06-02,45.8064516129032,FALSE,"2016",2,"Winter","non-G-coded","female","5",85.27,">60",TRUE,FALSE,FALSE,FALSE,FALSE,FALSE,FALSE,FALSE,FALSE,FALSE,1,1,"singleton",1,0,1,0,1,0,1,0,1,0,0,3,"Lower tail"
"212588",23.64,1,2023-03-25,"65118599",33.1,"G8582",NA,NA,8809,"2023",3,"Spring",2021-03-25,2024-07-02,-15.258064516129,TRUE,"2021",3,"Spring","G-coded","male","1",23.64,"<=30",FALSE,FALSE,FALSE,FALSE,FALSE,FALSE,FALSE,FALSE,FALSE,FALSE,1,1,"singleton",1,0,1,0,1,0,1,0,0,0,0,3,"Lower tail"
"201545",35.11,2,2023-03-25,"871041文尼哥",34.2,"234476","606244","60957",8811,"2023",3,"Spring",2020-04-25,2023-08-02,-4.25806451612903,TRUE,"2020",4,"Spring","non-G-coded","female","2",35.11,"31-42",FALSE,FALSE,FALSE,FALSE,FALSE,FALSE,FALSE,FALSE,FALSE,FALSE,1,1,"singleton",1,0,0,0,1,0,1,0,0,0,0,3,"Lower tail"
"62880",85.54,5,2023-03-24,"871041文尼哥",36.7,"G8575",NA,NA,8825,"2023",3,"Spring",2016-01-24,2019-05-02,46.7096774193548,FALSE,"2016",1,"Winter","G-coded","male","5",85.54,">60",FALSE,FALSE,FALSE,FALSE,FALSE,FALSE,FALSE,FALSE,FALSE,FALSE,1,1,"singleton",1,0,0,0,1,0,0,0,0,0,0,3,"Lower tail"
"61219",85.31,4,2023-03-15,"7029225762",36.7,"G8512",NA,NA,8914,"2023",3,"Spring",2016-02-15,2019-06-02,45.4193548387097,FALSE,"2016",2,"Winter","G-coded","male","4",85.31,">60",FALSE,FALSE,FALSE,FALSE,FALSE,FALSE,FALSE,FALSE,FALSE,FALSE,1,1,"singleton",1,0,0,0,1,0,0,0,0,0,0,3,"Lower tail"
"201900",31.72,2,2023-03-07,"871041文尼哥",32.6,"G8454",NA,NA,8996,"2023",3,"Spring",2020-07-07,2023-11-02,-7.83870967741935,TRUE,"2020",7,"Summer","G-coded","male","2",31.72,"31-42",FALSE,FALSE,FALSE,FALSE,FALSE,FALSE,FALSE,FALSE,FALSE,FALSE,1,1,"singleton",1,0,1,0,1,0,1,0,0,0,0,3,"Lower tail"
"212035",25.48,1,2023-02-17,"22218005",32.5,"234234","180600","61450",9157,"2023",2,"Winter",2021-01-17,2024-06-02,-15.4642857142857,TRUE,"2021",1,"Winter","non-G-coded","female","1",25.48,"<=30",FALSE,FALSE,FALSE,FALSE,FALSE,FALSE,FALSE,FALSE,FALSE,FALSE,1,1,"singleton",1,0,0,0,1,0,1,0,0,0,0,2,"Lower tail"
"61797",85.44,6,2023-02-17,"854773威吉吉",34,"234239",NA,NA,9161,"2023",2,"Winter",2016-01-17,2019-06-02,44.5357142857143,FALSE,"2016",1,"Winter","non-G-coded","female","6",85.44,">60",FALSE,FALSE,FALSE,FALSE,FALSE,FALSE,FALSE,FALSE,FALSE,FALSE,1,1,"singleton",1,0,0,0,1,0,1,0,0,0,0,2,"Lower tail"
"00436",45.53,3,2023-01-30,"854773威吉吉",30.2,"G8259","171790","60045",9293,"2023",1,"Winter",2019-03-30,2022-09-02,4.90322580645161,TRUE,"2019",3,"Spring","G-coded","male","3",45.53,"43-60",FALSE,FALSE,FALSE,FALSE,FALSE,FALSE,FALSE,FALSE,FALSE,FALSE,1,1,"singleton",1,0,1,0,1,0,1,0,0,0,0,1,"Lower tail"
"212134L",23.64,1,2023-01-01,"854282维利纳诺",36.3,"G8026",NA,NA,9480,"2023",1,"Winter",2021-01-01,2024-07-02,-18.0322580645161,TRUE,"2021",1,"Winter","G-coded","male","1",23.64,"<=30",FALSE,FALSE,FALSE,FALSE,FALSE,FALSE,FALSE,FALSE,FALSE,FALSE,1,1,"singleton",1,0,0,0,1,0,0,0,0,0,0,1,"Lower tail"
"234658",37.8,2,2026-06-19,"21219011",51.8,"261614","7402563907","00039",21,"2026",6,"Summer",2023-04-19,2023-05-02,37.5666666666667,FALSE,"2023",4,"Spring","non-G-coded","female","2",37.8,"31-42",FALSE,FALSE,FALSE,FALSE,FALSE,FALSE,FALSE,FALSE,FALSE,FALSE,1,1,"singleton",0,1,0,1,0,1,0,0,0,0,0,6,"Upper tail"
"212928",60.91,4,2026-06-17,"41120238",61,"G62599","606306","802450",34,"2026",6,"Summer",2021-05-17,2021-06-02,60.5,FALSE,"2021",5,"Spring","G-coded","male","4",60.91,">60",FALSE,FALSE,FALSE,FALSE,FALSE,FALSE,FALSE,FALSE,FALSE,FALSE,1,1,"singleton",0,1,0,1,0,1,0,1,0,1,1,6,"Upper tail"
"213308",57.5,3,2026-06-17,"41120238",50.4,"261603","2544424506","70418",36,"2026",6,"Summer",2021-08-17,2021-09-02,57.5,FALSE,"2021",8,"Summer","non-G-coded","female","3",57.5,"43-60",FALSE,FALSE,FALSE,FALSE,FALSE,FALSE,FALSE,FALSE,FALSE,FALSE,1,1,"singleton",0,1,0,0,0,1,0,0,0,0,0,6,"Upper tail"
"70434",107.66,7,2026-06-14,"65123650",54.8,"G62596",NA,NA,48,"2026",6,"Summer",2017-06-14,2017-07-02,107.4,FALSE,"2017",6,"Summer","G-coded","male",">=7",107.66,">60",FALSE,FALSE,FALSE,FALSE,FALSE,FALSE,FALSE,FALSE,FALSE,FALSE,1,1,"singleton",0,1,0,0,0,1,0,1,0,0,0,6,"Upper tail"
"234438",38.82,2,2026-06-12,"41120238",51.8,"261587","871041文尼哥","00797",61,"2026",6,"Summer",2023-03-12,2023-04-02,38.3333333333333,FALSE,"2023",3,"Spring","non-G-coded","female","2",38.82,"31-42",FALSE,FALSE,FALSE,FALSE,FALSE,FALSE,FALSE,FALSE,FALSE,FALSE,1,1,"singleton",0,1,0,1,0,1,0,0,0,0,0,6,"Upper tail"
"234976",35.31,2,2026-06-09,"41120238",51.8,"261580",NA,NA,75,"2026",6,"Summer",2023-07-09,2023-08-02,34.2333333333333,FALSE,"2023",7,"Summer","non-G-coded","female","2",35.31,"31-42",FALSE,FALSE,FALSE,FALSE,FALSE,FALSE,FALSE,FALSE,FALSE,FALSE,1,1,"singleton",0,1,0,1,0,1,0,0,0,0,0,6,"Upper tail"
"60599",109.89,7,2026-06-04,"65123650",55.4,"261555","426864","40097",105,"2026",6,"Summer",2017-04-04,2017-05-02,109.066666666667,FALSE,"2017",4,"Spring","non-G-coded","female",">=7",109.89,">60",FALSE,FALSE,FALSE,FALSE,FALSE,FALSE,FALSE,FALSE,FALSE,FALSE,1,1,"singleton",0,1,0,1,0,1,0,1,0,1,0,6,"Upper tail"
"235841",29.85,1,2026-06-03,"41221179",50,"261554","FR2545422137","201225",113,"2026",6,"Summer",2023-12-03,2024-01-02,29.0333333333333,FALSE,"2023",12,"Winter","non-G-coded","female","1",29.85,"<=30",FALSE,FALSE,FALSE,FALSE,FALSE,FALSE,FALSE,FALSE,FALSE,FALSE,1,1,"singleton",0,1,0,0,0,1,0,0,0,0,0,6,"Upper tail"
"800835",90.93,6,2026-05-30,"41120238",63.4,"G62561",NA,NA,138,"2026",5,"Spring",2018-10-30,2018-12-02,89.9032258064516,FALSE,"2018",10,"Autumn","G-coded","male","6",90.93,">60",FALSE,FALSE,FALSE,FALSE,FALSE,FALSE,FALSE,FALSE,FALSE,FALSE,1,1,"singleton",0,1,0,1,0,1,0,1,0,1,1,5,"Upper tail"
"60378",119.53,8,2026-05-29,"65123650",57.3,"G62555",NA,NA,142,"2026",5,"Spring",2016-05-29,2016-07-02,118.870967741935,FALSE,"2016",5,"Spring","G-coded","male",">=7",119.53,">60",FALSE,FALSE,FALSE,FALSE,FALSE,FALSE,FALSE,FALSE,FALSE,FALSE,1,1,"singleton",0,1,0,1,0,1,0,1,0,1,0,5,"Upper tail"
"800720",91.68,6,2026-05-25,"41120238",58.5,"G62536","171350","61795",173,"2026",5,"Spring",2018-09-25,2018-11-02,90.741935483871,FALSE,"2018",9,"Autumn","G-coded","male","6",91.68,">60",FALSE,FALSE,FALSE,FALSE,FALSE,FALSE,FALSE,FALSE,FALSE,FALSE,1,1,"singleton",0,1,0,1,0,1,0,1,0,1,0,5,"Upper tail"
"224062",52.63,3,2026-05-25,"21219011",52.4,"261525","854062","201153",174,"2026",5,"Spring",2021-12-25,2022-02-02,51.741935483871,FALSE,"2021",12,"Winter","non-G-coded","female","3",52.63,"43-60",FALSE,FALSE,FALSE,FALSE,FALSE,FALSE,FALSE,FALSE,FALSE,FALSE,1,1,"singleton",0,1,0,1,0,1,0,0,0,0,0,5,"Upper tail"
"20060",79.91,5,2026-05-24,"21219011",50.4,"261521",NA,NA,183,"2026",5,"Spring",2019-09-24,2019-11-02,78.7096774193548,FALSE,"2019",9,"Autumn","non-G-coded","female","5",79.91,">60",FALSE,FALSE,FALSE,FALSE,FALSE,FALSE,FALSE,FALSE,FALSE,FALSE,1,1,"singleton",0,1,0,0,0,1,0,0,0,0,0,5,"Upper tail"
"70536",105,7,2026-05-23,"65123650",58.5,"261512",NA,NA,196,"2026",5,"Spring",2017-08-23,2017-10-02,103.677419354839,FALSE,"2017",8,"Summer","non-G-coded","female",">=7",105,">60",FALSE,FALSE,FALSE,FALSE,FALSE,FALSE,FALSE,FALSE,FALSE,FALSE,1,1,"singleton",0,1,0,1,0,1,0,1,0,1,0,5,"Upper tail"
"212146",64.23,4,2026-05-22,"41120238",49.8,"261509","180781","800077",204,"2026",5,"Spring",2021-01-22,2021-03-02,62.6451612903226,FALSE,"2021",1,"Winter","non-G-coded","female","4",64.23,">60",FALSE,FALSE,FALSE,FALSE,FALSE,FALSE,FALSE,FALSE,FALSE,FALSE,1,1,"singleton",0,1,0,0,0,1,0,0,0,0,0,5,"Upper tail"
"70500",105.49,6,2026-05-21,"65123650",56.3,"G62519",NA,NA,213,"2026",5,"Spring",2017-08-21,2017-10-02,103.612903225806,FALSE,"2017",8,"Summer","G-coded","male","6",105.49,">60",FALSE,FALSE,FALSE,FALSE,FALSE,FALSE,FALSE,FALSE,FALSE,FALSE,1,1,"singleton",0,1,0,0,0,1,0,1,0,1,0,5,"Upper tail"
"213380",56.21,3,2026-05-20,"41120238",50.3,"261504","180781","01203",221,"2026",5,"Spring",2021-09-20,2021-11-02,54.5806451612903,FALSE,"2021",9,"Autumn","non-G-coded","female","3",56.21,"43-60",FALSE,FALSE,FALSE,FALSE,FALSE,FALSE,FALSE,FALSE,FALSE,FALSE,1,1,"singleton",0,1,0,0,0,1,0,0,0,0,0,5,"Upper tail"
"234444",37.54,2,2026-05-05,"21219011",51.2,"261467",NA,"202628",295,"2026",5,"Spring",2023-03-05,2023-05-02,36.0967741935484,FALSE,"2023",3,"Spring","non-G-coded","female","2",37.54,"31-42",FALSE,FALSE,FALSE,FALSE,FALSE,FALSE,FALSE,FALSE,FALSE,FALSE,1,1,"singleton",0,1,0,0,0,1,0,0,0,0,0,5,"Upper tail"
"234788",34.81,2,2026-04-19,"41120238",56.3,"G62432","871041文尼哥","91145",397,"2026",4,"Spring",2023-05-19,2023-08-02,32.5666666666667,FALSE,"2023",5,"Spring","G-coded","male","2",34.81,"31-42",FALSE,FALSE,FALSE,FALSE,FALSE,FALSE,FALSE,FALSE,FALSE,FALSE,1,1,"singleton",0,1,0,0,0,1,0,1,0,1,0,4,"Upper tail"
"202584",64.33,3,2026-04-15,"21219011",56.4,"G62419","7402563907","LX214",423,"2026",4,"Spring",2020-12-15,2021-03-02,61.4333333333333,FALSE,"2020",12,"Winter","G-coded","male","3",64.33,">60",FALSE,FALSE,FALSE,FALSE,FALSE,FALSE,FALSE,FALSE,FALSE,FALSE,1,1,"singleton",0,1,0,0,0,1,0,1,0,1,0,4,"Upper tail"
"212310",61.74,4,2026-04-13,"21219011",50.2,"261984","740640209","65037",433,"2026",4,"Spring",2021-02-13,2021-05-02,59.3666666666667,FALSE,"2021",2,"Winter","non-G-coded","female","4",61.74,">60",FALSE,FALSE,FALSE,FALSE,FALSE,FALSE,FALSE,FALSE,FALSE,FALSE,1,1,"singleton",0,1,0,0,0,1,0,0,0,0,0,4,"Upper tail"
"70220",108.38,8,2026-04-11,"65123933",50.2,"261378",NA,NA,454,"2026",4,"Spring",2017-04-11,2017-07-02,105.3,FALSE,"2017",4,"Spring","non-G-coded","female",">=7",108.38,">60",FALSE,FALSE,FALSE,FALSE,FALSE,FALSE,FALSE,FALSE,FALSE,FALSE,1,1,"singleton",0,1,0,0,0,1,0,0,0,0,0,4,"Upper tail"
"60343",118.47,8,2026-04-08,"65123650",57.3,"G62396","426865","0052",465,"2026",4,"Spring",2016-06-08,2016-09-02,115.2,FALSE,"2016",6,"Summer","G-coded","male",">=7",118.47,">60",FALSE,FALSE,FALSE,FALSE,FALSE,FALSE,FALSE,FALSE,FALSE,FALSE,1,1,"singleton",0,1,0,1,0,1,0,1,0,1,0,4,"Upper tail"
"213574",53.71,2,2026-04-07,"21219011",52.6,"261366",NA,NA,473,"2026",4,"Spring",2021-10-07,2022-01-02,51.1666666666667,FALSE,"2021",10,"Autumn","non-G-coded","female","2",53.71,"43-60",FALSE,FALSE,FALSE,FALSE,FALSE,FALSE,FALSE,FALSE,FALSE,FALSE,1,1,"singleton",0,1,0,1,0,1,0,1,0,0,0,4,"Upper tail"
"62580",121.79,8,2026-04-04,"65123650",50.3,"261344",NA,NA,513,"2026",4,"Spring",2016-02-04,2016-05-02,119.066666666667,FALSE,"2016",2,"Winter","non-G-coded","female",">=7",121.79,">60",FALSE,FALSE,FALSE,FALSE,FALSE,FALSE,FALSE,FALSE,FALSE,FALSE,1,1,"singleton",0,1,0,0,0,1,0,0,0,0,0,4,"Upper tail"
"224478",48.42,3,2026-04-03,"41121286",54.2,"261337","180781","00760",519,"2026",4,"Spring",2022-04-03,2022-07-02,45.0333333333333,FALSE,"2022",4,"Spring","non-G-coded","female","3",48.42,"43-60",FALSE,FALSE,FALSE,FALSE,FALSE,FALSE,FALSE,FALSE,FALSE,FALSE,1,1,"singleton",0,1,0,1,0,1,0,1,0,0,0,4,"Upper tail"
"213713",52.6,3,2026-04-02,"41120238",55.2,"G62364",NA,NA,537,"2026",4,"Spring",2021-11-02,2022-02-02,50,FALSE,"2021",11,"Autumn","G-coded","male","3",52.6,"43-60",FALSE,FALSE,FALSE,FALSE,FALSE,FALSE,FALSE,FALSE,FALSE,FALSE,1,1,"singleton",0,1,0,0,0,1,0,1,0,1,0,4,"Upper tail"
"00530",82.91,6,2026-04-02,"41120238",54.3,"261334","167285","61381",538,"2026",4,"Spring",2019-05-02,2019-08-02,80,FALSE,"2019",5,"Spring","non-G-coded","female","6",82.91,">60",FALSE,FALSE,FALSE,FALSE,FALSE,FALSE,FALSE,FALSE,FALSE,FALSE,1,1,"singleton",0,1,0,1,0,1,0,1,0,0,0,4,"Upper tail"
"201385",72.09,5,2026-03-29,"41121286",52.4,"261310","606244","62580",574,"2026",3,"Spring",2020-03-29,2020-07-02,68.8709677419355,FALSE,"2020",3,"Spring","non-G-coded","female","5",72.09,">60",FALSE,FALSE,FALSE,FALSE,FALSE,FALSE,FALSE,FALSE,FALSE,FALSE,1,1,"singleton",0,1,0,1,0,1,0,0,0,0,0,3,"Upper tail"
"L213805",51.87,2,2026-03-27,"41121286",55.3,"G62334",NA,NA,593,"2026",3,"Spring",2021-11-27,2022-03-02,48.8064516129032,FALSE,"2021",11,"Autumn","G-coded","male","2",51.87,"43-60",FALSE,FALSE,FALSE,FALSE,FALSE,FALSE,FALSE,FALSE,FALSE,FALSE,1,1,"singleton",0,1,0,0,0,1,0,1,0,1,0,3,"Upper tail"
"70586",101.51,6,2026-03-25,"65123933",52.8,"261275",NA,NA,629,"2026",3,"Spring",2017-09-25,2018-01-02,98.741935483871,FALSE,"2017",9,"Autumn","non-G-coded","female","6",101.51,">60",FALSE,FALSE,FALSE,FALSE,FALSE,FALSE,FALSE,FALSE,FALSE,FALSE,1,1,"singleton",0,1,0,1,0,1,0,1,0,0,0,3,"Upper tail"
"61073",122.09,8,2026-03-25,"65123933",54.5,"261274",NA,NA,633,"2026",3,"Spring",2016-01-25,2016-05-02,118.741935483871,FALSE,"2016",1,"Winter","non-G-coded","female",">=7",122.09,">60",FALSE,FALSE,FALSE,FALSE,FALSE,FALSE,FALSE,FALSE,FALSE,FALSE,1,1,"singleton",0,1,0,1,0,1,0,1,0,0,0,3,"Upper tail"
"213180",52.07,3,2026-03-25,"21219011",52.8,"261270",NA,NA,635,"2026",3,"Spring",2021-11-25,2022-03-02,48.741935483871,FALSE,"2021",11,"Autumn","non-G-coded","female","3",52.07,"43-60",FALSE,FALSE,FALSE,FALSE,FALSE,FALSE,FALSE,FALSE,FALSE,FALSE,1,1,"singleton",0,1,0,1,0,1,0,1,0,0,0,3,"Upper tail"
"H201909",65.88,3,2026-03-25,"41121296",52.6,"261273","7402563907","140286",638,"2026",3,"Spring",2020-09-25,2021-01-02,62.741935483871,FALSE,"2020",9,"Autumn","non-G-coded","female","3",65.88,">60",FALSE,FALSE,FALSE,FALSE,FALSE,FALSE,FALSE,FALSE,FALSE,FALSE,1,1,"singleton",0,1,0,1,0,1,0,1,0,0,0,3,"Upper tail"
"213068",56.97,3,2026-03-22,"41121296",57.1,"G62306",NA,NA,656,"2026",3,"Spring",2021-06-22,2021-10-02,53.6451612903226,FALSE,"2021",6,"Summer","G-coded","male","3",56.97,"43-60",FALSE,FALSE,FALSE,FALSE,FALSE,FALSE,FALSE,FALSE,FALSE,FALSE,1,1,"singleton",0,1,0,0,0,1,0,1,0,1,0,3,"Upper tail"
"234402",36.26,2,2026-03-22,"41121296",58.3,"G62305","7029225762","40216",659,"2026",3,"Spring",2023-03-22,2023-07-02,32.6451612903226,FALSE,"2023",3,"Spring","G-coded","male","2",36.26,"31-42",FALSE,FALSE,FALSE,FALSE,FALSE,FALSE,FALSE,FALSE,FALSE,FALSE,1,1,"singleton",0,1,0,1,0,1,0,1,0,1,0,3,"Upper tail"
"800471",92.7,6,2026-03-21,"41121286",58.1,"G62304",NA,NA,664,"2026",3,"Spring",2018-06-21,2018-10-02,89.6129032258064,FALSE,"2018",6,"Summer","G-coded","male","6",92.7,">60",FALSE,FALSE,FALSE,FALSE,FALSE,FALSE,FALSE,FALSE,FALSE,FALSE,1,1,"singleton",0,1,0,1,0,1,0,1,0,1,0,3,"Upper tail"
"201221",72.85,4,2026-03-19,"41121296",49.8,"261242",NA,NA,691,"2026",3,"Spring",2020-02-19,2020-06-02,69.5483870967742,FALSE,"2020",2,"Winter","non-G-coded","female","4",72.85,">60",FALSE,FALSE,FALSE,FALSE,FALSE,FALSE,FALSE,FALSE,FALSE,FALSE,1,1,"singleton",0,1,0,0,0,1,0,0,0,0,0,3,"Upper tail"
"70520",103.06,6,2026-03-19,"65123650",51.7,"261244",NA,NA,696,"2026",3,"Spring",2017-08-19,2017-12-02,99.5483870967742,FALSE,"2017",8,"Summer","non-G-coded","female","6",103.06,">60",FALSE,FALSE,FALSE,FALSE,FALSE,FALSE,FALSE,FALSE,FALSE,FALSE,1,1,"singleton",0,1,0,0,0,1,0,0,0,0,0,3,"Upper tail"
"801083",87.05,4,2026-03-18,"41121296",50.3,"261239","171790","12026",702,"2026",3,"Spring",2018-12-18,2019-04-02,83.5161290322581,FALSE,"2018",12,"Winter","non-G-coded","female","4",87.05,">60",FALSE,FALSE,FALSE,FALSE,FALSE,FALSE,FALSE,FALSE,FALSE,FALSE,1,1,"singleton",0,1,0,0,0,1,0,0,0,0,0,3,"Upper tail"
"20039",81.95,6,2026-03-18,"21219011",55.3,"G62286","171790","40492",704,"2026",3,"Spring",2019-05-18,2019-09-02,78.5161290322581,FALSE,"2019",5,"Spring","G-coded","male","6",81.95,">60",FALSE,FALSE,FALSE,FALSE,FALSE,FALSE,FALSE,FALSE,FALSE,FALSE,1,1,"singleton",0,1,0,0,0,1,0,1,0,1,0,3,"Upper tail"
"L70035",110.16,8,2026-03-16,"65123650",57.4,"G62276",NA,NA,719,"2026",3,"Spring",2017-01-16,2017-05-02,106.451612903226,FALSE,"2017",1,"Winter","G-coded","male",">=7",110.16,">60",FALSE,FALSE,FALSE,FALSE,FALSE,FALSE,FALSE,FALSE,FALSE,FALSE,1,1,"singleton",0,1,0,1,0,1,0,1,0,1,0,3,"Upper tail"
"201763",69.3,4,2026-03-16,"21219011",55.7,"G62376","865530","61093",726,"2026",3,"Spring",2020-06-16,2020-10-02,65.4516129032258,FALSE,"2020",6,"Summer","G-coded","male","4",69.3,">60",FALSE,FALSE,FALSE,FALSE,FALSE,FALSE,FALSE,FALSE,FALSE,FALSE,1,1,"singleton",0,1,0,0,0,1,0,1,0,1,0,3,"Upper tail"
"00317",83.63,5,2026-03-15,"41121296",53.2,"261226",NA,NA,731,"2026",3,"Spring",2019-03-15,2019-07-02,80.4193548387097,FALSE,"2019",3,"Spring","non-G-coded","female","5",83.63,">60",FALSE,FALSE,FALSE,FALSE,FALSE,FALSE,FALSE,FALSE,FALSE,FALSE,1,1,"singleton",0,1,0,1,0,1,0,1,0,0,0,3,"Upper tail"
"00748",82.51,6,2026-03-14,"41122282",57.8,"G62260",NA,NA,744,"2026",3,"Spring",2019-04-14,2019-08-02,79.3870967741936,FALSE,"2019",4,"Spring","G-coded","male","6",82.51,">60",FALSE,FALSE,FALSE,FALSE,FALSE,FALSE,FALSE,FALSE,FALSE,FALSE,1,1,"singleton",0,1,0,1,0,1,0,1,0,1,0,3,"Upper tail"
"60505",112.95,8,2026-03-14,"65123650",53.7,"261222",NA,NA,746,"2026",3,"Spring",2016-10-14,2017-02-02,109.387096774194,FALSE,"2016",10,"Autumn","non-G-coded","female",">=7",112.95,">60",FALSE,FALSE,FALSE,FALSE,FALSE,FALSE,FALSE,FALSE,FALSE,FALSE,1,1,"singleton",0,1,0,1,0,1,0,1,0,0,0,3,"Upper tail"
"800046",97.93,7,2026-03-13,"11122978",60.3,"G62253","160885","40340",748,"2026",3,"Spring",2018-01-13,2018-05-02,94.3548387096774,FALSE,"2018",1,"Winter","G-coded","male",">=7",97.93,">60",FALSE,FALSE,FALSE,FALSE,FALSE,FALSE,FALSE,FALSE,FALSE,FALSE,1,1,"singleton",0,1,0,1,0,1,0,1,0,1,1,3,"Upper tail"
"234406",35.96,2,2026-03-13,"41121296",54.8,"G62279",NA,NA,749,"2026",3,"Spring",2023-03-13,2023-07-02,32.3548387096774,FALSE,"2023",3,"Spring","G-coded","male","2",35.96,"31-42",FALSE,FALSE,FALSE,FALSE,FALSE,FALSE,FALSE,FALSE,FALSE,FALSE,1,1,"singleton",0,1,0,0,0,1,0,1,0,0,0,3,"Upper tail"
"62329",120.91,7,2026-03-13,"65123933",49.8,"261217",NA,NA,752,"2026",3,"Spring",2016-02-13,2016-06-02,117.354838709677,FALSE,"2016",2,"Winter","non-G-coded","female",">=7",120.91,">60",FALSE,FALSE,FALSE,FALSE,FALSE,FALSE,FALSE,FALSE,FALSE,FALSE,1,1,"singleton",0,1,0,0,0,1,0,0,0,0,0,3,"Upper tail"
"61783",121.79,6,2026-03-13,"65123933",52.8,"261218",NA,NA,756,"2026",3,"Spring",2016-01-13,2016-05-02,118.354838709677,FALSE,"2016",1,"Winter","non-G-coded","female","6",121.79,">60",FALSE,FALSE,FALSE,FALSE,FALSE,FALSE,FALSE,FALSE,FALSE,FALSE,1,1,"singleton",0,1,0,1,0,1,0,1,0,0,0,3,"Upper tail"
"00584",81.72,6,2026-03-12,"21219011",54.7,"261362",NA,NA,761,"2026",3,"Spring",2019-05-12,2019-09-02,78.3225806451613,FALSE,"2019",5,"Spring","non-G-coded","female","6",81.72,">60",FALSE,FALSE,FALSE,FALSE,FALSE,FALSE,FALSE,FALSE,FALSE,FALSE,1,1,"singleton",0,1,0,1,0,1,0,1,0,0,0,3,"Upper tail"
"212994",57.36,3,2026-03-12,"21219011",50.4,"261212",NA,NA,762,"2026",3,"Spring",2021-06-12,2021-10-02,53.3225806451613,FALSE,"2021",6,"Summer","non-G-coded","female","3",57.36,"43-60",FALSE,FALSE,FALSE,FALSE,FALSE,FALSE,FALSE,FALSE,FALSE,FALSE,1,1,"singleton",0,1,0,0,0,1,0,0,0,0,0,3,"Upper tail"
"202317",89.55,6,2026-03-08,"41123204",55.1,"G62229","171350","60752",787,"2026",3,"Spring",2018-09-08,2019-01-02,86.1935483870968,FALSE,"2018",9,"Autumn","G-coded","male","6",89.55,">60",FALSE,FALSE,FALSE,FALSE,FALSE,FALSE,FALSE,FALSE,FALSE,FALSE,1,1,"singleton",0,1,0,0,0,1,0,1,0,1,0,3,"Upper tail"
"235440",29.42,1,2026-03-08,"41121912",49.8,"260197",NA,"H201260",792,"2026",3,"Spring",2023-10-08,2024-02-02,25.1935483870968,FALSE,"2023",10,"Autumn","non-G-coded","female","1",29.42,"<=30",FALSE,FALSE,FALSE,FALSE,FALSE,FALSE,FALSE,FALSE,FALSE,FALSE,1,1,"singleton",0,1,0,0,0,1,0,0,0,0,0,3,"Upper tail"
"224001",50.23,3,2026-03-08,"12120012",52.8,"261198",NA,NA,795,"2026",3,"Spring",2022-01-08,2022-05-02,46.1935483870968,FALSE,"2022",1,"Winter","non-G-coded","female","3",50.23,"43-60",FALSE,FALSE,FALSE,FALSE,FALSE,FALSE,FALSE,FALSE,FALSE,FALSE,1,1,"singleton",0,1,0,1,0,1,0,1,0,0,0,3,"Upper tail"
"234271",36.52,1,2026-03-08,"41122940",49.8,"261201L","854773威吉吉","00103",796,"2026",3,"Spring",2023-02-08,2023-06-02,33.1935483870968,FALSE,"2023",2,"Winter","non-G-coded","female","1",36.52,"31-42",FALSE,FALSE,FALSE,FALSE,FALSE,FALSE,FALSE,FALSE,FALSE,FALSE,1,1,"singleton",0,1,0,0,0,1,0,0,0,0,0,3,"Upper tail"
"801049",86.82,6,2026-03-07,"22222095",51.3,"260195",NA,NA,804,"2026",3,"Spring",2018-12-07,2019-04-02,83.1612903225806,FALSE,"2018",12,"Winter","non-G-coded","female","6",86.82,">60",FALSE,FALSE,FALSE,FALSE,FALSE,FALSE,FALSE,FALSE,FALSE,FALSE,1,1,"singleton",0,1,0,0,0,1,0,0,0,0,0,3,"Upper tail"
"70532",102.5,6,2026-03-07,"65123933",56.2,"G62224",NA,NA,806,"2026",3,"Spring",2017-09-07,2018-01-02,98.1612903225806,FALSE,"2017",9,"Autumn","G-coded","male","6",102.5,">60",FALSE,FALSE,FALSE,FALSE,FALSE,FALSE,FALSE,FALSE,FALSE,FALSE,1,1,"singleton",0,1,0,0,0,1,0,1,0,1,0,3,"Upper tail"
"01090",77.35,3,2026-03-07,"41121296",55.1,"G62220","606192","60240",809,"2026",3,"Spring",2019-10-07,2020-02-02,73.1612903225806,FALSE,"2019",10,"Autumn","G-coded","male","3",77.35,">60",FALSE,FALSE,FALSE,FALSE,FALSE,FALSE,FALSE,FALSE,FALSE,FALSE,1,1,"singleton",0,1,0,0,0,1,0,1,0,1,0,3,"Upper tail"
"212128",61.83,3,2026-03-07,"41121296",63.1,"G62225",NA,NA,810,"2026",3,"Spring",2021-01-07,2021-05-02,58.1612903225806,FALSE,"2021",1,"Winter","G-coded","male","3",61.83,">60",FALSE,FALSE,FALSE,FALSE,FALSE,FALSE,FALSE,FALSE,FALSE,FALSE,1,1,"singleton",0,1,0,1,0,1,0,1,0,1,1,3,"Upper tail"
"801077",86.69,6,2026-03-06,"41121296",58.2,"G62216","171790","61069",813,"2026",3,"Spring",2018-12-06,2019-04-02,83.1290322580645,FALSE,"2018",12,"Winter","G-coded","male","6",86.69,">60",FALSE,FALSE,FALSE,FALSE,FALSE,FALSE,FALSE,FALSE,FALSE,FALSE,1,1,"singleton",0,1,0,1,0,1,0,1,0,1,0,3,"Upper tail"
"235581",28.27,1,2026-03-05,"41122940",58.7,"G62211","7402563907","Z910112",820,"2026",3,"Spring",2023-11-05,2024-03-02,24.0967741935484,FALSE,"2023",11,"Autumn","G-coded","male","1",28.27,"<=30",FALSE,FALSE,FALSE,FALSE,FALSE,FALSE,FALSE,FALSE,FALSE,FALSE,1,1,"singleton",0,1,0,1,0,1,0,1,0,1,0,3,"Upper tail"
"235452",29.26,1,2026-03-05,"41122940",56.3,"260187",NA,NA,823,"2026",3,"Spring",2023-10-05,2024-02-02,25.0967741935484,FALSE,"2023",10,"Autumn","non-G-coded","female","1",29.26,"<=30",FALSE,FALSE,FALSE,FALSE,FALSE,FALSE,FALSE,FALSE,FALSE,FALSE,1,1,"singleton",0,1,0,1,0,1,0,1,0,1,0,3,"Upper tail"
"213287",54.24,3,2026-03-05,"41121296",56.8,"G62209","180781","70117",832,"2026",3,"Spring",2021-09-05,2022-01-02,50.0967741935484,FALSE,"2021",9,"Autumn","G-coded","male","3",54.24,"43-60",FALSE,FALSE,FALSE,FALSE,FALSE,FALSE,FALSE,FALSE,FALSE,FALSE,1,1,"singleton",0,1,0,0,0,1,0,1,0,1,0,3,"Upper tail"
"213755",51.41,3,2026-03-05,"41422157",60.2,"G62210","2544424506","70577",833,"2026",3,"Spring",2021-12-05,2022-04-02,47.0967741935484,FALSE,"2021",12,"Winter","G-coded","male","3",51.41,"43-60",FALSE,FALSE,FALSE,FALSE,FALSE,FALSE,FALSE,FALSE,FALSE,FALSE,1,1,"singleton",0,1,0,1,0,1,0,1,0,1,1,3,"Upper tail"
"70505",102.83,6,2026-03-03,"65123650",62.5,"G62199",NA,NA,851,"2026",3,"Spring",2017-08-03,2017-12-02,99.0322580645161,FALSE,"2017",8,"Summer","G-coded","male","6",102.83,">60",FALSE,FALSE,FALSE,FALSE,FALSE,FALSE,FALSE,FALSE,FALSE,FALSE,1,1,"singleton",0,1,0,1,0,1,0,1,0,1,1,3,"Upper tail"
"62062",121.93,6,2026-03-02,"65123933",51.2,"260166",NA,NA,860,"2026",3,"Spring",2016-01-02,2016-05-02,118,FALSE,"2016",1,"Winter","non-G-coded","female","6",121.93,">60",FALSE,FALSE,FALSE,FALSE,FALSE,FALSE,FALSE,FALSE,FALSE,FALSE,1,1,"singleton",0,1,0,0,0,1,0,0,0,0,0,3,"Upper tail"
"213156",55.13,3,2026-03-01,"41121296",65.2,"260159",NA,NA,868,"2026",3,"Spring",2021-08-01,2021-12-02,50.9642857142857,FALSE,"2021",8,"Summer","non-G-coded","female","3",55.13,"43-60",FALSE,TRUE,FALSE,FALSE,FALSE,FALSE,FALSE,FALSE,FALSE,FALSE,1,1,"singleton",0,1,0,1,0,1,0,1,0,1,1,3,"Upper tail"
"213520",28.21,1,2026-02-28,"21219011",56.3,"G62189","854282维利纳诺","213129",873,"2026",2,"Winter",2023-10-28,2024-03-02,23.9285714285714,FALSE,"2023",10,"Autumn","G-coded","male","1",28.21,"<=30",FALSE,FALSE,FALSE,FALSE,FALSE,FALSE,FALSE,FALSE,FALSE,FALSE,1,1,"singleton",0,1,0,0,0,1,0,1,0,1,0,2,"Upper tail"
"202333",64.14,4,2026-02-28,"41121296",49.8,"260152","163940","62227",879,"2026",2,"Winter",2020-10-28,2021-03-02,59.9285714285714,FALSE,"2020",10,"Autumn","non-G-coded","female","4",64.14,">60",FALSE,FALSE,FALSE,FALSE,FALSE,FALSE,FALSE,FALSE,FALSE,FALSE,1,1,"singleton",0,1,0,0,0,1,0,0,0,0,0,2,"Upper tail"
"70200",107.17,6,2026-02-27,"65123933",50.1,"260151",NA,NA,888,"2026",2,"Winter",2017-03-27,2017-08-02,102.892857142857,FALSE,"2017",3,"Spring","non-G-coded","female","6",107.17,">60",FALSE,FALSE,FALSE,FALSE,FALSE,FALSE,FALSE,FALSE,FALSE,FALSE,1,1,"singleton",0,1,0,0,0,1,0,0,0,0,0,2,"Upper tail"
"213529",52.7,3,2026-02-26,"41121296",57.2,"G62181",NA,NA,890,"2026",2,"Winter",2021-09-26,2022-02-02,48.8571428571429,FALSE,"2021",9,"Autumn","G-coded","male","3",52.7,"43-60",FALSE,FALSE,FALSE,FALSE,FALSE,FALSE,FALSE,FALSE,FALSE,FALSE,1,1,"singleton",0,1,0,1,0,1,0,1,0,1,0,2,"Upper tail"
"212950",57.13,3,2026-02-25,"41222118",58.8,"G62179",NA,NA,899,"2026",2,"Winter",2021-05-25,2021-10-02,52.8214285714286,FALSE,"2021",5,"Spring","G-coded","male","3",57.13,"43-60",FALSE,FALSE,FALSE,FALSE,FALSE,FALSE,FALSE,FALSE,FALSE,FALSE,1,1,"singleton",0,1,0,1,0,1,0,1,0,1,0,2,"Upper tail"
"213565",52.4,3,2026-02-23,"41222118",61.4,"G62169","606306","62345",911,"2026",2,"Winter",2021-10-23,2022-03-02,47.75,FALSE,"2021",10,"Autumn","G-coded","male","3",52.4,"43-60",FALSE,FALSE,FALSE,FALSE,FALSE,FALSE,FALSE,FALSE,FALSE,FALSE,1,1,"singleton",0,1,0,1,0,1,0,1,0,1,1,2,"Upper tail"
"202660",62.29,4,2026-02-23,"41121296",63.4,"G62176",NA,NA,913,"2026",2,"Winter",2020-12-23,2021-05-02,57.75,FALSE,"2020",12,"Winter","G-coded","male","4",62.29,">60",FALSE,FALSE,FALSE,FALSE,FALSE,FALSE,FALSE,FALSE,FALSE,FALSE,1,1,"singleton",0,1,0,1,0,1,0,1,0,1,1,2,"Upper tail"
"60937",121.53,8,2026-02-23,"65123650",50.2,"260135",NA,NA,916,"2026",2,"Winter",2015-12-23,2016-05-02,117.75,FALSE,"2015",12,"Winter","non-G-coded","female",">=7",121.53,">60",FALSE,FALSE,FALSE,FALSE,FALSE,FALSE,FALSE,FALSE,FALSE,FALSE,1,1,"singleton",0,1,0,0,0,1,0,0,0,0,0,2,"Upper tail"
"70324",105.59,6,2026-02-21,"65123933",52.2,"260130",NA,NA,935,"2026",2,"Winter",2017-04-21,2017-09-02,101.678571428571,FALSE,"2017",4,"Spring","non-G-coded","female","6",105.59,">60",FALSE,FALSE,FALSE,FALSE,FALSE,FALSE,FALSE,FALSE,FALSE,FALSE,1,1,"singleton",0,1,0,1,0,1,0,0,0,0,0,2,"Upper tail"
"62412",120.48,8,2026-02-21,"41120238",58.7,"G62156",NA,NA,936,"2026",2,"Winter",2016-02-21,2016-07-02,115.678571428571,FALSE,"2016",2,"Winter","G-coded","male",">=7",120.48,">60",FALSE,FALSE,FALSE,FALSE,FALSE,FALSE,FALSE,FALSE,FALSE,FALSE,1,1,"singleton",0,1,0,1,0,1,0,1,0,1,0,2,"Upper tail"
"70568",100.85,7,2026-02-20,"65123650",54.6,"G62150",NA,NA,941,"2026",2,"Winter",2017-09-20,2018-02-02,96.6428571428571,FALSE,"2017",9,"Autumn","G-coded","male",">=7",100.85,">60",FALSE,FALSE,FALSE,FALSE,FALSE,FALSE,FALSE,FALSE,FALSE,FALSE,1,1,"singleton",0,1,0,0,0,1,0,1,0,0,0,2,"Upper tail"
"70713",98.72,5,2026-02-19,"21219011",55.2,"260123",NA,NA,945,"2026",2,"Winter",2017-11-19,2018-04-02,94.6071428571429,FALSE,"2017",11,"Autumn","non-G-coded","female","5",98.72,">60",FALSE,FALSE,FALSE,FALSE,FALSE,FALSE,FALSE,FALSE,FALSE,FALSE,1,1,"singleton",0,1,0,1,0,1,0,1,0,1,0,2,"Upper tail"
"213444",52.89,3,2026-02-18,"41222015",57.4,"G62142","180781","61636",950,"2026",2,"Winter",2021-09-18,2022-02-02,48.5714285714286,FALSE,"2021",9,"Autumn","G-coded","male","3",52.89,"43-60",FALSE,FALSE,FALSE,FALSE,FALSE,FALSE,FALSE,FALSE,FALSE,FALSE,1,1,"singleton",0,1,0,1,0,1,0,1,0,1,0,2,"Upper tail"
"202111",65.15,4,2026-02-18,"41121296",61.4,"G62146",NA,NA,952,"2026",2,"Winter",2020-09-18,2021-02-02,60.5714285714286,FALSE,"2020",9,"Autumn","G-coded","male","4",65.15,">60",FALSE,FALSE,FALSE,FALSE,FALSE,FALSE,FALSE,FALSE,FALSE,FALSE,1,1,"singleton",0,1,0,1,0,1,0,1,0,1,1,2,"Upper tail"
"202409",63.61,3,2026-02-18,"41121296",50.2,"260122","163940","HHH800732",955,"2026",2,"Winter",2020-10-18,2021-03-02,59.5714285714286,FALSE,"2020",10,"Autumn","non-G-coded","female","3",63.61,">60",FALSE,FALSE,FALSE,FALSE,FALSE,FALSE,FALSE,FALSE,FALSE,FALSE,1,1,"singleton",0,1,0,0,0,1,0,0,0,0,0,2,"Upper tail"
"61146",121.63,8,2026-02-17,"41121286",67.6,"G62136",NA,NA,961,"2026",2,"Winter",2015-12-17,2016-05-02,117.535714285714,FALSE,"2015",12,"Winter","G-coded","male",">=7",121.63,">60",FALSE,TRUE,FALSE,FALSE,FALSE,FALSE,FALSE,FALSE,FALSE,FALSE,1,1,"singleton",0,1,0,1,0,1,0,1,0,1,1,2,"Upper tail"
"00177",84.09,6,2026-02-17,"41121296",66.8,"G62138",NA,NA,963,"2026",2,"Winter",2019-02-17,2019-07-02,79.5357142857143,FALSE,"2019",2,"Winter","G-coded","male","6",84.09,">60",FALSE,TRUE,FALSE,FALSE,FALSE,FALSE,FALSE,FALSE,FALSE,FALSE,1,1,"singleton",0,1,0,1,0,1,0,1,0,1,1,2,"Upper tail"
"60896",120.61,8,2026-02-15,"65123933",53.2,"260109",NA,NA,971,"2026",2,"Winter",2016-01-15,2016-06-02,116.464285714286,FALSE,"2016",1,"Winter","non-G-coded","female",">=7",120.61,">60",FALSE,FALSE,FALSE,FALSE,FALSE,FALSE,FALSE,FALSE,FALSE,FALSE,1,1,"singleton",0,1,0,1,0,1,0,1,0,0,0,2,"Upper tail"
"213762",50.79,3,2026-02-14,"21219011",53.2,"260106","2544424506","61277",979,"2026",2,"Winter",2021-11-14,2022-04-02,46.4285714285714,FALSE,"2021",11,"Autumn","non-G-coded","female","3",50.79,"43-60",FALSE,FALSE,FALSE,FALSE,FALSE,FALSE,FALSE,FALSE,FALSE,FALSE,1,1,"singleton",0,1,0,1,0,1,0,1,0,0,0,2,"Upper tail"
"H212967",93.85,7,2026-02-11,"41121286",55.2,"G62121","606192","410005",992,"2026",2,"Winter",2018-04-11,2018-09-02,89.3214285714286,FALSE,"2018",4,"Spring","G-coded","male",">=7",93.85,">60",FALSE,FALSE,FALSE,FALSE,FALSE,FALSE,FALSE,FALSE,FALSE,FALSE,1,1,"singleton",0,1,0,0,0,1,0,1,0,1,0,2,"Upper tail"
"L213636",38,2,2026-02-11,"41121296",56.2,"G62125","606045","62876",997,"2026",2,"Winter",2022-12-11,2023-05-02,33.3214285714286,FALSE,"2022",12,"Winter","G-coded","male","2",38,"31-42",FALSE,FALSE,FALSE,FALSE,FALSE,FALSE,FALSE,FALSE,FALSE,FALSE,1,1,"singleton",0,1,0,0,0,1,0,1,0,1,0,2,"Upper tail"
"H212997",119.63,8,2026-02-10,"41121286",53.4,"260095",NA,NA,1000,"2026",2,"Winter",2016-02-10,2016-07-02,115.285714285714,FALSE,"2016",2,"Winter","non-G-coded","female",">=7",119.63,">60",FALSE,FALSE,FALSE,FALSE,FALSE,FALSE,FALSE,FALSE,FALSE,FALSE,1,1,"singleton",0,1,0,1,0,1,0,1,0,0,0,2,"Upper tail"
"235348",29.19,1,2026-02-09,"41121296",55.3,"G62117","871041文尼哥","213171",1008,"2026",2,"Winter",2023-09-09,2024-02-02,24.25,FALSE,"2023",9,"Autumn","G-coded","male","1",29.19,"<=30",FALSE,FALSE,FALSE,FALSE,FALSE,FALSE,FALSE,FALSE,FALSE,FALSE,1,1,"singleton",0,1,0,0,0,1,0,1,0,1,0,2,"Upper tail"
"61525",119.82,7,2026-02-09,"41121286",60.3,"G62116",NA,NA,1009,"2026",2,"Winter",2016-02-09,2016-07-02,115.25,FALSE,"2016",2,"Winter","G-coded","male",">=7",119.82,">60",FALSE,FALSE,FALSE,FALSE,FALSE,FALSE,FALSE,FALSE,FALSE,FALSE,1,1,"singleton",0,1,0,1,0,1,0,1,0,1,1,2,"Upper tail"
"213166",54.44,3,2026-02-09,"21219011",56.3,"G62114","603268","63034",1011,"2026",2,"Winter",2021-08-09,2022-01-02,49.25,FALSE,"2021",8,"Summer","G-coded","male","3",54.44,"43-60",FALSE,FALSE,FALSE,FALSE,FALSE,FALSE,FALSE,FALSE,FALSE,FALSE,1,1,"singleton",0,1,0,0,0,1,0,1,0,1,0,2,"Upper tail"
"201418",70.25,4,2026-02-08,"41121296",56.2,"G62110","606244","62358",1015,"2026",2,"Winter",2020-04-08,2020-09-02,65.2142857142857,FALSE,"2020",4,"Spring","G-coded","male","4",70.25,">60",FALSE,FALSE,FALSE,FALSE,FALSE,FALSE,FALSE,FALSE,FALSE,FALSE,1,1,"singleton",0,1,0,0,0,1,0,1,0,1,0,2,"Upper tail"
"H800359",119.72,7,2026-02-07,"861404",63.4,"G62106",NA,NA,1020,"2026",2,"Winter",2016-02-07,2016-07-02,115.178571428571,FALSE,"2016",2,"Winter","G-coded","male",">=7",119.72,">60",FALSE,FALSE,FALSE,FALSE,FALSE,FALSE,FALSE,FALSE,FALSE,FALSE,1,1,"singleton",0,1,0,1,0,1,0,1,0,1,1,2,"Upper tail"
"224090",48.85,3,2026-02-06,"21219011",58.4,"G62102","854062","H00162",1023,"2026",2,"Winter",2022-01-06,2022-06-02,44.1428571428571,FALSE,"2022",1,"Winter","G-coded","male","3",48.85,"43-60",FALSE,FALSE,FALSE,FALSE,FALSE,FALSE,FALSE,FALSE,FALSE,FALSE,1,1,"singleton",0,1,0,1,0,1,0,1,0,1,0,2,"Upper tail"
"213307",53.19,3,2026-02-05,"21219011",51.8,"260083","180781","61868",1028,"2026",2,"Winter",2021-09-05,2022-02-02,48.1071428571429,FALSE,"2021",9,"Autumn","non-G-coded","female","3",53.19,"43-60",FALSE,FALSE,FALSE,FALSE,FALSE,FALSE,FALSE,FALSE,FALSE,FALSE,1,1,"singleton",0,1,0,1,0,1,0,0,0,0,0,2,"Upper tail"
"00719",83.14,4,2026-02-05,"21219011",65.3,"G62099",NA,NA,1030,"2026",2,"Winter",2019-03-05,2019-08-02,78.1071428571429,FALSE,"2019",3,"Spring","G-coded","male","4",83.14,">60",FALSE,TRUE,FALSE,FALSE,FALSE,FALSE,FALSE,FALSE,FALSE,FALSE,1,1,"singleton",0,1,0,1,0,1,0,1,0,1,1,2,"Upper tail"
"201962",66.04,4,2026-02-05,"21219011",51.4,"260084","606244","800648",1032,"2026",2,"Winter",2020-08-05,2021-01-02,61.1071428571429,FALSE,"2020",8,"Summer","non-G-coded","female","4",66.04,">60",FALSE,FALSE,FALSE,FALSE,FALSE,FALSE,FALSE,FALSE,FALSE,FALSE,1,1,"singleton",0,1,0,0,0,1,0,0,0,0,0,2,"Upper tail"
"91121",106.44,7,2026-02-04,"41121286",67.3,"G62096",NA,NA,1035,"2026",2,"Winter",2017-04-04,2017-09-02,101.071428571429,FALSE,"2017",4,"Spring","G-coded","male",">=7",106.44,">60",FALSE,TRUE,FALSE,FALSE,FALSE,FALSE,FALSE,FALSE,FALSE,FALSE,1,1,"singleton",0,1,0,1,0,1,0,1,0,1,1,2,"Upper tail"
"H212382",68.77,5,2026-02-04,"41121286",58.2,"G62098",NA,NA,1040,"2026",2,"Winter",2020-05-04,2020-10-02,64.0714285714286,FALSE,"2020",5,"Spring","G-coded","male","5",68.77,">60",FALSE,FALSE,FALSE,FALSE,FALSE,FALSE,FALSE,FALSE,FALSE,FALSE,1,1,"singleton",0,1,0,1,0,1,0,1,0,1,0,2,"Upper tail"
"60749",120.78,8,2026-02-04,"65123650",57.8,"G62095",NA,NA,1042,"2026",2,"Winter",2016-01-04,2016-06-02,116.071428571429,FALSE,"2016",1,"Winter","G-coded","male",">=7",120.78,">60",FALSE,FALSE,FALSE,FALSE,FALSE,FALSE,FALSE,FALSE,FALSE,FALSE,1,1,"singleton",0,1,0,1,0,1,0,1,0,1,0,2,"Upper tail"
"201152",71.93,5,2026-02-02,"41121286",60.2,"G62088","606192","61667",1051,"2026",2,"Winter",2020-02-02,2020-07-02,67,FALSE,"2020",2,"Winter","G-coded","male","5",71.93,">60",FALSE,FALSE,FALSE,FALSE,FALSE,FALSE,FALSE,FALSE,FALSE,FALSE,1,1,"singleton",0,1,0,1,0,1,0,1,0,1,1,2,"Upper tail"
"225078",41.29,1,2026-02-01,"41121286",64.6,"G62086","606045","50472",1052,"2026",2,"Winter",2022-09-01,2023-02-02,35.9677419354839,FALSE,"2022",9,"Autumn","G-coded","male","1",41.29,"31-42",FALSE,FALSE,FALSE,FALSE,FALSE,FALSE,FALSE,FALSE,FALSE,FALSE,1,1,"singleton",0,1,0,1,0,1,0,1,0,1,1,2,"Upper tail"
"235709",26.5,1,2026-02-01,"41121286",55.7,"G62087",NA,NA,1056,"2026",2,"Winter",2023-12-01,2024-05-02,20.9677419354839,FALSE,"2023",12,"Winter","G-coded","male","1",26.5,"<=30",FALSE,FALSE,FALSE,FALSE,FALSE,FALSE,FALSE,FALSE,FALSE,FALSE,1,1,"singleton",0,1,0,0,0,1,0,1,0,1,0,2,"Upper tail"
"61403",119.63,8,2026-01-31,"65123933",56.3,"G62081",NA,NA,1060,"2026",1,"Winter",2016-01-31,2016-07-02,114.935483870968,FALSE,"2016",1,"Winter","G-coded","male",">=7",119.63,">60",FALSE,FALSE,FALSE,FALSE,FALSE,FALSE,FALSE,FALSE,FALSE,FALSE,1,1,"singleton",0,1,0,0,0,1,0,1,0,1,0,1,"Upper tail"
"202188",64.04,4,2026-01-30,"21219011",51.2,"260063",NA,NA,1065,"2026",1,"Winter",2020-09-30,2021-03-02,58.9032258064516,FALSE,"2020",9,"Autumn","non-G-coded","female","4",64.04,">60",FALSE,FALSE,FALSE,FALSE,FALSE,FALSE,FALSE,FALSE,FALSE,FALSE,1,1,"singleton",0,1,0,0,0,1,0,0,0,0,0,1,"Upper tail"
"00828",79.19,6,2026-01-30,"41121296",66.8,"G62077","167285","70017",1066,"2026",1,"Winter",2019-06-30,2019-12-02,73.9032258064516,FALSE,"2019",6,"Summer","G-coded","male","6",79.19,">60",FALSE,TRUE,FALSE,FALSE,FALSE,FALSE,FALSE,FALSE,FALSE,FALSE,1,1,"singleton",0,1,0,1,0,1,0,1,0,1,1,1,"Upper tail"
"01145",75.71,4,2026-01-28,"41120238",54.5,"G62074","186756","61187",1072,"2026",1,"Winter",2019-09-28,2020-03-02,70.8387096774194,FALSE,"2019",9,"Autumn","G-coded","male","4",75.71,">60",FALSE,FALSE,FALSE,FALSE,FALSE,FALSE,FALSE,FALSE,FALSE,FALSE,1,1,"singleton",0,1,0,0,0,1,0,1,0,0,0,1,"Upper tail"
"213124",54.54,3,2026-01-28,"21219011",63.4,"G62094","7029225762","91162",1073,"2026",1,"Winter",2021-06-28,2021-12-02,49.8387096774194,FALSE,"2021",6,"Summer","G-coded","male","3",54.54,"43-60",FALSE,FALSE,FALSE,FALSE,FALSE,FALSE,FALSE,FALSE,FALSE,FALSE,1,1,"singleton",0,1,0,1,0,1,0,1,0,1,1,1,"Upper tail"
"212362L",50.03,3,2026-01-27,"21219011",59.1,"G62073",NA,NA,1078,"2026",1,"Winter",2021-11-27,2022-05-02,44.8064516129032,FALSE,"2021",11,"Autumn","G-coded","male","3",50.03,"43-60",FALSE,FALSE,FALSE,FALSE,FALSE,FALSE,FALSE,FALSE,FALSE,FALSE,1,1,"singleton",0,1,0,1,0,1,0,1,0,1,0,1,"Upper tail"
"70259",105.42,7,2026-01-27,"65123933",55.4,"G62091",NA,NA,1081,"2026",1,"Winter",2017-04-27,2017-10-02,99.8064516129032,FALSE,"2017",4,"Spring","G-coded","male",">=7",105.42,">60",FALSE,FALSE,FALSE,FALSE,FALSE,FALSE,FALSE,FALSE,FALSE,FALSE,1,1,"singleton",0,1,0,0,0,1,0,1,0,1,0,1,"Upper tail"
"234407",34.48,2,2026-01-27,"41121286",55.3,"G62071","871041文尼哥","00645",1087,"2026",1,"Winter",2023-03-27,2023-09-02,28.8064516129032,FALSE,"2023",3,"Spring","G-coded","male","2",34.48,"31-42",FALSE,FALSE,FALSE,FALSE,FALSE,FALSE,FALSE,FALSE,FALSE,FALSE,1,1,"singleton",0,1,0,0,0,1,0,1,0,1,0,1,"Upper tail"
"800019",96.91,5,2026-01-27,"41121286",53.6,"260058",NA,NA,1088,"2026",1,"Winter",2017-12-27,2018-06-02,91.8064516129032,FALSE,"2017",12,"Winter","non-G-coded","female","5",96.91,">60",FALSE,FALSE,FALSE,FALSE,FALSE,FALSE,FALSE,FALSE,FALSE,FALSE,1,1,"singleton",0,1,0,1,0,1,0,1,0,0,0,1,"Upper tail"
"224406",46.58,3,2026-01-26,"41121286",59.5,"G62069","180781","61665",1091,"2026",1,"Winter",2022-02-26,2022-08-02,41.7741935483871,FALSE,"2022",2,"Winter","G-coded","male","3",46.58,"43-60",FALSE,FALSE,FALSE,FALSE,FALSE,FALSE,FALSE,FALSE,FALSE,FALSE,1,1,"singleton",0,1,0,1,0,1,0,1,0,1,0,1,"Upper tail"
"63014",119.17,7,2026-01-25,"65123650",49.8,"260053",NA,NA,1095,"2026",1,"Winter",2016-02-25,2016-08-02,113.741935483871,FALSE,"2016",2,"Winter","non-G-coded","female",">=7",119.17,">60",FALSE,FALSE,FALSE,FALSE,FALSE,FALSE,FALSE,FALSE,FALSE,FALSE,1,1,"singleton",0,1,0,0,0,1,0,0,0,0,0,1,"Upper tail"
"213224",53.35,3,2026-01-24,"41121286",54.3,"260052","603268","61172",1099,"2026",1,"Winter",2021-08-24,2022-02-02,47.7096774193548,FALSE,"2021",8,"Summer","non-G-coded","female","3",53.35,"43-60",FALSE,FALSE,FALSE,FALSE,FALSE,FALSE,FALSE,FALSE,FALSE,FALSE,1,1,"singleton",0,1,0,1,0,1,0,1,0,0,0,1,"Upper tail"
"217004",51.02,2,2026-01-24,"41121286",61.4,"G62063","854282","01377",1100,"2026",1,"Winter",2021-10-24,2022-04-02,45.7096774193548,FALSE,"2021",10,"Autumn","G-coded","male","2",51.02,"43-60",FALSE,FALSE,FALSE,FALSE,FALSE,FALSE,FALSE,FALSE,FALSE,FALSE,1,1,"singleton",0,1,0,1,0,1,0,1,0,1,1,1,"Upper tail"
"61360",119.79,7,2026-01-22,"65123933",57.3,"G62058",NA,NA,1107,"2026",1,"Winter",2016-01-22,2016-07-02,114.645161290323,FALSE,"2016",1,"Winter","G-coded","male",">=7",119.79,">60",FALSE,FALSE,FALSE,FALSE,FALSE,FALSE,FALSE,FALSE,FALSE,FALSE,1,1,"singleton",0,1,0,1,0,1,0,1,0,1,0,1,"Upper tail"
"00538",80.57,6,2026-01-22,"41121286",52.7,"260047","167285","62749",1109,"2026",1,"Winter",2019-04-22,2019-10-02,75.6451612903226,FALSE,"2019",4,"Spring","non-G-coded","female","6",80.57,">60",FALSE,FALSE,FALSE,FALSE,FALSE,FALSE,FALSE,FALSE,FALSE,FALSE,1,1,"singleton",0,1,0,1,0,1,0,1,0,0,0,1,"Upper tail"
"800932",85.93,6,2026-01-22,"41121286",61.3,"260048",NA,NA,1110,"2026",1,"Winter",2018-11-22,2019-05-02,80.6451612903226,FALSE,"2018",11,"Autumn","non-G-coded","female","6",85.93,">60",FALSE,FALSE,FALSE,FALSE,FALSE,FALSE,FALSE,FALSE,FALSE,FALSE,1,1,"singleton",0,1,0,1,0,1,0,1,0,1,1,1,"Upper tail"
"225103",40.73,2,2026-01-21,"41121286",63.7,"G62057","甘露606318","61460",1113,"2026",1,"Winter",2022-08-21,2023-02-02,35.6129032258064,FALSE,"2022",8,"Summer","G-coded","male","2",40.73,"31-42",FALSE,FALSE,FALSE,FALSE,FALSE,FALSE,FALSE,FALSE,FALSE,FALSE,1,1,"singleton",0,1,0,1,0,1,0,1,0,1,1,1,"Upper tail"
"224471",46.09,3,2026-01-21,"21219011",52.3,"260042","2545109367","20034",1115,"2026",1,"Winter",2022-03-21,2022-09-02,40.6129032258064,FALSE,"2022",3,"Spring","non-G-coded","female","3",46.09,"43-60",FALSE,FALSE,FALSE,FALSE,FALSE,FALSE,FALSE,FALSE,FALSE,FALSE,1,1,"singleton",0,1,0,1,0,1,0,0,0,0,0,1,"Upper tail"
"60755",120.12,7,2026-01-21,"65123650",59.5,"G62056",NA,NA,1116,"2026",1,"Winter",2016-01-21,2016-07-02,114.612903225806,FALSE,"2016",1,"Winter","G-coded","male",">=7",120.12,">60",FALSE,FALSE,FALSE,FALSE,FALSE,FALSE,FALSE,FALSE,FALSE,FALSE,1,1,"singleton",0,1,0,1,0,1,0,1,0,1,0,1,"Upper tail"
"00207",82.81,6,2026-01-20,"41121286",53.5,"260040","171790","61717",1119,"2026",1,"Winter",2019-02-20,2019-08-02,77.5806451612903,FALSE,"2019",2,"Winter","non-G-coded","female","6",82.81,">60",FALSE,FALSE,FALSE,FALSE,FALSE,FALSE,FALSE,FALSE,FALSE,FALSE,1,1,"singleton",0,1,0,1,0,1,0,1,0,0,0,1,"Upper tail"
"225444",37.67,2,2026-01-20,"21219011",51.5,"260039","甘露606318","61451",1120,"2026",1,"Winter",2022-11-20,2023-05-02,32.5806451612903,FALSE,"2022",11,"Autumn","non-G-coded","female","2",37.67,"31-42",FALSE,FALSE,FALSE,FALSE,FALSE,FALSE,FALSE,FALSE,FALSE,FALSE,1,1,"singleton",0,1,0,0,0,1,0,0,0,0,0,1,"Upper tail"
"202327",63.12,4,2026-01-20,"41121286",59.4,"G62050",NA,NA,1121,"2026",1,"Winter",2020-10-20,2021-04-02,57.5806451612903,FALSE,"2020",10,"Autumn","G-coded","male","4",63.12,">60",FALSE,FALSE,FALSE,FALSE,FALSE,FALSE,FALSE,FALSE,FALSE,FALSE,1,1,"singleton",0,1,0,1,0,1,0,1,0,1,0,1,"Upper tail"
"202588",61.51,4,2026-01-20,"21219011",59.8,"G62053","163940","61606",1126,"2026",1,"Winter",2020-11-20,2021-05-02,56.5806451612903,FALSE,"2020",11,"Autumn","G-coded","male","4",61.51,">60",FALSE,FALSE,FALSE,FALSE,FALSE,FALSE,FALSE,FALSE,FALSE,FALSE,1,1,"singleton",0,1,0,1,0,1,0,1,0,1,0,1,"Upper tail"
"212045",60.45,4,2026-01-19,"41121286",57.3,"260036","740640209","61773",1129,"2026",1,"Winter",2021-01-19,2021-07-02,54.5483870967742,FALSE,"2021",1,"Winter","non-G-coded","female","4",60.45,">60",FALSE,FALSE,FALSE,FALSE,FALSE,FALSE,FALSE,FALSE,FALSE,FALSE,1,1,"singleton",0,1,0,1,0,1,0,1,0,1,0,1,"Upper tail"
"202233",63.31,4,2026-01-18,"21219011",51,"260033","606244","800730",1137,"2026",1,"Winter",2020-10-18,2021-04-02,57.5161290322581,FALSE,"2020",10,"Autumn","non-G-coded","female","4",63.31,">60",FALSE,FALSE,FALSE,FALSE,FALSE,FALSE,FALSE,FALSE,FALSE,FALSE,1,1,"singleton",0,1,0,0,0,1,0,0,0,0,0,1,"Upper tail"
"212311",58.81,3,2026-01-15,"41121286",68.8,"G62037",NA,NA,1150,"2026",1,"Winter",2021-02-15,2021-08-02,53.4193548387097,FALSE,"2021",2,"Winter","G-coded","male","3",58.81,"43-60",FALSE,TRUE,FALSE,FALSE,FALSE,FALSE,FALSE,FALSE,FALSE,FALSE,1,1,"singleton",0,1,0,1,0,1,0,1,0,1,1,1,"Upper tail"
"H225335",37.11,1,2026-01-14,"41122926",59.1,"260025",NA,"801501",1154,"2026",1,"Winter",2022-12-14,2023-06-02,31.3870967741935,FALSE,"2022",12,"Winter","non-G-coded","female","1",37.11,"31-42",FALSE,FALSE,FALSE,FALSE,FALSE,FALSE,FALSE,FALSE,FALSE,FALSE,1,1,"singleton",0,1,0,1,0,1,0,1,0,1,0,1,"Upper tail"
"60791",119.69,8,2026-01-14,"21219011",59.1,"260021",NA,NA,1155,"2026",1,"Winter",2016-01-14,2016-07-02,114.387096774194,FALSE,"2016",1,"Winter","non-G-coded","female",">=7",119.69,">60",FALSE,FALSE,FALSE,FALSE,FALSE,FALSE,FALSE,FALSE,FALSE,FALSE,1,1,"singleton",0,1,0,1,0,1,0,1,0,1,0,1,"Upper tail"
"01139",75.25,4,2026-01-13,"41121286",64,"G62036",NA,NA,1157,"2026",1,"Winter",2019-10-13,2020-04-02,69.3548387096774,FALSE,"2019",10,"Autumn","G-coded","male","4",75.25,">60",FALSE,FALSE,FALSE,FALSE,FALSE,FALSE,FALSE,FALSE,FALSE,FALSE,1,1,"singleton",0,1,0,1,0,1,0,1,0,1,1,1,"Upper tail"
"212349",58.48,3,2026-01-13,"21219011",58.7,"G62034","7402563907","60858",1158,"2026",1,"Winter",2021-03-13,2021-09-02,52.3548387096774,FALSE,"2021",3,"Spring","G-coded","male","3",58.48,"43-60",FALSE,FALSE,FALSE,FALSE,FALSE,FALSE,FALSE,FALSE,FALSE,FALSE,1,1,"singleton",0,1,0,1,0,1,0,1,0,1,0,1,"Upper tail"
"212068",60.29,4,2026-01-13,"41121286",57.2,"G62035","740640209","91155",1159,"2026",1,"Winter",2021-01-13,2021-07-02,54.3548387096774,FALSE,"2021",1,"Winter","G-coded","male","4",60.29,">60",FALSE,FALSE,FALSE,FALSE,FALSE,FALSE,FALSE,FALSE,FALSE,FALSE,1,1,"singleton",0,1,0,1,0,1,0,1,0,1,0,1,"Upper tail"
"225448",37.41,2,2026-01-13,"41121286",50.3,"260020","甘露606318","60110",1160,"2026",1,"Winter",2022-12-13,2023-06-02,31.3548387096774,FALSE,"2022",12,"Winter","non-G-coded","female","2",37.41,"31-42",FALSE,FALSE,FALSE,FALSE,FALSE,FALSE,FALSE,FALSE,FALSE,FALSE,1,1,"singleton",0,1,0,0,0,1,0,0,0,0,0,1,"Upper tail"
"212748",46.94,3,2026-01-12,"41121286",67.2,"G62031",NA,NA,1161,"2026",1,"Winter",2022-02-12,2022-08-02,41.3225806451613,FALSE,"2022",2,"Winter","G-coded","male","3",46.94,"43-60",FALSE,TRUE,FALSE,FALSE,FALSE,FALSE,FALSE,FALSE,FALSE,FALSE,1,1,"singleton",0,1,0,1,0,1,0,1,0,1,1,1,"Upper tail"
"225207",39.55,2,2026-01-11,"41123286",49.8,"260017",NA,NA,1166,"2026",1,"Winter",2022-09-11,2023-03-02,34.2903225806452,FALSE,"2022",9,"Autumn","non-G-coded","female","2",39.55,"31-42",FALSE,FALSE,FALSE,FALSE,FALSE,FALSE,FALSE,FALSE,FALSE,FALSE,1,1,"singleton",0,1,0,0,0,1,0,0,0,0,0,1,"Upper tail"
"01235",74.26,4,2026-01-10,"21219011",55.8,"G62025","606192","60338",1172,"2026",1,"Winter",2019-11-10,2020-05-02,68.258064516129,FALSE,"2019",11,"Autumn","G-coded","male","4",74.26,">60",FALSE,FALSE,FALSE,FALSE,FALSE,FALSE,FALSE,FALSE,FALSE,FALSE,1,1,"singleton",0,1,0,0,0,1,0,1,0,1,0,1,"Upper tail"
"800743",79.91,3,2026-01-10,"861404",49.8,"260015",NA,NA,1175,"2026",1,"Winter",2019-05-10,2019-11-02,74.258064516129,FALSE,"2019",5,"Spring","non-G-coded","female","3",79.91,">60",FALSE,FALSE,FALSE,FALSE,FALSE,FALSE,FALSE,FALSE,FALSE,FALSE,1,1,"singleton",0,1,0,0,0,1,0,0,0,0,0,1,"Upper tail"
"212642",81.92,5,2026-01-09,"21219011",63.4,"G62022",NA,NA,1176,"2026",1,"Winter",2019-03-09,2019-09-02,76.2258064516129,FALSE,"2019",3,"Spring","G-coded","male","5",81.92,">60",FALSE,FALSE,FALSE,FALSE,FALSE,FALSE,FALSE,FALSE,FALSE,FALSE,1,1,"singleton",0,1,0,1,0,1,0,1,0,1,1,1,"Upper tail"
"213311",52.04,3,2026-01-09,"41121286",56.3,"G62021",NA,NA,1177,"2026",1,"Winter",2021-09-09,2022-03-02,46.2258064516129,FALSE,"2021",9,"Autumn","G-coded","male","3",52.04,"43-60",FALSE,FALSE,FALSE,FALSE,FALSE,FALSE,FALSE,FALSE,FALSE,FALSE,1,1,"singleton",0,1,0,0,0,1,0,1,0,1,0,1,"Upper tail"
"70393",104.7,7,2026-01-08,"65123650",63.5,"G62020",NA,NA,1181,"2026",1,"Winter",2017-04-08,2017-10-02,99.1935483870968,FALSE,"2017",4,"Spring","G-coded","male",">=7",104.7,">60",FALSE,FALSE,FALSE,FALSE,FALSE,FALSE,FALSE,FALSE,FALSE,FALSE,1,1,"singleton",0,1,0,1,0,1,0,1,0,1,1,1,"Upper tail"
"60522",110.29,7,2026-01-06,"65123933",53.4,"260012",NA,NA,1187,"2026",1,"Winter",2016-11-06,2017-05-02,104.129032258065,FALSE,"2016",11,"Autumn","non-G-coded","female",">=7",110.29,">60",FALSE,FALSE,FALSE,FALSE,FALSE,FALSE,FALSE,FALSE,FALSE,FALSE,1,1,"singleton",0,1,0,1,0,1,0,1,0,0,0,1,"Upper tail"
"201791",66.77,4,2026-01-06,"15618075",61.5,"G62014","865530","BU13027",1188,"2026",1,"Winter",2020-06-06,2020-12-02,61.1290322580645,FALSE,"2020",6,"Summer","G-coded","male","4",66.77,">60",FALSE,FALSE,FALSE,FALSE,FALSE,FALSE,FALSE,FALSE,FALSE,FALSE,1,1,"singleton",0,1,0,1,0,1,0,1,0,1,1,1,"Upper tail"
"61708",120.12,8,2026-01-05,"65123933",56.8,"G62007",NA,NA,1191,"2026",1,"Winter",2016-01-05,2016-07-02,114.096774193548,FALSE,"2016",1,"Winter","G-coded","male",">=7",120.12,">60",FALSE,FALSE,FALSE,FALSE,FALSE,FALSE,FALSE,FALSE,FALSE,FALSE,1,1,"singleton",0,1,0,0,0,1,0,1,0,1,0,1,"Upper tail"
"202287",62.59,3,2026-01-04,"21219011",51.2,"260007","7402563907","91133",1199,"2026",1,"Winter",2020-10-04,2021-04-02,57.0645161290323,FALSE,"2020",10,"Autumn","non-G-coded","female","3",62.59,">60",FALSE,FALSE,FALSE,FALSE,FALSE,FALSE,FALSE,FALSE,FALSE,FALSE,1,1,"singleton",0,1,0,0,0,1,0,0,0,0,0,1,"Upper tail"
"201968",64.89,3,2026-01-03,"41121286",57.2,"G62005","606244","01557",1203,"2026",1,"Winter",2020-08-03,2021-02-02,59.0322580645161,FALSE,"2020",8,"Summer","G-coded","male","3",64.89,">60",FALSE,FALSE,FALSE,FALSE,FALSE,FALSE,FALSE,FALSE,FALSE,FALSE,1,1,"singleton",0,1,0,1,0,1,0,1,0,1,0,1,"Upper tail"
"70433",102.33,7,2026-01-02,"65123933",60.2,"260003",NA,NA,1210,"2026",1,"Winter",2017-07-02,2018-01-02,96,FALSE,"2017",7,"Summer","non-G-coded","female",">=7",102.33,">60",FALSE,FALSE,FALSE,FALSE,FALSE,FALSE,FALSE,FALSE,FALSE,FALSE,1,1,"singleton",0,1,0,1,0,1,0,1,0,1,1,1,"Upper tail"
"70194",105.33,7,2026-01-01,"65123650",64,"G62000",NA,NA,1213,"2026",1,"Winter",2017-04-01,2017-10-02,98.9677419354839,FALSE,"2017",4,"Spring","G-coded","male",">=7",105.33,">60",FALSE,FALSE,FALSE,FALSE,FALSE,FALSE,FALSE,FALSE,FALSE,FALSE,1,1,"singleton",0,1,0,1,0,1,0,1,0,1,1,1,"Upper tail"
"801093",84.48,6,2025-12-31,"41121286",61.12,"G53607","171790","LX221",1217,"2025",12,"Winter",2018-12-31,2019-07-02,77.9354838709677,FALSE,"2018",12,"Winter","G-coded","male","6",84.48,">60",FALSE,FALSE,FALSE,FALSE,FALSE,FALSE,FALSE,FALSE,FALSE,FALSE,1,1,"singleton",0,1,0,1,0,1,0,1,0,1,1,12,"Upper tail"
"224056",47.9,3,2025-12-31,"41121286",59.8,"G53608","871041","50974",1222,"2025",12,"Winter",2021-12-31,2022-07-02,41.9354838709677,FALSE,"2021",12,"Winter","G-coded","male","3",47.9,"43-60",FALSE,FALSE,FALSE,FALSE,FALSE,FALSE,FALSE,FALSE,FALSE,FALSE,1,1,"singleton",0,1,0,1,0,1,0,1,0,1,0,12,"Upper tail"
"225182",39.38,2,2025-12-30,"41121286",52.4,"251544L","甘露606318","01099",1231,"2025",12,"Winter",2022-09-30,2023-04-02,32.9032258064516,FALSE,"2022",9,"Autumn","non-G-coded","female","2",39.38,"31-42",FALSE,FALSE,FALSE,FALSE,FALSE,FALSE,FALSE,FALSE,FALSE,FALSE,1,1,"singleton",0,1,0,1,0,1,0,0,0,0,0,12,"Upper tail"
"60144",117.23,5,2025-12-28,"41121286",57.2,"G53601",NA,NA,1235,"2025",12,"Winter",2016-03-28,2016-10-02,110.838709677419,FALSE,"2016",3,"Spring","G-coded","male","5",117.23,">60",FALSE,FALSE,FALSE,FALSE,FALSE,FALSE,FALSE,FALSE,FALSE,FALSE,1,1,"singleton",0,1,0,1,0,1,0,1,0,1,0,12,"Upper tail"
"62112",119.1,7,2025-12-28,"65123933",60.4,"G53599",NA,NA,1237,"2025",12,"Winter",2016-01-28,2016-08-02,112.838709677419,FALSE,"2016",1,"Winter","G-coded","male",">=7",119.1,">60",FALSE,FALSE,FALSE,FALSE,FALSE,FALSE,FALSE,FALSE,FALSE,FALSE,1,1,"singleton",0,1,0,1,0,1,0,1,0,1,1,12,"Upper tail"
"61882",61.37,3,2025-12-28,"41121286",58.7,"G53602","7402563907","60945",1241,"2025",12,"Winter",2020-11-28,2021-06-02,54.8387096774194,FALSE,"2020",11,"Autumn","G-coded","male","3",61.37,">60",FALSE,FALSE,FALSE,FALSE,FALSE,FALSE,FALSE,FALSE,FALSE,FALSE,1,1,"singleton",0,1,0,1,0,1,0,1,0,1,0,12,"Upper tail"
"225334",38,2,2025-12-28,"21219011",59.2,"G53598","606045","202083",1243,"2025",12,"Winter",2022-10-28,2023-05-02,31.8387096774194,FALSE,"2022",10,"Autumn","G-coded","male","2",38,"31-42",FALSE,FALSE,FALSE,FALSE,FALSE,FALSE,FALSE,FALSE,FALSE,FALSE,1,1,"singleton",0,1,0,1,0,1,0,1,0,1,0,12,"Upper tail"
"213425",51.22,3,2025-12-27,"21219011",56.6,"G53595","180781","60468",1248,"2025",12,"Winter",2021-09-27,2022-04-02,44.8064516129032,FALSE,"2021",9,"Autumn","G-coded","male","3",51.22,"43-60",FALSE,FALSE,FALSE,FALSE,FALSE,FALSE,FALSE,FALSE,FALSE,FALSE,1,1,"singleton",0,1,0,0,0,1,0,1,0,1,0,12,"Upper tail"
"213277",52.01,3,2025-12-26,"21219011",57.3,"251534","2544424506","70371",1250,"2025",12,"Winter",2021-08-26,2022-03-02,45.7741935483871,FALSE,"2021",8,"Summer","non-G-coded","female","3",52.01,"43-60",FALSE,FALSE,FALSE,FALSE,FALSE,FALSE,FALSE,FALSE,FALSE,FALSE,1,1,"singleton",0,1,0,1,0,1,0,1,0,1,0,12,"Upper tail"
"212056",59.73,4,2025-12-26,"21219011",55.2,"G53592","740640209","801133",1253,"2025",12,"Winter",2020-12-26,2021-07-02,53.7741935483871,FALSE,"2020",12,"Winter","G-coded","male","4",59.73,"43-60",FALSE,FALSE,FALSE,FALSE,FALSE,FALSE,FALSE,FALSE,FALSE,FALSE,1,1,"singleton",0,1,0,0,0,1,0,1,0,1,0,12,"Upper tail"
"00580",79.52,5,2025-12-25,"21219011",50.2,"251530","167285","60602",1255,"2025",12,"Winter",2019-04-25,2019-11-02,73.741935483871,FALSE,"2019",4,"Spring","non-G-coded","female","5",79.52,">60",FALSE,FALSE,FALSE,FALSE,FALSE,FALSE,FALSE,FALSE,FALSE,FALSE,1,1,"singleton",0,1,0,0,0,1,0,0,0,0,0,12,"Upper tail"
"800968",84.81,6,2025-12-25,"41121286",50.2,"251532","171350","62649",1258,"2025",12,"Winter",2018-11-25,2019-06-02,78.741935483871,FALSE,"2018",11,"Autumn","non-G-coded","female","6",84.81,">60",FALSE,FALSE,FALSE,FALSE,FALSE,FALSE,FALSE,FALSE,FALSE,FALSE,1,1,"singleton",0,1,0,0,0,1,0,0,0,0,0,12,"Upper tail"
"212120",59.5,2,2025-12-25,"41121286",58.6,"G53590","7402563907","62222",1259,"2025",12,"Winter",2020-12-25,2021-07-02,53.741935483871,FALSE,"2020",12,"Winter","G-coded","male","2",59.5,"43-60",FALSE,FALSE,FALSE,FALSE,FALSE,FALSE,FALSE,FALSE,FALSE,FALSE,1,1,"singleton",0,1,0,1,0,1,0,1,0,1,0,12,"Upper tail"
"61130",119.36,6,2025-12-25,"65123650",60,"G53589",NA,NA,1260,"2025",12,"Winter",2016-01-25,2016-08-02,112.741935483871,FALSE,"2016",1,"Winter","G-coded","male","6",119.36,">60",FALSE,FALSE,FALSE,FALSE,FALSE,FALSE,FALSE,FALSE,FALSE,FALSE,1,1,"singleton",0,1,0,1,0,1,0,1,0,1,0,12,"Upper tail"
"62345",118.7,7,2025-12-24,"65123933",51.5,"251526",NA,NA,1263,"2025",12,"Winter",2016-01-24,2016-08-02,112.709677419355,FALSE,"2016",1,"Winter","non-G-coded","female",">=7",118.7,">60",FALSE,FALSE,FALSE,FALSE,FALSE,FALSE,FALSE,FALSE,FALSE,FALSE,1,1,"singleton",0,1,0,0,0,1,0,0,0,0,0,12,"Upper tail"
"01380",66.73,4,2025-12-24,"41121286",56.6,"G53587","865530","61003",1264,"2025",12,"Winter",2020-05-24,2020-12-02,60.7096774193548,FALSE,"2020",5,"Spring","G-coded","male","4",66.73,">60",FALSE,FALSE,FALSE,FALSE,FALSE,FALSE,FALSE,FALSE,FALSE,FALSE,1,1,"singleton",0,1,0,0,0,1,0,1,0,1,0,12,"Upper tail"
"62265",118.44,8,2025-12-24,"65123650",54.6,"251525",NA,NA,1265,"2025",12,"Winter",2016-02-24,2016-09-02,111.709677419355,FALSE,"2016",2,"Winter","non-G-coded","female",">=7",118.44,">60",FALSE,FALSE,FALSE,FALSE,FALSE,FALSE,FALSE,FALSE,FALSE,FALSE,1,1,"singleton",0,1,0,1,0,1,0,1,0,0,0,12,"Upper tail"
"60285",116.01,8,2025-12-24,"65123933",53.2,"251527",NA,NA,1266,"2025",12,"Winter",2016-04-24,2016-11-02,109.709677419355,FALSE,"2016",4,"Spring","non-G-coded","female",">=7",116.01,">60",FALSE,FALSE,FALSE,FALSE,FALSE,FALSE,FALSE,FALSE,FALSE,FALSE,1,1,"singleton",0,1,0,1,0,1,0,1,0,0,0,12,"Upper tail"
"234224",34.29,2,2025-12-23,"41121286",58.1,"251519","854773威吉吉","60144",1267,"2025",12,"Winter",2023-02-23,2023-09-02,27.6774193548387,FALSE,"2023",2,"Winter","non-G-coded","female","2",34.29,"31-42",FALSE,FALSE,FALSE,FALSE,FALSE,FALSE,FALSE,FALSE,FALSE,FALSE,1,1,"singleton",0,1,0,1,0,1,0,1,0,1,0,12,"Upper tail"
"212849",55.52,3,2025-12-23,"21219011",52.4,"251517",NA,NA,1274,"2025",12,"Winter",2021-04-23,2021-11-02,49.6774193548387,FALSE,"2021",4,"Spring","non-G-coded","female","3",55.52,"43-60",FALSE,FALSE,FALSE,FALSE,FALSE,FALSE,FALSE,FALSE,FALSE,FALSE,1,1,"singleton",0,1,0,1,0,1,0,0,0,0,0,12,"Upper tail"
"224473",45.13,2,2025-12-23,"41121286",57.2,"G53586","2545109367","62481",1275,"2025",12,"Winter",2022-03-23,2022-10-02,38.6774193548387,FALSE,"2022",3,"Spring","G-coded","male","2",45.13,"43-60",FALSE,FALSE,FALSE,FALSE,FALSE,FALSE,FALSE,FALSE,FALSE,FALSE,1,1,"singleton",0,1,0,1,0,1,0,1,0,1,0,12,"Upper tail"
"213707",49.34,2,2025-12-23,"41121286",59.3,"G53585","606306","70558",1276,"2025",12,"Winter",2021-11-23,2022-06-02,42.6774193548387,FALSE,"2021",11,"Autumn","G-coded","male","2",49.34,"43-60",FALSE,FALSE,FALSE,FALSE,FALSE,FALSE,FALSE,FALSE,FALSE,FALSE,1,1,"singleton",0,1,0,1,0,1,0,1,0,1,0,12,"Upper tail"
"202454",61.47,4,2025-12-22,"41121286",52.3,"251514","163940","801091",1277,"2025",12,"Winter",2020-11-22,2021-06-02,54.6451612903226,FALSE,"2020",11,"Autumn","non-G-coded","female","4",61.47,">60",FALSE,FALSE,FALSE,FALSE,FALSE,FALSE,FALSE,FALSE,FALSE,FALSE,1,1,"singleton",0,1,0,1,0,1,0,0,0,0,0,12,"Upper tail"
"62206",118.38,7,2025-12-21,"65123650",49.8,"251510",NA,NA,1284,"2025",12,"Winter",2016-02-21,2016-09-02,111.612903225806,FALSE,"2016",2,"Winter","non-G-coded","female",">=7",118.38,">60",FALSE,FALSE,FALSE,FALSE,FALSE,FALSE,FALSE,FALSE,FALSE,FALSE,1,1,"singleton",0,1,0,0,0,1,0,0,0,0,0,12,"Upper tail"
"212612L",56.34,3,2025-12-20,"21219011",55.3,"251509",NA,NA,1285,"2025",12,"Winter",2021-04-20,2021-11-02,49.5806451612903,FALSE,"2021",4,"Spring","non-G-coded","female","3",56.34,"43-60",FALSE,FALSE,FALSE,FALSE,FALSE,FALSE,FALSE,FALSE,FALSE,FALSE,1,1,"singleton",0,1,0,1,0,1,0,1,0,1,0,12,"Upper tail"
"91150",119,7,2025-12-20,"65123650",54.6,"G53578",NA,NA,1288,"2025",12,"Winter",2016-01-20,2016-08-02,112.58064516129,FALSE,"2016",1,"Winter","G-coded","male",">=7",119,">60",FALSE,FALSE,FALSE,FALSE,FALSE,FALSE,FALSE,FALSE,FALSE,FALSE,1,1,"singleton",0,1,0,0,0,1,0,1,0,0,0,12,"Upper tail"
"212174",59.01,3,2025-12-20,"41121286",59.2,"G53579","180781","60735",1290,"2025",12,"Winter",2021-01-20,2021-08-02,52.5806451612903,FALSE,"2021",1,"Winter","G-coded","male","3",59.01,"43-60",FALSE,FALSE,FALSE,FALSE,FALSE,FALSE,FALSE,FALSE,FALSE,FALSE,1,1,"singleton",0,1,0,1,0,1,0,1,0,1,0,12,"Upper tail"
"202448",61.47,4,2025-12-20,"21219011",58,"G53577",NA,NA,1295,"2025",12,"Winter",2020-11-20,2021-06-02,54.5806451612903,FALSE,"2020",11,"Autumn","G-coded","male","4",61.47,">60",FALSE,FALSE,FALSE,FALSE,FALSE,FALSE,FALSE,FALSE,FALSE,FALSE,1,1,"singleton",0,1,0,1,0,1,0,1,0,1,0,12,"Upper tail"
"212087",55.92,3,2025-12-19,"41121286",58.4,"G53562",NA,NA,1297,"2025",12,"Winter",2021-04-19,2021-11-02,49.5483870967742,FALSE,"2021",4,"Spring","G-coded","male","3",55.92,"43-60",FALSE,FALSE,FALSE,FALSE,FALSE,FALSE,FALSE,FALSE,FALSE,FALSE,1,1,"singleton",0,1,0,1,0,1,0,1,0,1,0,12,"Upper tail"
"225481",36.39,2,2025-12-19,"41121286",53.7,"251489","甘露606318","62044",1300,"2025",12,"Winter",2022-12-19,2023-07-02,29.5483870967742,FALSE,"2022",12,"Winter","non-G-coded","female","2",36.39,"31-42",FALSE,FALSE,FALSE,FALSE,FALSE,FALSE,FALSE,FALSE,FALSE,FALSE,1,1,"singleton",0,1,0,1,0,1,0,1,0,0,0,12,"Upper tail"
"70008",107.73,8,2025-12-19,"65123933",59.3,"251488","426864","40245",1305,"2025",12,"Winter",2016-12-19,2017-07-02,101.548387096774,FALSE,"2016",12,"Winter","non-G-coded","female",">=7",107.73,">60",FALSE,FALSE,FALSE,FALSE,FALSE,FALSE,FALSE,FALSE,FALSE,FALSE,1,1,"singleton",0,1,0,1,0,1,0,1,0,1,0,12,"Upper tail"
"212143",59.14,4,2025-12-18,"21219011",64.4,"G53551",NA,NA,1310,"2025",12,"Winter",2021-01-18,2021-08-02,52.5161290322581,FALSE,"2021",1,"Winter","G-coded","male","4",59.14,"43-60",FALSE,FALSE,FALSE,FALSE,FALSE,FALSE,FALSE,FALSE,FALSE,FALSE,1,1,"singleton",0,1,0,1,0,1,0,1,0,1,1,12,"Upper tail"
"60300",115.65,8,2025-12-18,"65123933",50.8,"251483",NA,NA,1311,"2025",12,"Winter",2016-04-18,2016-11-02,109.516129032258,FALSE,"2016",4,"Spring","non-G-coded","female",">=7",115.65,">60",FALSE,FALSE,FALSE,FALSE,FALSE,FALSE,FALSE,FALSE,FALSE,FALSE,1,1,"singleton",0,1,0,0,0,1,0,0,0,0,0,12,"Upper tail"
"01208",73.64,4,2025-12-18,"41120238",54.8,"G53552","186756","60528",1315,"2025",12,"Winter",2019-10-18,2020-05-02,67.5161290322581,FALSE,"2019",10,"Autumn","G-coded","male","4",73.64,">60",FALSE,FALSE,FALSE,FALSE,FALSE,FALSE,FALSE,FALSE,FALSE,FALSE,1,1,"singleton",0,1,0,0,0,1,0,1,0,0,0,12,"Upper tail"
"201010",71.5,5,2025-12-17,"41121286",52.2,"251505","186756","L40967",1316,"2025",12,"Winter",2019-12-17,2020-07-02,65.4838709677419,FALSE,"2019",12,"Winter","non-G-coded","female","5",71.5,">60",FALSE,FALSE,FALSE,FALSE,FALSE,FALSE,FALSE,FALSE,FALSE,FALSE,1,1,"singleton",0,1,0,1,0,1,0,0,0,0,0,12,"Upper tail"
"62581",118.21,8,2025-12-17,"65123933",55.6,"251506",NA,NA,1318,"2025",12,"Winter",2016-02-17,2016-09-02,111.483870967742,FALSE,"2016",2,"Winter","non-G-coded","female",">=7",118.21,">60",FALSE,FALSE,FALSE,FALSE,FALSE,FALSE,FALSE,FALSE,FALSE,FALSE,1,1,"singleton",0,1,0,1,0,1,0,1,0,1,0,12,"Upper tail"
"60235",116.07,8,2025-12-14,"65123933",51.6,"251479","179398","10558",1337,"2025",12,"Winter",2016-04-14,2016-11-02,109.387096774194,FALSE,"2016",4,"Spring","non-G-coded","female",">=7",116.07,">60",FALSE,FALSE,FALSE,FALSE,FALSE,FALSE,FALSE,FALSE,FALSE,FALSE,1,1,"singleton",0,1,0,0,0,1,0,0,0,0,0,12,"Upper tail"
"224069",47.27,3,2025-12-14,"41121286",56.2,"G53565","6868671111","62491",1338,"2025",12,"Winter",2022-01-14,2022-08-02,40.3870967741936,FALSE,"2022",1,"Winter","G-coded","male","3",47.27,"43-60",FALSE,FALSE,FALSE,FALSE,FALSE,FALSE,FALSE,FALSE,FALSE,FALSE,1,1,"singleton",0,1,0,0,0,1,0,1,0,1,0,12,"Upper tail"
"201684",67,5,2025-12-14,"41121286",54.8,"G53567","606244","61825",1340,"2025",12,"Winter",2020-05-14,2020-12-02,60.3870967741936,FALSE,"2020",5,"Spring","G-coded","male","5",67,">60",FALSE,FALSE,FALSE,FALSE,FALSE,FALSE,FALSE,FALSE,FALSE,FALSE,1,1,"singleton",0,1,0,0,0,1,0,1,0,0,0,12,"Upper tail"
"213378",51.08,2,2025-12-14,"41121286",59.2,"G53547","2544424506","70696",1342,"2025",12,"Winter",2021-09-14,2022-04-02,44.3870967741936,FALSE,"2021",9,"Autumn","G-coded","male","2",51.08,"43-60",FALSE,FALSE,FALSE,FALSE,FALSE,FALSE,FALSE,FALSE,FALSE,FALSE,1,1,"singleton",0,1,0,1,0,1,0,1,0,1,0,12,"Upper tail"
"H202690",104.77,7,2025-12-14,"65123933",54.3,"251495",NA,NA,1343,"2025",12,"Winter",2017-03-14,2017-10-02,98.3870967741936,FALSE,"2017",3,"Spring","non-G-coded","female",">=7",104.77,">60",FALSE,FALSE,FALSE,FALSE,FALSE,FALSE,FALSE,FALSE,FALSE,FALSE,1,1,"singleton",0,1,0,1,0,1,0,1,0,0,0,12,"Upper tail"
"213846",48.09,3,2025-12-13,"41121286",58.7,"G53545",NA,NA,1354,"2025",12,"Winter",2021-12-13,2022-07-02,41.3548387096774,FALSE,"2021",12,"Winter","G-coded","male","3",48.09,"43-60",FALSE,FALSE,FALSE,FALSE,FALSE,FALSE,FALSE,FALSE,FALSE,FALSE,1,1,"singleton",0,1,0,1,0,1,0,1,0,1,0,12,"Upper tail"
"801148",83.56,6,2025-12-13,"41121286",61.8,"G53546","171790","62344",1355,"2025",12,"Winter",2018-12-13,2019-07-02,77.3548387096774,FALSE,"2018",12,"Winter","G-coded","male","6",83.56,">60",FALSE,FALSE,FALSE,FALSE,FALSE,FALSE,FALSE,FALSE,FALSE,FALSE,1,1,"singleton",0,1,0,1,0,1,0,1,0,1,1,12,"Upper tail"
"60169",116.5,8,2025-12-13,"65123933",52.5,"251491",NA,NA,1356,"2025",12,"Winter",2016-04-13,2016-11-02,109.354838709677,FALSE,"2016",4,"Spring","non-G-coded","female",">=7",116.5,">60",FALSE,FALSE,FALSE,FALSE,FALSE,FALSE,FALSE,FALSE,FALSE,FALSE,1,1,"singleton",0,1,0,1,0,1,0,1,0,0,0,12,"Upper tail"
"213619",49.57,3,2025-12-12,"41121286",52.6,"251471","6868671111","50586",1361,"2025",12,"Winter",2021-10-12,2022-05-02,43.3225806451613,FALSE,"2021",10,"Autumn","non-G-coded","female","3",49.57,"43-60",FALSE,FALSE,FALSE,FALSE,FALSE,FALSE,FALSE,FALSE,FALSE,FALSE,1,1,"singleton",0,1,0,1,0,1,0,1,0,0,0,12,"Upper tail"
"H201560",81.33,6,2025-12-12,"41121286",51.4,"251472","171790","61691",1364,"2025",12,"Winter",2019-03-12,2019-10-02,74.3225806451613,FALSE,"2019",3,"Spring","non-G-coded","female","6",81.33,">60",FALSE,FALSE,FALSE,FALSE,FALSE,FALSE,FALSE,FALSE,FALSE,FALSE,1,1,"singleton",0,1,0,0,0,1,0,0,0,0,0,12,"Upper tail"
"00434",64.04,4,2025-12-11,"41121286",51.5,"251470","606244","60023",1365,"2025",12,"Winter",2020-08-11,2021-03-02,57.2903225806452,FALSE,"2020",8,"Summer","non-G-coded","female","4",64.04,">60",FALSE,FALSE,FALSE,FALSE,FALSE,FALSE,FALSE,FALSE,FALSE,FALSE,1,1,"singleton",0,1,0,0,0,1,0,0,0,0,0,12,"Upper tail"
"H235207",82.94,6,2025-12-09,"41121286",52.6,"251460","171790","62029",1375,"2025",12,"Winter",2019-01-09,2019-08-02,76.2258064516129,FALSE,"2019",1,"Winter","non-G-coded","female","6",82.94,">60",FALSE,FALSE,FALSE,FALSE,FALSE,FALSE,FALSE,FALSE,FALSE,FALSE,1,1,"singleton",0,1,0,1,0,1,0,1,0,0,0,12,"Upper tail"
"00425",79.91,4,2025-12-09,"41121286",55.4,"G53539L","171790","62439",1376,"2025",12,"Winter",2019-04-09,2019-11-02,73.2258064516129,FALSE,"2019",4,"Spring","G-coded","male","4",79.91,">60",FALSE,FALSE,FALSE,FALSE,FALSE,FALSE,FALSE,FALSE,FALSE,FALSE,1,1,"singleton",0,1,0,0,0,1,0,1,0,1,0,12,"Upper tail"
"H213309",84.29,6,2025-12-08,"21219011",53.4,"251455","171350","61857",1390,"2025",12,"Winter",2018-12-08,2019-07-02,77.1935483870968,FALSE,"2018",12,"Winter","non-G-coded","female","6",84.29,">60",FALSE,FALSE,FALSE,FALSE,FALSE,FALSE,FALSE,FALSE,FALSE,FALSE,1,1,"singleton",0,1,0,1,0,1,0,1,0,0,0,12,"Upper tail"
"201698",66.7,3,2025-12-08,"21219011",55.2,"G53535","606244","70179",1391,"2025",12,"Winter",2020-05-08,2020-12-02,60.1935483870968,FALSE,"2020",5,"Spring","G-coded","male","3",66.7,">60",FALSE,FALSE,FALSE,FALSE,FALSE,FALSE,FALSE,FALSE,FALSE,FALSE,1,1,"singleton",0,1,0,0,0,1,0,1,0,1,0,12,"Upper tail"
"212445",56.87,3,2025-12-07,"41120238",56.6,"G53524",NA,NA,1396,"2025",12,"Winter",2021-03-07,2021-10-02,50.1612903225806,FALSE,"2021",3,"Spring","G-coded","male","3",56.87,"43-60",FALSE,FALSE,FALSE,FALSE,FALSE,FALSE,FALSE,FALSE,FALSE,FALSE,1,1,"singleton",0,1,0,0,0,1,0,1,0,1,0,12,"Upper tail"
"212967",32.81,1,2025-12-07,"41121296",52.6,"251452","854773威吉吉","01451",1406,"2025",12,"Winter",2023-03-07,2023-10-02,26.1612903225806,FALSE,"2023",3,"Spring","non-G-coded","female","1",32.81,"31-42",FALSE,FALSE,FALSE,FALSE,FALSE,FALSE,FALSE,FALSE,FALSE,FALSE,1,1,"singleton",0,1,0,1,0,1,0,1,0,0,0,12,"Upper tail"
"224078",46.88,3,2025-12-05,"41121286",59.3,"G53515","6868671111","ZL800025",1412,"2025",12,"Winter",2022-01-05,2022-08-02,40.0967741935484,FALSE,"2022",1,"Winter","G-coded","male","3",46.88,"43-60",FALSE,FALSE,FALSE,FALSE,FALSE,FALSE,FALSE,FALSE,FALSE,FALSE,1,1,"singleton",0,1,0,1,0,1,0,1,0,1,0,12,"Upper tail"
"213862",47.7,3,2025-12-05,"41121286",55.8,"251094","6868671111","61420",1420,"2025",12,"Winter",2021-12-05,2022-07-02,41.0967741935484,FALSE,"2021",12,"Winter","non-G-coded","female","3",47.7,"43-60",FALSE,FALSE,FALSE,FALSE,FALSE,FALSE,FALSE,FALSE,FALSE,FALSE,1,1,"singleton",0,1,0,1,0,1,0,1,0,1,0,12,"Upper tail"
"00698",78.21,5,2025-12-05,"41121286",53.6,"251442",NA,NA,1421,"2025",12,"Winter",2019-06-05,2020-01-02,71.0967741935484,FALSE,"2019",6,"Summer","non-G-coded","female","5",78.21,">60",FALSE,FALSE,FALSE,FALSE,FALSE,FALSE,FALSE,FALSE,FALSE,FALSE,1,1,"singleton",0,1,0,1,0,1,0,1,0,0,0,12,"Upper tail"
"H225512",35.47,2,2025-12-05,"41121286",56.3,"G53523","606045","201069",1423,"2025",12,"Winter",2023-01-05,2023-08-02,28.0967741935484,FALSE,"2023",1,"Winter","G-coded","male","2",35.47,"31-42",FALSE,FALSE,FALSE,FALSE,FALSE,FALSE,FALSE,FALSE,FALSE,FALSE,1,1,"singleton",0,1,0,0,0,1,0,1,0,1,0,12,"Upper tail"
"213264",48.92,2,2025-12-05,"41121286",51.8,"251435",NA,NA,1424,"2025",12,"Winter",2021-11-05,2022-06-02,42.0967741935484,FALSE,"2021",11,"Autumn","non-G-coded","female","2",48.92,"43-60",FALSE,FALSE,FALSE,FALSE,FALSE,FALSE,FALSE,FALSE,FALSE,FALSE,1,1,"singleton",0,1,0,1,0,1,0,0,0,0,0,12,"Upper tail"
"224120",46.58,2,2025-12-05,"41121286",62.8,"G53516","871041","70685",1428,"2025",12,"Winter",2022-01-05,2022-08-02,40.0967741935484,FALSE,"2022",1,"Winter","G-coded","male","2",46.58,"43-60",FALSE,FALSE,FALSE,FALSE,FALSE,FALSE,FALSE,FALSE,FALSE,FALSE,1,1,"singleton",0,1,0,1,0,1,0,1,0,1,1,12,"Upper tail"
"201225",69.4,5,2025-12-05,"21219011",63.2,"G53519",NA,NA,1431,"2025",12,"Winter",2020-03-05,2020-10-02,62.0967741935484,FALSE,"2020",3,"Spring","G-coded","male","5",69.4,">60",FALSE,FALSE,FALSE,FALSE,FALSE,FALSE,FALSE,FALSE,FALSE,FALSE,1,1,"singleton",0,1,0,1,0,1,0,1,0,1,1,12,"Upper tail"
"224479",44.48,2,2025-12-05,"41121286",52.2,"251040","2545109367","00027",1432,"2025",12,"Winter",2022-04-05,2022-11-02,37.0967741935484,FALSE,"2022",4,"Spring","non-G-coded","female","2",44.48,"43-60",FALSE,FALSE,FALSE,FALSE,FALSE,FALSE,FALSE,FALSE,FALSE,FALSE,1,1,"singleton",0,1,0,1,0,1,0,0,0,0,0,12,"Upper tail"
"212308",57.53,4,2025-12-04,"21219011",52.4,"251429","606306","90014",1434,"2025",12,"Winter",2021-02-04,2021-09-02,51.0645161290323,FALSE,"2021",2,"Winter","non-G-coded","female","4",57.53,"43-60",FALSE,FALSE,FALSE,FALSE,FALSE,FALSE,FALSE,FALSE,FALSE,FALSE,1,1,"singleton",0,1,0,1,0,1,0,0,0,0,0,12,"Upper tail"
"00691",74.98,5,2025-12-04,"41121286",58.2,"G53504",NA,NA,1438,"2025",12,"Winter",2019-09-04,2020-04-02,68.0645161290323,FALSE,"2019",9,"Autumn","G-coded","male","5",74.98,">60",FALSE,FALSE,FALSE,FALSE,FALSE,FALSE,FALSE,FALSE,FALSE,FALSE,1,1,"singleton",0,1,0,1,0,1,0,1,0,1,0,12,"Upper tail"
"65024",114.66,6,2025-12-04,"65123650",53.6,"251430",NA,NA,1442,"2025",12,"Winter",2016-05-04,2016-12-02,108.064516129032,FALSE,"2016",5,"Spring","non-G-coded","female","6",114.66,">60",FALSE,FALSE,FALSE,FALSE,FALSE,FALSE,FALSE,FALSE,FALSE,FALSE,1,1,"singleton",0,1,0,1,0,1,0,1,0,0,0,12,"Upper tail"
"202068",85.83,5,2025-12-02,"41121286",55.1,"G53495","171350","61531",1466,"2025",12,"Winter",2018-10-02,2019-05-02,79,FALSE,"2018",10,"Autumn","G-coded","male","5",85.83,">60",FALSE,FALSE,FALSE,FALSE,FALSE,FALSE,FALSE,FALSE,FALSE,FALSE,1,1,"singleton",0,1,0,0,0,1,0,1,0,1,0,12,"Upper tail"
"202424",60.98,4,2025-12-02,"41121286",62.6,"G53496","163940","62092",1468,"2025",12,"Winter",2020-11-02,2021-06-02,54,FALSE,"2020",11,"Autumn","G-coded","male","4",60.98,">60",FALSE,FALSE,FALSE,FALSE,FALSE,FALSE,FALSE,FALSE,FALSE,FALSE,1,1,"singleton",0,1,0,1,0,1,0,1,0,1,1,12,"Upper tail"
"H213256",67,4,2025-12-01,"21219011",56.6,"251409","606244","60339",1474,"2025",12,"Winter",2020-05-01,2020-12-02,59.9666666666667,FALSE,"2020",5,"Spring","non-G-coded","female","4",67,">60",FALSE,FALSE,FALSE,FALSE,FALSE,FALSE,FALSE,FALSE,FALSE,FALSE,1,1,"singleton",0,1,0,1,0,1,0,1,0,1,0,12,"Upper tail"
"00173",81.53,4,2025-12-01,"41121286",63.4,"G53494","171790","62145",1475,"2025",12,"Winter",2019-02-01,2019-09-02,74.9666666666667,FALSE,"2019",2,"Winter","G-coded","male","4",81.53,">60",FALSE,FALSE,FALSE,FALSE,FALSE,FALSE,FALSE,FALSE,FALSE,FALSE,1,1,"singleton",0,1,0,1,0,1,0,1,0,1,1,12,"Upper tail"
"00475",79.19,5,2025-11-30,"41121286",56,"G53486",NA,NA,1487,"2025",11,"Autumn",2019-04-30,2019-12-02,71.9333333333333,FALSE,"2019",4,"Spring","G-coded","male","5",79.19,">60",FALSE,FALSE,FALSE,FALSE,FALSE,FALSE,FALSE,FALSE,FALSE,FALSE,1,1,"singleton",0,1,0,0,0,1,0,1,0,1,0,11,"Upper tail"
"62478",117.26,7,2025-11-30,"21219011",50.4,"251404",NA,NA,1488,"2025",11,"Autumn",2016-02-29,2016-10-02,109.933333333333,FALSE,"2016",2,"Winter","non-G-coded","female",">=7",117.26,">60",FALSE,FALSE,FALSE,FALSE,FALSE,FALSE,FALSE,FALSE,FALSE,FALSE,1,1,"singleton",0,1,0,0,0,1,0,0,0,0,0,11,"Upper tail"
"212673",46.58,2,2025-11-28,"41121286",56.3,"G53474","871041","01269",1500,"2025",11,"Autumn",2021-12-28,2022-08-02,39.8666666666667,FALSE,"2021",12,"Winter","G-coded","male","2",46.58,"43-60",FALSE,FALSE,FALSE,FALSE,FALSE,FALSE,FALSE,FALSE,FALSE,FALSE,1,1,"singleton",0,1,0,0,0,1,0,1,0,1,0,11,"Upper tail"
"00199",81.16,6,2025-11-28,"41121286",57.4,"G53478","171790","61571",1505,"2025",11,"Autumn",2019-02-28,2019-10-02,73.8666666666667,FALSE,"2019",2,"Winter","G-coded","male","6",81.16,">60",FALSE,FALSE,FALSE,FALSE,FALSE,FALSE,FALSE,FALSE,FALSE,FALSE,1,1,"singleton",0,1,0,1,0,1,0,1,0,1,0,11,"Upper tail"
"65043",115.61,5,2025-11-28,"65123650",50.4,"251399",NA,NA,1506,"2025",11,"Autumn",2016-03-28,2016-11-02,108.866666666667,FALSE,"2016",3,"Spring","non-G-coded","female","5",115.61,">60",FALSE,FALSE,FALSE,FALSE,FALSE,FALSE,FALSE,FALSE,FALSE,FALSE,1,1,"singleton",0,1,0,0,0,1,0,0,0,0,0,11,"Upper tail"
"212046",59.04,4,2025-11-27,"41121286",51.6,"251394",NA,NA,1509,"2025",11,"Autumn",2020-12-27,2021-08-02,51.8333333333333,FALSE,"2020",12,"Winter","non-G-coded","female","4",59.04,"43-60",FALSE,FALSE,FALSE,FALSE,FALSE,FALSE,FALSE,FALSE,FALSE,FALSE,1,1,"singleton",0,1,0,0,0,1,0,0,0,0,0,11,"Upper tail"
"801133L",83.14,6,2025-11-27,"41121286",56.4,"G53471",NA,NA,1510,"2025",11,"Autumn",2018-12-27,2019-08-02,75.8333333333333,FALSE,"2018",12,"Winter","G-coded","male","6",83.14,">60",FALSE,FALSE,FALSE,FALSE,FALSE,FALSE,FALSE,FALSE,FALSE,FALSE,1,1,"singleton",0,1,0,0,0,1,0,1,0,1,0,11,"Upper tail"
"235463",25.97,1,2025-11-27,"41121286",54.7,"G53470","854282维利纳诺","95102",1511,"2025",11,"Autumn",2023-09-27,2024-05-02,18.8333333333333,FALSE,"2023",9,"Autumn","G-coded","male","1",25.97,"<=30",FALSE,FALSE,FALSE,FALSE,FALSE,FALSE,FALSE,FALSE,FALSE,FALSE,1,1,"singleton",0,1,0,0,0,1,0,1,0,0,0,11,"Upper tail"
"201951",63.77,4,2025-11-25,"41121286",63,"G53462","606244","201715",1529,"2025",11,"Autumn",2020-07-25,2021-03-02,56.7666666666667,FALSE,"2020",7,"Summer","G-coded","male","4",63.77,">60",FALSE,FALSE,FALSE,FALSE,FALSE,FALSE,FALSE,FALSE,FALSE,FALSE,1,1,"singleton",0,1,0,1,0,1,0,1,0,1,1,11,"Upper tail"
"235475",25.81,1,2025-11-24,"21219011",57.4,"G53456","7402563907","800823",1538,"2025",11,"Autumn",2023-09-24,2024-05-02,18.7333333333333,FALSE,"2023",9,"Autumn","G-coded","male","1",25.81,"<=30",FALSE,FALSE,FALSE,FALSE,FALSE,FALSE,FALSE,FALSE,FALSE,FALSE,1,1,"singleton",0,1,0,1,0,1,0,1,0,1,0,11,"Upper tail"
"235012",28.6,1,2025-11-24,"41121286",54.8,"251383",NA,"800147",1544,"2025",11,"Autumn",2023-06-24,2024-02-02,21.7333333333333,FALSE,"2023",6,"Summer","non-G-coded","female","1",28.6,"<=30",FALSE,FALSE,FALSE,FALSE,FALSE,FALSE,FALSE,FALSE,FALSE,FALSE,1,1,"singleton",0,1,0,1,0,1,0,1,0,0,0,11,"Upper tail"
"225064",39.15,1,2025-11-24,"41121286",49.8,"251380",NA,NA,1545,"2025",11,"Autumn",2022-08-24,2023-04-02,31.7333333333333,FALSE,"2022",8,"Summer","non-G-coded","female","1",39.15,"31-42",FALSE,FALSE,FALSE,FALSE,FALSE,FALSE,FALSE,FALSE,FALSE,FALSE,1,1,"singleton",0,1,0,0,0,1,0,0,0,0,0,11,"Upper tail"
"201419",67.75,4,2025-11-24,"41121286",57.2,"G53458","606244","61790",1546,"2025",11,"Autumn",2020-03-24,2020-11-02,60.7333333333333,FALSE,"2020",3,"Spring","G-coded","male","4",67.75,">60",FALSE,FALSE,FALSE,FALSE,FALSE,FALSE,FALSE,FALSE,FALSE,FALSE,1,1,"singleton",0,1,0,1,0,1,0,1,0,1,0,11,"Upper tail"
"70484",100.03,7,2025-11-23,"41121286",59.8,"251378",NA,NA,1553,"2025",11,"Autumn",2017-07-23,2018-03-02,92.7,FALSE,"2017",7,"Summer","non-G-coded","female",">=7",100.03,">60",FALSE,FALSE,FALSE,FALSE,FALSE,FALSE,FALSE,FALSE,FALSE,FALSE,1,1,"singleton",0,1,0,1,0,1,0,1,0,1,0,11,"Upper tail"
"202425",60.65,4,2025-11-22,"41121286",57.8,"251368","7402563907","61165",1561,"2025",11,"Autumn",2020-10-22,2021-06-02,53.6666666666667,FALSE,"2020",10,"Autumn","non-G-coded","female","4",60.65,">60",FALSE,FALSE,FALSE,FALSE,FALSE,FALSE,FALSE,FALSE,FALSE,FALSE,1,1,"singleton",0,1,0,1,0,1,0,1,0,1,0,11,"Upper tail"
"235209",27.35,1,2025-11-22,"41121286",56.8,"G53444","865530狼血","212520",1564,"2025",11,"Autumn",2023-08-22,2024-04-02,19.6666666666667,FALSE,"2023",8,"Summer","G-coded","male","1",27.35,"<=30",FALSE,FALSE,FALSE,FALSE,FALSE,FALSE,FALSE,FALSE,FALSE,FALSE,1,1,"singleton",0,1,0,0,0,1,0,1,0,1,0,11,"Upper tail"
"201526",67.16,4,2025-11-21,"41121286",59.3,"G53442","606244","40253",1567,"2025",11,"Autumn",2020-04-21,2020-12-02,59.6333333333333,FALSE,"2020",4,"Spring","G-coded","male","4",67.16,">60",FALSE,FALSE,FALSE,FALSE,FALSE,FALSE,FALSE,FALSE,FALSE,FALSE,1,1,"singleton",0,1,0,1,0,1,0,1,0,1,0,11,"Upper tail"
"201015",70.64,4,2025-11-21,"41121286",56.4,"G53438","41115278","60442",1573,"2025",11,"Autumn",2019-12-21,2020-08-02,63.6333333333333,FALSE,"2019",12,"Winter","G-coded","male","4",70.64,">60",FALSE,FALSE,FALSE,FALSE,FALSE,FALSE,FALSE,FALSE,FALSE,FALSE,1,1,"singleton",0,1,0,0,0,1,0,1,0,1,0,11,"Upper tail"
"235549",25.05,1,2025-11-21,"41121286",55.1,"G53440","7402563907","70472",1576,"2025",11,"Autumn",2023-10-21,2024-06-02,17.6333333333333,FALSE,"2023",10,"Autumn","G-coded","male","1",25.05,"<=30",FALSE,FALSE,FALSE,FALSE,FALSE,FALSE,FALSE,FALSE,FALSE,FALSE,1,1,"singleton",0,1,0,0,0,1,0,1,0,1,0,11,"Upper tail"
"201741",69.17,4,2025-11-20,"21219011",56.4,"G53430",NA,NA,1583,"2025",11,"Autumn",2020-02-20,2020-10-02,61.6,FALSE,"2020",2,"Winter","G-coded","male","4",69.17,">60",FALSE,FALSE,FALSE,FALSE,FALSE,FALSE,FALSE,FALSE,FALSE,FALSE,1,1,"singleton",0,1,0,0,0,1,0,1,0,1,0,11,"Upper tail"
"60911",118.24,5,2025-11-20,"21219011",52.4,"251360",NA,NA,1585,"2025",11,"Autumn",2016-01-20,2016-09-02,110.6,FALSE,"2016",1,"Winter","non-G-coded","female","5",118.24,">60",FALSE,FALSE,FALSE,FALSE,FALSE,FALSE,FALSE,FALSE,FALSE,FALSE,1,1,"singleton",0,1,0,1,0,1,0,0,0,0,0,11,"Upper tail"
"202378",51.48,3,2025-11-20,"41121286",59.6,"G53433","180781","60657",1590,"2025",11,"Autumn",2021-08-20,2022-04-02,43.6,FALSE,"2021",8,"Summer","G-coded","male","3",51.48,"43-60",FALSE,FALSE,FALSE,FALSE,FALSE,FALSE,FALSE,FALSE,FALSE,FALSE,1,1,"singleton",0,1,0,1,0,1,0,1,0,1,0,11,"Upper tail"
"235437",25.84,1,2025-11-18,"41121286",54,"251348","854282维利纳诺","800952",1611,"2025",11,"Autumn",2023-09-18,2024-05-02,18.5333333333333,FALSE,"2023",9,"Autumn","non-G-coded","female","1",25.84,"<=30",FALSE,FALSE,FALSE,FALSE,FALSE,FALSE,FALSE,FALSE,FALSE,FALSE,1,1,"singleton",0,1,0,1,0,1,0,1,0,0,0,11,"Upper tail"
"62410",117.16,8,2025-11-16,"21219011",51.6,"251339",NA,NA,1631,"2025",11,"Autumn",2016-02-16,2016-10-02,109.466666666667,FALSE,"2016",2,"Winter","non-G-coded","female",">=7",117.16,">60",FALSE,FALSE,FALSE,FALSE,FALSE,FALSE,FALSE,FALSE,FALSE,FALSE,1,1,"singleton",0,1,0,0,0,1,0,0,0,0,0,11,"Upper tail"
"213413",49.87,3,2025-11-14,"21219011",64.3,"G53394","2544424506","60520",1648,"2025",11,"Autumn",2021-09-14,2022-05-02,42.4,FALSE,"2021",9,"Autumn","G-coded","male","3",49.87,"43-60",FALSE,FALSE,FALSE,FALSE,FALSE,FALSE,FALSE,FALSE,FALSE,FALSE,1,1,"singleton",0,1,0,1,0,1,0,1,0,1,1,11,"Upper tail"
"213714",47.99,3,2025-11-14,"41121286",56.8,"G53397","606306","0057",1649,"2025",11,"Autumn",2021-11-14,2022-07-02,40.4,FALSE,"2021",11,"Autumn","G-coded","male","3",47.99,"43-60",FALSE,FALSE,FALSE,FALSE,FALSE,FALSE,FALSE,FALSE,FALSE,FALSE,1,1,"singleton",0,1,0,0,0,1,0,1,0,1,0,11,"Upper tail"
"60989",118.44,6,2025-11-12,"21219011",57.2,"251324",NA,NA,1666,"2025",11,"Autumn",2016-01-12,2016-09-02,110.333333333333,FALSE,"2016",1,"Winter","non-G-coded","female","6",118.44,">60",FALSE,FALSE,FALSE,FALSE,FALSE,FALSE,FALSE,FALSE,FALSE,FALSE,1,1,"singleton",0,1,0,1,0,1,0,1,0,1,0,11,"Upper tail"
"212179",57.73,4,2025-11-12,"21219011",56.4,"G53387","180781","L40180",1669,"2025",11,"Autumn",2021-01-12,2021-09-02,50.3333333333333,FALSE,"2021",1,"Winter","G-coded","male","4",57.73,"43-60",FALSE,FALSE,FALSE,FALSE,FALSE,FALSE,FALSE,FALSE,FALSE,FALSE,1,1,"singleton",0,1,0,0,0,1,0,1,0,1,0,11,"Upper tail"
"212291",56.97,4,2025-11-12,"41121286",54.7,"G53389","606306","91170",1672,"2025",11,"Autumn",2021-02-12,2021-10-02,49.3333333333333,FALSE,"2021",2,"Winter","G-coded","male","4",56.97,"43-60",FALSE,FALSE,FALSE,FALSE,FALSE,FALSE,FALSE,FALSE,FALSE,FALSE,1,1,"singleton",0,1,0,0,0,1,0,1,0,0,0,11,"Upper tail"
"212587",88.46,6,2025-11-09,"41121286",53.4,"251307",NA,NA,1707,"2025",11,"Autumn",2018-07-09,2019-03-02,80.2333333333333,FALSE,"2018",7,"Summer","non-G-coded","female","6",88.46,">60",FALSE,FALSE,FALSE,FALSE,FALSE,FALSE,FALSE,FALSE,FALSE,FALSE,1,1,"singleton",0,1,0,1,0,1,0,1,0,0,0,11,"Upper tail"
"202335",60.45,3,2025-11-08,"41121286",52.7,"251295",NA,NA,1708,"2025",11,"Autumn",2020-11-08,2021-07-02,52.2,FALSE,"2020",11,"Autumn","non-G-coded","female","3",60.45,">60",FALSE,FALSE,FALSE,FALSE,FALSE,FALSE,FALSE,FALSE,FALSE,FALSE,1,1,"singleton",0,1,0,1,0,1,0,1,0,0,0,11,"Upper tail"
"202224",60.95,3,2025-11-06,"21219011",56.3,"G53356","606244","800709",1734,"2025",11,"Autumn",2020-10-06,2021-06-02,53.1333333333333,FALSE,"2020",10,"Autumn","G-coded","male","3",60.95,">60",FALSE,FALSE,FALSE,FALSE,FALSE,FALSE,FALSE,FALSE,FALSE,FALSE,1,1,"singleton",0,1,0,0,0,1,0,1,0,1,0,11,"Upper tail"
"202045",62.29,4,2025-11-06,"65121614",67.6,"G53354","606244","60894",1738,"2025",11,"Autumn",2020-09-06,2021-05-02,54.1333333333333,FALSE,"2020",9,"Autumn","G-coded","male","4",62.29,">60",FALSE,TRUE,FALSE,FALSE,FALSE,FALSE,FALSE,FALSE,FALSE,FALSE,1,1,"singleton",0,1,0,1,0,1,0,1,0,1,1,11,"Upper tail"
"213301",50.2,3,2025-11-05,"41121286",57.8,"G53349",NA,NA,1744,"2025",11,"Autumn",2021-09-05,2022-05-02,42.1,FALSE,"2021",9,"Autumn","G-coded","male","3",50.2,"43-60",FALSE,FALSE,FALSE,FALSE,FALSE,FALSE,FALSE,FALSE,FALSE,FALSE,1,1,"singleton",0,1,0,1,0,1,0,1,0,1,0,11,"Upper tail"
"61269",116.34,8,2025-11-03,"41121286",50.2,"251272",NA,NA,1751,"2025",11,"Autumn",2016-03-03,2016-11-02,108.033333333333,FALSE,"2016",3,"Spring","non-G-coded","female",">=7",116.34,">60",FALSE,FALSE,FALSE,FALSE,FALSE,FALSE,FALSE,FALSE,FALSE,FALSE,1,1,"singleton",0,1,0,0,0,1,0,0,0,0,0,11,"Upper tail"
"212447",55.75,2,2025-11-03,"22217329",54.8,"G53346","180781","60573",1757,"2025",11,"Autumn",2021-03-03,2021-11-02,48.0333333333333,FALSE,"2021",3,"Spring","G-coded","male","2",55.75,"43-60",FALSE,FALSE,FALSE,FALSE,FALSE,FALSE,FALSE,FALSE,FALSE,FALSE,1,1,"singleton",0,1,0,0,0,1,0,1,0,0,0,11,"Upper tail"
"234155",33.04,2,2025-11-02,"41121286",58.3,"G53343","871041文尼哥","800076",1759,"2025",11,"Autumn",2023-02-02,2023-10-02,25,FALSE,"2023",2,"Winter","G-coded","male","2",33.04,"31-42",FALSE,FALSE,FALSE,FALSE,FALSE,FALSE,FALSE,FALSE,FALSE,FALSE,1,1,"singleton",0,1,0,1,0,1,0,1,0,1,0,11,"Upper tail"
"800973",83.07,6,2025-11-02,"41419127",55.2,"251271","171350","62402",1762,"2025",11,"Autumn",2018-12-02,2019-08-02,75,FALSE,"2018",12,"Winter","non-G-coded","female","6",83.07,">60",FALSE,FALSE,FALSE,FALSE,FALSE,FALSE,FALSE,FALSE,FALSE,FALSE,1,1,"singleton",0,1,0,1,0,1,0,1,0,1,0,11,"Upper tail"
"70458",99.67,7,2025-11-02,"41121286",60.4,"G53342",NA,NA,1764,"2025",11,"Autumn",2017-07-02,2018-03-02,92,FALSE,"2017",7,"Summer","G-coded","male",">=7",99.67,">60",FALSE,FALSE,FALSE,FALSE,FALSE,FALSE,FALSE,FALSE,FALSE,FALSE,1,1,"singleton",0,1,0,1,0,1,0,1,0,1,1,11,"Upper tail"
"212276",56.74,4,2025-11-01,"22217329",59.1,"G53337","606306","62292",1766,"2025",11,"Autumn",2021-02-01,2021-10-02,48.9677419354839,FALSE,"2021",2,"Winter","G-coded","male","4",56.74,"43-60",FALSE,FALSE,FALSE,FALSE,FALSE,FALSE,FALSE,FALSE,FALSE,FALSE,1,1,"singleton",0,1,0,1,0,1,0,1,0,1,0,11,"Upper tail"
"70488",99.24,6,2025-11-01,"65121614",56.8,"G53341",NA,NA,1773,"2025",11,"Autumn",2017-08-01,2018-04-02,90.9677419354839,FALSE,"2017",8,"Summer","G-coded","male","6",99.24,">60",FALSE,FALSE,FALSE,FALSE,FALSE,FALSE,FALSE,FALSE,FALSE,FALSE,1,1,"singleton",0,1,0,0,0,1,0,1,0,1,0,11,"Upper tail"
"62438",116.6,8,2025-10-30,"41121286",59.2,"G53331",NA,NA,1781,"2025",10,"Autumn",2016-01-30,2016-10-02,108.903225806452,FALSE,"2016",1,"Winter","G-coded","male",">=7",116.6,">60",FALSE,FALSE,FALSE,FALSE,FALSE,FALSE,FALSE,FALSE,FALSE,FALSE,1,1,"singleton",0,1,0,1,0,1,0,1,0,1,0,10,"Upper tail"
"01478",72.42,3,2025-10-30,"41121286",52.4,"251261",NA,NA,1782,"2025",10,"Autumn",2019-10-30,2020-07-02,63.9032258064516,FALSE,"2019",10,"Autumn","non-G-coded","female","3",72.42,">60",FALSE,FALSE,FALSE,FALSE,FALSE,FALSE,FALSE,FALSE,FALSE,FALSE,1,1,"singleton",0,1,0,1,0,1,0,0,0,0,0,10,"Upper tail"
"H00533",106.87,7,2025-10-30,"41121286",56.6,"G53329",NA,NA,1787,"2025",10,"Autumn",2016-11-30,2017-08-02,98.9032258064516,FALSE,"2016",11,"Autumn","G-coded","male",">=7",106.87,">60",FALSE,FALSE,FALSE,FALSE,FALSE,FALSE,FALSE,FALSE,FALSE,FALSE,1,1,"singleton",0,1,0,0,0,1,0,1,0,1,0,10,"Upper tail"
"H60573",117.13,7,2025-10-30,"41121286",52.4,"251257",NA,NA,1788,"2025",10,"Autumn",2016-01-30,2016-10-02,108.903225806452,FALSE,"2016",1,"Winter","non-G-coded","female",">=7",117.13,">60",FALSE,FALSE,FALSE,FALSE,FALSE,FALSE,FALSE,FALSE,FALSE,FALSE,1,1,"singleton",0,1,0,1,0,1,0,0,0,0,0,10,"Upper tail"
"00880",75.15,5,2025-10-30,"41121286",66.3,"G53326",NA,NA,1789,"2025",10,"Autumn",2019-07-30,2020-04-02,66.9032258064516,FALSE,"2019",7,"Summer","G-coded","male","5",75.15,">60",FALSE,TRUE,FALSE,FALSE,FALSE,FALSE,FALSE,FALSE,FALSE,FALSE,1,1,"singleton",0,1,0,1,0,1,0,1,0,1,1,10,"Upper tail"
"50750",122.58,8,2025-10-29,"65121614",59.8,"251256","189058","10373",1800,"2025",10,"Autumn",2015-07-29,2016-04-02,114.870967741935,FALSE,"2015",7,"Summer","non-G-coded","female",">=7",122.58,">60",FALSE,FALSE,FALSE,FALSE,FALSE,FALSE,FALSE,FALSE,FALSE,FALSE,1,1,"singleton",0,1,0,1,0,1,0,1,0,1,0,10,"Upper tail"
"201891",62.89,4,2025-10-29,"15620193",62.3,"G53316",NA,NA,1803,"2025",10,"Autumn",2020-07-29,2021-04-02,54.8709677419355,FALSE,"2020",7,"Summer","G-coded","male","4",62.89,">60",FALSE,FALSE,FALSE,FALSE,FALSE,FALSE,FALSE,FALSE,FALSE,FALSE,1,1,"singleton",0,1,0,1,0,1,0,1,0,1,1,10,"Upper tail"
"60052",117.09,7,2025-10-27,"41419127",50.3,"251247",NA,NA,1817,"2025",10,"Autumn",2016-01-27,2016-10-02,108.806451612903,FALSE,"2016",1,"Winter","non-G-coded","female",">=7",117.09,">60",FALSE,FALSE,FALSE,FALSE,FALSE,FALSE,FALSE,FALSE,FALSE,FALSE,1,1,"singleton",0,1,0,0,0,1,0,0,0,0,0,10,"Upper tail"
"213174",50.85,3,2025-10-26,"41121286",57.2,"G53304","2544424506","800636",1823,"2025",10,"Autumn",2021-07-26,2022-04-02,42.7741935483871,FALSE,"2021",7,"Summer","G-coded","male","3",50.85,"43-60",FALSE,FALSE,FALSE,FALSE,FALSE,FALSE,FALSE,FALSE,FALSE,FALSE,1,1,"singleton",0,1,0,1,0,1,0,1,0,1,0,10,"Upper tail"
"H20030",97.27,7,2025-10-26,"41121286",50.4,"251243",NA,NA,1826,"2025",10,"Autumn",2017-09-26,2018-06-02,88.7741935483871,FALSE,"2017",9,"Autumn","non-G-coded","female",">=7",97.27,">60",FALSE,FALSE,FALSE,FALSE,FALSE,FALSE,FALSE,FALSE,FALSE,FALSE,1,1,"singleton",0,1,0,0,0,1,0,0,0,0,0,10,"Upper tail"
"213408",49.28,3,2025-10-26,"15619011",55.2,"G53303","180781","x127",1831,"2025",10,"Autumn",2021-09-26,2022-06-02,40.7741935483871,FALSE,"2021",9,"Autumn","G-coded","male","3",49.28,"43-60",FALSE,FALSE,FALSE,FALSE,FALSE,FALSE,FALSE,FALSE,FALSE,FALSE,1,1,"singleton",0,1,0,0,0,1,0,1,0,1,0,10,"Upper tail"
"L212389",55.56,3,2025-10-26,"41121286",52.2,"251241","62544424506","800102",1834,"2025",10,"Autumn",2021-02-26,2021-11-02,47.7741935483871,FALSE,"2021",2,"Winter","non-G-coded","female","3",55.56,"43-60",FALSE,FALSE,FALSE,FALSE,FALSE,FALSE,FALSE,FALSE,FALSE,FALSE,1,1,"singleton",0,1,0,1,0,1,0,0,0,0,0,10,"Upper tail"
"212269",56.48,2,2025-10-23,"41419127",58.4,"251226",NA,NA,1861,"2025",10,"Autumn",2021-02-23,2021-11-02,47.6774193548387,FALSE,"2021",2,"Winter","non-G-coded","female","2",56.48,"43-60",FALSE,FALSE,FALSE,FALSE,FALSE,FALSE,FALSE,FALSE,FALSE,FALSE,1,1,"singleton",0,1,0,1,0,1,0,1,0,1,0,10,"Upper tail"
"234944",27.88,1,2025-10-18,"15619011",49.8,"251208","65108826","213045",1895,"2025",10,"Autumn",2023-06-18,2024-03-02,19.5161290322581,FALSE,"2023",6,"Summer","non-G-coded","female","1",27.88,"<=30",FALSE,FALSE,FALSE,FALSE,FALSE,FALSE,FALSE,FALSE,FALSE,FALSE,1,1,"singleton",0,1,0,0,0,1,0,0,0,0,0,10,"Upper tail"
"60936",117.32,6,2025-10-17,"15620193",55.4,"G53264",NA,NA,1902,"2025",10,"Autumn",2016-01-17,2016-10-02,108.483870967742,FALSE,"2016",1,"Winter","G-coded","male","6",117.32,">60",FALSE,FALSE,FALSE,FALSE,FALSE,FALSE,FALSE,FALSE,FALSE,FALSE,1,1,"singleton",0,1,0,0,0,1,0,1,0,1,0,10,"Upper tail"
"60730",116.8,8,2025-10-17,"15618075",58.1,"G53265",NA,NA,1903,"2025",10,"Autumn",2016-01-17,2016-10-02,108.483870967742,FALSE,"2016",1,"Winter","G-coded","male",">=7",116.8,">60",FALSE,FALSE,FALSE,FALSE,FALSE,FALSE,FALSE,FALSE,FALSE,FALSE,1,1,"singleton",0,1,0,1,0,1,0,1,0,1,0,10,"Upper tail"
"235356",25.38,1,2025-10-17,"15620193",50.2,"251204",NA,NA,1904,"2025",10,"Autumn",2023-09-17,2024-06-02,16.4838709677419,FALSE,"2023",9,"Autumn","non-G-coded","female","1",25.38,"<=30",FALSE,FALSE,FALSE,FALSE,FALSE,FALSE,FALSE,FALSE,FALSE,FALSE,1,1,"singleton",0,1,0,0,0,1,0,0,0,0,0,10,"Upper tail"
"202229",60.22,3,2025-10-16,"15618075",67.8,"G53261",NA,NA,1910,"2025",10,"Autumn",2020-10-16,2021-07-02,51.4516129032258,FALSE,"2020",10,"Autumn","G-coded","male","3",60.22,">60",FALSE,TRUE,FALSE,FALSE,FALSE,FALSE,FALSE,FALSE,FALSE,FALSE,1,1,"singleton",0,1,0,1,0,1,0,1,0,1,1,10,"Upper tail"
"00021",81.39,6,2025-10-15,"15618075",61.4,"G53257","171790","Z61484",1921,"2025",10,"Autumn",2019-01-15,2019-10-02,72.4193548387097,FALSE,"2019",1,"Winter","G-coded","male","6",81.39,">60",FALSE,FALSE,FALSE,FALSE,FALSE,FALSE,FALSE,FALSE,FALSE,FALSE,1,1,"singleton",0,1,0,1,0,1,0,1,0,1,1,10,"Upper tail"
"00360",78.37,4,2025-10-12,"15618075",49.8,"251184",NA,NA,1938,"2025",10,"Autumn",2019-04-12,2020-01-02,69.3225806451613,FALSE,"2019",4,"Spring","non-G-coded","female","4",78.37,">60",FALSE,FALSE,FALSE,FALSE,FALSE,FALSE,FALSE,FALSE,FALSE,FALSE,1,1,"singleton",0,1,0,0,0,1,0,0,0,0,0,10,"Upper tail"
"91118",101.58,6,2025-10-12,"15620193",50.2,"251186",NA,NA,1940,"2025",10,"Autumn",2017-04-12,2018-01-02,93.3225806451613,FALSE,"2017",4,"Spring","non-G-coded","female","6",101.58,">60",FALSE,FALSE,FALSE,FALSE,FALSE,FALSE,FALSE,FALSE,FALSE,FALSE,1,1,"singleton",0,1,0,0,0,1,0,0,0,0,0,10,"Upper tail"
"235144",26.43,1,2025-10-12,"15618075",55.2,"G53391","854773威吉吉","201675",1941,"2025",10,"Autumn",2023-08-12,2024-05-02,17.3225806451613,FALSE,"2023",8,"Summer","G-coded","male","1",26.43,"<=30",FALSE,FALSE,FALSE,FALSE,FALSE,FALSE,FALSE,FALSE,FALSE,FALSE,1,1,"singleton",0,1,0,0,0,1,0,1,0,1,0,10,"Upper tail"
"62358",115.84,7,2025-10-11,"15618075",57.6,"251173",NA,NA,1953,"2025",10,"Autumn",2016-02-11,2016-11-02,107.290322580645,FALSE,"2016",2,"Winter","non-G-coded","female",">=7",115.84,">60",FALSE,FALSE,FALSE,FALSE,FALSE,FALSE,FALSE,FALSE,FALSE,FALSE,1,1,"singleton",0,1,0,1,0,1,0,1,0,1,0,10,"Upper tail"
"235337",25.28,1,2025-10-11,"15618075",55.6,"G53242",NA,NA,1954,"2025",10,"Autumn",2023-09-11,2024-06-02,16.2903225806452,FALSE,"2023",9,"Autumn","G-coded","male","1",25.28,"<=30",FALSE,FALSE,FALSE,FALSE,FALSE,FALSE,FALSE,FALSE,FALSE,FALSE,1,1,"singleton",0,1,0,0,0,1,0,1,0,1,0,10,"Upper tail"
"50370",125.35,7,2025-10-10,"15620193",65.6,"G53236",NA,NA,1972,"2025",10,"Autumn",2015-05-10,2016-02-02,116.258064516129,FALSE,"2015",5,"Spring","G-coded","male",">=7",125.35,">60",FALSE,TRUE,FALSE,FALSE,FALSE,FALSE,FALSE,FALSE,FALSE,FALSE,1,1,"singleton",0,1,0,1,0,1,0,1,0,1,1,10,"Upper tail"
"213461",48.32,1,2025-10-04,"15618075",55.2,"G53564","180781","800336",2007,"2025",10,"Autumn",2021-10-04,2022-07-02,39.0645161290323,FALSE,"2021",10,"Autumn","G-coded","male","1",48.32,"43-60",FALSE,FALSE,FALSE,FALSE,FALSE,FALSE,FALSE,FALSE,FALSE,FALSE,1,1,"singleton",0,1,0,0,0,1,0,1,0,1,0,10,"Upper tail"
"234974",27.19,1,2025-10-04,"15618075",51,"251148","XM-22218621","61424",2008,"2025",10,"Autumn",2023-07-04,2024-04-02,18.0645161290323,FALSE,"2023",7,"Summer","non-G-coded","female","1",27.19,"<=30",FALSE,FALSE,FALSE,FALSE,FALSE,FALSE,FALSE,FALSE,FALSE,FALSE,1,1,"singleton",0,1,0,0,0,1,0,0,0,0,0,10,"Upper tail"
"235147",26.13,1,2025-10-04,"15618075",56.4,"G53210","854773威吉吉","213046",2014,"2025",10,"Autumn",2023-08-04,2024-05-02,17.0645161290323,FALSE,"2023",8,"Summer","G-coded","male","1",26.13,"<=30",FALSE,FALSE,FALSE,FALSE,FALSE,FALSE,FALSE,FALSE,FALSE,FALSE,1,1,"singleton",0,1,0,0,0,1,0,1,0,1,0,10,"Upper tail"
"H20046",69.89,4,2025-10-04,"15618075",54.6,"G53213L",NA,NA,2019,"2025",10,"Autumn",2019-12-04,2020-09-02,61.0645161290323,FALSE,"2019",12,"Winter","G-coded","male","4",69.89,">60",FALSE,FALSE,FALSE,FALSE,FALSE,FALSE,FALSE,FALSE,FALSE,FALSE,1,1,"singleton",0,1,0,0,0,1,0,1,0,0,0,10,"Upper tail"
"201048",68.77,3,2025-10-03,"15618075",53.8,"251142","606244","BU13006",2023,"2025",10,"Autumn",2020-01-03,2020-10-02,60.0322580645161,FALSE,"2020",1,"Winter","non-G-coded","female","3",68.77,">60",FALSE,FALSE,FALSE,FALSE,FALSE,FALSE,FALSE,FALSE,FALSE,FALSE,1,1,"singleton",0,1,0,1,0,1,0,1,0,0,0,10,"Upper tail"
"213285",49.15,2,2025-10-01,"15618075",50.2,"251135","180781","800618",2039,"2025",10,"Autumn",2021-09-01,2022-06-02,39.9666666666667,FALSE,"2021",9,"Autumn","non-G-coded","female","2",49.15,"43-60",FALSE,FALSE,FALSE,FALSE,FALSE,FALSE,FALSE,FALSE,FALSE,FALSE,1,1,"singleton",0,1,0,0,0,1,0,0,0,0,0,10,"Upper tail"
"00786",75.54,5,2025-09-30,"15618075",50.2,"251133","167285","62472",2049,"2025",9,"Autumn",2019-05-30,2020-03-02,66.9333333333333,FALSE,"2019",5,"Spring","non-G-coded","female","5",75.54,">60",FALSE,FALSE,FALSE,FALSE,FALSE,FALSE,FALSE,FALSE,FALSE,FALSE,1,1,"singleton",0,1,0,0,0,1,0,0,0,0,0,9,"Upper tail"
"00186",79.42,5,2025-09-30,"15618075",56.8,"251131",NA,NA,2054,"2025",9,"Autumn",2019-02-28,2019-12-02,69.9333333333333,FALSE,"2019",2,"Winter","non-G-coded","female","5",79.42,">60",FALSE,FALSE,FALSE,FALSE,FALSE,FALSE,FALSE,FALSE,FALSE,FALSE,1,1,"singleton",0,1,0,1,0,1,0,1,0,1,0,9,"Upper tail"
"70744",93.26,6,2025-09-28,"15618075",51.2,"251118",NA,NA,2068,"2025",9,"Autumn",2017-12-28,2018-10-02,83.8666666666667,FALSE,"2017",12,"Winter","non-G-coded","female","6",93.26,">60",FALSE,FALSE,FALSE,FALSE,FALSE,FALSE,FALSE,FALSE,FALSE,FALSE,1,1,"singleton",0,1,0,0,0,1,0,0,0,0,0,9,"Upper tail"
"217030",36.75,2,2025-09-28,"15618075",62.2,"G53185","甘露606318","202315",2073,"2025",9,"Autumn",2022-08-28,2023-06-02,27.8666666666667,FALSE,"2022",8,"Summer","G-coded","male","2",36.75,"31-42",FALSE,FALSE,FALSE,FALSE,FALSE,FALSE,FALSE,FALSE,FALSE,FALSE,1,1,"singleton",0,1,0,1,0,1,0,1,0,1,1,9,"Upper tail"
"61389",115.91,7,2025-09-27,"14121448",56.3,"G53214",NA,NA,2078,"2025",9,"Autumn",2016-01-27,2016-11-02,106.833333333333,FALSE,"2016",1,"Winter","G-coded","male",">=7",115.91,">60",FALSE,FALSE,FALSE,FALSE,FALSE,FALSE,FALSE,FALSE,FALSE,FALSE,1,1,"singleton",0,1,0,0,0,1,0,1,0,1,0,9,"Upper tail"
"201775",63.54,3,2025-09-27,"15618075",55.3,"G53181","865530","70135",2079,"2025",9,"Autumn",2020-05-27,2021-03-02,54.8333333333333,FALSE,"2020",5,"Spring","G-coded","male","3",63.54,">60",FALSE,FALSE,FALSE,FALSE,FALSE,FALSE,FALSE,FALSE,FALSE,FALSE,1,1,"singleton",0,1,0,0,0,1,0,1,0,1,0,9,"Upper tail"
"235321",24.88,1,2025-09-27,"15618075",55.2,"G53178","854773威吉吉","61777",2082,"2025",9,"Autumn",2023-08-27,2024-06-02,15.8333333333333,FALSE,"2023",8,"Summer","G-coded","male","1",24.88,"<=30",FALSE,FALSE,FALSE,FALSE,FALSE,FALSE,FALSE,FALSE,FALSE,FALSE,1,1,"singleton",0,1,0,0,0,1,0,1,0,1,0,9,"Upper tail"
"212538",54.04,3,2025-09-26,"15618075",54.2,"251114","7029225762","62624",2087,"2025",9,"Autumn",2021-03-26,2022-01-02,44.8,FALSE,"2021",3,"Spring","non-G-coded","female","3",54.04,"43-60",FALSE,FALSE,FALSE,FALSE,FALSE,FALSE,FALSE,FALSE,FALSE,FALSE,1,1,"singleton",0,1,0,1,0,1,0,1,0,0,0,9,"Upper tail"
"70136",102.73,7,2025-09-24,"15618075",61.5,"G53161",NA,NA,2103,"2025",9,"Autumn",2017-02-24,2017-12-02,93.7333333333333,FALSE,"2017",2,"Winter","G-coded","male",">=7",102.73,">60",FALSE,FALSE,FALSE,FALSE,FALSE,FALSE,FALSE,FALSE,FALSE,FALSE,1,1,"singleton",0,1,0,1,0,1,0,1,0,1,1,9,"Upper tail"
"212070",56.61,4,2025-09-23,"863302",63,"G53159","740640209","61845",2111,"2025",9,"Autumn",2020-12-23,2021-10-02,47.7,FALSE,"2020",12,"Winter","G-coded","male","4",56.61,"43-60",FALSE,FALSE,FALSE,FALSE,FALSE,FALSE,FALSE,FALSE,FALSE,FALSE,1,1,"singleton",0,1,0,1,0,1,0,1,0,1,1,9,"Upper tail"
"00996",72.65,5,2025-09-22,"863302",51.2,"251097","186756","61568",2119,"2025",9,"Autumn",2019-08-22,2020-06-02,63.6666666666667,FALSE,"2019",8,"Summer","non-G-coded","female","5",72.65,">60",FALSE,FALSE,FALSE,FALSE,FALSE,FALSE,FALSE,FALSE,FALSE,FALSE,1,1,"singleton",0,1,0,0,0,1,0,0,0,0,0,9,"Upper tail"
"202300",59.04,4,2025-09-21,"863302",59,"G53149",NA,NA,2131,"2025",9,"Autumn",2020-10-21,2021-08-02,49.6333333333333,FALSE,"2020",10,"Autumn","G-coded","male","4",59.04,"43-60",FALSE,FALSE,FALSE,FALSE,FALSE,FALSE,FALSE,FALSE,FALSE,FALSE,1,1,"singleton",0,1,0,1,0,1,0,1,0,1,0,9,"Upper tail"
"70567",95.96,7,2025-09-21,"15618075",53.8,"251095",NA,NA,2133,"2025",9,"Autumn",2017-09-21,2018-07-02,86.6333333333333,FALSE,"2017",9,"Autumn","non-G-coded","female",">=7",95.96,">60",FALSE,FALSE,FALSE,FALSE,FALSE,FALSE,FALSE,FALSE,FALSE,FALSE,1,1,"singleton",0,1,0,1,0,1,0,1,0,0,0,9,"Upper tail"
"61622",114.79,7,2025-09-19,"15618075",49.8,"251084",NA,NA,2151,"2025",9,"Autumn",2016-02-19,2016-12-02,105.566666666667,FALSE,"2016",2,"Winter","non-G-coded","female",">=7",114.79,">60",FALSE,FALSE,FALSE,FALSE,FALSE,FALSE,FALSE,FALSE,FALSE,FALSE,1,1,"singleton",0,1,0,0,0,1,0,0,0,0,0,9,"Upper tail"
"62322",115.32,7,2025-09-17,"863302",64.7,"G53137",NA,NA,2159,"2025",9,"Autumn",2016-02-17,2016-12-02,105.5,FALSE,"2016",2,"Winter","G-coded","male",">=7",115.32,">60",FALSE,FALSE,FALSE,FALSE,FALSE,FALSE,FALSE,FALSE,FALSE,FALSE,1,1,"singleton",0,1,0,1,0,1,0,1,0,1,1,9,"Upper tail"
"01496",71.01,3,2025-09-17,"15618075",50.6,"251079",NA,NA,2162,"2025",9,"Autumn",2019-10-17,2020-08-02,61.5,FALSE,"2019",10,"Autumn","non-G-coded","female","3",71.01,">60",FALSE,FALSE,FALSE,FALSE,FALSE,FALSE,FALSE,FALSE,FALSE,FALSE,1,1,"singleton",0,1,0,0,0,1,0,0,0,0,0,9,"Upper tail"
"213481",47.57,3,2025-09-15,"15618075",58.4,"G53123","2544424506","70564",2173,"2025",9,"Autumn",2021-09-15,2022-07-02,38.4333333333333,FALSE,"2021",9,"Autumn","G-coded","male","3",47.57,"43-60",FALSE,FALSE,FALSE,FALSE,FALSE,FALSE,FALSE,FALSE,FALSE,FALSE,1,1,"singleton",0,1,0,1,0,1,0,1,0,1,0,9,"Upper tail"
"00627",75.97,3,2025-09-14,"15618075",55.1,"G53118",NA,NA,2178,"2025",9,"Autumn",2019-05-14,2020-03-02,66.4,FALSE,"2019",5,"Spring","G-coded","male","3",75.97,">60",FALSE,FALSE,FALSE,FALSE,FALSE,FALSE,FALSE,FALSE,FALSE,FALSE,1,1,"singleton",0,1,0,0,0,1,0,1,0,1,0,9,"Upper tail"
"G213084",79.42,5,2025-09-14,"41121286",55.2,"G53119",NA,NA,2189,"2025",9,"Autumn",2019-02-14,2019-12-02,69.4,FALSE,"2019",2,"Winter","G-coded","male","5",79.42,">60",FALSE,FALSE,FALSE,FALSE,FALSE,FALSE,FALSE,FALSE,FALSE,FALSE,1,1,"singleton",0,1,0,0,0,1,0,1,0,1,0,9,"Upper tail"
"802534",87.61,5,2025-09-13,"22121071",50.3,"251063",NA,NA,2196,"2025",9,"Autumn",2018-05-13,2019-03-02,78.3666666666667,FALSE,"2018",5,"Spring","non-G-coded","female","5",87.61,">60",FALSE,FALSE,FALSE,FALSE,FALSE,FALSE,FALSE,FALSE,FALSE,FALSE,1,1,"singleton",0,1,0,0,0,1,0,0,0,0,0,9,"Upper tail"
"202531",57.56,2,2025-09-09,"863302",50.4,"251048","163940","70571",2229,"2025",9,"Autumn",2020-11-09,2021-09-02,48.2333333333333,FALSE,"2020",11,"Autumn","non-G-coded","female","2",57.56,"43-60",FALSE,FALSE,FALSE,FALSE,FALSE,FALSE,FALSE,FALSE,FALSE,FALSE,1,1,"singleton",0,1,0,0,0,1,0,0,0,0,0,9,"Upper tail"
"201597",66.57,4,2025-09-07,"15618075",54.1,"251043",NA,NA,2233,"2025",9,"Autumn",2020-02-07,2020-12-02,57.1666666666667,FALSE,"2020",2,"Winter","non-G-coded","female","4",66.57,">60",FALSE,FALSE,FALSE,FALSE,FALSE,FALSE,FALSE,FALSE,FALSE,FALSE,1,1,"singleton",0,1,0,1,0,1,0,1,0,0,0,9,"Upper tail"
"234922",26.69,1,2025-09-06,"15618075",52.4,"251041L",NA,NA,2240,"2025",9,"Autumn",2023-06-06,2024-04-02,17.1333333333333,FALSE,"2023",6,"Summer","non-G-coded","female","1",26.69,"<=30",FALSE,FALSE,FALSE,FALSE,FALSE,FALSE,FALSE,FALSE,FALSE,FALSE,1,1,"singleton",0,1,0,1,0,1,0,0,0,0,0,9,"Upper tail"
"01418",70.48,4,2025-09-01,"15618075",54.8,"G53078",NA,NA,2258,"2025",9,"Autumn",2019-11-01,2020-09-02,59.9677419354839,FALSE,"2019",11,"Autumn","G-coded","male","4",70.48,">60",FALSE,FALSE,FALSE,FALSE,FALSE,FALSE,FALSE,FALSE,FALSE,FALSE,1,1,"singleton",0,1,0,0,0,1,0,1,0,0,0,9,"Upper tail"
"202113",59.5,3,2025-08-31,"15618075",57.2,"G53075","11117952","70417",2261,"2025",8,"Summer",2020-08-31,2021-07-02,49.9354838709677,FALSE,"2020",8,"Summer","G-coded","male","3",59.5,"43-60",FALSE,FALSE,FALSE,FALSE,FALSE,FALSE,FALSE,FALSE,FALSE,FALSE,1,1,"singleton",0,1,0,1,0,1,0,1,0,1,0,8,"Upper tail"
"201749",62.98,4,2025-08-31,"15618075",50.8,"251033","606244","70599",2264,"2025",8,"Summer",2020-05-31,2021-04-02,52.9354838709677,FALSE,"2020",5,"Spring","non-G-coded","female","4",62.98,">60",FALSE,FALSE,FALSE,FALSE,FALSE,FALSE,FALSE,FALSE,FALSE,FALSE,1,1,"singleton",0,1,0,0,0,1,0,0,0,0,0,8,"Upper tail"
"800598L",76.4,5,2025-08-29,"15618075",56.2,"G53068",NA,NA,2277,"2025",8,"Summer",2019-04-29,2020-03-02,65.8709677419355,FALSE,"2019",4,"Spring","G-coded","male","5",76.4,">60",FALSE,FALSE,FALSE,FALSE,FALSE,FALSE,FALSE,FALSE,FALSE,FALSE,1,1,"singleton",0,1,0,0,0,1,0,1,0,1,0,8,"Upper tail"
"212975",50.99,3,2025-08-26,"863302",54.8,"G5325O","606306","00310",2288,"2025",8,"Summer",2021-05-26,2022-04-02,40.7741935483871,FALSE,"2021",5,"Spring","G-coded","male","3",50.99,"43-60",FALSE,FALSE,FALSE,FALSE,FALSE,FALSE,FALSE,FALSE,FALSE,FALSE,1,1,"singleton",0,1,0,0,0,1,0,1,0,0,0,8,"Upper tail"
"00920",72.26,5,2025-08-24,"15618075",56.6,"G53057","606192","62199",2292,"2025",8,"Summer",2019-08-24,2020-07-02,61.7096774193548,FALSE,"2019",8,"Summer","G-coded","male","5",72.26,">60",FALSE,FALSE,FALSE,FALSE,FALSE,FALSE,FALSE,FALSE,FALSE,FALSE,1,1,"singleton",0,1,0,0,0,1,0,1,0,1,0,8,"Upper tail"
"202174",58.88,4,2025-08-24,"863302",57.3,"G53056","41217462","61942",2297,"2025",8,"Summer",2020-09-24,2021-08-02,48.7096774193548,FALSE,"2020",9,"Autumn","G-coded","male","4",58.88,"43-60",FALSE,FALSE,FALSE,FALSE,FALSE,FALSE,FALSE,FALSE,FALSE,FALSE,1,1,"singleton",0,1,0,1,0,1,0,1,0,1,0,8,"Upper tail"
"00809",78.93,5,2025-08-19,"15618075",55.4,"G53041","171790","61642",2323,"2025",8,"Summer",2019-01-19,2019-12-02,68.5483870967742,FALSE,"2019",1,"Winter","G-coded","male","5",78.93,">60",FALSE,FALSE,FALSE,FALSE,FALSE,FALSE,FALSE,FALSE,FALSE,FALSE,1,1,"singleton",0,1,0,0,0,1,0,1,0,1,0,8,"Upper tail"
"212134",52.14,3,2025-08-18,"22121209",50.3,"251009",NA,NA,2329,"2025",8,"Summer",2021-04-18,2022-03-02,41.5161290322581,FALSE,"2021",4,"Spring","non-G-coded","female","3",52.14,"43-60",FALSE,FALSE,FALSE,FALSE,FALSE,FALSE,FALSE,FALSE,FALSE,FALSE,1,1,"singleton",0,1,0,0,0,1,0,0,0,0,0,8,"Upper tail"
"70095",102.17,7,2025-08-16,"863302",56.6,"G53036",NA,NA,2331,"2025",8,"Summer",2017-02-16,2018-01-02,91.4516129032258,FALSE,"2017",2,"Winter","G-coded","male",">=7",102.17,">60",FALSE,FALSE,FALSE,FALSE,FALSE,FALSE,FALSE,FALSE,FALSE,FALSE,1,1,"singleton",0,1,0,0,0,1,0,1,0,1,0,8,"Upper tail"
"212584",52.4,3,2025-08-14,"41121260",53.5,"251000",NA,NA,2343,"2025",8,"Summer",2021-04-14,2022-03-02,41.3870967741936,FALSE,"2021",4,"Spring","non-G-coded","female","3",52.4,"43-60",FALSE,FALSE,FALSE,FALSE,FALSE,FALSE,FALSE,FALSE,FALSE,FALSE,1,1,"singleton",0,1,0,1,0,1,0,1,0,0,0,8,"Upper tail"
"50650",123.11,5,2025-08-06,"41122272",60.6,"G53357",NA,NA,2383,"2025",8,"Summer",2015-05-06,2016-04-02,112.129032258065,FALSE,"2015",5,"Spring","G-coded","male","5",123.11,">60",FALSE,FALSE,FALSE,FALSE,FALSE,FALSE,FALSE,FALSE,FALSE,FALSE,1,1,"singleton",0,1,0,1,0,1,0,1,0,1,1,8,"Upper tail"
"801061",79.72,4,2025-08-04,"22220783",56.8,"G53003","171350","61294",2393,"2025",8,"Summer",2018-12-04,2019-11-02,69.0645161290323,FALSE,"2018",12,"Winter","G-coded","male","4",79.72,">60",FALSE,FALSE,FALSE,FALSE,FALSE,FALSE,FALSE,FALSE,FALSE,FALSE,1,1,"singleton",0,1,0,0,0,1,0,1,0,1,0,8,"Upper tail"
"61723",114.56,7,2025-08-03,"41122218",59.3,"G53000",NA,NA,2401,"2025",8,"Summer",2016-01-03,2016-12-02,104.032258064516,FALSE,"2016",1,"Winter","G-coded","male",">=7",114.56,">60",FALSE,FALSE,FALSE,FALSE,FALSE,FALSE,FALSE,FALSE,FALSE,FALSE,1,1,"singleton",0,1,0,1,0,1,0,1,0,1,0,8,"Upper tail"
"01464",69.46,4,2025-08-01,"22122089",58.8,"G52993",NA,NA,2414,"2025",8,"Summer",2019-11-01,2020-10-02,57.9677419354839,FALSE,"2019",11,"Autumn","G-coded","male","4",69.46,">60",FALSE,FALSE,FALSE,FALSE,FALSE,FALSE,FALSE,FALSE,FALSE,FALSE,1,1,"singleton",0,1,0,1,0,1,0,1,0,1,0,8,"Upper tail"
"202112",58.42,4,2025-07-28,"41421178",57.6,"G52979","606244","70626",2440,"2025",7,"Summer",2020-09-28,2021-09-02,46.8387096774194,FALSE,"2020",9,"Autumn","G-coded","male","4",58.42,"43-60",FALSE,FALSE,FALSE,FALSE,FALSE,FALSE,FALSE,FALSE,FALSE,FALSE,1,1,"singleton",0,1,0,1,0,1,0,1,0,1,0,7,"Upper tail"
"212289",53.39,3,2025-07-26,"15220402",57,"G52966","606306","140292",2461,"2025",7,"Summer",2021-02-26,2022-02-02,41.7741935483871,FALSE,"2021",2,"Winter","G-coded","male","3",53.39,"43-60",FALSE,FALSE,FALSE,FALSE,FALSE,FALSE,FALSE,FALSE,FALSE,FALSE,1,1,"singleton",0,1,0,0,0,1,0,1,0,1,0,7,"Upper tail"
"H00489",110.39,6,2025-07-21,"22520578",49.8,"250933",NA,NA,2488,"2025",7,"Summer",2016-05-21,2017-05-02,98.6129032258064,FALSE,"2016",5,"Spring","non-G-coded","female","6",110.39,">60",FALSE,FALSE,FALSE,FALSE,FALSE,FALSE,FALSE,FALSE,FALSE,FALSE,1,1,"singleton",0,1,0,0,0,1,0,0,0,0,0,7,"Upper tail"
"00170",73.18,4,2025-07-21,"22220617",51.3,"250932",NA,NA,2490,"2025",7,"Summer",2019-06-21,2020-06-02,61.6129032258064,FALSE,"2019",6,"Summer","non-G-coded","female","4",73.18,">60",FALSE,FALSE,FALSE,FALSE,FALSE,FALSE,FALSE,FALSE,FALSE,FALSE,1,1,"singleton",0,1,0,0,0,1,0,0,0,0,0,7,"Upper tail"
"70227",99.61,7,2025-07-21,"22218621",64,"G52948",NA,NA,2492,"2025",7,"Summer",2017-03-21,2018-03-02,88.6129032258064,FALSE,"2017",3,"Spring","G-coded","male",">=7",99.61,">60",FALSE,FALSE,FALSE,FALSE,FALSE,FALSE,FALSE,FALSE,FALSE,FALSE,1,1,"singleton",0,1,0,1,0,1,0,1,0,1,1,7,"Upper tail"
"212365",52.6,3,2025-07-19,"21219011",61,"G52942","7402563907","70068",2507,"2025",7,"Summer",2021-02-19,2022-02-02,41.5483870967742,FALSE,"2021",2,"Winter","G-coded","male","3",52.6,"43-60",FALSE,FALSE,FALSE,FALSE,FALSE,FALSE,FALSE,FALSE,FALSE,FALSE,1,1,"singleton",0,1,0,1,0,1,0,1,0,1,1,7,"Upper tail"
"234618",26.96,1,2025-07-17,"15220402",52.4,"250917","7402563907","201491",2521,"2025",7,"Summer",2023-04-17,2024-04-02,15.4838709677419,FALSE,"2023",4,"Spring","non-G-coded","female","1",26.96,"<=30",FALSE,FALSE,FALSE,FALSE,FALSE,FALSE,FALSE,FALSE,FALSE,FALSE,1,1,"singleton",0,1,0,1,0,1,0,0,0,0,0,7,"Upper tail"
"234971",24.42,1,2025-07-12,"22218621",62.7,"G52922",NA,NA,2547,"2025",7,"Summer",2023-07-12,2024-07-02,12.3225806451613,TRUE,"2023",7,"Summer","G-coded","male","1",24.42,"<=30",FALSE,FALSE,FALSE,FALSE,FALSE,FALSE,FALSE,FALSE,FALSE,FALSE,1,1,"singleton",0,1,0,1,0,1,0,1,0,1,1,7,"Upper tail"
"213108",63.54,4,2025-07-11,"22218621",58.6,"G52918","606244","62170",2557,"2025",7,"Summer",2020-03-11,2021-03-02,52.2903225806452,FALSE,"2020",3,"Spring","G-coded","male","4",63.54,">60",FALSE,FALSE,FALSE,FALSE,FALSE,FALSE,FALSE,FALSE,FALSE,FALSE,1,1,"singleton",0,1,0,1,0,1,0,1,0,1,0,7,"Upper tail"
"234725",25.94,1,2025-07-07,"863302",56,"G52901",NA,NA,2580,"2025",7,"Summer",2023-05-07,2024-05-02,14.1612903225806,TRUE,"2023",5,"Spring","G-coded","male","1",25.94,"<=30",FALSE,FALSE,FALSE,FALSE,FALSE,FALSE,FALSE,FALSE,FALSE,FALSE,1,1,"singleton",0,1,0,0,0,1,0,1,0,1,0,7,"Upper tail"
"70068",101.31,6,2025-07-05,"22218621",52.2,"250883",NA,NA,2597,"2025",7,"Summer",2017-02-05,2018-02-02,89.0967741935484,FALSE,"2017",2,"Winter","non-G-coded","female","6",101.31,">60",FALSE,FALSE,FALSE,FALSE,FALSE,FALSE,FALSE,FALSE,FALSE,FALSE,1,1,"singleton",0,1,0,1,0,1,0,0,0,0,0,7,"Upper tail"
"213607",44.35,2,2025-07-04,"22218621",55.4,"G52888",NA,NA,2603,"2025",7,"Summer",2021-11-04,2022-11-02,32.0645161290323,FALSE,"2021",11,"Autumn","G-coded","male","2",44.35,"43-60",FALSE,FALSE,FALSE,FALSE,FALSE,FALSE,FALSE,FALSE,FALSE,FALSE,1,1,"singleton",0,1,0,0,0,1,0,1,0,1,0,7,"Upper tail"
"50612",122.42,8,2025-07-04,"41122202",55.3,"G52891",NA,NA,2605,"2025",7,"Summer",2015-05-04,2016-05-02,110.064516129032,FALSE,"2015",5,"Spring","G-coded","male",">=7",122.42,">60",FALSE,FALSE,FALSE,FALSE,FALSE,FALSE,FALSE,FALSE,FALSE,FALSE,1,1,"singleton",0,1,0,0,0,1,0,1,0,1,0,7,"Upper tail"
"213308",45.99,2,2025-07-02,"22218621",54.4,"250875","2544424506","70418",2620,"2025",7,"Summer",2021-09-02,2022-09-02,34,FALSE,"2021",9,"Autumn","non-G-coded","female","2",45.99,"43-60",FALSE,FALSE,FALSE,FALSE,FALSE,FALSE,FALSE,FALSE,FALSE,FALSE,1,1,"singleton",0,1,0,1,0,1,0,1,0,0,0,7,"Upper tail"
"201909",59.47,3,2025-07-01,"22218621",57.7,"G52873","865530","800179",2625,"2025",7,"Summer",2020-08-01,2021-08-02,46.9666666666667,FALSE,"2020",8,"Summer","G-coded","male","3",59.47,"43-60",FALSE,FALSE,FALSE,FALSE,FALSE,FALSE,FALSE,FALSE,FALSE,FALSE,1,1,"singleton",0,1,0,1,0,1,0,1,0,1,0,7,"Upper tail"
"70426",96.45,7,2025-06-30,"22218621",52.8,"250868",NA,NA,2635,"2025",6,"Summer",2017-06-30,2018-07-02,83.9333333333333,FALSE,"2017",6,"Summer","non-G-coded","female",">=7",96.45,">60",FALSE,FALSE,FALSE,FALSE,FALSE,FALSE,FALSE,FALSE,FALSE,FALSE,1,1,"singleton",0,1,0,1,0,1,0,1,0,0,0,6,"Upper tail"
"800596",81.85,6,2025-06-28,"22218621",52.2,"250858","171350","40049",2647,"2025",6,"Summer",2018-08-28,2019-09-02,69.8666666666667,FALSE,"2018",8,"Summer","non-G-coded","female","6",81.85,">60",FALSE,FALSE,FALSE,FALSE,FALSE,FALSE,FALSE,FALSE,FALSE,FALSE,1,1,"singleton",0,1,0,1,0,1,0,0,0,0,0,6,"Upper tail"
"00082",77.09,6,2025-06-27,"22218621",55.3,"G52865","171790","61928",2654,"2025",6,"Summer",2019-01-27,2020-02-02,64.8333333333333,FALSE,"2019",1,"Winter","G-coded","male","6",77.09,">60",FALSE,FALSE,FALSE,FALSE,FALSE,FALSE,FALSE,FALSE,FALSE,FALSE,1,1,"singleton",0,1,0,0,0,1,0,1,0,1,0,6,"Upper tail"
"202302",56.15,2,2025-06-25,"22218621",51.5,"250844","163940","800932",2669,"2025",6,"Summer",2020-10-25,2021-11-02,43.7666666666667,FALSE,"2020",10,"Autumn","non-G-coded","female","2",56.15,"43-60",FALSE,FALSE,FALSE,FALSE,FALSE,FALSE,FALSE,FALSE,FALSE,FALSE,1,1,"singleton",0,1,0,0,0,1,0,0,0,0,0,6,"Upper tail"
"212928",49.08,3,2025-06-22,NA,57.4,"G52847","606306","802450",2692,"2025",6,"Summer",2021-05-22,2022-06-02,36.6666666666667,FALSE,"2021",5,"Spring","G-coded","male","3",49.08,"43-60",FALSE,FALSE,FALSE,FALSE,FALSE,FALSE,FALSE,FALSE,FALSE,FALSE,1,1,"singleton",0,1,0,1,0,1,0,1,0,1,0,6,"Upper tail"
"202261",56.18,4,2025-06-20,"22218621",56.4,"G52842","163940","61380",2703,"2025",6,"Summer",2020-10-20,2021-11-02,43.6,FALSE,"2020",10,"Autumn","G-coded","male","4",56.18,"43-60",FALSE,FALSE,FALSE,FALSE,FALSE,FALSE,FALSE,FALSE,FALSE,FALSE,1,1,"singleton",0,1,0,0,0,1,0,1,0,1,0,6,"Upper tail"
"70199",98.85,6,2025-06-19,"65121619",50,"250819",NA,NA,2719,"2025",6,"Summer",2017-03-19,2018-04-02,86.5666666666667,FALSE,"2017",3,"Spring","non-G-coded","female","6",98.85,">60",FALSE,FALSE,FALSE,FALSE,FALSE,FALSE,FALSE,FALSE,FALSE,FALSE,1,1,"singleton",0,1,0,0,0,1,0,0,0,0,0,6,"Upper tail"
"00406",74.29,4,2025-06-18,"863302",50,"250813","171790","61258",2730,"2025",6,"Summer",2019-04-18,2020-05-02,61.5333333333333,FALSE,"2019",4,"Spring","non-G-coded","female","4",74.29,">60",FALSE,FALSE,FALSE,FALSE,FALSE,FALSE,FALSE,FALSE,FALSE,FALSE,1,1,"singleton",0,1,0,0,0,1,0,0,0,0,0,6,"Upper tail"
"61366",112.26,7,2025-06-13,"22119053",58.8,"G52816",NA,NA,2761,"2025",6,"Summer",2016-02-13,2017-03-02,99.3666666666667,FALSE,"2016",2,"Winter","G-coded","male",">=7",112.26,">60",FALSE,FALSE,FALSE,FALSE,FALSE,FALSE,FALSE,FALSE,FALSE,FALSE,1,1,"singleton",0,1,0,1,0,1,0,1,0,1,0,6,"Upper tail"
"70210",98.52,6,2025-06-11,"863302",52.2,"250789",NA,NA,2769,"2025",6,"Summer",2017-03-11,2018-04-02,86.3,FALSE,"2017",3,"Spring","non-G-coded","female","6",98.52,">60",FALSE,FALSE,FALSE,FALSE,FALSE,FALSE,FALSE,FALSE,FALSE,FALSE,1,1,"singleton",0,1,0,1,0,1,0,0,0,0,0,6,"Upper tail"
"234122",28.47,1,2025-06-08,"22218621",55.2,"G52806L","854282维利纳诺","60791",2782,"2025",6,"Summer",2023-02-08,2024-03-02,15.2,FALSE,"2023",2,"Winter","G-coded","male","1",28.47,"<=30",FALSE,FALSE,FALSE,FALSE,FALSE,FALSE,FALSE,FALSE,FALSE,FALSE,1,1,"singleton",0,1,0,0,0,1,0,1,0,1,0,6,"Upper tail"
"70175",98.69,7,2025-06-07,"22218621",59.8,"G52802",NA,NA,2788,"2025",6,"Summer",2017-03-07,2018-04-02,86.1666666666667,FALSE,"2017",3,"Spring","G-coded","male",">=7",98.69,">60",FALSE,FALSE,FALSE,FALSE,FALSE,FALSE,FALSE,FALSE,FALSE,FALSE,1,1,"singleton",0,1,0,1,0,1,0,1,0,1,0,6,"Upper tail"
"201721",53.85,2,2025-06-07,"22218621",55.7,"G52804","180600","50750",2791,"2025",6,"Summer",2020-12-07,2022-01-02,41.1666666666667,FALSE,"2020",12,"Winter","G-coded","male","2",53.85,"43-60",FALSE,FALSE,FALSE,FALSE,FALSE,FALSE,FALSE,FALSE,FALSE,FALSE,1,1,"singleton",0,1,0,0,0,1,0,1,0,1,0,6,"Upper tail"
"70296",97.24,7,2025-06-04,"22218621",55.8,"G52794",NA,NA,2803,"2025",6,"Summer",2017-05-04,2018-06-02,84.0666666666667,FALSE,"2017",5,"Spring","G-coded","male",">=7",97.24,">60",FALSE,FALSE,FALSE,FALSE,FALSE,FALSE,FALSE,FALSE,FALSE,FALSE,1,1,"singleton",0,1,0,0,0,1,0,1,0,1,0,6,"Upper tail"
"60096",111.41,8,2025-06-03,"427133",53.2,"250771",NA,NA,2813,"2025",6,"Summer",2016-03-03,2017-04-02,98.0333333333333,FALSE,"2016",3,"Spring","non-G-coded","female",">=7",111.41,">60",FALSE,FALSE,FALSE,FALSE,FALSE,FALSE,FALSE,FALSE,FALSE,FALSE,1,1,"singleton",0,1,0,1,0,1,0,1,0,0,0,6,"Upper tail"
"62509",111.28,7,2025-06-03,"22119161",54.7,"250770",NA,NA,2814,"2025",6,"Summer",2016-03-03,2017-04-02,98.0333333333333,FALSE,"2016",3,"Spring","non-G-coded","female",">=7",111.28,">60",FALSE,FALSE,FALSE,FALSE,FALSE,FALSE,FALSE,FALSE,FALSE,FALSE,1,1,"singleton",0,1,0,1,0,1,0,1,0,0,0,6,"Upper tail"
"202628",53.58,2,2025-05-30,"22218621",52.6,"250762","180600","70673",2843,"2025",5,"Spring",2020-11-30,2022-01-02,40.9032258064516,FALSE,"2020",11,"Autumn","non-G-coded","female","2",53.58,"43-60",FALSE,FALSE,FALSE,FALSE,FALSE,FALSE,FALSE,FALSE,FALSE,FALSE,1,1,"singleton",0,1,0,1,0,1,0,1,0,0,0,5,"Upper tail"
"234561",25.64,1,2025-05-24,"427133",50.7,"250746",NA,NA,2867,"2025",5,"Spring",2023-03-24,2024-05-02,12.7096774193548,TRUE,"2023",3,"Spring","non-G-coded","female","1",25.64,"<=30",FALSE,FALSE,FALSE,FALSE,FALSE,FALSE,FALSE,FALSE,FALSE,FALSE,1,1,"singleton",0,1,0,0,0,1,0,0,0,0,0,5,"Upper tail"
"225171",32.22,2,2025-05-23,"15420626",57.2,"G52753","西西弗斯180561","800598",2877,"2025",5,"Spring",2022-09-23,2023-11-02,18.6774193548387,FALSE,"2022",9,"Autumn","G-coded","male","2",32.22,"31-42",FALSE,FALSE,FALSE,FALSE,FALSE,FALSE,FALSE,FALSE,FALSE,FALSE,1,1,"singleton",0,1,0,1,0,1,0,1,0,1,0,5,"Upper tail"
"70256",97.3,7,2025-05-22,"22218621",57.2,"G52752",NA,NA,2885,"2025",5,"Spring",2017-04-22,2018-06-02,83.6451612903226,FALSE,"2017",4,"Spring","G-coded","male",">=7",97.3,">60",FALSE,FALSE,FALSE,FALSE,FALSE,FALSE,FALSE,FALSE,FALSE,FALSE,1,1,"singleton",0,1,0,1,0,1,0,1,0,1,0,5,"Upper tail"
"62072",112.49,4,2025-05-21,"427133",51.8,"250736",NA,NA,2890,"2025",5,"Spring",2016-01-21,2017-03-02,98.6129032258064,FALSE,"2016",1,"Winter","non-G-coded","female","4",112.49,">60",FALSE,FALSE,FALSE,FALSE,FALSE,FALSE,FALSE,FALSE,FALSE,FALSE,1,1,"singleton",0,1,0,1,0,1,0,0,0,0,0,5,"Upper tail"
"800091",86.92,5,2025-05-20,"22218621",51.2,"250730",NA,NA,2896,"2025",5,"Spring",2018-02-20,2019-04-02,73.5806451612903,FALSE,"2018",2,"Winter","non-G-coded","female","5",86.92,">60",FALSE,FALSE,FALSE,FALSE,FALSE,FALSE,FALSE,FALSE,FALSE,FALSE,1,1,"singleton",0,1,0,0,0,1,0,0,0,0,0,5,"Upper tail"
"00022",71.04,5,2025-05-17,"22218621",55.4,"G52727",NA,NA,2926,"2025",5,"Spring",2019-06-17,2020-08-02,57.4838709677419,FALSE,"2019",6,"Summer","G-coded","male","5",71.04,">60",FALSE,FALSE,FALSE,FALSE,FALSE,FALSE,FALSE,FALSE,FALSE,FALSE,1,1,"singleton",0,1,0,0,0,1,0,1,0,1,0,5,"Upper tail"
"801015",77.28,6,2025-05-17,"427133",52.2,"250718",NA,NA,2927,"2025",5,"Spring",2018-12-17,2020-02-02,63.4838709677419,FALSE,"2018",12,"Winter","non-G-coded","female","6",77.28,">60",FALSE,FALSE,FALSE,FALSE,FALSE,FALSE,FALSE,FALSE,FALSE,FALSE,1,1,"singleton",0,1,0,1,0,1,0,0,0,0,0,5,"Upper tail"
"70102",99.01,7,2025-05-16,"427133",50.4,"250717",NA,NA,2933,"2025",5,"Spring",2017-02-16,2018-04-02,85.4516129032258,FALSE,"2017",2,"Winter","non-G-coded","female",">=7",99.01,">60",FALSE,FALSE,FALSE,FALSE,FALSE,FALSE,FALSE,FALSE,FALSE,FALSE,1,1,"singleton",0,1,0,0,0,1,0,0,0,0,0,5,"Upper tail"
"70649",90.47,6,2025-05-15,"427133",55.4,"G52719",NA,NA,2947,"2025",5,"Spring",2017-11-15,2019-01-02,76.4193548387097,FALSE,"2017",11,"Autumn","G-coded","male","6",90.47,">60",FALSE,FALSE,FALSE,FALSE,FALSE,FALSE,FALSE,FALSE,FALSE,FALSE,1,1,"singleton",0,1,0,0,0,1,0,1,0,1,0,5,"Upper tail"
"213491",43.43,2,2025-05-14,"22218621",55.2,"G52712",NA,NA,2960,"2025",5,"Spring",2021-10-14,2022-12-02,29.3870967741935,FALSE,"2021",10,"Autumn","G-coded","male","2",43.43,"43-60",FALSE,FALSE,FALSE,FALSE,FALSE,FALSE,FALSE,FALSE,FALSE,FALSE,1,1,"singleton",0,1,0,0,0,1,0,1,0,1,0,5,"Upper tail"
"800809",78.63,5,2025-05-13,"22218621",60.1,"250699","171350","60914",2968,"2025",5,"Spring",2018-10-13,2019-12-02,65.3548387096774,FALSE,"2018",10,"Autumn","non-G-coded","female","5",78.63,">60",FALSE,FALSE,FALSE,FALSE,FALSE,FALSE,FALSE,FALSE,FALSE,FALSE,1,1,"singleton",0,1,0,1,0,1,0,1,0,1,1,5,"Upper tail"
"202295",54.8,4,2025-05-13,"22218621",54.8,"250693","606244","Z60960",2969,"2025",5,"Spring",2020-10-13,2021-12-02,41.3548387096774,FALSE,"2020",10,"Autumn","non-G-coded","female","4",54.8,"43-60",FALSE,FALSE,FALSE,FALSE,FALSE,FALSE,FALSE,FALSE,FALSE,FALSE,1,1,"singleton",0,1,0,1,0,1,0,1,0,0,0,5,"Upper tail"
"234788",23.5,1,2025-05-10,"22218621",51.2,"250676","871041文尼哥","91145",3005,"2025",5,"Spring",2023-05-10,2024-07-02,10.258064516129,TRUE,"2023",5,"Spring","non-G-coded","female","1",23.5,"<=30",FALSE,FALSE,FALSE,FALSE,FALSE,FALSE,FALSE,FALSE,FALSE,FALSE,1,1,"singleton",0,1,0,0,0,1,0,0,0,0,0,5,"Upper tail"
"800093",86.46,6,2025-05-07,"22218621",59,"G52679","178434","10448",3038,"2025",5,"Spring",2018-03-07,2019-05-02,72.1612903225806,FALSE,"2018",3,"Spring","G-coded","male","6",86.46,">60",FALSE,FALSE,FALSE,FALSE,FALSE,FALSE,FALSE,FALSE,FALSE,FALSE,1,1,"singleton",0,1,0,1,0,1,0,1,0,1,0,5,"Upper tail"
"01470",66.6,3,2025-05-06,"22218621",55.6,"G52664",NA,NA,3043,"2025",5,"Spring",2019-10-06,2020-12-02,53.1290322580645,FALSE,"2019",10,"Autumn","G-coded","male","3",66.6,">60",FALSE,FALSE,FALSE,FALSE,FALSE,FALSE,FALSE,FALSE,FALSE,FALSE,1,1,"singleton",0,1,0,0,0,1,0,1,0,1,0,5,"Upper tail"
"70220",97.17,7,2025-05-05,"22218621",50,"250650",NA,NA,3057,"2025",5,"Spring",2017-04-05,2018-06-02,83.0967741935484,FALSE,"2017",4,"Spring","non-G-coded","female",">=7",97.17,">60",FALSE,FALSE,FALSE,FALSE,FALSE,FALSE,FALSE,FALSE,FALSE,FALSE,1,1,"singleton",0,1,0,0,0,1,0,0,0,0,0,5,"Upper tail"
"800720",79.03,5,2025-05-05,"22218621",50,"250648","171350","61795",3066,"2025",5,"Spring",2018-10-05,2019-12-02,65.0967741935484,FALSE,"2018",10,"Autumn","non-G-coded","female","5",79.03,">60",FALSE,FALSE,FALSE,FALSE,FALSE,FALSE,FALSE,FALSE,FALSE,FALSE,1,1,"singleton",0,1,0,0,0,1,0,0,0,0,0,5,"Upper tail"
"61216",111.05,6,2025-05-04,"427133",50.4,"250646",NA,NA,3067,"2025",5,"Spring",2016-02-04,2017-04-02,97.0645161290323,FALSE,"2016",2,"Winter","non-G-coded","female","6",111.05,">60",FALSE,FALSE,FALSE,FALSE,FALSE,FALSE,FALSE,FALSE,FALSE,FALSE,1,1,"singleton",0,1,0,0,0,1,0,0,0,0,0,5,"Upper tail"
"70639",90.24,6,2025-05-04,"22218621",54.3,"250643",NA,NA,3071,"2025",5,"Spring",2017-11-04,2019-01-02,76.0645161290323,FALSE,"2017",11,"Autumn","non-G-coded","female","6",90.24,">60",FALSE,FALSE,FALSE,FALSE,FALSE,FALSE,FALSE,FALSE,FALSE,FALSE,1,1,"singleton",0,1,0,1,0,1,0,1,0,0,0,5,"Upper tail"
"212290",50.62,3,2025-05-03,"427133",50.1,"250641","7402563907","61890",3074,"2025",5,"Spring",2021-02-03,2022-04-02,37.0322580645161,FALSE,"2021",2,"Winter","non-G-coded","female","3",50.62,"43-60",FALSE,FALSE,FALSE,FALSE,FALSE,FALSE,FALSE,FALSE,FALSE,FALSE,1,1,"singleton",0,1,0,0,0,1,0,0,0,0,0,5,"Upper tail"
"L213218",44.61,2,2025-05-02,"22218621",50.2,"250640",NA,NA,3080,"2025",5,"Spring",2021-08-02,2022-10-02,31,FALSE,"2021",8,"Summer","non-G-coded","female","2",44.61,"43-60",FALSE,FALSE,FALSE,FALSE,FALSE,FALSE,FALSE,FALSE,FALSE,FALSE,1,1,"singleton",0,1,0,0,0,1,0,0,0,0,0,5,"Upper tail"
"70586",90.66,5,2025-04-29,"22218621",58.1,"G52634",NA,NA,3110,"2025",4,"Spring",2017-09-29,2018-12-02,76.9,FALSE,"2017",9,"Autumn","G-coded","male","5",90.66,">60",FALSE,FALSE,FALSE,FALSE,FALSE,FALSE,FALSE,FALSE,FALSE,FALSE,1,1,"singleton",0,1,0,1,0,1,0,1,0,1,0,4,"Upper tail"
"212419",49.54,3,2025-04-25,"22218621",52,"250605",NA,NA,3142,"2025",4,"Spring",2021-02-25,2022-05-02,35.7666666666667,FALSE,"2021",2,"Winter","non-G-coded","female","3",49.54,"43-60",FALSE,FALSE,FALSE,FALSE,FALSE,FALSE,FALSE,FALSE,FALSE,FALSE,1,1,"singleton",0,1,0,1,0,1,0,0,0,0,0,4,"Upper tail"
"00388",72.62,5,2025-04-25,"427133",51.8,"250609",NA,NA,3160,"2025",4,"Spring",2019-03-25,2020-06-02,58.7666666666667,FALSE,"2019",3,"Spring","non-G-coded","female","5",72.62,">60",FALSE,FALSE,FALSE,FALSE,FALSE,FALSE,FALSE,FALSE,FALSE,FALSE,1,1,"singleton",0,1,0,1,0,1,0,0,0,0,0,4,"Upper tail"
"234732",23.47,1,2025-04-24,"22218621",55.8,"G52607","7402563907","62112",3165,"2025",4,"Spring",2023-05-24,2024-08-02,8.73333333333333,TRUE,"2023",5,"Spring","G-coded","male","1",23.47,"<=30",FALSE,FALSE,FALSE,FALSE,FALSE,FALSE,FALSE,FALSE,FALSE,FALSE,1,1,"singleton",0,1,0,0,0,1,0,1,0,1,0,4,"Upper tail"
"213783",40.89,2,2025-04-23,"22218621",59.3,"G52596",NA,NA,3175,"2025",4,"Spring",2021-11-23,2023-02-02,26.7,FALSE,"2021",11,"Autumn","G-coded","male","2",40.89,"31-42",FALSE,FALSE,FALSE,FALSE,FALSE,FALSE,FALSE,FALSE,FALSE,FALSE,1,1,"singleton",0,1,0,1,0,1,0,1,0,1,0,4,"Upper tail"
"00770",70.35,4,2025-04-23,"22218621",53.3,"250586","167285","61384",3187,"2025",4,"Spring",2019-06-23,2020-09-02,55.7,FALSE,"2019",6,"Summer","non-G-coded","female","4",70.35,">60",FALSE,FALSE,FALSE,FALSE,FALSE,FALSE,FALSE,FALSE,FALSE,FALSE,1,1,"singleton",0,1,0,1,0,1,0,1,0,0,0,4,"Upper tail"
"234394",25.15,1,2025-04-17,"22218621",50.4,"250555","854773威吉吉","00026",3233,"2025",4,"Spring",2023-03-17,2024-06-02,10.5,TRUE,"2023",3,"Spring","non-G-coded","female","1",25.15,"<=30",FALSE,FALSE,FALSE,FALSE,FALSE,FALSE,FALSE,FALSE,FALSE,FALSE,1,1,"singleton",0,1,0,0,0,1,0,0,0,0,0,4,"Upper tail"
"800017",87.57,5,2025-04-17,"427133",58.7,"G52581",NA,NA,3235,"2025",4,"Spring",2017-12-17,2019-03-02,73.5,FALSE,"2017",12,"Winter","G-coded","male","5",87.57,">60",FALSE,FALSE,FALSE,FALSE,FALSE,FALSE,FALSE,FALSE,FALSE,FALSE,1,1,"singleton",0,1,0,1,0,1,0,1,0,1,0,4,"Upper tail"
"70086",98.36,7,2025-04-16,"22218621",50.3,"250553",NA,NA,3241,"2025",4,"Spring",2017-02-16,2018-05-02,83.4666666666667,FALSE,"2017",2,"Winter","non-G-coded","female",">=7",98.36,">60",FALSE,FALSE,FALSE,FALSE,FALSE,FALSE,FALSE,FALSE,FALSE,FALSE,1,1,"singleton",0,1,0,0,0,1,0,0,0,0,0,4,"Upper tail"
"224662",35.73,2,2025-04-10,"427151",50.8,"250526",NA,NA,3290,"2025",4,"Spring",2022-04-10,2023-07-02,21.2666666666667,FALSE,"2022",4,"Spring","non-G-coded","female","2",35.73,"31-42",FALSE,FALSE,FALSE,FALSE,FALSE,FALSE,FALSE,FALSE,FALSE,FALSE,1,1,"singleton",0,1,0,0,0,1,0,0,0,0,0,4,"Upper tail"
"213636",49.31,3,2025-04-09,"22220783",56.2,"G52546",NA,NA,3305,"2025",4,"Spring",2021-03-09,2022-06-02,34.2333333333333,FALSE,"2021",3,"Spring","G-coded","male","3",49.31,"43-60",FALSE,FALSE,FALSE,FALSE,FALSE,FALSE,FALSE,FALSE,FALSE,FALSE,1,1,"singleton",0,1,0,0,0,1,0,1,0,1,0,4,"Upper tail"
"234378",24.82,1,2025-04-04,"22220783",50.2,"250508","871041文尼哥","201279",3349,"2025",4,"Spring",2023-03-04,2024-06-02,10.0666666666667,TRUE,"2023",3,"Spring","non-G-coded","female","1",24.82,"<=30",FALSE,FALSE,FALSE,FALSE,FALSE,FALSE,FALSE,FALSE,FALSE,FALSE,1,1,"singleton",0,1,0,0,0,1,0,0,0,0,0,4,"Upper tail"
"00573",70.74,5,2025-04-03,"22220783",54.8,"G52510","167285","62620",3356,"2025",4,"Spring",2019-05-03,2020-08-02,56.0333333333333,FALSE,"2019",5,"Spring","G-coded","male","5",70.74,">60",FALSE,FALSE,FALSE,FALSE,FALSE,FALSE,FALSE,FALSE,FALSE,FALSE,1,1,"singleton",0,1,0,0,0,1,0,1,0,0,0,4,"Upper tail"
"225314",29.39,1,2025-04-02,"22220783",50.6,"250506","865530","91131",3357,"2025",4,"Spring",2022-11-02,2024-02-02,14,TRUE,"2022",11,"Autumn","non-G-coded","female","1",29.39,"<=30",FALSE,FALSE,FALSE,FALSE,FALSE,FALSE,FALSE,FALSE,FALSE,FALSE,1,1,"singleton",0,1,0,0,0,1,0,0,0,0,0,4,"Upper tail"
"201406",60.06,4,2025-04-02,"427151",63.6,"G52507",NA,NA,3362,"2025",4,"Spring",2020-04-02,2021-07-02,45,FALSE,"2020",4,"Spring","G-coded","male","4",60.06,">60",FALSE,FALSE,FALSE,FALSE,FALSE,FALSE,FALSE,FALSE,FALSE,FALSE,1,1,"singleton",0,1,0,1,0,1,0,1,0,1,1,4,"Upper tail"
"01279",64.66,3,2025-04-02,"427133",55,"G52505","606192","61019",3363,"2025",4,"Spring",2019-11-02,2021-02-02,50,FALSE,"2019",11,"Autumn","G-coded","male","3",64.66,">60",FALSE,FALSE,FALSE,FALSE,FALSE,FALSE,FALSE,FALSE,FALSE,FALSE,1,1,"singleton",0,1,0,0,0,1,0,1,0,1,0,4,"Upper tail"
"70420",72.85,5,2025-04-01,"22220783",55.2,"250496","171790","62264",3373,"2025",4,"Spring",2019-03-01,2020-06-02,57.9677419354839,FALSE,"2019",3,"Spring","non-G-coded","female","5",72.85,">60",FALSE,FALSE,FALSE,FALSE,FALSE,FALSE,FALSE,FALSE,FALSE,FALSE,1,1,"singleton",0,1,0,1,0,1,0,1,0,1,0,4,"Upper tail"
"224001",39.02,2,2025-04-01,"427133",50.2,"250501",NA,NA,3374,"2025",4,"Spring",2022-01-01,2023-04-02,23.9677419354839,FALSE,"2022",1,"Winter","non-G-coded","female","2",39.02,"31-42",FALSE,FALSE,FALSE,FALSE,FALSE,FALSE,FALSE,FALSE,FALSE,FALSE,1,1,"singleton",0,1,0,0,0,1,0,0,0,0,0,4,"Upper tail"
"00748",71.07,5,2025-03-31,"22218621",57.2,"G52493",NA,NA,3381,"2025",3,"Spring",2019-04-30,2020-08-02,55.9354838709677,FALSE,"2019",4,"Spring","G-coded","male","5",71.07,">60",FALSE,FALSE,FALSE,FALSE,FALSE,FALSE,FALSE,FALSE,FALSE,FALSE,1,1,"singleton",0,1,0,1,0,1,0,1,0,1,0,3,"Upper tail"
"201268",58.55,4,2025-03-31,"22218621",55.3,"G52490",NA,NA,3382,"2025",3,"Spring",2020-04-30,2021-08-02,43.9354838709677,FALSE,"2020",4,"Spring","G-coded","male","4",58.55,"43-60",FALSE,FALSE,FALSE,FALSE,FALSE,FALSE,FALSE,FALSE,FALSE,FALSE,1,1,"singleton",0,1,0,0,0,1,0,1,0,1,0,3,"Upper tail"
"212787",46.94,2,2025-03-30,"22218621",58.6,"G52484",NA,NA,3397,"2025",3,"Spring",2021-04-30,2022-08-02,31.9032258064516,FALSE,"2021",4,"Spring","G-coded","male","2",46.94,"43-60",FALSE,FALSE,FALSE,FALSE,FALSE,FALSE,FALSE,FALSE,FALSE,FALSE,1,1,"singleton",0,1,0,1,0,1,0,1,0,1,0,3,"Upper tail"
"1551",109.07,7,2025-03-27,"427151",52,"250479",NA,NA,3418,"2025",3,"Spring",2016-02-27,2017-06-02,93.8064516129032,FALSE,"2016",2,"Winter","non-G-coded","female",">=7",109.07,">60",FALSE,FALSE,FALSE,FALSE,FALSE,FALSE,FALSE,FALSE,FALSE,FALSE,1,1,"singleton",0,1,0,1,0,1,0,0,0,0,0,3,"Upper tail"
"00751",69.56,4,2025-03-26,"22218621",57.8,"250474",NA,NA,3420,"2025",3,"Spring",2019-05-26,2020-09-02,54.7741935483871,FALSE,"2019",5,"Spring","non-G-coded","female","4",69.56,">60",FALSE,FALSE,FALSE,FALSE,FALSE,FALSE,FALSE,FALSE,FALSE,FALSE,1,1,"singleton",0,1,0,1,0,1,0,1,0,1,0,3,"Upper tail"
"60386",105.26,7,2025-03-26,"427151",54.6,"G52473",NA,NA,3421,"2025",3,"Spring",2016-06-26,2017-10-02,89.7741935483871,FALSE,"2016",6,"Summer","G-coded","male",">=7",105.26,">60",FALSE,FALSE,FALSE,FALSE,FALSE,FALSE,FALSE,FALSE,FALSE,FALSE,1,1,"singleton",0,1,0,0,0,1,0,1,0,0,0,3,"Upper tail"
"800130",84.62,6,2025-03-25,"427151",61.4,"G52465",NA,NA,3435,"2025",3,"Spring",2018-02-25,2019-06-02,69.741935483871,FALSE,"2018",2,"Winter","G-coded","male","6",84.62,">60",FALSE,FALSE,FALSE,FALSE,FALSE,FALSE,FALSE,FALSE,FALSE,FALSE,1,1,"singleton",0,1,0,1,0,1,0,1,0,1,1,3,"Upper tail"
"234133",25.87,1,2025-03-25,"22218621",52.4,"250464",NA,NA,3438,"2025",3,"Spring",2023-01-25,2024-05-02,10.741935483871,TRUE,"2023",1,"Winter","non-G-coded","female","1",25.87,"<=30",FALSE,FALSE,FALSE,FALSE,FALSE,FALSE,FALSE,FALSE,FALSE,FALSE,1,1,"singleton",0,1,0,1,0,1,0,0,0,0,0,3,"Upper tail"
"62807",108.94,7,2025-03-23,"22220783",53.1,"250450",NA,NA,3461,"2025",3,"Spring",2016-02-23,2017-06-02,93.6774193548387,FALSE,"2016",2,"Winter","non-G-coded","female",">=7",108.94,">60",FALSE,FALSE,FALSE,FALSE,FALSE,FALSE,FALSE,FALSE,FALSE,FALSE,1,1,"singleton",0,1,0,1,0,1,0,1,0,0,0,3,"Upper tail"
"201934",55.82,3,2025-03-22,"427151",57,"G52447","865530","63066",3481,"2025",3,"Spring",2020-07-22,2021-11-02,40.6451612903226,FALSE,"2020",7,"Summer","G-coded","male","3",55.82,"43-60",FALSE,FALSE,FALSE,FALSE,FALSE,FALSE,FALSE,FALSE,FALSE,FALSE,1,1,"singleton",0,1,0,0,0,1,0,1,0,1,0,3,"Upper tail"
"213188",43.29,2,2025-03-22,"22220783",56.2,"G52448L",NA,NA,3487,"2025",3,"Spring",2021-08-22,2022-12-02,27.6451612903226,FALSE,"2021",8,"Summer","G-coded","male","2",43.29,"43-60",FALSE,FALSE,FALSE,FALSE,FALSE,FALSE,FALSE,FALSE,FALSE,FALSE,1,1,"singleton",0,1,0,0,0,1,0,1,0,1,0,3,"Upper tail"
"01012",66.44,4,2025-03-21,"22218621",50.2,"250432","606192","12037",3492,"2025",3,"Spring",2019-09-21,2021-01-02,50.6129032258064,FALSE,"2019",9,"Autumn","non-G-coded","female","4",66.44,">60",FALSE,FALSE,FALSE,FALSE,FALSE,FALSE,FALSE,FALSE,FALSE,FALSE,1,1,"singleton",0,1,0,0,0,1,0,0,0,0,0,3,"Upper tail"
"00645",69.92,5,2025-03-19,"427151",52.3,"250422",NA,NA,3517,"2025",3,"Spring",2019-05-19,2020-09-02,54.5483870967742,FALSE,"2019",5,"Spring","non-G-coded","female","5",69.92,">60",FALSE,FALSE,FALSE,FALSE,FALSE,FALSE,FALSE,FALSE,FALSE,FALSE,1,1,"singleton",0,1,0,1,0,1,0,0,0,0,0,3,"Upper tail"
"202450",52.33,3,2025-03-18,"22218621",56,"G52432","163940","61130",3524,"2025",3,"Spring",2020-11-18,2022-03-02,36.5161290322581,FALSE,"2020",11,"Autumn","G-coded","male","3",52.33,"43-60",FALSE,FALSE,FALSE,FALSE,FALSE,FALSE,FALSE,FALSE,FALSE,FALSE,1,1,"singleton",0,1,0,0,0,1,0,1,0,1,0,3,"Upper tail"
"60814",110.06,6,2025-03-18,"22218621",59.2,"G52428",NA,NA,3526,"2025",3,"Spring",2016-01-18,2017-05-02,94.5161290322581,FALSE,"2016",1,"Winter","G-coded","male","6",110.06,">60",FALSE,FALSE,FALSE,FALSE,FALSE,FALSE,FALSE,FALSE,FALSE,FALSE,1,1,"singleton",0,1,0,1,0,1,0,1,0,1,0,3,"Upper tail"
"212668",37.21,2,2025-03-18,"22218621",58.6,"G52426",NA,NA,3528,"2025",3,"Spring",2022-02-18,2023-06-02,21.5161290322581,FALSE,"2022",2,"Winter","G-coded","male","2",37.21,"31-42",FALSE,FALSE,FALSE,FALSE,FALSE,FALSE,FALSE,FALSE,FALSE,FALSE,1,1,"singleton",0,1,0,1,0,1,0,1,0,1,0,3,"Upper tail"
"224674",34.91,2,2025-03-17,"427151",60,"G52420",NA,NA,3538,"2025",3,"Spring",2022-04-17,2023-08-02,19.4838709677419,FALSE,"2022",4,"Spring","G-coded","male","2",34.91,"31-42",FALSE,FALSE,FALSE,FALSE,FALSE,FALSE,FALSE,FALSE,FALSE,FALSE,1,1,"singleton",0,1,0,1,0,1,0,1,0,1,0,3,"Upper tail"
"202660",50.99,3,2025-03-16,"22218621",57.3,"G52416",NA,NA,3545,"2025",3,"Spring",2020-12-16,2022-04-02,35.4516129032258,FALSE,"2020",12,"Winter","G-coded","male","3",50.99,"43-60",FALSE,FALSE,FALSE,FALSE,FALSE,FALSE,FALSE,FALSE,FALSE,FALSE,1,1,"singleton",0,1,0,1,0,1,0,1,0,1,0,3,"Upper tail"
"H201869",109.47,6,2025-03-16,"427151",56.6,"G52412",NA,NA,3551,"2025",3,"Spring",2016-02-16,2017-06-02,93.4516129032258,FALSE,"2016",2,"Winter","G-coded","male","6",109.47,">60",FALSE,FALSE,FALSE,FALSE,FALSE,FALSE,FALSE,FALSE,FALSE,FALSE,1,1,"singleton",0,1,0,0,0,1,0,1,0,1,0,3,"Upper tail"
"212411",48.26,2,2025-03-16,"22218621",56.2,"G52415","180781","00247",3553,"2025",3,"Spring",2021-03-16,2022-07-02,32.4516129032258,FALSE,"2021",3,"Spring","G-coded","male","2",48.26,"43-60",FALSE,FALSE,FALSE,FALSE,FALSE,FALSE,FALSE,FALSE,FALSE,FALSE,1,1,"singleton",0,1,0,0,0,1,0,1,0,1,0,3,"Upper tail"
"202364",52.5,3,2025-03-14,"427151",58.4,"G52405",NA,NA,3566,"2025",3,"Spring",2020-11-14,2022-03-02,36.3870967741936,FALSE,"2020",11,"Autumn","G-coded","male","3",52.5,"43-60",FALSE,FALSE,FALSE,FALSE,FALSE,FALSE,FALSE,FALSE,FALSE,FALSE,1,1,"singleton",0,1,0,1,0,1,0,1,0,1,0,3,"Upper tail"
"801127",74.72,4,2025-03-14,"22218621",64.4,"G52402",NA,NA,3571,"2025",3,"Spring",2018-12-14,2020-04-02,59.3870967741936,FALSE,"2018",12,"Winter","G-coded","male","4",74.72,">60",FALSE,FALSE,FALSE,FALSE,FALSE,FALSE,FALSE,FALSE,FALSE,FALSE,1,1,"singleton",0,1,0,1,0,1,0,1,0,1,1,3,"Upper tail"
"202652",50.95,3,2025-03-14,"427151",54.6,"250401","180600","801049",3572,"2025",3,"Spring",2020-12-14,2022-04-02,35.3870967741936,FALSE,"2020",12,"Winter","non-G-coded","female","3",50.95,"43-60",FALSE,FALSE,FALSE,FALSE,FALSE,FALSE,FALSE,FALSE,FALSE,FALSE,1,1,"singleton",0,1,0,1,0,1,0,1,0,0,0,3,"Upper tail"
"202620",51.05,3,2025-03-13,"22218621",57.9,"250398","180600","Z70214",3573,"2025",3,"Spring",2020-12-13,2022-04-02,35.3548387096774,FALSE,"2020",12,"Winter","non-G-coded","female","3",51.05,"43-60",FALSE,FALSE,FALSE,FALSE,FALSE,FALSE,FALSE,FALSE,FALSE,FALSE,1,1,"singleton",0,1,0,1,0,1,0,1,0,1,0,3,"Upper tail"
"212042",94.51,6,2025-03-13,"427151",50.4,"250396",NA,NA,3574,"2025",3,"Spring",2017-04-13,2018-08-02,79.3548387096774,FALSE,"2017",4,"Spring","non-G-coded","female","6",94.51,">60",FALSE,FALSE,FALSE,FALSE,FALSE,FALSE,FALSE,FALSE,FALSE,FALSE,1,1,"singleton",0,1,0,0,0,1,0,0,0,0,0,3,"Upper tail"
"201288",60.16,4,2025-03-12,"22220783",56.2,"G52383",NA,NA,3588,"2025",3,"Spring",2020-03-12,2021-07-02,44.3225806451613,FALSE,"2020",3,"Spring","G-coded","male","4",60.16,">60",FALSE,FALSE,FALSE,FALSE,FALSE,FALSE,FALSE,FALSE,FALSE,FALSE,1,1,"singleton",0,1,0,0,0,1,0,1,0,1,0,3,"Upper tail"
"00364",71.3,4,2025-03-11,"22218621",57.2,"G52396","171790","10412",3601,"2025",3,"Spring",2019-04-11,2020-08-02,55.2903225806452,FALSE,"2019",4,"Spring","G-coded","male","4",71.3,">60",FALSE,FALSE,FALSE,FALSE,FALSE,FALSE,FALSE,FALSE,FALSE,FALSE,1,1,"singleton",0,1,0,1,0,1,0,1,0,1,0,3,"Upper tail"
"213545",40.99,2,2025-03-10,"22220783",56.5,"G52382","606306","X242",3611,"2025",3,"Spring",2021-10-10,2023-02-02,25.258064516129,FALSE,"2021",10,"Autumn","G-coded","male","2",40.99,"31-42",FALSE,FALSE,FALSE,FALSE,FALSE,FALSE,FALSE,FALSE,FALSE,FALSE,1,1,"singleton",0,1,0,0,0,1,0,1,0,1,0,3,"Upper tail"
"00317",71.47,4,2025-03-10,"22220783",59.8,"G52381",NA,NA,3615,"2025",3,"Spring",2019-04-10,2020-08-02,55.258064516129,FALSE,"2019",4,"Spring","G-coded","male","4",71.47,">60",FALSE,FALSE,FALSE,FALSE,FALSE,FALSE,FALSE,FALSE,FALSE,FALSE,1,1,"singleton",0,1,0,1,0,1,0,1,0,1,0,3,"Upper tail"
"213564L",40.86,2,2025-03-09,"22220783",56.2,"G52377",NA,NA,3616,"2025",3,"Spring",2021-10-09,2023-02-02,25.2258064516129,FALSE,"2021",10,"Autumn","G-coded","male","2",40.86,"31-42",FALSE,FALSE,FALSE,FALSE,FALSE,FALSE,FALSE,FALSE,FALSE,FALSE,1,1,"singleton",0,1,0,0,0,1,0,1,0,1,0,3,"Upper tail"
"234183",25.02,1,2025-03-09,"427151",50,"250373","871041文尼哥","201415",3621,"2025",3,"Spring",2023-02-09,2024-06-02,9.2258064516129,TRUE,"2023",2,"Winter","non-G-coded","female","1",25.02,"<=30",FALSE,FALSE,FALSE,FALSE,FALSE,FALSE,FALSE,FALSE,FALSE,FALSE,1,1,"singleton",0,1,0,0,0,1,0,0,0,0,0,3,"Upper tail"
"212542",47.44,2,2025-03-09,"427151",54.6,"G52372",NA,NA,3623,"2025",3,"Spring",2021-04-09,2022-08-02,31.2258064516129,FALSE,"2021",4,"Spring","G-coded","male","2",47.44,"43-60",FALSE,FALSE,FALSE,FALSE,FALSE,FALSE,FALSE,FALSE,FALSE,FALSE,1,1,"singleton",0,1,0,0,0,1,0,1,0,0,0,3,"Upper tail"
"212428",38.2,2,2025-03-08,"22218621",53.4,"250367",NA,NA,3636,"2025",3,"Spring",2022-01-08,2023-05-02,22.1935483870968,FALSE,"2022",1,"Winter","non-G-coded","female","2",38.2,"31-42",FALSE,FALSE,FALSE,FALSE,FALSE,FALSE,FALSE,FALSE,FALSE,FALSE,1,1,"singleton",0,1,0,1,0,1,0,1,0,0,0,3,"Upper tail"
"60598",98.65,7,2025-03-07,"22218621",54.8,"G52366","426864","10441",3644,"2025",3,"Spring",2016-12-07,2018-04-02,83.1612903225806,FALSE,"2016",12,"Winter","G-coded","male",">=7",98.65,">60",FALSE,FALSE,FALSE,FALSE,FALSE,FALSE,FALSE,FALSE,FALSE,FALSE,1,1,"singleton",0,1,0,0,0,1,0,1,0,0,0,3,"Upper tail"
"70200",95.43,5,2025-03-07,"874165",53.8,"250365",NA,NA,3645,"2025",3,"Spring",2017-04-07,2018-08-02,79.1612903225806,FALSE,"2017",4,"Spring","non-G-coded","female","5",95.43,">60",FALSE,FALSE,FALSE,FALSE,FALSE,FALSE,FALSE,FALSE,FALSE,FALSE,1,1,"singleton",0,1,0,1,0,1,0,1,0,0,0,3,"Upper tail"
"20048",68.41,5,2025-03-06,"427151",52.4,"250358",NA,NA,3657,"2025",3,"Spring",2019-07-06,2020-11-02,52.1290322580645,FALSE,"2019",7,"Summer","non-G-coded","female","5",68.41,">60",FALSE,FALSE,FALSE,FALSE,FALSE,FALSE,FALSE,FALSE,FALSE,FALSE,1,1,"singleton",0,1,0,1,0,1,0,0,0,0,0,3,"Upper tail"
"201385",59.27,4,2025-03-04,"22218621",65.2,"G52354","606244","62580",3672,"2025",3,"Spring",2020-04-04,2021-08-02,43.0645161290323,FALSE,"2020",4,"Spring","G-coded","male","4",59.27,"43-60",FALSE,TRUE,FALSE,FALSE,FALSE,FALSE,FALSE,FALSE,FALSE,FALSE,1,1,"singleton",0,1,0,1,0,1,0,1,0,1,1,3,"Upper tail"
"201741",54.47,3,2024-08-30,"171206",56.6,"G41046",NA,NA,5108,"2024",8,"Summer",2020-02-29,2022-01-02,31.9032258064516,FALSE,"2020",2,"Winter","G-coded","male","3",54.47,"43-60",FALSE,FALSE,FALSE,FALSE,FALSE,FALSE,FALSE,FALSE,FALSE,FALSE,1,1,"singleton",0,1,0,0,0,1,0,1,0,1,0,8,"Upper tail"
"20010",67.29,4,2024-08-27,"171206",56.5,"G41033",NA,NA,5127,"2024",8,"Summer",2019-01-27,2020-12-02,44.8064516129032,FALSE,"2019",1,"Winter","G-coded","male","4",67.29,">60",FALSE,FALSE,FALSE,FALSE,FALSE,FALSE,FALSE,FALSE,FALSE,FALSE,1,1,"singleton",0,1,0,0,0,1,0,1,0,1,0,8,"Upper tail"
"800466",73.93,5,2024-08-25,"15620126",52,"241043",NA,NA,5137,"2024",8,"Summer",2018-06-25,2020-05-02,51.741935483871,FALSE,"2018",6,"Summer","non-G-coded","female","5",73.93,">60",FALSE,FALSE,FALSE,FALSE,FALSE,FALSE,FALSE,FALSE,FALSE,FALSE,1,1,"singleton",0,1,0,1,0,1,0,0,0,0,0,8,"Upper tail"
"60664",103.02,6,2024-08-20,"15620126",58.8,"241036",NA,NA,5161,"2024",8,"Summer",2016-01-20,2017-12-02,80.5806451612903,FALSE,"2016",1,"Winter","non-G-coded","female","6",103.02,">60",FALSE,FALSE,FALSE,FALSE,FALSE,FALSE,FALSE,FALSE,FALSE,FALSE,1,1,"singleton",0,1,0,1,0,1,0,1,0,1,0,8,"Upper tail"
"H70387",89.74,5,2024-08-15,"15620126",56.4,"G41000",NA,NA,5182,"2024",8,"Summer",2017-02-15,2019-01-02,67.4193548387097,FALSE,"2017",2,"Winter","G-coded","male","5",89.74,">60",FALSE,FALSE,FALSE,FALSE,FALSE,FALSE,FALSE,FALSE,FALSE,FALSE,1,1,"singleton",0,1,0,0,0,1,0,1,0,1,0,8,"Upper tail"
"202399",36.23,2,2024-08-14,"15620126",50.2,"241018","603268","70229",5191,"2024",8,"Summer",2021-08-14,2023-07-02,13.3870967741935,TRUE,"2021",8,"Summer","non-G-coded","female","2",36.23,"31-42",FALSE,FALSE,FALSE,FALSE,FALSE,FALSE,FALSE,FALSE,FALSE,FALSE,1,1,"singleton",0,1,0,0,0,1,0,0,0,0,0,8,"Upper tail"
"61818",102.37,7,2024-08-04,"171206",57.3,"G40978",NA,NA,5231,"2024",8,"Summer",2016-02-04,2018-01-02,79.0645161290323,FALSE,"2016",2,"Winter","G-coded","male",">=7",102.37,">60",FALSE,FALSE,FALSE,FALSE,FALSE,FALSE,FALSE,FALSE,FALSE,FALSE,1,1,"singleton",0,1,0,1,0,1,0,1,0,1,0,8,"Upper tail"
"00131",65.98,4,2024-08-03,"22220785",63.4,"G40976",NA,NA,5239,"2024",8,"Summer",2019-02-03,2021-01-02,43.0322580645161,FALSE,"2019",2,"Winter","G-coded","male","4",65.98,">60",FALSE,FALSE,FALSE,FALSE,FALSE,FALSE,FALSE,FALSE,FALSE,FALSE,1,1,"singleton",0,1,0,1,0,1,0,1,0,1,1,8,"Upper tail"
"H212255",41.95,3,2024-08-03,"171206",58.2,"G40975","740640209","L40389",5240,"2024",8,"Summer",2021-02-03,2023-01-02,19.0322580645161,FALSE,"2021",2,"Winter","G-coded","male","3",41.95,"31-42",FALSE,FALSE,FALSE,FALSE,FALSE,FALSE,FALSE,FALSE,FALSE,FALSE,1,1,"singleton",0,1,0,1,0,1,0,1,0,1,0,8,"Upper tail"
"201629",50.62,3,2024-07-24,"171206",54,"240940","606244","70668",5289,"2024",7,"Summer",2020-04-24,2022-04-02,27.7096774193548,FALSE,"2020",4,"Spring","non-G-coded","female","3",50.62,"43-60",FALSE,FALSE,FALSE,FALSE,FALSE,FALSE,FALSE,FALSE,FALSE,FALSE,1,1,"singleton",0,1,0,1,0,1,0,1,0,0,0,7,"Upper tail"
"00301",64.07,4,2024-07-24,"22220785",55.2,"G40946","171790","62035",5302,"2024",7,"Summer",2019-03-24,2021-03-02,40.7096774193548,FALSE,"2019",3,"Spring","G-coded","male","4",64.07,">60",FALSE,FALSE,FALSE,FALSE,FALSE,FALSE,FALSE,FALSE,FALSE,FALSE,1,1,"singleton",0,1,0,0,0,1,0,1,0,1,0,7,"Upper tail"
"800379",74.06,5,2024-07-23,"171206",50.4,"240957","426871","3003",5307,"2024",7,"Summer",2018-05-23,2020-05-02,50.6774193548387,FALSE,"2018",5,"Spring","non-G-coded","female","5",74.06,">60",FALSE,FALSE,FALSE,FALSE,FALSE,FALSE,FALSE,FALSE,FALSE,FALSE,1,1,"singleton",0,1,0,0,0,1,0,0,0,0,0,7,"Upper tail"
"202162L",45.96,2,2024-07-23,"862025瓦特罗",57,"G40944",NA,NA,5319,"2024",7,"Summer",2020-09-23,2022-09-02,22.6774193548387,FALSE,"2020",9,"Autumn","G-coded","male","2",45.96,"43-60",FALSE,FALSE,FALSE,FALSE,FALSE,FALSE,FALSE,FALSE,FALSE,FALSE,1,1,"singleton",0,1,0,0,0,1,0,1,0,1,0,7,"Upper tail"
"201891",47.11,3,2024-07-06,"22220785",51.6,"240916",NA,NA,5373,"2024",7,"Summer",2020-08-06,2022-08-02,23.1290322580645,FALSE,"2020",8,"Summer","non-G-coded","female","3",47.11,"43-60",FALSE,FALSE,FALSE,FALSE,FALSE,FALSE,FALSE,FALSE,FALSE,FALSE,1,1,"singleton",0,1,0,0,0,1,0,0,0,0,0,7,"Upper tail"
"801039L",57,2,2024-06-24,"22220785",55.4,"G40863",NA,NA,5401,"2024",6,"Summer",2019-09-24,2021-10-02,32.7333333333333,FALSE,"2019",9,"Autumn","G-coded","male","2",57,"43-60",FALSE,FALSE,FALSE,FALSE,FALSE,FALSE,FALSE,FALSE,FALSE,FALSE,1,1,"singleton",0,1,0,0,0,1,0,1,0,1,0,6,"Upper tail"
"01298",101.61,6,2024-06-24,"863025",54.6,"G40862",NA,NA,5404,"2024",6,"Summer",2015-12-24,2018-01-02,77.7333333333333,FALSE,"2015",12,"Winter","G-coded","male","6",101.61,">60",FALSE,FALSE,FALSE,FALSE,FALSE,FALSE,FALSE,FALSE,FALSE,FALSE,1,1,"singleton",0,1,0,0,0,1,0,1,0,0,0,6,"Upper tail"
"00491",61.83,4,2024-06-24,"171206",51.3,"240880",NA,NA,5407,"2024",6,"Summer",2019-04-24,2021-05-02,37.7333333333333,FALSE,"2019",4,"Spring","non-G-coded","female","4",61.83,">60",FALSE,FALSE,FALSE,FALSE,FALSE,FALSE,FALSE,FALSE,FALSE,FALSE,1,1,"singleton",0,1,0,0,0,1,0,0,0,0,0,6,"Upper tail"
"202075",45.5,3,2024-06-21,"171206",50.6,"240870",NA,NA,5415,"2024",6,"Summer",2020-08-21,2022-09-02,21.6333333333333,FALSE,"2020",8,"Summer","non-G-coded","female","3",45.5,"43-60",FALSE,FALSE,FALSE,FALSE,FALSE,FALSE,FALSE,FALSE,FALSE,FALSE,1,1,"singleton",0,1,0,0,0,1,0,0,0,0,0,6,"Upper tail"
"212110",41.35,2,2024-06-19,"171206",56.4,"G40427",NA,NA,5425,"2024",6,"Summer",2021-01-19,2023-02-02,16.5666666666667,FALSE,"2021",1,"Winter","G-coded","male","2",41.35,"31-42",FALSE,FALSE,FALSE,FALSE,FALSE,FALSE,FALSE,FALSE,FALSE,FALSE,1,1,"singleton",0,1,0,0,0,1,0,1,0,1,0,6,"Upper tail"
"00658",60.75,3,2024-06-15,"862025瓦特罗",65.1,"G40845",NA,NA,5448,"2024",6,"Summer",2019-05-15,2021-06-02,36.4333333333333,FALSE,"2019",5,"Spring","G-coded","male","3",60.75,">60",FALSE,TRUE,FALSE,FALSE,FALSE,FALSE,FALSE,FALSE,FALSE,FALSE,1,1,"singleton",0,1,0,1,0,1,0,1,0,1,1,6,"Upper tail"
"213361",61.11,4,2024-06-14,"22220785",51.2,"240854","167285","62068",5457,"2024",6,"Summer",2019-05-14,2021-06-02,36.4,FALSE,"2019",5,"Spring","non-G-coded","female","4",61.11,">60",FALSE,FALSE,FALSE,FALSE,FALSE,FALSE,FALSE,FALSE,FALSE,FALSE,1,1,"singleton",0,1,0,0,0,1,0,0,0,0,0,6,"Upper tail"
"800079",75.87,5,2024-06-14,"862025瓦特罗",57.4,"G40840",NA,NA,5459,"2024",6,"Summer",2018-02-14,2020-03-02,51.4,FALSE,"2018",2,"Winter","G-coded","male","5",75.87,">60",FALSE,FALSE,FALSE,FALSE,FALSE,FALSE,FALSE,FALSE,FALSE,FALSE,1,1,"singleton",0,1,0,1,0,1,0,1,0,1,0,6,"Upper tail"
"00726",60.19,4,2024-06-10,"22220785",51.6,"240842",NA,NA,5481,"2024",6,"Summer",2019-06-10,2021-07-02,35.2666666666667,FALSE,"2019",6,"Summer","non-G-coded","female","4",60.19,">60",FALSE,FALSE,FALSE,FALSE,FALSE,FALSE,FALSE,FALSE,FALSE,FALSE,1,1,"singleton",0,1,0,0,0,1,0,0,0,0,0,6,"Upper tail"
"61842",100.59,6,2024-06-05,"863025",55.1,"G40140",NA,NA,5517,"2024",6,"Summer",2016-01-05,2018-02-02,76.1,FALSE,"2016",1,"Winter","G-coded","male","6",100.59,">60",FALSE,FALSE,FALSE,FALSE,FALSE,FALSE,FALSE,FALSE,FALSE,FALSE,1,1,"singleton",0,1,0,0,0,1,0,1,0,1,0,6,"Upper tail"
"50484",103.58,7,2024-06-01,"22220785",52.3,"240802",NA,NA,5548,"2024",6,"Summer",2015-10-01,2017-11-02,78.9677419354839,FALSE,"2015",10,"Autumn","non-G-coded","female",">=7",103.58,">60",FALSE,FALSE,FALSE,FALSE,FALSE,FALSE,FALSE,FALSE,FALSE,FALSE,1,1,"singleton",0,1,0,1,0,1,0,0,0,0,0,6,"Upper tail"
"70102",87.51,6,2024-05-31,"863025",57.6,"G40788",NA,NA,5560,"2024",5,"Spring",2017-01-31,2019-03-02,62.9354838709677,FALSE,"2017",1,"Winter","G-coded","male","6",87.51,">60",FALSE,FALSE,FALSE,FALSE,FALSE,FALSE,FALSE,FALSE,FALSE,FALSE,1,1,"singleton",0,1,0,1,0,1,0,1,0,1,0,5,"Upper tail"
"62072",100.72,3,2024-05-28,"22220785",61.8,"G40769",NA,NA,5590,"2024",5,"Spring",2015-12-28,2018-02-02,75.8387096774194,FALSE,"2015",12,"Winter","G-coded","male","3",100.72,">60",FALSE,FALSE,FALSE,FALSE,FALSE,FALSE,FALSE,FALSE,FALSE,FALSE,1,1,"singleton",0,1,0,1,0,1,0,1,0,1,1,5,"Upper tail"
"60316",96.55,6,2024-05-25,"862025瓦特罗",50.4,"240771",NA,NA,5604,"2024",5,"Spring",2016-04-25,2018-06-02,71.741935483871,FALSE,"2016",4,"Spring","non-G-coded","female","6",96.55,">60",FALSE,FALSE,FALSE,FALSE,FALSE,FALSE,FALSE,FALSE,FALSE,FALSE,1,1,"singleton",0,1,0,0,0,1,0,0,0,0,0,5,"Upper tail"
"61768",100.69,5,2024-05-25,"22220785",49.8,"240772",NA,NA,5605,"2024",5,"Spring",2015-12-25,2018-02-02,75.741935483871,FALSE,"2015",12,"Winter","non-G-coded","female","5",100.69,">60",FALSE,FALSE,FALSE,FALSE,FALSE,FALSE,FALSE,FALSE,FALSE,FALSE,1,1,"singleton",0,1,0,0,0,1,0,0,0,0,0,5,"Upper tail"
"62039",100.46,5,2024-05-23,"863025",51.4,"240764",NA,NA,5620,"2024",5,"Spring",2016-01-23,2018-03-02,74.6774193548387,FALSE,"2016",1,"Winter","non-G-coded","female","5",100.46,">60",FALSE,FALSE,FALSE,FALSE,FALSE,FALSE,FALSE,FALSE,FALSE,FALSE,1,1,"singleton",0,1,0,0,0,1,0,0,0,0,0,5,"Upper tail"
"70422",83.07,6,2024-05-18,"22220785",50.1,"240755",NA,NA,5637,"2024",5,"Spring",2017-06-18,2019-08-02,57.5161290322581,FALSE,"2017",6,"Summer","non-G-coded","female","6",83.07,">60",FALSE,FALSE,FALSE,FALSE,FALSE,FALSE,FALSE,FALSE,FALSE,FALSE,1,1,"singleton",0,1,0,0,0,1,0,0,0,0,0,5,"Upper tail"
"70156",62.59,4,2024-05-17,"22220785",55.4,"G40737",NA,NA,5647,"2024",5,"Spring",2019-02-17,2021-04-02,37.4838709677419,FALSE,"2019",2,"Winter","G-coded","male","4",62.59,">60",FALSE,FALSE,FALSE,FALSE,FALSE,FALSE,FALSE,FALSE,FALSE,FALSE,1,1,"singleton",0,1,0,0,0,1,0,1,0,1,0,5,"Upper tail"
"61216",99.44,5,2024-05-16,"22220785",50.1,"240750",NA,NA,5650,"2024",5,"Spring",2016-02-16,2018-04-02,73.4516129032258,FALSE,"2016",2,"Winter","non-G-coded","female","5",99.44,">60",FALSE,FALSE,FALSE,FALSE,FALSE,FALSE,FALSE,FALSE,FALSE,FALSE,1,1,"singleton",0,1,0,0,0,1,0,0,0,0,0,5,"Upper tail"
"00315",50.95,2,2024-05-16,"22220785",51.4,"240749","606192","60605",5653,"2024",5,"Spring",2020-02-16,2022-04-02,25.4516129032258,FALSE,"2020",2,"Winter","non-G-coded","female","2",50.95,"43-60",FALSE,FALSE,FALSE,FALSE,FALSE,FALSE,FALSE,FALSE,FALSE,FALSE,1,1,"singleton",0,1,0,0,0,1,0,0,0,0,0,5,"Upper tail"
"61930",99.64,7,2024-05-09,"22220785",50.2,"240723",NA,NA,5705,"2024",5,"Spring",2016-01-09,2018-03-02,74.2258064516129,FALSE,"2016",1,"Winter","non-G-coded","female",">=7",99.64,">60",FALSE,FALSE,FALSE,FALSE,FALSE,FALSE,FALSE,FALSE,FALSE,FALSE,1,1,"singleton",0,1,0,0,0,1,0,0,0,0,0,5,"Upper tail"
"212241",39.12,2,2024-05-07,"22220785",54.5,"G40704","740640209","60307",5717,"2024",5,"Spring",2021-02-07,2023-04-02,13.1612903225806,TRUE,"2021",2,"Winter","G-coded","male","2",39.12,"31-42",FALSE,FALSE,FALSE,FALSE,FALSE,FALSE,FALSE,FALSE,FALSE,FALSE,1,1,"singleton",0,1,0,0,0,1,0,1,0,0,0,5,"Upper tail"
"801058",64.63,4,2024-05-02,"22220785",50.4,"240698",NA,NA,5752,"2024",5,"Spring",2018-12-02,2021-02-02,39,FALSE,"2018",12,"Winter","non-G-coded","female","4",64.63,">60",FALSE,FALSE,FALSE,FALSE,FALSE,FALSE,FALSE,FALSE,FALSE,FALSE,1,1,"singleton",0,1,0,0,0,1,0,0,0,0,0,5,"Upper tail"
"70220",85.04,6,2024-05-01,"22220785",53.1,"240695",NA,NA,5755,"2024",5,"Spring",2017-04-01,2019-06-02,58.9666666666667,FALSE,"2017",4,"Spring","non-G-coded","female","6",85.04,">60",FALSE,FALSE,FALSE,FALSE,FALSE,FALSE,FALSE,FALSE,FALSE,FALSE,1,1,"singleton",0,1,0,1,0,1,0,1,0,0,0,5,"Upper tail"
"801094",55.42,3,2024-04-26,"FR3917468802",53.9,"HG40666","186756","L70328",5789,"2024",4,"Spring",2019-09-26,2021-12-02,28.8,FALSE,"2019",9,"Autumn","non-G-coded","female","3",55.42,"43-60",FALSE,FALSE,FALSE,FALSE,FALSE,FALSE,FALSE,FALSE,FALSE,FALSE,1,1,"singleton",0,1,0,1,0,1,0,1,0,0,0,4,"Upper tail"
"00417",60.52,4,2024-04-26,"22220785",50.8,"240678",NA,NA,5790,"2024",4,"Spring",2019-03-26,2021-06-02,34.8,FALSE,"2019",3,"Spring","non-G-coded","female","4",60.52,">60",FALSE,FALSE,FALSE,FALSE,FALSE,FALSE,FALSE,FALSE,FALSE,FALSE,1,1,"singleton",0,1,0,0,0,1,0,0,0,0,0,4,"Upper tail"
"00137",56.51,4,2024-04-21,"22220785",56.8,"240665",NA,NA,5817,"2024",4,"Spring",2019-07-21,2021-10-02,30.6333333333333,FALSE,"2019",7,"Summer","non-G-coded","female","4",56.51,"43-60",FALSE,FALSE,FALSE,FALSE,FALSE,FALSE,FALSE,FALSE,FALSE,FALSE,1,1,"singleton",0,1,0,1,0,1,0,1,0,1,0,4,"Upper tail"
"61540",98.59,6,2024-04-19,"65119600",55.2,"G40648",NA,NA,5833,"2024",4,"Spring",2016-01-19,2018-04-02,72.5666666666667,FALSE,"2016",1,"Winter","G-coded","male","6",98.59,">60",FALSE,FALSE,FALSE,FALSE,FALSE,FALSE,FALSE,FALSE,FALSE,FALSE,1,1,"singleton",0,1,0,0,0,1,0,1,0,1,0,4,"Upper tail"
"62394",97.73,6,2024-04-16,"65119600",49.8,"240642",NA,NA,5854,"2024",4,"Spring",2016-02-16,2018-05-02,71.4666666666667,FALSE,"2016",2,"Winter","non-G-coded","female","6",97.73,">60",FALSE,FALSE,FALSE,FALSE,FALSE,FALSE,FALSE,FALSE,FALSE,FALSE,1,1,"singleton",0,1,0,0,0,1,0,0,0,0,0,4,"Upper tail"
"00748",59.6,4,2024-04-16,"22220785",52.3,"240640",NA,NA,5859,"2024",4,"Spring",2019-04-16,2021-07-02,33.4666666666667,FALSE,"2019",4,"Spring","non-G-coded","female","4",59.6,"43-60",FALSE,FALSE,FALSE,FALSE,FALSE,FALSE,FALSE,FALSE,FALSE,FALSE,1,1,"singleton",0,1,0,1,0,1,0,0,0,0,0,4,"Upper tail"
"00435",60.03,3,2024-04-15,"FR3917468802",55.2,"G40631",NA,NA,5867,"2024",4,"Spring",2019-04-15,2021-07-02,33.4333333333333,FALSE,"2019",4,"Spring","G-coded","male","3",60.03,">60",FALSE,FALSE,FALSE,FALSE,FALSE,FALSE,FALSE,FALSE,FALSE,FALSE,1,1,"singleton",0,1,0,0,0,1,0,1,0,1,0,4,"Upper tail"
"201817",45.56,3,2024-04-12,"22220785",54.8,"G40624",NA,NA,5883,"2024",4,"Spring",2020-06-12,2022-09-02,19.3333333333333,FALSE,"2020",6,"Summer","G-coded","male","3",45.56,"43-60",FALSE,FALSE,FALSE,FALSE,FALSE,FALSE,FALSE,FALSE,FALSE,FALSE,1,1,"singleton",0,1,0,0,0,1,0,1,0,0,0,4,"Upper tail"
"70737",75.84,5,2024-04-09,"65119600",57.8,"240611",NA,NA,5905,"2024",4,"Spring",2017-12-09,2020-03-02,49.2333333333333,FALSE,"2017",12,"Winter","non-G-coded","female","5",75.84,">60",FALSE,FALSE,FALSE,FALSE,FALSE,FALSE,FALSE,FALSE,FALSE,FALSE,1,1,"singleton",0,1,0,1,0,1,0,1,0,1,0,4,"Upper tail"
"60378",93.85,6,2024-04-08,"FR3917468802",53.8,"240601",NA,NA,5907,"2024",4,"Spring",2016-06-08,2018-09-02,67.2,FALSE,"2016",6,"Summer","non-G-coded","female","6",93.85,">60",FALSE,FALSE,FALSE,FALSE,FALSE,FALSE,FALSE,FALSE,FALSE,FALSE,1,1,"singleton",0,1,0,1,0,1,0,1,0,0,0,4,"Upper tail"
"61001",98.88,5,2024-04-08,"862025瓦特罗",51.2,"241242",NA,NA,5915,"2024",4,"Spring",2016-01-08,2018-04-02,72.2,FALSE,"2016",1,"Winter","non-G-coded","female","5",98.88,">60",FALSE,FALSE,FALSE,FALSE,FALSE,FALSE,FALSE,FALSE,FALSE,FALSE,1,1,"singleton",0,1,0,0,0,1,0,0,0,0,0,4,"Upper tail"
"201741L",46.09,3,2024-04-03,"862025瓦特罗",56.3,"G40955",NA,NA,5946,"2024",4,"Spring",2020-06-03,2022-09-02,19.0333333333333,FALSE,"2020",6,"Summer","G-coded","male","3",46.09,"43-60",FALSE,FALSE,FALSE,FALSE,FALSE,FALSE,FALSE,FALSE,FALSE,FALSE,1,1,"singleton",0,1,0,0,0,1,0,1,0,1,0,4,"Upper tail"
"00573",58.74,4,2024-04-03,"862025瓦特罗",53.6,"240584","167285","62620",5952,"2024",4,"Spring",2019-05-03,2021-08-02,32.0333333333333,FALSE,"2019",5,"Spring","non-G-coded","female","4",58.74,"43-60",FALSE,FALSE,FALSE,FALSE,FALSE,FALSE,FALSE,FALSE,FALSE,FALSE,1,1,"singleton",0,1,0,1,0,1,0,1,0,0,0,4,"Upper tail"
"60314",94.77,5,2024-04-01,"862025瓦特罗",52.3,"240574",NA,NA,5960,"2024",4,"Spring",2016-05-01,2018-08-02,67.9677419354839,FALSE,"2016",5,"Spring","non-G-coded","female","5",94.77,">60",FALSE,FALSE,FALSE,FALSE,FALSE,FALSE,FALSE,FALSE,FALSE,FALSE,1,1,"singleton",0,1,0,1,0,1,0,0,0,0,0,4,"Upper tail"
"212014",38.89,2,2024-03-30,"862025瓦特罗",55.4,"G40587","740640209","61458",5971,"2024",3,"Spring",2020-12-30,2023-04-02,11.9032258064516,TRUE,"2020",12,"Winter","G-coded","male","2",38.89,"31-42",FALSE,FALSE,FALSE,FALSE,FALSE,FALSE,FALSE,FALSE,FALSE,FALSE,1,1,"singleton",0,1,0,0,0,1,0,1,0,1,0,3,"Upper tail"
"801083",63.45,3,2024-03-30,"862025瓦特罗",62.3,"G40623","171790","12026",5975,"2024",3,"Spring",2018-12-30,2021-04-02,35.9032258064516,FALSE,"2018",12,"Winter","G-coded","male","3",63.45,">60",FALSE,FALSE,FALSE,FALSE,FALSE,FALSE,FALSE,FALSE,FALSE,FALSE,1,1,"singleton",0,1,0,1,0,1,0,1,0,1,1,3,"Upper tail"
"L212643",35.57,1,2024-03-29,"15620128",59.2,"G40575","606318","Z00407",5978,"2024",3,"Spring",2021-03-29,2023-07-02,8.87096774193548,TRUE,"2021",3,"Spring","G-coded","male","1",35.57,"31-42",FALSE,FALSE,FALSE,FALSE,FALSE,FALSE,FALSE,FALSE,FALSE,FALSE,1,1,"singleton",0,1,0,1,0,1,0,1,0,1,0,3,"Upper tail"
"70104",85.37,6,2024-03-29,"FR3917468802",60.2,"G40581",NA,NA,5982,"2024",3,"Spring",2017-02-28,2019-06-02,57.8709677419355,FALSE,"2017",2,"Winter","G-coded","male","6",85.37,">60",FALSE,FALSE,FALSE,FALSE,FALSE,FALSE,FALSE,FALSE,FALSE,FALSE,1,1,"singleton",0,1,0,1,0,1,0,1,0,1,1,3,"Upper tail"
"00216",60.88,4,2024-03-27,"862025瓦特罗",56.4,"G40563L","171790","62209",6002,"2024",3,"Spring",2019-02-27,2021-06-02,33.8064516129032,FALSE,"2019",2,"Winter","G-coded","male","4",60.88,">60",FALSE,FALSE,FALSE,FALSE,FALSE,FALSE,FALSE,FALSE,FALSE,FALSE,1,1,"singleton",0,1,0,0,0,1,0,1,0,1,0,3,"Upper tail"
"202339",40.99,2,2024-03-27,"15220255",49.8,"240553",NA,NA,6006,"2024",3,"Spring",2020-10-27,2023-02-02,13.8064516129032,TRUE,"2020",10,"Autumn","non-G-coded","female","2",40.99,"31-42",FALSE,FALSE,FALSE,FALSE,FALSE,FALSE,FALSE,FALSE,FALSE,FALSE,1,1,"singleton",0,1,0,0,0,1,0,0,0,0,0,3,"Upper tail"
"00645",58.12,4,2024-03-25,"862025瓦特罗",58.6,"G8291",NA,NA,6026,"2024",3,"Spring",2019-05-25,2021-09-02,30.741935483871,FALSE,"2019",5,"Spring","G-coded","male","4",58.12,"43-60",FALSE,FALSE,FALSE,FALSE,FALSE,FALSE,FALSE,FALSE,FALSE,FALSE,1,1,"singleton",0,1,0,1,0,1,0,1,0,1,0,3,"Upper tail"
"70227",83.69,6,2024-03-24,"862025瓦特罗",57.4,"240539",NA,NA,6038,"2024",3,"Spring",2017-03-24,2019-07-02,56.7096774193548,FALSE,"2017",3,"Spring","non-G-coded","female","6",83.69,">60",FALSE,FALSE,FALSE,FALSE,FALSE,FALSE,FALSE,FALSE,FALSE,FALSE,1,1,"singleton",0,1,0,1,0,1,0,1,0,1,0,3,"Upper tail"
"202206",41.58,2,2024-03-23,"862025瓦特罗",54.6,"G40666","7402563907","61626",6045,"2024",3,"Spring",2020-09-23,2023-01-02,14.6774193548387,TRUE,"2020",9,"Autumn","G-coded","male","2",41.58,"31-42",FALSE,FALSE,FALSE,FALSE,FALSE,FALSE,FALSE,FALSE,FALSE,FALSE,1,1,"singleton",0,1,0,0,0,1,0,1,0,0,0,3,"Upper tail"
"H212635",86.49,5,2024-03-23,"862025瓦特罗",51,"240533",NA,NA,6046,"2024",3,"Spring",2017-01-23,2019-05-02,58.6774193548387,FALSE,"2017",1,"Winter","non-G-coded","female","5",86.49,">60",FALSE,FALSE,FALSE,FALSE,FALSE,FALSE,FALSE,FALSE,FALSE,FALSE,1,1,"singleton",0,1,0,0,0,1,0,0,0,0,0,3,"Upper tail"
"212598",36.69,2,2024-03-23,"862025瓦特罗",64.3,"240536",NA,NA,6048,"2024",3,"Spring",2021-02-23,2023-06-02,9.67741935483871,TRUE,"2021",2,"Winter","non-G-coded","female","2",36.69,"31-42",FALSE,FALSE,FALSE,FALSE,FALSE,FALSE,FALSE,FALSE,FALSE,FALSE,1,1,"singleton",0,1,0,1,0,1,0,1,0,1,1,3,"Upper tail"
"L202679",39.15,2,2024-03-23,"862025瓦特罗",60,"G40534",NA,NA,6049,"2024",3,"Spring",2020-12-23,2023-04-02,11.6774193548387,TRUE,"2020",12,"Winter","G-coded","male","2",39.15,"31-42",FALSE,FALSE,FALSE,FALSE,FALSE,FALSE,FALSE,FALSE,FALSE,FALSE,1,1,"singleton",0,1,0,1,0,1,0,1,0,1,0,3,"Upper tail"
"213816",59.43,4,2024-03-22,"FR3917468802",49.8,"240528",NA,NA,6055,"2024",3,"Spring",2019-04-22,2021-08-02,31.6451612903226,FALSE,"2019",4,"Spring","non-G-coded","female","4",59.43,"43-60",FALSE,FALSE,FALSE,FALSE,FALSE,FALSE,FALSE,FALSE,FALSE,FALSE,1,1,"singleton",0,1,0,0,0,1,0,0,0,0,0,3,"Upper tail"
"00786",57.17,4,2024-03-20,"862025瓦特罗",56.8,"G40523","167285","62472",6064,"2024",3,"Spring",2019-06-20,2021-10-02,29.5806451612903,FALSE,"2019",6,"Summer","G-coded","male","4",57.17,"43-60",FALSE,FALSE,FALSE,FALSE,FALSE,FALSE,FALSE,FALSE,FALSE,FALSE,1,1,"singleton",0,1,0,0,0,1,0,1,0,1,0,3,"Upper tail"
"212681",23.64,1,2024-03-20,"13220085",50.3,"240520","180781","Z801102",6069,"2024",3,"Spring",2022-03-20,2024-07-02,-3.41935483870968,TRUE,"2022",3,"Spring","non-G-coded","female","1",23.64,"<=30",FALSE,FALSE,FALSE,FALSE,FALSE,FALSE,FALSE,FALSE,FALSE,FALSE,1,1,"singleton",0,1,0,0,0,1,0,0,0,0,0,3,"Upper tail"
"60598",87.02,6,2024-03-18,"862025瓦特罗",56.2,"G40511","426864","10441",6083,"2024",3,"Spring",2016-12-18,2019-04-02,59.5161290322581,FALSE,"2016",12,"Winter","G-coded","male","6",87.02,">60",FALSE,FALSE,FALSE,FALSE,FALSE,FALSE,FALSE,FALSE,FALSE,FALSE,1,1,"singleton",0,1,0,0,0,1,0,1,0,1,0,3,"Upper tail"
"70189",83.76,6,2024-03-15,"862025瓦特罗",50.8,"240498",NA,NA,6109,"2024",3,"Spring",2017-03-15,2019-07-02,56.4193548387097,FALSE,"2017",3,"Spring","non-G-coded","female","6",83.76,">60",FALSE,FALSE,FALSE,FALSE,FALSE,FALSE,FALSE,FALSE,FALSE,FALSE,1,1,"singleton",0,1,0,0,0,1,0,0,0,0,0,3,"Upper tail"
"61590",96.75,5,2024-03-15,"862025瓦特罗",52.3,"240501",NA,NA,6112,"2024",3,"Spring",2016-02-15,2018-06-02,69.4193548387097,FALSE,"2016",2,"Winter","non-G-coded","female","5",96.75,">60",FALSE,FALSE,FALSE,FALSE,FALSE,FALSE,FALSE,FALSE,FALSE,FALSE,1,1,"singleton",0,1,0,1,0,1,0,0,0,0,0,3,"Upper tail"
"70215",83.6,5,2024-03-15,"862025瓦特罗",53.6,"240503",NA,NA,6116,"2024",3,"Spring",2017-03-15,2019-07-02,56.4193548387097,FALSE,"2017",3,"Spring","non-G-coded","female","5",83.6,">60",FALSE,FALSE,FALSE,FALSE,FALSE,FALSE,FALSE,FALSE,FALSE,FALSE,1,1,"singleton",0,1,0,1,0,1,0,1,0,0,0,3,"Upper tail"
"1551",96.65,6,2024-03-14,"862025瓦特罗",50.4,"240059",NA,NA,6127,"2024",3,"Spring",2016-02-14,2018-06-02,69.3870967741936,FALSE,"2016",2,"Winter","non-G-coded","female","6",96.65,">60",FALSE,FALSE,FALSE,FALSE,FALSE,FALSE,FALSE,FALSE,FALSE,FALSE,1,1,"singleton",0,1,0,0,0,1,0,0,0,0,0,3,"Upper tail"
"62222",96.55,6,2024-03-13,"862025瓦特罗",50.4,"240486",NA,NA,6139,"2024",3,"Spring",2016-02-13,2018-06-02,69.3548387096774,FALSE,"2016",2,"Winter","non-G-coded","female","6",96.55,">60",FALSE,FALSE,FALSE,FALSE,FALSE,FALSE,FALSE,FALSE,FALSE,FALSE,1,1,"singleton",0,1,0,0,0,1,0,0,0,0,0,3,"Upper tail"
"62153",96.94,6,2024-03-13,"FR3917468802",55.4,"G40478",NA,NA,6141,"2024",3,"Spring",2016-02-13,2018-06-02,69.3548387096774,FALSE,"2016",2,"Winter","G-coded","male","6",96.94,">60",FALSE,FALSE,FALSE,FALSE,FALSE,FALSE,FALSE,FALSE,FALSE,FALSE,1,1,"singleton",0,1,0,0,0,1,0,1,0,1,0,3,"Upper tail"
"00620",57.92,2,2024-03-13,"862025瓦特罗",51.8,"240485",NA,NA,6142,"2024",3,"Spring",2019-05-13,2021-09-02,30.3548387096774,FALSE,"2019",5,"Spring","non-G-coded","female","2",57.92,"43-60",FALSE,FALSE,FALSE,FALSE,FALSE,FALSE,FALSE,FALSE,FALSE,FALSE,1,1,"singleton",0,1,0,1,0,1,0,0,0,0,0,3,"Upper tail"
"212525",26.07,1,2024-03-12,"862025瓦特罗",51.6,"LG40473",NA,NA,6160,"2024",3,"Spring",2022-01-12,2024-05-02,-1.67741935483871,TRUE,"2022",1,"Winter","non-G-coded","female","1",26.07,"<=30",FALSE,FALSE,FALSE,FALSE,FALSE,FALSE,FALSE,FALSE,FALSE,FALSE,1,1,"singleton",0,1,0,0,0,1,0,0,0,0,0,3,"Upper tail"
"01164",52.93,3,2024-03-11,"FR7045049997",53.6,"240474",NA,NA,6163,"2024",3,"Spring",2019-10-11,2022-02-02,25.2903225806452,FALSE,"2019",10,"Autumn","non-G-coded","female","3",52.93,"43-60",FALSE,FALSE,FALSE,FALSE,FALSE,FALSE,FALSE,FALSE,FALSE,FALSE,1,1,"singleton",0,1,0,1,0,1,0,1,0,0,0,3,"Upper tail"
"212556",35.44,2,2024-03-11,"865530狼血",52.2,"240472","62544424506","60044",6170,"2024",3,"Spring",2021-04-11,2023-08-02,7.29032258064516,TRUE,"2021",4,"Spring","non-G-coded","female","2",35.44,"31-42",FALSE,FALSE,FALSE,FALSE,FALSE,FALSE,FALSE,FALSE,FALSE,FALSE,1,1,"singleton",0,1,0,1,0,1,0,0,0,0,0,3,"Upper tail"
"212230",37.31,2,2024-03-10,"862025瓦特罗",57,"G40456",NA,NA,6174,"2024",3,"Spring",2021-02-10,2023-06-02,9.25806451612903,TRUE,"2021",2,"Winter","G-coded","male","2",37.31,"31-42",FALSE,FALSE,FALSE,FALSE,FALSE,FALSE,FALSE,FALSE,FALSE,FALSE,1,1,"singleton",0,1,0,0,0,1,0,1,0,1,0,3,"Upper tail"
"01298L",46.94,2,2024-03-09,"862025瓦特罗",54.8,"G40453",NA,NA,6182,"2024",3,"Spring",2020-04-09,2022-08-02,19.2258064516129,FALSE,"2020",4,"Spring","G-coded","male","2",46.94,"43-60",FALSE,FALSE,FALSE,FALSE,FALSE,FALSE,FALSE,FALSE,FALSE,FALSE,1,1,"singleton",0,1,0,0,0,1,0,1,0,0,0,3,"Upper tail"
"60951",97.47,6,2024-03-06,"862025瓦特罗",51.7,"240443",NA,NA,6224,"2024",3,"Spring",2016-02-06,2018-06-02,69.1290322580645,FALSE,"2016",2,"Winter","non-G-coded","female","6",97.47,">60",FALSE,FALSE,FALSE,FALSE,FALSE,FALSE,FALSE,FALSE,FALSE,FALSE,1,1,"singleton",0,1,0,0,0,1,0,0,0,0,0,3,"Upper tail"
"00416",58.81,4,2024-03-05,"862025瓦特罗",55.7,"G40426",NA,NA,6228,"2024",3,"Spring",2019-04-05,2021-08-02,31.0967741935484,FALSE,"2019",4,"Spring","G-coded","male","4",58.81,"43-60",FALSE,FALSE,FALSE,FALSE,FALSE,FALSE,FALSE,FALSE,FALSE,FALSE,1,1,"singleton",0,1,0,0,0,1,0,1,0,1,0,3,"Upper tail"
"01012",53.88,3,2024-03-04,"862025瓦特罗",52.3,"240432","606192","12037",6237,"2024",3,"Spring",2019-09-04,2022-01-02,26.0645161290323,FALSE,"2019",9,"Autumn","non-G-coded","female","3",53.88,"43-60",FALSE,FALSE,FALSE,FALSE,FALSE,FALSE,FALSE,FALSE,FALSE,FALSE,1,1,"singleton",0,1,0,1,0,1,0,0,0,0,0,3,"Upper tail"
"H202327",61.11,4,2024-03-03,"862025瓦特罗",56.3,"G40415",NA,NA,6243,"2024",3,"Spring",2019-02-03,2021-06-02,33.0322580645161,FALSE,"2019",2,"Winter","G-coded","male","4",61.11,">60",FALSE,FALSE,FALSE,FALSE,FALSE,FALSE,FALSE,FALSE,FALSE,FALSE,1,1,"singleton",0,1,0,0,0,1,0,1,0,1,0,3,"Upper tail"
"70037",85.7,6,2024-03-03,"862025瓦特罗",59.2,"G40414",NA,NA,6249,"2024",3,"Spring",2017-01-03,2019-05-02,58.0322580645161,FALSE,"2017",1,"Winter","G-coded","male","6",85.7,">60",FALSE,FALSE,FALSE,FALSE,FALSE,FALSE,FALSE,FALSE,FALSE,FALSE,1,1,"singleton",0,1,0,1,0,1,0,1,0,1,0,3,"Upper tail"
"60100",96.22,6,2024-03-01,"862025瓦特罗",52.7,"240416",NA,NA,6264,"2024",3,"Spring",2016-03-01,2018-07-02,67.9655172413793,FALSE,"2016",3,"Spring","non-G-coded","female","6",96.22,">60",FALSE,FALSE,FALSE,FALSE,FALSE,FALSE,FALSE,FALSE,FALSE,FALSE,1,1,"singleton",0,1,0,1,0,1,0,1,0,0,0,3,"Upper tail"
"217011",27.48,1,2024-03-01,"862025瓦特罗",50.6,"240419","854282","801022",6272,"2024",3,"Spring",2021-12-01,2024-04-02,-1.03448275862069,TRUE,"2021",12,"Winter","non-G-coded","female","1",27.48,"<=30",FALSE,FALSE,FALSE,FALSE,FALSE,FALSE,FALSE,FALSE,FALSE,FALSE,1,1,"singleton",0,1,0,0,0,1,0,0,0,0,0,3,"Upper tail"
"212498",36.92,2,2024-02-28,"862025瓦特罗",52.7,"240403",NA,NA,6283,"2024",2,"Winter",2021-01-28,2023-06-02,8.89655172413793,TRUE,"2021",1,"Winter","non-G-coded","female","2",36.92,"31-42",FALSE,FALSE,FALSE,FALSE,FALSE,FALSE,FALSE,FALSE,FALSE,FALSE,1,1,"singleton",0,1,0,1,0,1,0,1,0,0,0,2,"Upper tail"
"20060",53.09,3,2024-02-28,"862025瓦特罗",53.2,"240375",NA,NA,6293,"2024",2,"Winter",2019-09-28,2022-02-02,24.8965517241379,FALSE,"2019",9,"Autumn","non-G-coded","female","3",53.09,"43-60",FALSE,FALSE,FALSE,FALSE,FALSE,FALSE,FALSE,FALSE,FALSE,FALSE,1,1,"singleton",0,1,0,1,0,1,0,1,0,0,0,2,"Upper tail"
"62646",96.29,6,2024-02-27,"862025瓦特罗",58.8,"240396",NA,NA,6301,"2024",2,"Winter",2016-02-27,2018-07-02,67.8620689655172,FALSE,"2016",2,"Winter","non-G-coded","female","6",96.29,">60",FALSE,FALSE,FALSE,FALSE,FALSE,FALSE,FALSE,FALSE,FALSE,FALSE,1,1,"singleton",0,1,0,1,0,1,0,1,0,1,0,2,"Upper tail"
"801030",62.56,4,2024-02-27,"FR3917468802",56.2,"G40390",NA,NA,6302,"2024",2,"Winter",2018-11-27,2021-04-02,34.8620689655172,FALSE,"2018",11,"Autumn","G-coded","male","4",62.56,">60",FALSE,FALSE,FALSE,FALSE,FALSE,FALSE,FALSE,FALSE,FALSE,FALSE,1,1,"singleton",0,1,0,0,0,1,0,1,0,1,0,2,"Upper tail"
"70304",81.95,6,2024-02-26,"FR3917468802",56.7,"G40379",NA,NA,6312,"2024",2,"Winter",2017-04-26,2019-09-02,53.8275862068966,FALSE,"2017",4,"Spring","G-coded","male","6",81.95,">60",FALSE,FALSE,FALSE,FALSE,FALSE,FALSE,FALSE,FALSE,FALSE,FALSE,1,1,"singleton",0,1,0,0,0,1,0,1,0,1,0,2,"Upper tail"
"61037",97.34,6,2024-02-26,"862025瓦特罗",62.2,"G40377",NA,NA,6316,"2024",2,"Winter",2016-01-26,2018-06-02,68.8275862068966,FALSE,"2016",1,"Winter","G-coded","male","6",97.34,">60",FALSE,FALSE,FALSE,FALSE,FALSE,FALSE,FALSE,FALSE,FALSE,FALSE,1,1,"singleton",0,1,0,1,0,1,0,1,0,1,1,2,"Upper tail"
"63038",96.32,5,2024-02-25,"862025瓦特罗",50.2,"240388",NA,NA,6337,"2024",2,"Winter",2016-02-25,2018-07-02,67.7931034482759,FALSE,"2016",2,"Winter","non-G-coded","female","5",96.32,">60",FALSE,FALSE,FALSE,FALSE,FALSE,FALSE,FALSE,FALSE,FALSE,FALSE,1,1,"singleton",0,1,0,0,0,1,0,0,0,0,0,2,"Upper tail"
"213897",26.13,1,2024-02-24,"862025瓦特罗",50.2,"240372","854062","01213",6346,"2024",2,"Winter",2021-12-24,2024-05-02,-2.24137931034483,TRUE,"2021",12,"Winter","non-G-coded","female","1",26.13,"<=30",FALSE,FALSE,FALSE,FALSE,FALSE,FALSE,FALSE,FALSE,FALSE,FALSE,1,1,"singleton",0,1,0,0,0,1,0,0,0,0,0,2,"Upper tail"
"800408",56.15,3,2024-02-24,"FR3917468802",51.3,"HG40359","167285","91130",6349,"2024",2,"Winter",2019-06-24,2021-11-02,27.7586206896552,FALSE,"2019",6,"Summer","non-G-coded","female","3",56.15,"43-60",FALSE,FALSE,FALSE,FALSE,FALSE,FALSE,FALSE,FALSE,FALSE,FALSE,1,1,"singleton",0,1,0,0,0,1,0,0,0,0,0,2,"Upper tail"
"224080",25.51,1,2024-02-24,"862025瓦特罗",54.7,"G40361","6868671111","L20003",6354,"2024",2,"Winter",2021-12-24,2024-05-02,-2.24137931034483,TRUE,"2021",12,"Winter","G-coded","male","1",25.51,"<=30",FALSE,FALSE,FALSE,FALSE,FALSE,FALSE,FALSE,FALSE,FALSE,FALSE,1,1,"singleton",0,1,0,0,0,1,0,1,0,0,0,2,"Upper tail"
"95113",52.01,3,2024-02-24,"FR3917468802",51.4,"240376",NA,NA,6355,"2024",2,"Winter",2019-10-24,2022-03-02,23.7586206896552,FALSE,"2019",10,"Autumn","non-G-coded","female","3",52.01,"43-60",FALSE,FALSE,FALSE,FALSE,FALSE,FALSE,FALSE,FALSE,FALSE,FALSE,1,1,"singleton",0,1,0,0,0,1,0,0,0,0,0,2,"Upper tail"
"61155",96.68,6,2024-02-23,"862025瓦特罗",52.3,"240369",NA,NA,6373,"2024",2,"Winter",2016-01-23,2018-06-02,68.7241379310345,FALSE,"2016",1,"Winter","non-G-coded","female","6",96.68,">60",FALSE,FALSE,FALSE,FALSE,FALSE,FALSE,FALSE,FALSE,FALSE,FALSE,1,1,"singleton",0,1,0,1,0,1,0,0,0,0,0,2,"Upper tail"
"201585",45.89,3,2024-02-23,"FR3917468802",56.2,"G40346",NA,NA,6374,"2024",2,"Winter",2020-04-23,2022-09-02,17.7241379310345,FALSE,"2020",4,"Spring","G-coded","male","3",45.89,"43-60",FALSE,FALSE,FALSE,FALSE,FALSE,FALSE,FALSE,FALSE,FALSE,FALSE,1,1,"singleton",0,1,0,0,0,1,0,1,0,1,0,2,"Upper tail"
"213156",30.87,1,2024-02-22,"862025瓦特罗",59.6,"G40337",NA,NA,6385,"2024",2,"Winter",2021-07-22,2023-12-02,2.68965517241379,TRUE,"2021",7,"Summer","G-coded","male","1",30.87,"31-42",FALSE,FALSE,FALSE,FALSE,FALSE,FALSE,FALSE,FALSE,FALSE,FALSE,1,1,"singleton",0,1,0,1,0,1,0,1,0,1,0,2,"Upper tail"
"212260",36.52,2,2024-02-22,"FR3917468802",60.1,"G40340","606306","61760",6393,"2024",2,"Winter",2021-01-22,2023-06-02,8.68965517241379,TRUE,"2021",1,"Winter","G-coded","male","2",36.52,"31-42",FALSE,FALSE,FALSE,FALSE,FALSE,FALSE,FALSE,FALSE,FALSE,FALSE,1,1,"singleton",0,1,0,1,0,1,0,1,0,1,1,2,"Upper tail"
"00795",56.18,4,2024-02-21,"862025瓦特罗",58.1,"240348","167285","15613",6412,"2024",2,"Winter",2019-06-21,2021-11-02,27.6551724137931,FALSE,"2019",6,"Summer","non-G-coded","female","4",56.18,"43-60",FALSE,FALSE,FALSE,FALSE,FALSE,FALSE,FALSE,FALSE,FALSE,FALSE,1,1,"singleton",0,1,0,1,0,1,0,1,0,1,0,2,"Upper tail"
"60102",95.86,5,2024-02-20,"862025瓦特罗",55.3,"G40318",NA,NA,6418,"2024",2,"Winter",2016-02-20,2018-07-02,67.6206896551724,FALSE,"2016",2,"Winter","G-coded","male","5",95.86,">60",FALSE,FALSE,FALSE,FALSE,FALSE,FALSE,FALSE,FALSE,FALSE,FALSE,1,1,"singleton",0,1,0,0,0,1,0,1,0,1,0,2,"Upper tail"
"217025",26.27,1,2024-02-17,"862025瓦特罗",57.4,"G40294","854062","Z201066",6461,"2024",2,"Winter",2021-12-17,2024-05-02,-2.48275862068966,TRUE,"2021",12,"Winter","G-coded","male","1",26.27,"<=30",FALSE,FALSE,FALSE,FALSE,FALSE,FALSE,FALSE,FALSE,FALSE,FALSE,1,1,"singleton",0,1,0,1,0,1,0,1,0,1,0,2,"Upper tail"
"00177",60.03,4,2024-02-16,"862025瓦特罗",59.9,"G40288",NA,NA,6471,"2024",2,"Winter",2019-02-16,2021-07-02,31.4827586206897,FALSE,"2019",2,"Winter","G-coded","male","4",60.03,">60",FALSE,FALSE,FALSE,FALSE,FALSE,FALSE,FALSE,FALSE,FALSE,FALSE,1,1,"singleton",0,1,0,1,0,1,0,1,0,1,0,2,"Upper tail"
"212057",37.41,2,2024-02-16,"862025瓦特罗",55.5,"G40287","740640209","61598",6473,"2024",2,"Winter",2021-01-16,2023-06-02,8.48275862068965,TRUE,"2021",1,"Winter","G-coded","male","2",37.41,"31-42",FALSE,FALSE,FALSE,FALSE,FALSE,FALSE,FALSE,FALSE,FALSE,FALSE,1,1,"singleton",0,1,0,0,0,1,0,1,0,1,0,2,"Upper tail"
"61403",96.09,6,2024-02-15,"862025瓦特罗",50.1,"240298",NA,NA,6485,"2024",2,"Winter",2016-02-15,2018-07-02,67.448275862069,FALSE,"2016",2,"Winter","non-G-coded","female","6",96.09,">60",FALSE,FALSE,FALSE,FALSE,FALSE,FALSE,FALSE,FALSE,FALSE,FALSE,1,1,"singleton",0,1,0,0,0,1,0,0,0,0,0,2,"Upper tail"
"224058",22.35,1,2024-02-15,"862025瓦特罗",51.8,"240303",NA,NA,6486,"2024",2,"Winter",2022-04-15,2024-09-02,-6.55172413793103,TRUE,"2022",4,"Spring","non-G-coded","female","1",22.35,"<=30",FALSE,FALSE,FALSE,FALSE,FALSE,FALSE,FALSE,FALSE,FALSE,FALSE,1,1,"singleton",0,1,0,1,0,1,0,0,0,0,0,2,"Upper tail"
"212431",35.11,2,2024-02-14,"862025瓦特罗",50.2,"240288","180781","62531",6490,"2024",2,"Winter",2021-03-14,2023-08-02,6.41379310344828,TRUE,"2021",3,"Spring","non-G-coded","female","2",35.11,"31-42",FALSE,FALSE,FALSE,FALSE,FALSE,FALSE,FALSE,FALSE,FALSE,FALSE,1,1,"singleton",0,1,0,0,0,1,0,0,0,0,0,2,"Upper tail"
"61662",96.15,6,2024-02-14,"FR7045049997",50.1,"240289",NA,NA,6497,"2024",2,"Winter",2016-02-14,2018-07-02,67.4137931034483,FALSE,"2016",2,"Winter","non-G-coded","female","6",96.15,">60",FALSE,FALSE,FALSE,FALSE,FALSE,FALSE,FALSE,FALSE,FALSE,FALSE,1,1,"singleton",0,1,0,0,0,1,0,0,0,0,0,2,"Upper tail"
"00406",58.19,3,2024-02-14,"FR7045049997",50.4,"H240287","171790","61258",6502,"2024",2,"Winter",2019-04-14,2021-09-02,29.4137931034483,FALSE,"2019",4,"Spring","non-G-coded","female","3",58.19,"43-60",FALSE,FALSE,FALSE,FALSE,FALSE,FALSE,FALSE,FALSE,FALSE,FALSE,1,1,"singleton",0,1,0,0,0,1,0,0,0,0,0,2,"Upper tail"
"212502",34.94,2,2024-02-13,"862025瓦特罗",55.3,"G40260","62544424506","800057",6509,"2024",2,"Winter",2021-03-13,2023-08-02,6.37931034482759,TRUE,"2021",3,"Spring","G-coded","male","2",34.94,"31-42",FALSE,FALSE,FALSE,FALSE,FALSE,FALSE,FALSE,FALSE,FALSE,FALSE,1,1,"singleton",0,1,0,0,0,1,0,1,0,1,0,2,"Upper tail"
"801145",61.57,4,2024-02-13,"FR7045049997",50.6,"240282","171790","Z62409",6511,"2024",2,"Winter",2018-12-13,2021-05-02,33.3793103448276,FALSE,"2018",12,"Winter","non-G-coded","female","4",61.57,">60",FALSE,FALSE,FALSE,FALSE,FALSE,FALSE,FALSE,FALSE,FALSE,FALSE,1,1,"singleton",0,1,0,0,0,1,0,0,0,0,0,2,"Upper tail"
"60814",96.94,5,2024-02-13,"862025瓦特罗",56.5,"G40265",NA,NA,6512,"2024",2,"Winter",2016-01-13,2018-06-02,68.3793103448276,FALSE,"2016",1,"Winter","G-coded","male","5",96.94,">60",FALSE,FALSE,FALSE,FALSE,FALSE,FALSE,FALSE,FALSE,FALSE,FALSE,1,1,"singleton",0,1,0,0,0,1,0,1,0,1,0,2,"Upper tail"
"70309",81.43,4,2024-02-13,"862025瓦特罗",56.8,"G40263",NA,NA,6516,"2024",2,"Winter",2017-05-13,2019-10-02,52.3793103448276,FALSE,"2017",5,"Spring","G-coded","male","4",81.43,">60",FALSE,FALSE,FALSE,FALSE,FALSE,FALSE,FALSE,FALSE,FALSE,FALSE,1,1,"singleton",0,1,0,0,0,1,0,1,0,1,0,2,"Upper tail"
"60497",88.07,5,2024-02-12,"862025瓦特罗",55.6,"GL9458",NA,NA,6524,"2024",2,"Winter",2016-10-12,2019-03-02,59.3448275862069,FALSE,"2016",10,"Autumn","G-coded","male","5",88.07,">60",FALSE,FALSE,FALSE,FALSE,FALSE,FALSE,FALSE,FALSE,FALSE,FALSE,1,1,"singleton",0,1,0,0,0,1,0,1,0,1,0,2,"Upper tail"
"H212159",49.24,3,2024-02-10,"865530狼血",56,"G40232","186756","61474",6548,"2024",2,"Winter",2020-01-10,2022-06-02,20.2758620689655,FALSE,"2020",1,"Winter","G-coded","male","3",49.24,"43-60",FALSE,FALSE,FALSE,FALSE,FALSE,FALSE,FALSE,FALSE,FALSE,FALSE,1,1,"singleton",0,1,0,0,0,1,0,1,0,1,0,2,"Upper tail"
"00797",55.79,4,2024-02-10,"862025瓦特罗",54.3,"240263",NA,NA,6549,"2024",2,"Winter",2019-06-10,2021-11-02,27.2758620689655,FALSE,"2019",6,"Summer","non-G-coded","female","4",55.79,"43-60",FALSE,FALSE,FALSE,FALSE,FALSE,FALSE,FALSE,FALSE,FALSE,FALSE,1,1,"singleton",0,1,0,1,0,1,0,1,0,0,0,2,"Upper tail"
"40673",97.5,6,2024-02-10,"FR7045049997",57.6,"G40230",NA,NA,6550,"2024",2,"Winter",2015-12-10,2018-05-02,69.2758620689655,FALSE,"2015",12,"Winter","G-coded","male","6",97.5,">60",FALSE,FALSE,FALSE,FALSE,FALSE,FALSE,FALSE,FALSE,FALSE,FALSE,1,1,"singleton",0,1,0,1,0,1,0,1,0,1,0,2,"Upper tail"
"201204",47.67,3,2024-02-08,"862025瓦特罗",50.4,"240247",NA,NA,6578,"2024",2,"Winter",2020-02-08,2022-07-02,19.2068965517241,FALSE,"2020",2,"Winter","non-G-coded","female","3",47.67,"43-60",FALSE,FALSE,FALSE,FALSE,FALSE,FALSE,FALSE,FALSE,FALSE,FALSE,1,1,"singleton",0,1,0,0,0,1,0,0,0,0,0,2,"Upper tail"
"70095",83.93,6,2024-02-08,"865530狼血",63,"G40217",NA,NA,6581,"2024",2,"Winter",2017-02-08,2019-07-02,55.2068965517241,FALSE,"2017",2,"Winter","G-coded","male","6",83.93,">60",FALSE,FALSE,FALSE,FALSE,FALSE,FALSE,FALSE,FALSE,FALSE,FALSE,1,1,"singleton",0,1,0,1,0,1,0,1,0,1,1,2,"Upper tail"
"H225478",24.52,1,2024-02-08,"862025瓦特罗",57.8,"G40221","854062","70610",6583,"2024",2,"Winter",2022-01-08,2024-06-02,-3.79310344827586,TRUE,"2022",1,"Winter","G-coded","male","1",24.52,"<=30",FALSE,FALSE,FALSE,FALSE,FALSE,FALSE,FALSE,FALSE,FALSE,FALSE,1,1,"singleton",0,1,0,1,0,1,0,1,0,1,0,2,"Upper tail"
"201520",45.69,3,2024-02-07,"FR7045049997",56.4,"G40213",NA,NA,6587,"2024",2,"Winter",2020-04-07,2022-09-02,17.1724137931034,FALSE,"2020",4,"Spring","G-coded","male","3",45.69,"43-60",FALSE,FALSE,FALSE,FALSE,FALSE,FALSE,FALSE,FALSE,FALSE,FALSE,1,1,"singleton",0,1,0,0,0,1,0,1,0,1,0,2,"Upper tail"
"62631",96.12,5,2024-02-07,"862025瓦特罗",50.3,"240238",NA,NA,6590,"2024",2,"Winter",2016-02-07,2018-07-02,67.1724137931034,FALSE,"2016",2,"Winter","non-G-coded","female","5",96.12,">60",FALSE,FALSE,FALSE,FALSE,FALSE,FALSE,FALSE,FALSE,FALSE,FALSE,1,1,"singleton",0,1,0,0,0,1,0,0,0,0,0,2,"Upper tail"
"01367",50.3,3,2024-02-07,"865530狼血",55.2,"G40209",NA,NA,6593,"2024",2,"Winter",2019-12-07,2022-05-02,21.1724137931034,FALSE,"2019",12,"Winter","G-coded","male","3",50.3,"43-60",FALSE,FALSE,FALSE,FALSE,FALSE,FALSE,FALSE,FALSE,FALSE,FALSE,1,1,"singleton",0,1,0,0,0,1,0,1,0,1,0,2,"Upper tail"
"201247",47.24,3,2024-02-06,"862025瓦特罗",58.9,"G40205","606192","62396",6600,"2024",2,"Winter",2020-03-06,2022-08-02,18.1379310344828,FALSE,"2020",3,"Spring","G-coded","male","3",47.24,"43-60",FALSE,FALSE,FALSE,FALSE,FALSE,FALSE,FALSE,FALSE,FALSE,FALSE,1,1,"singleton",0,1,0,1,0,1,0,1,0,1,0,2,"Upper tail"
"201194",47.63,3,2024-02-06,"865530狼血",55.4,"G40208","606192","140292",6615,"2024",2,"Winter",2020-02-06,2022-07-02,19.1379310344828,FALSE,"2020",2,"Winter","G-coded","male","3",47.63,"43-60",FALSE,FALSE,FALSE,FALSE,FALSE,FALSE,FALSE,FALSE,FALSE,FALSE,1,1,"singleton",0,1,0,0,0,1,0,1,0,1,0,2,"Upper tail"
"800226L",56.61,4,2024-02-05,"865530狼血",56,"HG40200",NA,NA,6621,"2024",2,"Winter",2019-05-05,2021-10-02,28.1034482758621,FALSE,"2019",5,"Spring","non-G-coded","female","4",56.61,"43-60",FALSE,FALSE,FALSE,FALSE,FALSE,FALSE,FALSE,FALSE,FALSE,FALSE,1,1,"singleton",0,1,0,1,0,1,0,1,0,1,0,2,"Upper tail"
"202512",40.17,2,2024-02-04,"865530狼血",55.4,"G40188",NA,NA,6633,"2024",2,"Winter",2020-10-04,2023-03-02,11.0689655172414,TRUE,"2020",10,"Autumn","G-coded","male","2",40.17,"31-42",FALSE,FALSE,FALSE,FALSE,FALSE,FALSE,FALSE,FALSE,FALSE,FALSE,1,1,"singleton",0,1,0,0,0,1,0,1,0,1,0,2,"Upper tail"
"00180",59.6,4,2024-02-04,"865530狼血",58.4,"G40186L",NA,NA,6641,"2024",2,"Winter",2019-02-04,2021-07-02,31.0689655172414,FALSE,"2019",2,"Winter","G-coded","male","4",59.6,"43-60",FALSE,FALSE,FALSE,FALSE,FALSE,FALSE,FALSE,FALSE,FALSE,FALSE,1,1,"singleton",0,1,0,1,0,1,0,1,0,1,0,2,"Upper tail"
"90020",63.58,4,2024-02-02,"FR7045049997",61.8,"G40176",NA,NA,6665,"2024",2,"Winter",2018-10-02,2021-03-02,35,FALSE,"2018",10,"Autumn","G-coded","male","4",63.58,">60",FALSE,FALSE,FALSE,FALSE,FALSE,FALSE,FALSE,FALSE,FALSE,FALSE,1,1,"singleton",0,1,0,1,0,1,0,1,0,1,1,2,"Upper tail"
"213465",28.21,1,2024-02-01,"865530狼血",54.6,"G40163",NA,NA,6674,"2024",2,"Winter",2021-10-01,2024-03-02,-1.03225806451613,TRUE,"2021",10,"Autumn","G-coded","male","1",28.21,"<=30",FALSE,FALSE,FALSE,FALSE,FALSE,FALSE,FALSE,FALSE,FALSE,FALSE,1,1,"singleton",0,1,0,0,0,1,0,1,0,0,0,2,"Upper tail"
"201552",45.36,3,2024-02-01,"862025瓦特罗",50.4,"240191","606244","30481",6678,"2024",2,"Winter",2020-05-01,2022-10-02,15.9677419354839,FALSE,"2020",5,"Spring","non-G-coded","female","3",45.36,"43-60",FALSE,FALSE,FALSE,FALSE,FALSE,FALSE,FALSE,FALSE,FALSE,FALSE,1,1,"singleton",0,1,0,0,0,1,0,0,0,0,0,2,"Upper tail"
"213743",26.36,1,2024-01-30,"865530狼血",54.5,"G40148","2544424506","1551",6700,"2024",1,"Winter",2021-11-30,2024-05-02,-3.09677419354839,TRUE,"2021",11,"Autumn","G-coded","male","1",26.36,"<=30",FALSE,FALSE,FALSE,FALSE,FALSE,FALSE,FALSE,FALSE,FALSE,FALSE,1,1,"singleton",0,1,0,0,0,1,0,1,0,0,0,1,"Upper tail"
"60557",86.42,4,2024-01-30,"854773威吉吉",60.5,"G40149",NA,NA,6707,"2024",1,"Winter",2016-11-30,2019-05-02,56.9032258064516,FALSE,"2016",11,"Autumn","G-coded","male","4",86.42,">60",FALSE,FALSE,FALSE,FALSE,FALSE,FALSE,FALSE,FALSE,FALSE,FALSE,1,1,"singleton",0,1,0,1,0,1,0,1,0,1,1,1,"Upper tail"
"800160",70.25,4,2024-01-27,"865530狼血",56.5,"G40135",NA,NA,6731,"2024",1,"Winter",2018-03-27,2020-09-02,40.8064516129032,FALSE,"2018",3,"Spring","G-coded","male","4",70.25,">60",FALSE,FALSE,FALSE,FALSE,FALSE,FALSE,FALSE,FALSE,FALSE,FALSE,1,1,"singleton",0,1,0,0,0,1,0,1,0,1,0,1,"Upper tail"
"01152",51.61,2,2024-01-26,"865530狼血",55.9,"G40125",NA,NA,6735,"2024",1,"Winter",2019-09-26,2022-03-02,22.7741935483871,FALSE,"2019",9,"Autumn","G-coded","male","2",51.61,"43-60",FALSE,FALSE,FALSE,FALSE,FALSE,FALSE,FALSE,FALSE,FALSE,FALSE,1,1,"singleton",0,1,0,0,0,1,0,1,0,1,0,1,"Upper tail"
"61252",95.63,6,2024-01-26,"865530狼血",69.7,"G40129",NA,NA,6741,"2024",1,"Winter",2016-01-26,2018-07-02,66.7741935483871,FALSE,"2016",1,"Winter","G-coded","male","6",95.63,">60",FALSE,TRUE,FALSE,FALSE,FALSE,FALSE,FALSE,FALSE,FALSE,FALSE,1,1,"singleton",0,1,0,1,0,1,0,1,0,1,1,1,"Upper tail"
"70729",73.54,4,2024-01-26,"865530狼血",55.1,"G40126",NA,NA,6743,"2024",1,"Winter",2017-11-26,2020-05-02,44.7741935483871,FALSE,"2017",11,"Autumn","G-coded","male","4",73.54,">60",FALSE,FALSE,FALSE,FALSE,FALSE,FALSE,FALSE,FALSE,FALSE,FALSE,1,1,"singleton",0,1,0,0,0,1,0,1,0,1,0,1,"Upper tail"
"60588",85.7,5,2024-01-25,"865530狼血",49.9,"240151",NA,NA,6748,"2024",1,"Winter",2016-11-25,2019-05-02,56.741935483871,FALSE,"2016",11,"Autumn","non-G-coded","female","5",85.7,">60",FALSE,FALSE,FALSE,FALSE,FALSE,FALSE,FALSE,FALSE,FALSE,FALSE,1,1,"singleton",0,1,0,0,0,1,0,0,0,0,0,1,"Upper tail"
"61546",95.6,6,2024-01-25,"FR7045049997",51.8,"240150",NA,NA,6753,"2024",1,"Winter",2016-01-25,2018-07-02,66.741935483871,FALSE,"2016",1,"Winter","non-G-coded","female","6",95.6,">60",FALSE,FALSE,FALSE,FALSE,FALSE,FALSE,FALSE,FALSE,FALSE,FALSE,1,1,"singleton",0,1,0,1,0,1,0,0,0,0,0,1,"Upper tail"
"201560",36.72,2,2024-01-24,"865530狼血",50.4,"240143","740640209","800629",6761,"2024",1,"Winter",2020-12-24,2023-06-02,7.70967741935484,TRUE,"2020",12,"Winter","non-G-coded","female","2",36.72,"31-42",FALSE,FALSE,FALSE,FALSE,FALSE,FALSE,FALSE,FALSE,FALSE,FALSE,1,1,"singleton",0,1,0,0,0,1,0,0,0,0,0,1,"Upper tail"
"201698",44.12,1,2024-01-21,"865530狼血",49.8,"240124","606244","70179",6783,"2024",1,"Winter",2020-05-21,2022-11-02,14.6129032258065,TRUE,"2020",5,"Spring","non-G-coded","female","1",44.12,"43-60",FALSE,FALSE,FALSE,FALSE,FALSE,FALSE,FALSE,FALSE,FALSE,FALSE,1,1,"singleton",0,1,0,0,0,1,0,0,0,0,0,1,"Upper tail"
"213875",57.63,4,2024-01-20,"FR7045049997",52.9,"240122","171790","70139",6795,"2024",1,"Winter",2019-03-20,2021-09-02,28.5806451612903,FALSE,"2019",3,"Spring","non-G-coded","female","4",57.63,"43-60",FALSE,FALSE,FALSE,FALSE,FALSE,FALSE,FALSE,FALSE,FALSE,FALSE,1,1,"singleton",0,1,0,1,0,1,0,1,0,0,0,1,"Upper tail"
"201025",48.45,2,2024-01-18,"865530狼血",50,"240109","186756","HHH70420",6804,"2024",1,"Winter",2020-01-18,2022-07-02,18.5161290322581,FALSE,"2020",1,"Winter","non-G-coded","female","2",48.45,"43-60",FALSE,FALSE,FALSE,FALSE,FALSE,FALSE,FALSE,FALSE,FALSE,FALSE,1,1,"singleton",0,1,0,0,0,1,0,0,0,0,0,1,"Upper tail"
"70685",73.93,5,2024-01-15,"FR7045049997",59.6,"G40086",NA,NA,6820,"2024",1,"Winter",2017-11-15,2020-05-02,44.4193548387097,FALSE,"2017",11,"Autumn","G-coded","male","5",73.93,">60",FALSE,FALSE,FALSE,FALSE,FALSE,FALSE,FALSE,FALSE,FALSE,FALSE,1,1,"singleton",0,1,0,1,0,1,0,1,0,1,0,1,"Upper tail"
"62482",95.53,5,2024-01-15,"865530狼血",50.1,"240102",NA,NA,6824,"2024",1,"Winter",2016-01-15,2018-07-02,66.4193548387097,FALSE,"2016",1,"Winter","non-G-coded","female","5",95.53,">60",FALSE,FALSE,FALSE,FALSE,FALSE,FALSE,FALSE,FALSE,FALSE,FALSE,1,1,"singleton",0,1,0,0,0,1,0,0,0,0,0,1,"Upper tail"
"800360",68.08,4,2024-01-15,"865530狼血",50.2,"240103",NA,NA,6825,"2024",1,"Winter",2018-05-15,2020-11-02,38.4193548387097,FALSE,"2018",5,"Spring","non-G-coded","female","4",68.08,">60",FALSE,FALSE,FALSE,FALSE,FALSE,FALSE,FALSE,FALSE,FALSE,FALSE,1,1,"singleton",0,1,0,0,0,1,0,0,0,0,0,1,"Upper tail"
"00049",60.09,4,2024-01-15,"FR7045049997",51.2,"240101",NA,NA,6827,"2024",1,"Winter",2019-01-15,2021-07-02,30.4193548387097,FALSE,"2019",1,"Winter","non-G-coded","female","4",60.09,">60",FALSE,FALSE,FALSE,FALSE,FALSE,FALSE,FALSE,FALSE,FALSE,FALSE,1,1,"singleton",0,1,0,0,0,1,0,0,0,0,0,1,"Upper tail"
"70370",79.62,4,2024-01-14,"865530狼血",50.3,"240094",NA,NA,6832,"2024",1,"Winter",2017-05-14,2019-11-02,50.3870967741936,FALSE,"2017",5,"Spring","non-G-coded","female","4",79.62,">60",FALSE,FALSE,FALSE,FALSE,FALSE,FALSE,FALSE,FALSE,FALSE,FALSE,1,1,"singleton",0,1,0,0,0,1,0,0,0,0,0,1,"Upper tail"
"62384",95,6,2024-01-14,"865530狼血",50.4,"240096",NA,NA,6834,"2024",1,"Winter",2016-02-14,2018-08-02,65.3870967741936,FALSE,"2016",2,"Winter","non-G-coded","female","6",95,">60",FALSE,FALSE,FALSE,FALSE,FALSE,FALSE,FALSE,FALSE,FALSE,FALSE,1,1,"singleton",0,1,0,0,0,1,0,0,0,0,0,1,"Upper tail"
"01202",50.46,3,2024-01-12,"865530狼血",56.8,"G40068","606192","60938",6844,"2024",1,"Winter",2019-11-12,2022-05-02,20.3225806451613,FALSE,"2019",11,"Autumn","G-coded","male","3",50.46,"43-60",FALSE,FALSE,FALSE,FALSE,FALSE,FALSE,FALSE,FALSE,FALSE,FALSE,1,1,"singleton",0,1,0,0,0,1,0,1,0,1,0,1,"Upper tail"
"H202498",96.38,5,2024-01-12,"865530狼血",58.7,"G40069",NA,NA,6845,"2024",1,"Winter",2016-01-12,2018-07-02,66.3225806451613,FALSE,"2016",1,"Winter","G-coded","male","5",96.38,">60",FALSE,FALSE,FALSE,FALSE,FALSE,FALSE,FALSE,FALSE,FALSE,FALSE,1,1,"singleton",0,1,0,1,0,1,0,1,0,1,0,1,"Upper tail"
"70141",82.15,4,2024-01-09,"865530狼血",51.3,"240067",NA,NA,6877,"2024",1,"Winter",2017-03-09,2019-09-02,52.2258064516129,FALSE,"2017",3,"Spring","non-G-coded","female","4",82.15,">60",FALSE,FALSE,FALSE,FALSE,FALSE,FALSE,FALSE,FALSE,FALSE,FALSE,1,1,"singleton",0,1,0,0,0,1,0,0,0,0,0,1,"Upper tail"
"201593",44.35,2,2024-01-09,"865530狼血",58.4,"G40058","606244","70364",6879,"2024",1,"Winter",2020-05-09,2022-11-02,14.2258064516129,TRUE,"2020",5,"Spring","G-coded","male","2",44.35,"43-60",FALSE,FALSE,FALSE,FALSE,FALSE,FALSE,FALSE,FALSE,FALSE,FALSE,1,1,"singleton",0,1,0,1,0,1,0,1,0,1,0,1,"Upper tail"
"202559",37.28,2,2024-01-07,"865530狼血",55.1,"G40045",NA,NA,6892,"2024",1,"Winter",2020-12-07,2023-06-02,7.16129032258065,TRUE,"2020",12,"Winter","G-coded","male","2",37.28,"31-42",FALSE,FALSE,FALSE,FALSE,FALSE,FALSE,FALSE,FALSE,FALSE,FALSE,1,1,"singleton",0,1,0,0,0,1,0,1,0,1,0,1,"Upper tail"
"70384",79.29,5,2024-01-07,"FR7045049997",56.4,"G40789",NA,NA,6894,"2024",1,"Winter",2017-06-07,2019-12-02,49.1612903225806,FALSE,"2017",6,"Summer","G-coded","male","5",79.29,">60",FALSE,FALSE,FALSE,FALSE,FALSE,FALSE,FALSE,FALSE,FALSE,FALSE,1,1,"singleton",0,1,0,0,0,1,0,1,0,1,0,1,"Upper tail"
"201332",45.76,2,2024-01-05,"865530狼血",57.3,"G40036","606244","70009",6910,"2024",1,"Winter",2020-03-05,2022-09-02,16.0967741935484,FALSE,"2020",3,"Spring","G-coded","male","2",45.76,"43-60",FALSE,FALSE,FALSE,FALSE,FALSE,FALSE,FALSE,FALSE,FALSE,FALSE,1,1,"singleton",0,1,0,1,0,1,0,1,0,1,0,1,"Upper tail"
"70259",80.64,5,2024-01-04,"865530狼血",54.5,"240045",NA,NA,6916,"2024",1,"Winter",2017-04-04,2019-10-02,51.0645161290323,FALSE,"2017",4,"Spring","non-G-coded","female","5",80.64,">60",FALSE,FALSE,FALSE,FALSE,FALSE,FALSE,FALSE,FALSE,FALSE,FALSE,1,1,"singleton",0,1,0,1,0,1,0,1,0,0,0,1,"Upper tail"
"00776",54.73,3,2024-01-04,"865530狼血",51.8,"240046","167285","60629",6921,"2024",1,"Winter",2019-06-04,2021-12-02,25.0645161290323,FALSE,"2019",6,"Summer","non-G-coded","female","3",54.73,"43-60",FALSE,FALSE,FALSE,FALSE,FALSE,FALSE,FALSE,FALSE,FALSE,FALSE,1,1,"singleton",0,1,0,1,0,1,0,0,0,0,0,1,"Upper tail"
"61203",94.54,6,2024-01-03,"865530狼血",55.4,"G40021",NA,NA,6927,"2024",1,"Winter",2016-02-03,2018-08-02,65.0322580645161,FALSE,"2016",2,"Winter","G-coded","male","6",94.54,">60",FALSE,FALSE,FALSE,FALSE,FALSE,FALSE,FALSE,FALSE,FALSE,FALSE,1,1,"singleton",0,1,0,0,0,1,0,1,0,1,0,1,"Upper tail"
"61151",95.13,6,2024-01-03,"865530狼血",50.8,"240040",NA,NA,6932,"2024",1,"Winter",2016-02-03,2018-08-02,65.0322580645161,FALSE,"2016",2,"Winter","non-G-coded","female","6",95.13,">60",FALSE,FALSE,FALSE,FALSE,FALSE,FALSE,FALSE,FALSE,FALSE,FALSE,1,1,"singleton",0,1,0,0,0,1,0,0,0,0,0,1,"Upper tail"
"40584",95.96,6,2024-01-02,"865530狼血",53.6,"240029",NA,NA,6937,"2024",1,"Winter",2016-01-02,2018-07-02,66,FALSE,"2016",1,"Winter","non-G-coded","female","6",95.96,">60",FALSE,FALSE,FALSE,FALSE,FALSE,FALSE,FALSE,FALSE,FALSE,FALSE,1,1,"singleton",0,1,0,1,0,1,0,1,0,0,0,1,"Upper tail"
"62280",94.25,6,2024-01-02,"865530狼血",54.2,"240033",NA,NA,6941,"2024",1,"Winter",2016-03-02,2018-09-02,64,FALSE,"2016",3,"Spring","non-G-coded","female","6",94.25,">60",FALSE,FALSE,FALSE,FALSE,FALSE,FALSE,FALSE,FALSE,FALSE,FALSE,1,1,"singleton",0,1,0,1,0,1,0,1,0,0,0,1,"Upper tail"
"00475",56.25,3,2024-01-02,"865530狼血",50.8,"240027",NA,NA,6944,"2024",1,"Winter",2019-05-02,2021-11-02,26,FALSE,"2019",5,"Spring","non-G-coded","female","3",56.25,"43-60",FALSE,FALSE,FALSE,FALSE,FALSE,FALSE,FALSE,FALSE,FALSE,FALSE,1,1,"singleton",0,1,0,0,0,1,0,0,0,0,0,1,"Upper tail"
"61003",95.63,5,2024-01-02,"865530狼血",54.4,"240032",NA,NA,6945,"2024",1,"Winter",2016-01-02,2018-07-02,66,FALSE,"2016",1,"Winter","non-G-coded","female","5",95.63,">60",FALSE,FALSE,FALSE,FALSE,FALSE,FALSE,FALSE,FALSE,FALSE,FALSE,1,1,"singleton",0,1,0,1,0,1,0,1,0,0,0,1,"Upper tail"
"202610",36.72,2,2024-01-01,"FR7045049997",51.1,"240020","180600","91169",6950,"2024",1,"Winter",2020-12-01,2023-06-02,6.96774193548387,TRUE,"2020",12,"Winter","non-G-coded","female","2",36.72,"31-42",FALSE,FALSE,FALSE,FALSE,FALSE,FALSE,FALSE,FALSE,FALSE,FALSE,1,1,"singleton",0,1,0,0,0,1,0,0,0,0,0,1,"Upper tail"
"H213439",35.27,2,2023-12-31,"865530狼血",53.4,"240017","180781","Z61082",6959,"2023",12,"Winter",2021-01-31,2023-08-02,4.93548387096774,TRUE,"2021",1,"Winter","non-G-coded","female","2",35.27,"31-42",FALSE,FALSE,FALSE,FALSE,FALSE,FALSE,FALSE,FALSE,FALSE,FALSE,1,1,"singleton",0,1,0,1,0,1,0,1,0,0,0,12,"Upper tail"
"70648",73.93,4,2023-12-29,"865530狼血",60,"G40002",NA,NA,6970,"2023",12,"Winter",2017-10-29,2020-05-02,43.8709677419355,FALSE,"2017",10,"Autumn","G-coded","male","4",73.93,">60",FALSE,FALSE,FALSE,FALSE,FALSE,FALSE,FALSE,FALSE,FALSE,FALSE,1,1,"singleton",0,1,0,1,0,1,0,1,0,1,0,12,"Upper tail"
"201097",47.21,3,2023-12-29,"854773威吉吉",51.2,"240010","606244","62214",6971,"2023",12,"Winter",2020-01-29,2022-08-02,16.8709677419355,FALSE,"2020",1,"Winter","non-G-coded","female","3",47.21,"43-60",FALSE,FALSE,FALSE,FALSE,FALSE,FALSE,FALSE,FALSE,FALSE,FALSE,1,1,"singleton",0,1,0,0,0,1,0,0,0,0,0,12,"Upper tail"
"224015",23.87,1,2023-12-28,"854773威吉吉",50.4,"240001",NA,NA,6975,"2023",12,"Winter",2021-12-28,2024-07-02,-6.16129032258065,TRUE,"2021",12,"Winter","non-G-coded","female","1",23.87,"<=30",FALSE,FALSE,FALSE,FALSE,FALSE,FALSE,FALSE,FALSE,FALSE,FALSE,1,1,"singleton",0,1,0,0,0,1,0,0,0,0,0,12,"Upper tail"
"62093",95.69,5,2023-12-28,"865530狼血",55.4,"240004",NA,NA,6980,"2023",12,"Winter",2015-12-28,2018-07-02,65.8387096774194,FALSE,"2015",12,"Winter","non-G-coded","female","5",95.69,">60",FALSE,FALSE,FALSE,FALSE,FALSE,FALSE,FALSE,FALSE,FALSE,FALSE,1,1,"singleton",0,1,0,1,0,1,0,1,0,1,0,12,"Upper tail"
"801077",60.39,4,2023-12-27,"FR7045049997",52.1,"235970L","171790","61069",6983,"2023",12,"Winter",2018-12-27,2021-07-02,29.8064516129032,FALSE,"2018",12,"Winter","non-G-coded","female","4",60.39,">60",FALSE,FALSE,FALSE,FALSE,FALSE,FALSE,FALSE,FALSE,FALSE,FALSE,1,1,"singleton",0,1,0,1,0,1,0,0,0,0,0,12,"Upper tail"
"61622",94.02,6,2023-12-27,"865530狼血",56.8,"G10119",NA,NA,6985,"2023",12,"Winter",2016-02-27,2018-09-02,63.8064516129032,FALSE,"2016",2,"Winter","G-coded","male","6",94.02,">60",FALSE,FALSE,FALSE,FALSE,FALSE,FALSE,FALSE,FALSE,FALSE,FALSE,1,1,"singleton",0,1,0,0,0,1,0,1,0,1,0,12,"Upper tail"
"60572",84.88,6,2023-12-26,"854773威吉吉",59,"G10110","公牛","10531",6992,"2023",12,"Winter",2016-11-26,2019-06-02,54.7741935483871,FALSE,"2016",11,"Autumn","G-coded","male","6",84.88,">60",FALSE,FALSE,FALSE,FALSE,FALSE,FALSE,FALSE,FALSE,FALSE,FALSE,1,1,"singleton",0,1,0,1,0,1,0,1,0,1,0,12,"Upper tail"
"00298",57.17,3,2023-12-25,"FR7045049997",51.2,"235958",NA,NA,7009,"2023",12,"Winter",2019-03-25,2021-10-02,26.741935483871,FALSE,"2019",3,"Spring","non-G-coded","female","3",57.17,"43-60",FALSE,FALSE,FALSE,FALSE,FALSE,FALSE,FALSE,FALSE,FALSE,FALSE,1,1,"singleton",0,1,0,0,0,1,0,0,0,0,0,12,"Upper tail"
"00201",57.99,4,2023-12-24,"854773威吉吉",58.5,"G10089",NA,NA,7015,"2023",12,"Winter",2019-02-24,2021-09-02,27.7096774193548,FALSE,"2019",2,"Winter","G-coded","male","4",57.99,"43-60",FALSE,FALSE,FALSE,FALSE,FALSE,FALSE,FALSE,FALSE,FALSE,FALSE,1,1,"singleton",0,1,0,1,0,1,0,1,0,1,0,12,"Upper tail"
"213714",25.28,1,2023-12-24,"865530狼血",58.5,"G10088","606306","0057",7021,"2023",12,"Winter",2021-11-24,2024-06-02,-5.29032258064516,TRUE,"2021",11,"Autumn","G-coded","male","1",25.28,"<=30",FALSE,FALSE,FALSE,FALSE,FALSE,FALSE,FALSE,FALSE,FALSE,FALSE,1,1,"singleton",0,1,0,1,0,1,0,1,0,1,0,12,"Upper tail"
"70460",77.28,5,2023-12-23,"854773威吉吉",60.2,"G10079",NA,NA,7033,"2023",12,"Winter",2017-07-23,2020-02-02,46.6774193548387,FALSE,"2017",7,"Summer","G-coded","male","5",77.28,">60",FALSE,FALSE,FALSE,FALSE,FALSE,FALSE,FALSE,FALSE,FALSE,FALSE,1,1,"singleton",0,1,0,1,0,1,0,1,0,1,1,12,"Upper tail"
"60914",95.17,6,2023-12-22,"865530狼血",55.1,"235938",NA,NA,7042,"2023",12,"Winter",2016-01-22,2018-08-02,64.6451612903226,FALSE,"2016",1,"Winter","non-G-coded","female","6",95.17,">60",FALSE,FALSE,FALSE,FALSE,FALSE,FALSE,FALSE,FALSE,FALSE,FALSE,1,1,"singleton",0,1,0,1,0,1,0,1,0,1,0,12,"Upper tail"
"213218",28.53,1,2023-12-21,"865530狼血",54.6,"G10060",NA,NA,7054,"2023",12,"Winter",2021-07-21,2024-02-02,-1.38709677419355,TRUE,"2021",7,"Summer","G-coded","male","1",28.53,"<=30",FALSE,FALSE,FALSE,FALSE,FALSE,FALSE,FALSE,FALSE,FALSE,FALSE,1,1,"singleton",0,1,0,0,0,1,0,1,0,0,0,12,"Upper tail"
"62410",94.28,6,2023-12-21,"865530狼血",54.8,"G10064",NA,NA,7058,"2023",12,"Winter",2016-02-21,2018-09-02,63.6129032258064,FALSE,"2016",2,"Winter","G-coded","male","6",94.28,">60",FALSE,FALSE,FALSE,FALSE,FALSE,FALSE,FALSE,FALSE,FALSE,FALSE,1,1,"singleton",0,1,0,0,0,1,0,1,0,0,0,12,"Upper tail"
"202319",37.87,2,2023-12-19,"865530狼血",62.2,"G10037",NA,NA,7085,"2023",12,"Winter",2020-10-19,2023-05-02,7.54838709677419,TRUE,"2020",10,"Autumn","G-coded","male","2",37.87,"31-42",FALSE,FALSE,FALSE,FALSE,FALSE,FALSE,FALSE,FALSE,FALSE,FALSE,1,1,"singleton",0,1,0,1,0,1,0,1,0,1,1,12,"Upper tail"
"213567",26.1,1,2023-12-16,"865530狼血",53,"235882",NA,NA,7120,"2023",12,"Winter",2021-10-16,2024-05-02,-4.54838709677419,TRUE,"2021",10,"Autumn","non-G-coded","female","1",26.1,"<=30",FALSE,FALSE,FALSE,FALSE,FALSE,FALSE,FALSE,FALSE,FALSE,FALSE,1,1,"singleton",0,1,0,1,0,1,0,1,0,0,0,12,"Upper tail"
"70017",83.43,5,2023-12-15,"865530狼血",56.2,"G10011",NA,NA,7138,"2023",12,"Winter",2017-01-15,2019-08-02,52.4193548387097,FALSE,"2017",1,"Winter","G-coded","male","5",83.43,">60",FALSE,FALSE,FALSE,FALSE,FALSE,FALSE,FALSE,FALSE,FALSE,FALSE,1,1,"singleton",0,1,0,0,0,1,0,1,0,1,0,12,"Upper tail"
"00113",58.38,4,2023-12-14,"FR2545422137",50.4,"235863","171790","62075",7147,"2023",12,"Winter",2019-02-14,2021-09-02,27.3870967741935,FALSE,"2019",2,"Winter","non-G-coded","female","4",58.38,"43-60",FALSE,FALSE,FALSE,FALSE,FALSE,FALSE,FALSE,FALSE,FALSE,FALSE,1,1,"singleton",0,1,0,0,0,1,0,0,0,0,0,12,"Upper tail"
"70575",74.42,5,2023-12-13,"865530狼血",57.3,"G9995",NA,NA,7157,"2023",12,"Winter",2017-10-13,2020-05-02,43.3548387096774,FALSE,"2017",10,"Autumn","G-coded","male","5",74.42,">60",FALSE,FALSE,FALSE,FALSE,FALSE,FALSE,FALSE,FALSE,FALSE,FALSE,1,1,"singleton",0,1,0,1,0,1,0,1,0,1,0,12,"Upper tail"
"202386",37.34,2,2023-12-11,"865530狼血",55.7,"G9977",NA,NA,7172,"2023",12,"Winter",2020-11-11,2023-06-02,6.29032258064516,TRUE,"2020",11,"Autumn","G-coded","male","2",37.34,"31-42",FALSE,FALSE,FALSE,FALSE,FALSE,FALSE,FALSE,FALSE,FALSE,FALSE,1,1,"singleton",0,1,0,0,0,1,0,1,0,1,0,12,"Upper tail"
"201098",46.61,2,2023-12-11,"865530狼血",55.3,"235856",NA,NA,7182,"2023",12,"Winter",2020-01-11,2022-08-02,16.2903225806452,FALSE,"2020",1,"Winter","non-G-coded","female","2",46.61,"43-60",FALSE,FALSE,FALSE,FALSE,FALSE,FALSE,FALSE,FALSE,FALSE,FALSE,1,1,"singleton",0,1,0,1,0,1,0,1,0,1,0,12,"Upper tail"
"61102",94.71,6,2023-12-10,"865530狼血",58.9,"G9976",NA,NA,7184,"2023",12,"Winter",2016-01-10,2018-08-02,64.258064516129,FALSE,"2016",1,"Winter","G-coded","male","6",94.71,">60",FALSE,FALSE,FALSE,FALSE,FALSE,FALSE,FALSE,FALSE,FALSE,FALSE,1,1,"singleton",0,1,0,1,0,1,0,1,0,1,0,12,"Upper tail"
"20028",56.11,3,2023-12-10,"865530狼血",50.4,"235847",NA,NA,7187,"2023",12,"Winter",2019-04-10,2021-11-02,25.258064516129,FALSE,"2019",4,"Spring","non-G-coded","female","3",56.11,"43-60",FALSE,FALSE,FALSE,FALSE,FALSE,FALSE,FALSE,FALSE,FALSE,FALSE,1,1,"singleton",0,1,0,0,0,1,0,0,0,0,0,12,"Upper tail"
"201225",45.5,3,2023-12-09,"FR2545422137",51.5,"235841",NA,NA,7188,"2023",12,"Winter",2020-02-09,2022-09-02,15.2258064516129,FALSE,"2020",2,"Winter","non-G-coded","female","3",45.5,"43-60",FALSE,FALSE,FALSE,FALSE,FALSE,FALSE,FALSE,FALSE,FALSE,FALSE,1,1,"singleton",0,1,0,0,0,1,0,0,0,0,0,12,"Upper tail"
"201048",46.91,2,2023-12-08,"865530狼血",54.8,"G9965","606244","BU13006",7198,"2023",12,"Winter",2020-01-08,2022-08-02,16.1935483870968,FALSE,"2020",1,"Winter","G-coded","male","2",46.91,"43-60",FALSE,FALSE,FALSE,FALSE,FALSE,FALSE,FALSE,FALSE,FALSE,FALSE,1,1,"singleton",0,1,0,0,0,1,0,1,0,0,0,12,"Upper tail"
"61112",94.31,6,2023-12-08,"865530狼血",54.8,"G9967",NA,NA,7199,"2023",12,"Winter",2016-02-08,2018-09-02,63.1935483870968,FALSE,"2016",2,"Winter","G-coded","male","6",94.31,">60",FALSE,FALSE,FALSE,FALSE,FALSE,FALSE,FALSE,FALSE,FALSE,FALSE,1,1,"singleton",0,1,0,0,0,1,0,1,0,0,0,12,"Upper tail"
"201069",46.68,3,2023-12-07,"865530狼血",51.4,"235040","186756","70008",7203,"2023",12,"Winter",2020-01-07,2022-08-02,16.1612903225806,FALSE,"2020",1,"Winter","non-G-coded","female","3",46.68,"43-60",FALSE,FALSE,FALSE,FALSE,FALSE,FALSE,FALSE,FALSE,FALSE,FALSE,1,1,"singleton",0,1,0,0,0,1,0,0,0,0,0,12,"Upper tail"
"61242",93.33,6,2023-12-05,"865530狼血",65.3,"G9950",NA,NA,7222,"2023",12,"Winter",2016-03-05,2018-10-02,62.0967741935484,FALSE,"2016",3,"Spring","G-coded","male","6",93.33,">60",FALSE,TRUE,FALSE,FALSE,FALSE,FALSE,FALSE,FALSE,FALSE,FALSE,1,1,"singleton",0,1,0,1,0,1,0,1,0,1,1,12,"Upper tail"
"201677",42.7,2,2023-12-04,"865530狼血",50.1,"235820",NA,NA,7235,"2023",12,"Winter",2020-05-04,2022-12-02,12.0645161290323,TRUE,"2020",5,"Spring","non-G-coded","female","2",42.7,"43-60",FALSE,FALSE,FALSE,FALSE,FALSE,FALSE,FALSE,FALSE,FALSE,FALSE,1,1,"singleton",0,1,0,0,0,1,0,0,0,0,0,12,"Upper tail"
"60792",94.25,6,2023-12-03,"FR2545422137",50.4,"235810",NA,NA,7241,"2023",12,"Winter",2016-02-03,2018-09-02,63.0322580645161,FALSE,"2016",2,"Winter","non-G-coded","female","6",94.25,">60",FALSE,FALSE,FALSE,FALSE,FALSE,FALSE,FALSE,FALSE,FALSE,FALSE,1,1,"singleton",0,1,0,0,0,1,0,0,0,0,0,12,"Upper tail"
"00118",57.99,3,2023-12-02,"865530狼血",53.2,"235805",NA,NA,7248,"2023",12,"Winter",2019-02-02,2021-09-02,27,FALSE,"2019",2,"Winter","non-G-coded","female","3",57.99,"43-60",FALSE,FALSE,FALSE,FALSE,FALSE,FALSE,FALSE,FALSE,FALSE,FALSE,1,1,"singleton",0,1,0,1,0,1,0,1,0,0,0,12,"Upper tail"
"H00533",83.89,5,2023-12-01,"854400西部公园",53.2,"235791",NA,NA,7251,"2023",12,"Winter",2016-12-01,2019-07-02,52.9666666666667,FALSE,"2016",12,"Winter","non-G-coded","female","5",83.89,">60",FALSE,FALSE,FALSE,FALSE,FALSE,FALSE,FALSE,FALSE,FALSE,FALSE,1,1,"singleton",0,1,0,1,0,1,0,1,0,0,0,12,"Upper tail"
"61319",93.49,6,2023-11-30,"854400西部公园",50.1,"235788",NA,NA,7256,"2023",11,"Autumn",2016-02-29,2018-10-02,61.9333333333333,FALSE,"2016",2,"Winter","non-G-coded","female","6",93.49,">60",FALSE,FALSE,FALSE,FALSE,FALSE,FALSE,FALSE,FALSE,FALSE,FALSE,1,1,"singleton",0,1,0,0,0,1,0,0,0,0,0,11,"Upper tail"
"212269",33.69,1,2023-11-30,"865530狼血",56.8,"235786",NA,NA,7257,"2023",11,"Autumn",2021-01-30,2023-09-02,2.93333333333333,TRUE,"2021",1,"Winter","non-G-coded","female","1",33.69,"31-42",FALSE,FALSE,FALSE,FALSE,FALSE,FALSE,FALSE,FALSE,FALSE,FALSE,1,1,"singleton",0,1,0,1,0,1,0,1,0,1,0,11,"Upper tail"
"H800408",65.88,4,2023-11-29,"854400西部公园",50.2,"HG9898","606192","60086",7261,"2023",11,"Autumn",2018-05-29,2021-01-02,34.9,FALSE,"2018",5,"Spring","non-G-coded","female","4",65.88,">60",FALSE,FALSE,FALSE,FALSE,FALSE,FALSE,FALSE,FALSE,FALSE,FALSE,1,1,"singleton",0,1,0,0,0,1,0,0,0,0,0,11,"Upper tail"
"800707",61.8,4,2023-11-26,"854400西部公园",52.3,"235738",NA,NA,7278,"2023",11,"Autumn",2018-09-26,2021-05-02,30.8,FALSE,"2018",9,"Autumn","non-G-coded","female","4",61.8,">60",FALSE,FALSE,FALSE,FALSE,FALSE,FALSE,FALSE,FALSE,FALSE,FALSE,1,1,"singleton",0,1,0,1,0,1,0,0,0,0,0,11,"Upper tail"
"60985",93.92,5,2023-11-23,"854282维利纳诺",60.2,"G9860",NA,NA,7294,"2023",11,"Autumn",2016-01-23,2018-09-02,62.7,FALSE,"2016",1,"Winter","G-coded","male","5",93.92,">60",FALSE,FALSE,FALSE,FALSE,FALSE,FALSE,FALSE,FALSE,FALSE,FALSE,1,1,"singleton",0,1,0,1,0,1,0,1,0,1,1,11,"Upper tail"
"60375",89.18,6,2023-11-18,"FR2545422137",54.8,"G10068","426585","140026",7330,"2023",11,"Autumn",2016-06-18,2019-02-02,57.5333333333333,FALSE,"2016",6,"Summer","G-coded","male","6",89.18,">60",FALSE,FALSE,FALSE,FALSE,FALSE,FALSE,FALSE,FALSE,FALSE,FALSE,1,1,"singleton",0,1,0,0,0,1,0,1,0,0,0,11,"Upper tail"
"62491",93.26,6,2023-11-16,"854282维利纳诺",59.2,"G9828",NA,NA,7334,"2023",11,"Autumn",2016-02-16,2018-10-02,61.4666666666667,FALSE,"2016",2,"Winter","G-coded","male","6",93.26,">60",FALSE,FALSE,FALSE,FALSE,FALSE,FALSE,FALSE,FALSE,FALSE,FALSE,1,1,"singleton",0,1,0,1,0,1,0,1,0,1,0,11,"Upper tail"
"212766",30.51,1,2023-11-14,"854282维利纳诺",50.6,"235678",NA,NA,7353,"2023",11,"Autumn",2021-04-14,2023-12-02,-0.6,TRUE,"2021",4,"Spring","non-G-coded","female","1",30.51,"31-42",FALSE,FALSE,FALSE,FALSE,FALSE,FALSE,FALSE,FALSE,FALSE,FALSE,1,1,"singleton",0,1,0,0,0,1,0,0,0,0,0,11,"Upper tail"
"62392",92.7,6,2023-11-13,"854282维利纳诺",51.4,"235677",NA,NA,7360,"2023",11,"Autumn",2016-02-13,2018-10-02,61.3666666666667,FALSE,"2016",2,"Winter","non-G-coded","female","6",92.7,">60",FALSE,FALSE,FALSE,FALSE,FALSE,FALSE,FALSE,FALSE,FALSE,FALSE,1,1,"singleton",0,1,0,0,0,1,0,0,0,0,0,11,"Upper tail"
"50750",99.05,6,2023-11-13,"FR2545422137",58.6,"G9799","189058","10373",7364,"2023",11,"Autumn",2015-08-13,2018-04-02,67.3666666666667,FALSE,"2015",8,"Summer","G-coded","male","6",99.05,">60",FALSE,FALSE,FALSE,FALSE,FALSE,FALSE,FALSE,FALSE,FALSE,FALSE,1,1,"singleton",0,1,0,1,0,1,0,1,0,1,0,11,"Upper tail"
"H202474",78.67,5,2023-11-12,"854282维利纳诺",58,"G9798",NA,NA,7368,"2023",11,"Autumn",2017-04-12,2019-12-02,47.3333333333333,FALSE,"2017",4,"Spring","G-coded","male","5",78.67,">60",FALSE,FALSE,FALSE,FALSE,FALSE,FALSE,FALSE,FALSE,FALSE,FALSE,1,1,"singleton",0,1,0,1,0,1,0,1,0,1,0,11,"Upper tail"
"60042",93.62,6,2023-11-10,"854282维利纳诺",50.8,"235663",NA,NA,7373,"2023",11,"Autumn",2016-01-10,2018-09-02,62.2666666666667,FALSE,"2016",1,"Winter","non-G-coded","female","6",93.62,">60",FALSE,FALSE,FALSE,FALSE,FALSE,FALSE,FALSE,FALSE,FALSE,FALSE,1,1,"singleton",0,1,0,0,0,1,0,0,0,0,0,11,"Upper tail"
"61137",93.79,6,2023-11-09,"854282维利纳诺",55.6,"235656",NA,NA,7379,"2023",11,"Autumn",2016-01-09,2018-09-02,62.2333333333333,FALSE,"2016",1,"Winter","non-G-coded","female","6",93.79,">60",FALSE,FALSE,FALSE,FALSE,FALSE,FALSE,FALSE,FALSE,FALSE,FALSE,1,1,"singleton",0,1,0,1,0,1,0,1,0,1,0,11,"Upper tail"
"70008",82.31,6,2023-11-07,"7402563907",54.2,"235646","426864","40245",7393,"2023",11,"Autumn",2017-01-07,2019-09-02,50.1666666666667,FALSE,"2017",1,"Winter","non-G-coded","female","6",82.31,">60",FALSE,FALSE,FALSE,FALSE,FALSE,FALSE,FALSE,FALSE,FALSE,FALSE,1,1,"singleton",0,1,0,1,0,1,0,1,0,0,0,11,"Upper tail"
"51091",94.81,6,2023-11-06,"865530狼血",52.8,"235640","189058","x204",7400,"2023",11,"Autumn",2015-12-06,2018-08-02,63.1333333333333,FALSE,"2015",12,"Winter","non-G-coded","female","6",94.81,">60",FALSE,FALSE,FALSE,FALSE,FALSE,FALSE,FALSE,FALSE,FALSE,FALSE,1,1,"singleton",0,1,0,1,0,1,0,1,0,0,0,11,"Upper tail"
"213166",27.28,1,2023-11-06,"854282维利纳诺",51.6,"235635","603268","63034",7401,"2023",11,"Autumn",2021-08-06,2024-04-02,-4.86666666666667,TRUE,"2021",8,"Summer","non-G-coded","female","1",27.28,"<=30",FALSE,FALSE,FALSE,FALSE,FALSE,FALSE,FALSE,FALSE,FALSE,FALSE,1,1,"singleton",0,1,0,0,0,1,0,0,0,0,0,11,"Upper tail"
"00881",51.28,3,2023-11-04,"854282维利纳诺",55.4,"G9747",NA,NA,7414,"2023",11,"Autumn",2019-08-04,2022-04-02,19.0666666666667,FALSE,"2019",8,"Summer","G-coded","male","3",51.28,"43-60",FALSE,FALSE,FALSE,FALSE,FALSE,FALSE,FALSE,FALSE,FALSE,FALSE,1,1,"singleton",0,1,0,0,0,1,0,1,0,1,0,11,"Upper tail"
"61056",93.95,5,2023-11-04,"854282维利纳诺",57.3,"G9745",NA,NA,7415,"2023",11,"Autumn",2016-01-04,2018-09-02,62.0666666666667,FALSE,"2016",1,"Winter","G-coded","male","5",93.95,">60",FALSE,FALSE,FALSE,FALSE,FALSE,FALSE,FALSE,FALSE,FALSE,FALSE,1,1,"singleton",0,1,0,1,0,1,0,1,0,1,0,11,"Upper tail"
"800851",62.23,4,2023-10-31,"7402563907",50.8,"235595","171350","L140248",7435,"2023",10,"Autumn",2018-08-31,2021-05-02,29.9354838709677,FALSE,"2018",8,"Summer","non-G-coded","female","4",62.23,">60",FALSE,FALSE,FALSE,FALSE,FALSE,FALSE,FALSE,FALSE,FALSE,FALSE,1,1,"singleton",0,1,0,0,0,1,0,0,0,0,0,10,"Upper tail"
"62046",93.33,5,2023-10-26,"7402563907",58.8,"G9687",NA,NA,7464,"2023",10,"Autumn",2016-01-26,2018-10-02,60.7741935483871,FALSE,"2016",1,"Winter","G-coded","male","5",93.33,">60",FALSE,FALSE,FALSE,FALSE,FALSE,FALSE,FALSE,FALSE,FALSE,FALSE,1,1,"singleton",0,1,0,1,0,1,0,1,0,1,0,10,"Upper tail"
"00719",55.69,3,2023-10-24,"854282维利纳诺",50.3,"235557",NA,NA,7474,"2023",10,"Autumn",2019-02-24,2021-11-02,23.7096774193548,FALSE,"2019",2,"Winter","non-G-coded","female","3",55.69,"43-60",FALSE,FALSE,FALSE,FALSE,FALSE,FALSE,FALSE,FALSE,FALSE,FALSE,1,1,"singleton",0,1,0,0,0,1,0,0,0,0,0,10,"Upper tail"
"70536",73.93,5,2023-10-21,"854282维利纳诺",54.6,"235540",NA,NA,7491,"2023",10,"Autumn",2017-08-21,2020-05-02,41.6129032258064,FALSE,"2017",8,"Summer","non-G-coded","female","5",73.93,">60",FALSE,FALSE,FALSE,FALSE,FALSE,FALSE,FALSE,FALSE,FALSE,FALSE,1,1,"singleton",0,1,0,1,0,1,0,1,0,0,0,10,"Upper tail"
"60424",86.72,5,2023-10-21,"854282维利纳诺",56.3,"G9667",NA,NA,7492,"2023",10,"Autumn",2016-07-21,2019-04-02,54.6129032258064,FALSE,"2016",7,"Summer","G-coded","male","5",86.72,">60",FALSE,FALSE,FALSE,FALSE,FALSE,FALSE,FALSE,FALSE,FALSE,FALSE,1,1,"singleton",0,1,0,0,0,1,0,1,0,1,0,10,"Upper tail"
"60386",88,6,2023-10-18,"7402563907",55.4,"G9653",NA,NA,7507,"2023",10,"Autumn",2016-06-18,2019-03-02,55.5161290322581,FALSE,"2016",6,"Summer","G-coded","male","6",88,">60",FALSE,FALSE,FALSE,FALSE,FALSE,FALSE,FALSE,FALSE,FALSE,FALSE,1,1,"singleton",0,1,0,0,0,1,0,1,0,1,0,10,"Upper tail"
"801090",57.96,4,2023-10-16,"854282维利纳诺",56.8,"G9647",NA,NA,7517,"2023",10,"Autumn",2018-12-16,2021-09-02,25.4516129032258,FALSE,"2018",12,"Winter","G-coded","male","4",57.96,"43-60",FALSE,FALSE,FALSE,FALSE,FALSE,FALSE,FALSE,FALSE,FALSE,FALSE,1,1,"singleton",0,1,0,0,0,1,0,1,0,1,0,10,"Upper tail"
"00148",56.08,4,2023-10-10,"7402563907",58.6,"G9618","171790","61611",7544,"2023",10,"Autumn",2019-02-10,2021-11-02,23.258064516129,FALSE,"2019",2,"Winter","G-coded","male","4",56.08,"43-60",FALSE,FALSE,FALSE,FALSE,FALSE,FALSE,FALSE,FALSE,FALSE,FALSE,1,1,"singleton",0,1,0,1,0,1,0,1,0,1,0,10,"Upper tail"
"20001",56.77,4,2023-10-10,"854282维利纳诺",52.3,"235505",NA,NA,7548,"2023",10,"Autumn",2019-01-10,2021-10-02,24.258064516129,FALSE,"2019",1,"Winter","non-G-coded","female","4",56.77,"43-60",FALSE,FALSE,FALSE,FALSE,FALSE,FALSE,FALSE,FALSE,FALSE,FALSE,1,1,"singleton",0,1,0,1,0,1,0,0,0,0,0,10,"Upper tail"
"800573",61.6,4,2023-10-06,"7402563907",50.3,"235489","171350","60011",7570,"2023",10,"Autumn",2018-08-06,2021-05-02,29.1290322580645,FALSE,"2018",8,"Summer","non-G-coded","female","4",61.6,">60",FALSE,FALSE,FALSE,FALSE,FALSE,FALSE,FALSE,FALSE,FALSE,FALSE,1,1,"singleton",0,1,0,0,0,1,0,0,0,0,0,10,"Upper tail"
"00054",56.64,3,2023-10-05,"854282维利纳诺",50.4,"235487","171790","10532",7572,"2023",10,"Autumn",2019-01-05,2021-10-02,24.0967741935484,FALSE,"2019",1,"Winter","non-G-coded","female","3",56.64,"43-60",FALSE,FALSE,FALSE,FALSE,FALSE,FALSE,FALSE,FALSE,FALSE,FALSE,1,1,"singleton",0,1,0,0,0,1,0,0,0,0,0,10,"Upper tail"
"61642",91.49,6,2023-10-03,"7402563907",54.5,"G9596",NA,NA,7581,"2023",10,"Autumn",2016-03-03,2018-12-02,58.0322580645161,FALSE,"2016",3,"Spring","G-coded","male","6",91.49,">60",FALSE,FALSE,FALSE,FALSE,FALSE,FALSE,FALSE,FALSE,FALSE,FALSE,1,1,"singleton",0,1,0,0,0,1,0,1,0,0,0,10,"Upper tail"
"800839",58.97,4,2023-10-03,"7402563907",52.4,"235479","171350","61891",7584,"2023",10,"Autumn",2018-11-03,2021-08-02,26.0322580645161,FALSE,"2018",11,"Autumn","non-G-coded","female","4",58.97,"43-60",FALSE,FALSE,FALSE,FALSE,FALSE,FALSE,FALSE,FALSE,FALSE,FALSE,1,1,"singleton",0,1,0,1,0,1,0,0,0,0,0,10,"Upper tail"
"62337",91.29,6,2023-10-02,"854282维利纳诺",57.4,"G9588",NA,NA,7590,"2023",10,"Autumn",2016-03-02,2018-12-02,58,FALSE,"2016",3,"Spring","G-coded","male","6",91.29,">60",FALSE,FALSE,FALSE,FALSE,FALSE,FALSE,FALSE,FALSE,FALSE,FALSE,1,1,"singleton",0,1,0,1,0,1,0,1,0,1,0,10,"Upper tail"
"70744",69.36,4,2023-10-02,"854282维利纳诺",52.3,"235474",NA,NA,7591,"2023",10,"Autumn",2018-01-02,2020-10-02,36,FALSE,"2018",1,"Winter","non-G-coded","female","4",69.36,">60",FALSE,FALSE,FALSE,FALSE,FALSE,FALSE,FALSE,FALSE,FALSE,FALSE,1,1,"singleton",0,1,0,1,0,1,0,0,0,0,0,10,"Upper tail"
"800973",57.99,4,2023-10-01,"854282维利纳诺",55.2,"G9585","171350","62402",7600,"2023",10,"Autumn",2018-12-01,2021-09-02,24.9666666666667,FALSE,"2018",12,"Winter","G-coded","male","4",57.99,"43-60",FALSE,FALSE,FALSE,FALSE,FALSE,FALSE,FALSE,FALSE,FALSE,FALSE,1,1,"singleton",0,1,0,0,0,1,0,1,0,1,0,10,"Upper tail"
"202502",34.42,2,2023-09-30,"865530狼血",58.9,"G9584","163940","800702",7606,"2023",9,"Autumn",2020-11-30,2023-09-02,0.933333333333333,TRUE,"2020",11,"Autumn","G-coded","male","2",34.42,"31-42",FALSE,FALSE,FALSE,FALSE,FALSE,FALSE,FALSE,FALSE,FALSE,FALSE,1,1,"singleton",0,1,0,1,0,1,0,1,0,1,0,9,"Upper tail"
"H213317",35.11,2,2023-09-29,"7402563907",55.7,"G9576","163940","801121",7612,"2023",9,"Autumn",2020-10-29,2023-08-02,1.9,TRUE,"2020",10,"Autumn","G-coded","male","2",35.11,"31-42",FALSE,FALSE,FALSE,FALSE,FALSE,FALSE,FALSE,FALSE,FALSE,FALSE,1,1,"singleton",0,1,0,0,0,1,0,1,0,1,0,9,"Upper tail"
"800112L",68.15,4,2023-09-28,"854282维利纳诺",56.2,"G9567",NA,NA,7623,"2023",9,"Autumn",2018-01-28,2020-11-02,34.8666666666667,FALSE,"2018",1,"Winter","G-coded","male","4",68.15,">60",FALSE,FALSE,FALSE,FALSE,FALSE,FALSE,FALSE,FALSE,FALSE,FALSE,1,1,"singleton",0,1,0,0,0,1,0,1,0,1,0,9,"Upper tail"
"202690",37.38,2,2023-09-27,"865530狼血",51.3,"235448",NA,NA,7628,"2023",9,"Autumn",2020-08-27,2023-06-02,3.83333333333333,TRUE,"2020",8,"Summer","non-G-coded","female","2",37.38,"31-42",FALSE,FALSE,FALSE,FALSE,FALSE,FALSE,FALSE,FALSE,FALSE,FALSE,1,1,"singleton",0,1,0,0,0,1,0,0,0,0,0,9,"Upper tail"
"00270",54.57,3,2023-09-26,"7402563907",54.8,"G9558",NA,NA,7630,"2023",9,"Autumn",2019-02-26,2021-12-02,21.8,FALSE,"2019",2,"Winter","G-coded","male","3",54.57,"43-60",FALSE,FALSE,FALSE,FALSE,FALSE,FALSE,FALSE,FALSE,FALSE,FALSE,1,1,"singleton",0,1,0,0,0,1,0,1,0,0,0,9,"Upper tail"
"62000",92.8,5,2023-09-26,"865530狼血",54.8,"G9560",NA,NA,7636,"2023",9,"Autumn",2015-12-26,2018-10-02,59.8,FALSE,"2015",12,"Winter","G-coded","male","5",92.8,">60",FALSE,FALSE,FALSE,FALSE,FALSE,FALSE,FALSE,FALSE,FALSE,FALSE,1,1,"singleton",0,1,0,0,0,1,0,1,0,0,0,9,"Upper tail"
"202112",36.13,2,2023-09-19,"865530狼血",50.4,"235410","606244","70626",7666,"2023",9,"Autumn",2020-09-19,2023-07-02,2.56666666666667,TRUE,"2020",9,"Autumn","non-G-coded","female","2",36.13,"31-42",FALSE,FALSE,FALSE,FALSE,FALSE,FALSE,FALSE,FALSE,FALSE,FALSE,1,1,"singleton",0,1,0,0,0,1,0,0,0,0,0,9,"Upper tail"
"01265",46.29,3,2023-09-19,"865530狼血",55.8,"G9532",NA,NA,7670,"2023",9,"Autumn",2019-11-19,2022-09-02,12.5666666666667,TRUE,"2019",11,"Autumn","G-coded","male","3",46.29,"43-60",FALSE,FALSE,FALSE,FALSE,FALSE,FALSE,FALSE,FALSE,FALSE,FALSE,1,1,"singleton",0,1,0,0,0,1,0,1,0,1,0,9,"Upper tail"
"61264",90.83,6,2023-09-14,"865530狼血",58.6,"G9507",NA,NA,7696,"2023",9,"Autumn",2016-02-14,2018-12-02,57.4,FALSE,"2016",2,"Winter","G-coded","male","6",90.83,">60",FALSE,FALSE,FALSE,FALSE,FALSE,FALSE,FALSE,FALSE,FALSE,FALSE,1,1,"singleton",0,1,0,1,0,1,0,1,0,1,0,9,"Upper tail"
"213150",25.58,1,2023-09-12,"854282维利纳诺",49.8,"235374",NA,NA,7707,"2023",9,"Autumn",2021-07-12,2024-05-02,-7.66666666666667,TRUE,"2021",7,"Summer","non-G-coded","female","1",25.58,"<=30",FALSE,FALSE,FALSE,FALSE,FALSE,FALSE,FALSE,FALSE,FALSE,FALSE,1,1,"singleton",0,1,0,0,0,1,0,0,0,0,0,9,"Upper tail"
"H70387",78.63,4,2023-09-12,"865530狼血",55.4,"G9499",NA,NA,7709,"2023",9,"Autumn",2017-02-12,2019-12-02,45.3333333333333,FALSE,"2017",2,"Winter","G-coded","male","4",78.63,">60",FALSE,FALSE,FALSE,FALSE,FALSE,FALSE,FALSE,FALSE,FALSE,FALSE,1,1,"singleton",0,1,0,0,0,1,0,1,0,1,0,9,"Upper tail"
"800470",62.43,4,2023-09-12,"865530狼血",50.3,"235379",NA,NA,7713,"2023",9,"Autumn",2018-07-12,2021-05-02,28.3333333333333,FALSE,"2018",7,"Summer","non-G-coded","female","4",62.43,">60",FALSE,FALSE,FALSE,FALSE,FALSE,FALSE,FALSE,FALSE,FALSE,FALSE,1,1,"singleton",0,1,0,0,0,1,0,0,0,0,0,9,"Upper tail"
"00532",52.17,3,2023-09-11,"865530狼血",53.4,"235369","167285","70240",7720,"2023",9,"Autumn",2019-05-11,2022-03-02,18.3,FALSE,"2019",5,"Spring","non-G-coded","female","3",52.17,"43-60",FALSE,FALSE,FALSE,FALSE,FALSE,FALSE,FALSE,FALSE,FALSE,FALSE,1,1,"singleton",0,1,0,1,0,1,0,1,0,0,0,9,"Upper tail"
"65088",85.6,4,2023-09-05,"854282维利纳诺",51.3,"235344",NA,NA,7743,"2023",9,"Autumn",2016-07-05,2019-05-02,52.1,FALSE,"2016",7,"Summer","non-G-coded","female","4",85.6,">60",FALSE,FALSE,FALSE,FALSE,FALSE,FALSE,FALSE,FALSE,FALSE,FALSE,1,1,"singleton",0,1,0,0,0,1,0,0,0,0,0,9,"Upper tail"
"202264",25.54,1,2023-09-02,"854282维利纳诺",61.2,"G9459","603268","1467",7771,"2023",9,"Autumn",2021-07-02,2024-05-02,-8,TRUE,"2021",7,"Summer","G-coded","male","1",25.54,"<=30",FALSE,FALSE,FALSE,FALSE,FALSE,FALSE,FALSE,FALSE,FALSE,FALSE,1,1,"singleton",0,1,0,1,0,1,0,1,0,1,1,9,"Upper tail"
"60292",88.1,6,2023-08-30,"7402563907",53.7,"235304",NA,NA,7796,"2023",8,"Summer",2016-04-30,2019-03-02,53.9032258064516,FALSE,"2016",4,"Spring","non-G-coded","female","6",88.1,">60",FALSE,FALSE,FALSE,FALSE,FALSE,FALSE,FALSE,FALSE,FALSE,FALSE,1,1,"singleton",0,1,0,1,0,1,0,1,0,0,0,8,"Upper tail"
"00751",50.69,3,2023-08-30,"865530狼血",57.8,"235299",NA,NA,7799,"2023",8,"Summer",2019-05-30,2022-04-02,16.9032258064516,FALSE,"2019",5,"Spring","non-G-coded","female","3",50.69,"43-60",FALSE,FALSE,FALSE,FALSE,FALSE,FALSE,FALSE,FALSE,FALSE,FALSE,1,1,"singleton",0,1,0,1,0,1,0,1,0,1,0,8,"Upper tail"
"202243",34.42,2,2023-08-25,"865530狼血",51.6,"235262","606318","800798",7839,"2023",8,"Summer",2020-10-25,2023-09-02,-0.258064516129032,TRUE,"2020",10,"Autumn","non-G-coded","female","2",34.42,"31-42",FALSE,FALSE,FALSE,FALSE,FALSE,FALSE,FALSE,FALSE,FALSE,FALSE,1,1,"singleton",0,1,0,0,0,1,0,0,0,0,0,8,"Upper tail"
"70308",75.74,4,2023-08-24,"865530狼血",56.3,"9393","426864","10542",7843,"2023",8,"Summer",2017-04-24,2020-03-02,41.7096774193548,FALSE,"2017",4,"Spring","non-G-coded","female","4",75.74,">60",FALSE,FALSE,FALSE,FALSE,FALSE,FALSE,FALSE,FALSE,FALSE,FALSE,1,1,"singleton",0,1,0,1,0,1,0,1,0,1,0,8,"Upper tail"
"70371",74.79,5,2023-08-22,"865530狼血",55.3,"H235242",NA,NA,7857,"2023",8,"Summer",2017-05-22,2020-04-02,40.6451612903226,FALSE,"2017",5,"Spring","non-G-coded","female","5",74.79,">60",FALSE,FALSE,FALSE,FALSE,FALSE,FALSE,FALSE,FALSE,FALSE,FALSE,1,1,"singleton",0,1,0,1,0,1,0,1,0,1,0,8,"Upper tail"
"60321",87.05,5,2023-08-12,"7402563907",64.2,"G9327",NA,NA,7912,"2023",8,"Summer",2016-05-12,2019-04-02,52.3225806451613,FALSE,"2016",5,"Spring","G-coded","male","5",87.05,">60",FALSE,FALSE,FALSE,FALSE,FALSE,FALSE,FALSE,FALSE,FALSE,FALSE,1,1,"singleton",0,1,0,1,0,1,0,1,0,1,1,8,"Upper tail"
"60878",91.03,4,2023-08-12,"公牛",54.3,"235472",NA,NA,7916,"2023",8,"Summer",2016-01-12,2018-12-02,56.3225806451613,FALSE,"2016",1,"Winter","non-G-coded","female","4",91.03,">60",FALSE,FALSE,FALSE,FALSE,FALSE,FALSE,FALSE,FALSE,FALSE,FALSE,1,1,"singleton",0,1,0,1,0,1,0,1,0,0,0,8,"Upper tail"
"60287",87.48,5,2023-08-10,"7402563907",56.4,"G9320","426585","2101",7924,"2023",8,"Summer",2016-05-10,2019-04-02,52.258064516129,FALSE,"2016",5,"Spring","G-coded","male","5",87.48,">60",FALSE,FALSE,FALSE,FALSE,FALSE,FALSE,FALSE,FALSE,FALSE,FALSE,1,1,"singleton",0,1,0,0,0,1,0,1,0,1,0,8,"Upper tail"
"00808",49.57,3,2023-08-08,"7402563907",59.8,"G9313",NA,NA,7930,"2023",8,"Summer",2019-06-08,2022-05-02,15.1935483870968,FALSE,"2019",6,"Summer","G-coded","male","3",49.57,"43-60",FALSE,FALSE,FALSE,FALSE,FALSE,FALSE,FALSE,FALSE,FALSE,FALSE,1,1,"singleton",0,1,0,1,0,1,0,1,0,1,0,8,"Upper tail"
"60589",79.98,5,2023-08-05,"854773威吉吉",57.3,"G9302",NA,NA,7948,"2023",8,"Summer",2016-12-05,2019-11-02,45.0967741935484,FALSE,"2016",12,"Winter","G-coded","male","5",79.98,">60",FALSE,FALSE,FALSE,FALSE,FALSE,FALSE,FALSE,FALSE,FALSE,FALSE,1,1,"singleton",0,1,0,1,0,1,0,1,0,1,0,8,"Upper tail"
"800497",60.72,4,2023-08-04,"854773威吉吉",55.4,"G9297",NA,NA,7956,"2023",8,"Summer",2018-07-04,2021-06-02,26.0645161290323,FALSE,"2018",7,"Summer","G-coded","male","4",60.72,">60",FALSE,FALSE,FALSE,FALSE,FALSE,FALSE,FALSE,FALSE,FALSE,FALSE,1,1,"singleton",0,1,0,0,0,1,0,1,0,1,0,8,"Upper tail"
"00305",35.63,2,2023-08-04,"7402563907",50.3,"235158","606244","800505",7958,"2023",8,"Summer",2020-08-04,2023-07-02,1.06451612903226,TRUE,"2020",8,"Summer","non-G-coded","female","2",35.63,"31-42",FALSE,FALSE,FALSE,FALSE,FALSE,FALSE,FALSE,FALSE,FALSE,FALSE,1,1,"singleton",0,1,0,0,0,1,0,0,0,0,0,8,"Upper tail"
"50618",99.21,6,2023-07-29,"854773威吉吉",56.2,"G9274",NA,NA,7979,"2023",7,"Summer",2015-04-29,2018-04-02,63.8709677419355,FALSE,"2015",4,"Spring","G-coded","male","6",99.21,">60",FALSE,FALSE,FALSE,FALSE,FALSE,FALSE,FALSE,FALSE,FALSE,FALSE,1,1,"singleton",0,1,0,0,0,1,0,1,0,1,0,7,"Upper tail"
"61389",89.81,5,2023-07-26,"854773威吉吉",55.6,"G9250",NA,NA,8006,"2023",7,"Summer",2016-01-26,2019-01-02,54.7741935483871,FALSE,"2016",1,"Winter","G-coded","male","5",89.81,">60",FALSE,FALSE,FALSE,FALSE,FALSE,FALSE,FALSE,FALSE,FALSE,FALSE,1,1,"singleton",0,1,0,0,0,1,0,1,0,1,0,7,"Upper tail"
"61335",89.71,4,2023-07-26,"854773威吉吉",61.3,"G9243",NA,NA,8013,"2023",7,"Summer",2016-01-26,2019-01-02,54.7741935483871,FALSE,"2016",1,"Winter","G-coded","male","4",89.71,">60",FALSE,FALSE,FALSE,FALSE,FALSE,FALSE,FALSE,FALSE,FALSE,FALSE,1,1,"singleton",0,1,0,1,0,1,0,1,0,1,1,7,"Upper tail"
"H800045",66.83,4,2023-07-24,"7402563907",58.2,"G9237","179398","13166",8030,"2023",7,"Summer",2017-12-24,2020-12-02,31.7096774193548,FALSE,"2017",12,"Winter","G-coded","male","4",66.83,">60",FALSE,FALSE,FALSE,FALSE,FALSE,FALSE,FALSE,FALSE,FALSE,FALSE,1,1,"singleton",0,1,0,1,0,1,0,1,0,1,0,7,"Upper tail"
"01520",45.07,1,2023-07-21,"公牛",54.8,"G9209",NA,NA,8049,"2023",7,"Summer",2019-10-21,2022-10-02,9.61290322580645,TRUE,"2019",10,"Autumn","G-coded","male","1",45.07,"43-60",FALSE,FALSE,FALSE,FALSE,FALSE,FALSE,FALSE,FALSE,FALSE,FALSE,1,1,"singleton",0,1,0,0,0,1,0,1,0,0,0,7,"Upper tail"
"212228",29.62,1,2023-07-20,"22218717",63.4,"G9204",NA,NA,8053,"2023",7,"Summer",2021-01-20,2024-01-02,-5.41935483870968,TRUE,"2021",1,"Winter","G-coded","male","1",29.62,"<=30",FALSE,FALSE,FALSE,FALSE,FALSE,FALSE,FALSE,FALSE,FALSE,FALSE,1,1,"singleton",0,1,0,1,0,1,0,1,0,1,1,7,"Upper tail"
"213805",90.27,5,2023-07-20,"854773威吉吉",55,"G9203",NA,NA,8054,"2023",7,"Summer",2016-01-20,2019-01-02,54.5806451612903,FALSE,"2016",1,"Winter","G-coded","male","5",90.27,">60",FALSE,FALSE,FALSE,FALSE,FALSE,FALSE,FALSE,FALSE,FALSE,FALSE,1,1,"singleton",0,1,0,0,0,1,0,1,0,1,0,7,"Upper tail"
"70527",70.97,5,2023-07-18,"7402563907",56.3,"G9197",NA,NA,8060,"2023",7,"Summer",2017-08-18,2020-08-02,35.5161290322581,FALSE,"2017",8,"Summer","G-coded","male","5",70.97,">60",FALSE,FALSE,FALSE,FALSE,FALSE,FALSE,FALSE,FALSE,FALSE,FALSE,1,1,"singleton",0,1,0,0,0,1,0,1,0,1,0,7,"Upper tail"
"60401",84.35,6,2023-07-12,"854773威吉吉",51.3,"235040L","426585","13133",8108,"2023",7,"Summer",2016-07-12,2019-07-02,48.3225806451613,FALSE,"2016",7,"Summer","non-G-coded","female","6",84.35,">60",FALSE,FALSE,FALSE,FALSE,FALSE,FALSE,FALSE,FALSE,FALSE,FALSE,1,1,"singleton",0,1,0,0,0,1,0,0,0,0,0,7,"Upper tail"
"62207",88.99,5,2023-07-12,"854773威吉吉",50.5,"235035",NA,NA,8115,"2023",7,"Summer",2016-02-12,2019-02-02,53.3225806451613,FALSE,"2016",2,"Winter","non-G-coded","female","5",88.99,">60",FALSE,FALSE,FALSE,FALSE,FALSE,FALSE,FALSE,FALSE,FALSE,FALSE,1,1,"singleton",0,1,0,0,0,1,0,0,0,0,0,7,"Upper tail"
"61826",90.24,6,2023-07-12,"854773威吉吉",51.3,"235034",NA,NA,8116,"2023",7,"Summer",2016-01-12,2019-01-02,54.3225806451613,FALSE,"2016",1,"Winter","non-G-coded","female","6",90.24,">60",FALSE,FALSE,FALSE,FALSE,FALSE,FALSE,FALSE,FALSE,FALSE,FALSE,1,1,"singleton",0,1,0,0,0,1,0,0,0,0,0,7,"Upper tail"
"201704",37.74,2,2023-07-12,"XM-22218621",55.4,"G9159",NA,NA,8117,"2023",7,"Summer",2020-05-12,2023-05-02,2.32258064516129,TRUE,"2020",5,"Spring","G-coded","male","2",37.74,"31-42",FALSE,FALSE,FALSE,FALSE,FALSE,FALSE,FALSE,FALSE,FALSE,FALSE,1,1,"singleton",0,1,0,0,0,1,0,1,0,1,0,7,"Upper tail"
"201487L",39.02,1,2023-07-12,"854773威吉吉",55.7,"235032",NA,NA,8119,"2023",7,"Summer",2020-04-12,2023-04-02,3.32258064516129,TRUE,"2020",4,"Spring","non-G-coded","female","1",39.02,"31-42",FALSE,FALSE,FALSE,FALSE,FALSE,FALSE,FALSE,FALSE,FALSE,FALSE,1,1,"singleton",0,1,0,1,0,1,0,1,0,1,0,7,"Upper tail"
"00282",51.51,3,2023-06-28,"7402563907",53.6,"234956",NA,NA,8164,"2023",6,"Summer",2019-02-28,2022-03-02,15.8666666666667,FALSE,"2019",2,"Winter","non-G-coded","female","3",51.51,"43-60",FALSE,FALSE,FALSE,FALSE,FALSE,FALSE,FALSE,FALSE,FALSE,FALSE,1,1,"singleton",0,1,0,1,0,1,0,1,0,0,0,6,"Upper tail"
"00136",52.63,3,2023-06-25,"7402563907",53.5,"234945","171790","62070",8175,"2023",6,"Summer",2019-01-25,2022-02-02,16.7666666666667,FALSE,"2019",1,"Winter","non-G-coded","female","3",52.63,"43-60",FALSE,FALSE,FALSE,FALSE,FALSE,FALSE,FALSE,FALSE,FALSE,FALSE,1,1,"singleton",0,1,0,1,0,1,0,1,0,0,0,6,"Upper tail"
"70432",71.96,5,2023-06-21,"854773威吉吉",57.3,"G9074",NA,NA,8193,"2023",6,"Summer",2017-06-21,2020-07-02,35.6333333333333,FALSE,"2017",6,"Summer","G-coded","male","5",71.96,">60",FALSE,FALSE,FALSE,FALSE,FALSE,FALSE,FALSE,FALSE,FALSE,FALSE,1,1,"singleton",0,1,0,1,0,1,0,1,0,1,0,6,"Upper tail"
"70216",74.65,4,2023-06-18,"7402563907",51.3,"234920",NA,NA,8212,"2023",6,"Summer",2017-03-18,2020-04-02,38.5333333333333,FALSE,"2017",3,"Spring","non-G-coded","female","4",74.65,">60",FALSE,FALSE,FALSE,FALSE,FALSE,FALSE,FALSE,FALSE,FALSE,FALSE,1,1,"singleton",0,1,0,0,0,1,0,0,0,0,0,6,"Upper tail"
"30712",124.49,8,2023-06-15,"7402563907",50,"234908",NA,NA,8227,"2023",6,"Summer",2013-02-15,2016-03-02,87.4333333333333,FALSE,"2013",2,"Winter","non-G-coded","female",">=7",124.49,">60",FALSE,FALSE,FALSE,FALSE,FALSE,FALSE,FALSE,FALSE,FALSE,FALSE,1,1,"singleton",0,1,0,0,0,1,0,0,0,0,0,6,"Upper tail"
"217020",36.06,2,2023-06-14,"7402563907",56.3,"G9036",NA,NA,8232,"2023",6,"Summer",2020-06-14,2023-07-02,-0.6,TRUE,"2020",6,"Summer","G-coded","male","2",36.06,"31-42",FALSE,FALSE,FALSE,FALSE,FALSE,FALSE,FALSE,FALSE,FALSE,FALSE,1,1,"singleton",0,1,0,0,0,1,0,1,0,1,0,6,"Upper tail"
"800379",60.68,4,2023-06-12,"7402563907",67.6,"G9021","426871","3003",8252,"2023",6,"Summer",2018-05-12,2021-06-02,24.3333333333333,FALSE,"2018",5,"Spring","G-coded","male","4",60.68,">60",FALSE,TRUE,FALSE,FALSE,FALSE,FALSE,FALSE,FALSE,FALSE,FALSE,1,1,"singleton",0,1,0,1,0,1,0,1,0,1,1,6,"Upper tail"
"70713",66.24,4,2023-06-07,"854773威吉吉",50,"234861",NA,NA,8281,"2023",6,"Summer",2017-12-07,2021-01-02,29.1666666666667,FALSE,"2017",12,"Winter","non-G-coded","female","4",66.24,">60",FALSE,FALSE,FALSE,FALSE,FALSE,FALSE,FALSE,FALSE,FALSE,FALSE,1,1,"singleton",0,1,0,0,0,1,0,0,0,0,0,6,"Upper tail"
"62676",87.48,5,2023-06-01,"7402563907",60.5,"G8953",NA,NA,8328,"2023",6,"Summer",2016-03-01,2019-04-02,49.9677419354839,FALSE,"2016",3,"Spring","G-coded","male","5",87.48,">60",FALSE,FALSE,FALSE,FALSE,FALSE,FALSE,FALSE,FALSE,FALSE,FALSE,1,1,"singleton",0,1,0,1,0,1,0,1,0,1,1,6,"Upper tail"
"60286",84.98,6,2023-05-25,"41119912",54.6,"G8916",NA,NA,8384,"2023",5,"Spring",2016-04-25,2019-06-02,47.741935483871,FALSE,"2016",4,"Spring","G-coded","male","6",84.98,">60",FALSE,FALSE,FALSE,FALSE,FALSE,FALSE,FALSE,FALSE,FALSE,FALSE,1,1,"singleton",0,1,0,0,0,1,0,1,0,0,0,5,"Upper tail"
"60378",82.97,5,2023-05-13,"7402563907",50.6,"234738",NA,NA,8449,"2023",5,"Spring",2016-06-13,2019-08-02,45.3548387096774,FALSE,"2016",6,"Summer","non-G-coded","female","5",82.97,">60",FALSE,FALSE,FALSE,FALSE,FALSE,FALSE,FALSE,FALSE,FALSE,FALSE,1,1,"singleton",0,1,0,0,0,1,0,0,0,0,0,5,"Upper tail"
"70146",74.13,5,2023-05-13,"871041文尼哥",55.6,"234735",NA,NA,8450,"2023",5,"Spring",2017-03-13,2020-05-02,36.3548387096774,FALSE,"2017",3,"Spring","non-G-coded","female","5",74.13,">60",FALSE,FALSE,FALSE,FALSE,FALSE,FALSE,FALSE,FALSE,FALSE,FALSE,1,1,"singleton",0,1,0,1,0,1,0,1,0,1,0,5,"Upper tail"
"62112",87.51,5,2023-05-12,"7402563907",50.2,"234732",NA,NA,8456,"2023",5,"Spring",2016-01-12,2019-03-02,50.3225806451613,FALSE,"2016",1,"Winter","non-G-coded","female","5",87.51,">60",FALSE,FALSE,FALSE,FALSE,FALSE,FALSE,FALSE,FALSE,FALSE,FALSE,1,1,"singleton",0,1,0,0,0,1,0,0,0,0,0,5,"Upper tail"
"70332",72.06,5,2023-05-09,"871041文尼哥",51.3,"234718",NA,NA,8469,"2023",5,"Spring",2017-05-09,2020-07-02,34.2258064516129,FALSE,"2017",5,"Spring","non-G-coded","female","5",72.06,">60",FALSE,FALSE,FALSE,FALSE,FALSE,FALSE,FALSE,FALSE,FALSE,FALSE,1,1,"singleton",0,1,0,0,0,1,0,0,0,0,0,5,"Upper tail"
"800934",53.25,3,2023-05-04,"871041文尼哥",52.6,"234702",NA,NA,8491,"2023",5,"Spring",2018-12-04,2022-02-02,15.0645161290323,FALSE,"2018",12,"Winter","non-G-coded","female","3",53.25,"43-60",FALSE,FALSE,FALSE,FALSE,FALSE,FALSE,FALSE,FALSE,FALSE,FALSE,1,1,"singleton",0,1,0,1,0,1,0,1,0,0,0,5,"Upper tail"
"201322",37.71,2,2023-05-04,"871041文尼哥",52.6,"234705","606244","91132",8493,"2023",5,"Spring",2020-03-04,2023-05-02,0.0645161290322581,TRUE,"2020",3,"Spring","non-G-coded","female","2",37.71,"31-42",FALSE,FALSE,FALSE,FALSE,FALSE,FALSE,FALSE,FALSE,FALSE,FALSE,1,1,"singleton",0,1,0,1,0,1,0,1,0,0,0,5,"Upper tail"
"70388",71.04,4,2023-05-01,"871041文尼哥",51.2,"234688",NA,NA,8508,"2023",5,"Spring",2017-06-01,2020-08-02,32.9666666666667,FALSE,"2017",6,"Summer","non-G-coded","female","4",71.04,">60",FALSE,FALSE,FALSE,FALSE,FALSE,FALSE,FALSE,FALSE,FALSE,FALSE,1,1,"singleton",0,1,0,0,0,1,0,0,0,0,0,5,"Upper tail"
"70104",74.39,5,2023-04-30,"871041文尼哥",55.3,"G8784",NA,NA,8513,"2023",4,"Spring",2017-02-28,2020-05-02,35.9333333333333,FALSE,"2017",2,"Winter","G-coded","male","5",74.39,">60",FALSE,FALSE,FALSE,FALSE,FALSE,FALSE,FALSE,FALSE,FALSE,FALSE,1,1,"singleton",0,1,0,0,0,1,0,1,0,1,0,4,"Upper tail"
"00851",50.56,3,2023-04-28,"871041文尼哥",53.6,"234667",NA,NA,8526,"2023",4,"Spring",2019-01-28,2022-04-02,12.8666666666667,TRUE,"2019",1,"Winter","non-G-coded","female","3",50.56,"43-60",FALSE,FALSE,FALSE,FALSE,FALSE,FALSE,FALSE,FALSE,FALSE,FALSE,1,1,"singleton",0,1,0,1,0,1,0,1,0,0,0,4,"Upper tail"
"00622",47.37,3,2023-04-27,"7402563907",52.4,"234662","167285","Z61367",8539,"2023",4,"Spring",2019-05-27,2022-08-02,8.83333333333333,TRUE,"2019",5,"Spring","non-G-coded","female","3",47.37,"43-60",FALSE,FALSE,FALSE,FALSE,FALSE,FALSE,FALSE,FALSE,FALSE,FALSE,1,1,"singleton",0,1,0,1,0,1,0,0,0,0,0,4,"Upper tail"
"201220",38.07,2,2023-04-26,"871041文尼哥",54.6,"G8763","606192","2005",8543,"2023",4,"Spring",2020-02-26,2023-05-02,-0.2,TRUE,"2020",2,"Winter","G-coded","male","2",38.07,"31-42",FALSE,FALSE,FALSE,FALSE,FALSE,FALSE,FALSE,FALSE,FALSE,FALSE,1,1,"singleton",0,1,0,0,0,1,0,1,0,0,0,4,"Upper tail"
"70227",72.75,5,2023-04-26,"7402563907",52.3,"234657",NA,NA,8546,"2023",4,"Spring",2017-03-26,2020-06-02,34.8,FALSE,"2017",3,"Spring","non-G-coded","female","5",72.75,">60",FALSE,FALSE,FALSE,FALSE,FALSE,FALSE,FALSE,FALSE,FALSE,FALSE,1,1,"singleton",0,1,0,1,0,1,0,0,0,0,0,4,"Upper tail"
"60664",87.15,5,2023-04-25,"7402563907",60.6,"G8761",NA,NA,8549,"2023",4,"Spring",2016-01-25,2019-04-02,48.7666666666667,FALSE,"2016",1,"Winter","G-coded","male","5",87.15,">60",FALSE,FALSE,FALSE,FALSE,FALSE,FALSE,FALSE,FALSE,FALSE,FALSE,1,1,"singleton",0,1,0,1,0,1,0,1,0,1,1,4,"Upper tail"
"00131",50.66,3,2023-04-25,"871041文尼哥",52.4,"234647",NA,NA,8551,"2023",4,"Spring",2019-01-25,2022-04-02,12.7666666666667,TRUE,"2019",1,"Winter","non-G-coded","female","3",50.66,"43-60",FALSE,FALSE,FALSE,FALSE,FALSE,FALSE,FALSE,FALSE,FALSE,FALSE,1,1,"singleton",0,1,0,1,0,1,0,0,0,0,0,4,"Upper tail"
"00705",46.61,3,2023-04-20,"871041文尼哥",54.5,"G8741",NA,NA,8587,"2023",4,"Spring",2019-05-20,2022-08-02,8.6,TRUE,"2019",5,"Spring","G-coded","male","3",46.61,"43-60",FALSE,FALSE,FALSE,FALSE,FALSE,FALSE,FALSE,FALSE,FALSE,FALSE,1,1,"singleton",0,1,0,0,0,1,0,1,0,0,0,4,"Upper tail"
"70086",74.33,5,2023-04-16,"871041文尼哥",58.6,"G8714",NA,NA,8615,"2023",4,"Spring",2017-02-16,2020-05-02,35.4666666666667,FALSE,"2017",2,"Winter","G-coded","male","5",74.33,">60",FALSE,FALSE,FALSE,FALSE,FALSE,FALSE,FALSE,FALSE,FALSE,FALSE,1,1,"singleton",0,1,0,1,0,1,0,1,0,1,0,4,"Upper tail"
"20013",50.43,3,2023-04-14,"854773威吉吉",50.5,"HG8702",NA,NA,8635,"2023",4,"Spring",2019-02-14,2022-05-02,11.4,TRUE,"2019",2,"Winter","non-G-coded","female","3",50.43,"43-60",FALSE,FALSE,FALSE,FALSE,FALSE,FALSE,FALSE,FALSE,FALSE,FALSE,1,1,"singleton",0,1,0,0,0,1,0,0,0,0,0,4,"Upper tail"
"62276",85.47,6,2023-04-06,"7402563907",60.6,"234561",NA,NA,8684,"2023",4,"Spring",2016-03-06,2019-06-02,46.1333333333333,FALSE,"2016",3,"Spring","non-G-coded","female","6",85.47,">60",FALSE,FALSE,FALSE,FALSE,FALSE,FALSE,FALSE,FALSE,FALSE,FALSE,1,1,"singleton",0,1,0,1,0,1,0,1,0,1,1,4,"Upper tail"
"61240",85.37,5,2023-04-06,"871041文尼哥",50.4,"234557",NA,NA,8687,"2023",4,"Spring",2016-03-06,2019-06-02,46.1333333333333,FALSE,"2016",3,"Spring","non-G-coded","female","5",85.37,">60",FALSE,FALSE,FALSE,FALSE,FALSE,FALSE,FALSE,FALSE,FALSE,FALSE,1,1,"singleton",0,1,0,0,0,1,0,0,0,0,0,4,"Upper tail"
"61802",86.88,4,2023-04-06,"7402563907",50.5,"234555",NA,NA,8688,"2023",4,"Spring",2016-01-06,2019-04-02,48.1333333333333,FALSE,"2016",1,"Winter","non-G-coded","female","4",86.88,">60",FALSE,FALSE,FALSE,FALSE,FALSE,FALSE,FALSE,FALSE,FALSE,FALSE,1,1,"singleton",0,1,0,0,0,1,0,0,0,0,0,4,"Upper tail"
"201219",37.38,1,2023-04-05,"7029225762",50.3,"234551",NA,NA,8702,"2023",4,"Spring",2020-03-05,2023-06-02,-1.9,TRUE,"2020",3,"Spring","non-G-coded","female","1",37.38,"31-42",FALSE,FALSE,FALSE,FALSE,FALSE,FALSE,FALSE,FALSE,FALSE,FALSE,1,1,"singleton",0,1,0,0,0,1,0,0,0,0,0,4,"Upper tail"
"61163",85.7,5,2023-04-01,"7402563907",54.6,"G8623",NA,NA,8747,"2023",4,"Spring",2016-02-01,2019-05-02,46.9677419354839,FALSE,"2016",2,"Winter","G-coded","male","5",85.7,">60",FALSE,FALSE,FALSE,FALSE,FALSE,FALSE,FALSE,FALSE,FALSE,FALSE,1,1,"singleton",0,1,0,0,0,1,0,1,0,0,0,4,"Upper tail"
"70254",71.6,4,2023-04-01,"7402563907",50.1,"234516",NA,NA,8748,"2023",4,"Spring",2017-04-01,2020-07-02,32.9677419354839,FALSE,"2017",4,"Spring","non-G-coded","female","4",71.6,">60",FALSE,FALSE,FALSE,FALSE,FALSE,FALSE,FALSE,FALSE,FALSE,FALSE,1,1,"singleton",0,1,0,0,0,1,0,0,0,0,0,4,"Upper tail"
"61681",85.96,4,2023-03-31,"871041文尼哥",53.7,"234513",NA,NA,8754,"2023",3,"Spring",2016-01-31,2019-05-02,46.9354838709677,FALSE,"2016",1,"Winter","non-G-coded","female","4",85.96,">60",FALSE,FALSE,FALSE,FALSE,FALSE,FALSE,FALSE,FALSE,FALSE,FALSE,1,1,"singleton",0,1,0,1,0,1,0,1,0,0,0,3,"Upper tail"
"1279",85.96,6,2023-03-30,"871041文尼哥",58.7,"234507",NA,NA,8759,"2023",3,"Spring",2016-01-30,2019-05-02,46.9032258064516,FALSE,"2016",1,"Winter","non-G-coded","female","6",85.96,">60",FALSE,FALSE,FALSE,FALSE,FALSE,FALSE,FALSE,FALSE,FALSE,FALSE,1,1,"singleton",0,1,0,1,0,1,0,1,0,1,0,3,"Upper tail"
"40006",121.47,8,2023-03-28,"871041文尼哥",56.4,"G8607",NA,NA,8773,"2023",3,"Spring",2013-02-28,2016-06-02,81.8387096774194,FALSE,"2013",2,"Winter","G-coded","male",">=7",121.47,">60",FALSE,FALSE,FALSE,FALSE,FALSE,FALSE,FALSE,FALSE,FALSE,FALSE,1,1,"singleton",0,1,0,0,0,1,0,1,0,1,0,3,"Upper tail"
"01496",41.29,2,2023-03-28,"871041文尼哥",55.4,"234498",NA,NA,8777,"2023",3,"Spring",2019-10-28,2023-02-02,1.83870967741935,TRUE,"2019",10,"Autumn","non-G-coded","female","2",41.29,"31-42",FALSE,FALSE,FALSE,FALSE,FALSE,FALSE,FALSE,FALSE,FALSE,FALSE,1,1,"singleton",0,1,0,1,0,1,0,1,0,1,0,3,"Upper tail"
"00061",50.23,3,2023-03-27,"7402563907",65.4,"234492","171790","60472",8780,"2023",3,"Spring",2019-01-27,2022-05-02,10.8064516129032,TRUE,"2019",1,"Winter","non-G-coded","female","3",50.23,"43-60",FALSE,TRUE,FALSE,FALSE,FALSE,FALSE,FALSE,FALSE,FALSE,FALSE,1,1,"singleton",0,1,0,1,0,1,0,1,0,1,1,3,"Upper tail"
"70208",72.02,4,2023-03-27,"7402563907",51.5,"234490",NA,NA,8784,"2023",3,"Spring",2017-03-27,2020-07-02,32.8064516129032,FALSE,"2017",3,"Spring","non-G-coded","female","4",72.02,">60",FALSE,FALSE,FALSE,FALSE,FALSE,FALSE,FALSE,FALSE,FALSE,FALSE,1,1,"singleton",0,1,0,0,0,1,0,0,0,0,0,3,"Upper tail"
"202682",30.67,1,2023-03-24,"15618205",60.2,"G8572",NA,NA,8826,"2023",3,"Spring",2020-08-24,2023-12-02,-8.29032258064516,TRUE,"2020",8,"Summer","G-coded","male","1",30.67,"31-42",FALSE,FALSE,FALSE,FALSE,FALSE,FALSE,FALSE,FALSE,FALSE,FALSE,1,1,"singleton",0,1,0,1,0,1,0,1,0,1,1,3,"Upper tail"
"61852",85.67,5,2023-03-18,"7029225762",50.1,"234419",NA,NA,8889,"2023",3,"Spring",2016-01-18,2019-05-02,46.5161290322581,FALSE,"2016",1,"Winter","non-G-coded","female","5",85.67,">60",FALSE,FALSE,FALSE,FALSE,FALSE,FALSE,FALSE,FALSE,FALSE,FALSE,1,1,"singleton",0,1,0,0,0,1,0,0,0,0,0,3,"Upper tail"
"201052",38.03,2,2023-03-14,"871041文尼哥",50.1,"234390",NA,NA,8921,"2023",3,"Spring",2020-01-14,2023-05-02,-1.61290322580645,TRUE,"2020",1,"Winter","non-G-coded","female","2",38.03,"31-42",FALSE,FALSE,FALSE,FALSE,FALSE,FALSE,FALSE,FALSE,FALSE,FALSE,1,1,"singleton",0,1,0,0,0,1,0,0,0,0,0,3,"Upper tail"
"801010",51.12,3,2023-03-12,"7029225762",50.1,"234379","171350","60145",8944,"2023",3,"Spring",2018-12-12,2022-04-02,11.3225806451613,TRUE,"2018",12,"Winter","non-G-coded","female","3",51.12,"43-60",FALSE,FALSE,FALSE,FALSE,FALSE,FALSE,FALSE,FALSE,FALSE,FALSE,1,1,"singleton",0,1,0,0,0,1,0,0,0,0,0,3,"Upper tail"
"212504",23.54,1,2023-03-08,"22218325",50.6,"234359","62544424506","L60200",8981,"2023",3,"Spring",2021-03-08,2024-07-02,-15.8064516129032,TRUE,"2021",3,"Spring","non-G-coded","female","1",23.54,"<=30",FALSE,FALSE,FALSE,FALSE,FALSE,FALSE,FALSE,FALSE,FALSE,FALSE,1,1,"singleton",0,1,0,0,0,1,0,0,0,0,0,3,"Upper tail"
"61364",85.08,5,2023-03-07,"854773威吉吉",56.3,"G8453",NA,NA,8994,"2023",3,"Spring",2016-02-07,2019-06-02,45.1612903225806,FALSE,"2016",2,"Winter","G-coded","male","5",85.08,">60",FALSE,FALSE,FALSE,FALSE,FALSE,FALSE,FALSE,FALSE,FALSE,FALSE,1,1,"singleton",0,1,0,0,0,1,0,1,0,1,0,3,"Upper tail"
"61906",85.37,5,2023-03-06,"871041文尼哥",52.5,"234350",NA,NA,9002,"2023",3,"Spring",2016-02-06,2019-06-02,45.1290322580645,FALSE,"2016",2,"Winter","non-G-coded","female","5",85.37,">60",FALSE,FALSE,FALSE,FALSE,FALSE,FALSE,FALSE,FALSE,FALSE,FALSE,1,1,"singleton",0,1,0,1,0,1,0,1,0,0,0,3,"Upper tail"
"00768",44.71,2,2023-03-04,"854773威吉吉",50.1,"234339","186756","63030",9021,"2023",3,"Spring",2019-06-04,2022-10-02,5.06451612903226,TRUE,"2019",6,"Summer","non-G-coded","female","2",44.71,"43-60",FALSE,FALSE,FALSE,FALSE,FALSE,FALSE,FALSE,FALSE,FALSE,FALSE,1,1,"singleton",0,1,0,0,0,1,0,0,0,0,0,3,"Upper tail"
"62643",84.52,5,2023-03-03,"854773威吉吉",50.1,"234331",NA,NA,9030,"2023",3,"Spring",2016-02-03,2019-06-02,45.0322580645161,FALSE,"2016",2,"Winter","non-G-coded","female","5",84.52,">60",FALSE,FALSE,FALSE,FALSE,FALSE,FALSE,FALSE,FALSE,FALSE,FALSE,1,1,"singleton",0,1,0,0,0,1,0,0,0,0,0,3,"Upper tail"
"212413",23.57,1,2023-02-24,"22218005",50.1,"234287","606306","62801",9088,"2023",2,"Winter",2021-02-24,2024-07-02,-16.2142857142857,TRUE,"2021",2,"Winter","non-G-coded","female","1",23.57,"<=30",FALSE,FALSE,FALSE,FALSE,FALSE,FALSE,FALSE,FALSE,FALSE,FALSE,1,1,"singleton",0,1,0,0,0,1,0,0,0,0,0,2,"Upper tail"
"00274",47.4,3,2023-02-20,"854773威吉吉",50.6,"234259","171790","62327",9125,"2023",2,"Winter",2019-03-20,2022-08-02,6.64285714285714,TRUE,"2019",3,"Spring","non-G-coded","female","3",47.4,"43-60",FALSE,FALSE,FALSE,FALSE,FALSE,FALSE,FALSE,FALSE,FALSE,FALSE,1,1,"singleton",0,1,0,0,0,1,0,0,0,0,0,2,"Upper tail"
"801093",50.03,3,2023-02-17,"854773威吉吉",55.1,"G8338","171790","LX221",9164,"2023",2,"Winter",2018-12-17,2022-05-02,9.53571428571429,TRUE,"2018",12,"Winter","G-coded","male","3",50.03,"43-60",FALSE,FALSE,FALSE,FALSE,FALSE,FALSE,FALSE,FALSE,FALSE,FALSE,1,1,"singleton",0,1,0,0,0,1,0,1,0,1,0,2,"Upper tail"
"01327",39.97,2,2023-02-16,"854773威吉吉",50.1,"234231",NA,NA,9170,"2023",2,"Winter",2019-10-16,2023-03-02,-0.5,TRUE,"2019",10,"Autumn","non-G-coded","female","2",39.97,"31-42",FALSE,FALSE,FALSE,FALSE,FALSE,FALSE,FALSE,FALSE,FALSE,FALSE,1,1,"singleton",0,1,0,0,0,1,0,0,0,0,0,2,"Upper tail"
"800038",61.37,4,2023-02-16,"854773威吉吉",51.7,"234225",NA,NA,9172,"2023",2,"Winter",2018-01-16,2021-06-02,20.5,FALSE,"2018",1,"Winter","non-G-coded","female","4",61.37,">60",FALSE,FALSE,FALSE,FALSE,FALSE,FALSE,FALSE,FALSE,FALSE,FALSE,1,1,"singleton",0,1,0,0,0,1,0,0,0,0,0,2,"Upper tail"
"212162",24.92,1,2023-02-15,"13219066",51.3,"234222","7402563907","60219",9176,"2023",2,"Winter",2021-01-15,2024-06-02,-15.5357142857143,TRUE,"2021",1,"Winter","non-G-coded","female","1",24.92,"<=30",FALSE,FALSE,FALSE,FALSE,FALSE,FALSE,FALSE,FALSE,FALSE,FALSE,1,1,"singleton",0,1,0,0,0,1,0,0,0,0,0,2,"Upper tail"
"800622",53.06,3,2023-02-15,"854773威吉吉",53.6,"234223",NA,NA,9181,"2023",2,"Winter",2018-09-15,2022-02-02,12.4642857142857,TRUE,"2018",9,"Autumn","non-G-coded","female","3",53.06,"43-60",FALSE,FALSE,FALSE,FALSE,FALSE,FALSE,FALSE,FALSE,FALSE,FALSE,1,1,"singleton",0,1,0,1,0,1,0,1,0,0,0,2,"Upper tail"
"801049",49.74,3,2023-02-03,"871041文尼哥",52.3,"234157",NA,NA,9266,"2023",2,"Winter",2018-12-03,2022-05-02,9.03571428571429,TRUE,"2018",12,"Winter","non-G-coded","female","3",49.74,"43-60",FALSE,FALSE,FALSE,FALSE,FALSE,FALSE,FALSE,FALSE,FALSE,FALSE,1,1,"singleton",0,1,0,1,0,1,0,0,0,0,0,2,"Upper tail"
"70420",46.19,3,2023-01-11,"854282维利纳诺",50,"234058","171790","62264",9406,"2023",1,"Winter",2019-03-11,2022-09-02,4.29032258064516,TRUE,"2019",3,"Spring","non-G-coded","female","3",46.19,"43-60",FALSE,FALSE,FALSE,FALSE,FALSE,FALSE,FALSE,FALSE,FALSE,FALSE,1,1,"singleton",0,1,0,0,0,1,0,0,0,0,0,1,"Upper tail"
"62298",82.74,5,2023-01-05,"606045维泽",50.1,"234027",NA,NA,9448,"2023",1,"Winter",2016-02-05,2019-08-02,41.0967741935484,FALSE,"2016",2,"Winter","non-G-coded","female","5",82.74,">60",FALSE,FALSE,FALSE,FALSE,FALSE,FALSE,FALSE,FALSE,FALSE,FALSE,1,1,"singleton",0,1,0,0,0,1,0,0,0,0,0,1,"Upper tail"
