"x","density","density_scaled","group_index","group_label","calf_sex","n","median_birth_weight","group_title"
20,0.000655792523425074,0.00702460402814289,1,"Spring","female",1518,42.8,"Calving season"
20.1930501930502,0.000662790885591361,0.00709956786397155,1,"Spring","female",1518,42.8,"Calving season"
20.3861003861004,0.000672085991419451,0.0071991335581655,1,"Spring","female",1518,42.8,"Calving season"
20.5791505791506,0.000686492281482835,0.00735344834461854,1,"Spring","female",1518,42.8,"Calving season"
20.7722007722008,0.000709889078818898,0.00760406607956032,1,"Spring","female",1518,42.8,"Calving season"
20.965250965251,0.000744801027652542,0.00797802980687805,1,"Spring","female",1518,42.8,"Calving season"
21.1583011583012,0.000792942558787181,0.00849370386757506,1,"Spring","female",1518,42.8,"Calving season"
21.3513513513514,0.00085814969435001,0.0091921782947399,1,"Spring","female",1518,42.8,"Calving season"
21.5444015444015,0.000939603401192421,0.0100646799118733,1,"Spring","female",1518,42.8,"Calving season"
21.7374517374517,0.0010379226332981,0.0111178387223555,1,"Spring","female",1518,42.8,"Calving season"
21.9305019305019,0.00115418075071625,0.0123631521572428,1,"Spring","female",1518,42.8,"Calving season"
22.1235521235521,0.00128545607237562,0.0137693242625725,1,"Spring","female",1518,42.8,"Calving season"
22.3166023166023,0.00143096756906289,0.0153279889457743,1,"Spring","female",1518,42.8,"Calving season"
22.5096525096525,0.00158855914864183,0.0170160509549749,1,"Spring","female",1518,42.8,"Calving season"
22.7027027027027,0.0017547056566155,0.0187957501547738,1,"Spring","female",1518,42.8,"Calving season"
22.8957528957529,0.00192696602022925,0.0206409386875899,1,"Spring","female",1518,42.8,"Calving season"
23.0888030888031,0.00210155012937945,0.022511018312745,1,"Spring","female",1518,42.8,"Calving season"
23.2818532818533,0.00227529629929929,0.0243721222465301,1,"Spring","female",1518,42.8,"Calving season"
23.4749034749035,0.00244455185174887,0.0261851243669466,1,"Spring","female",1518,42.8,"Calving season"
23.6679536679537,0.00260679502903162,0.0279230125495179,1,"Spring","female",1518,42.8,"Calving season"
23.8610038610039,0.0027600949507182,0.0295651039258716,1,"Spring","female",1518,42.8,"Calving season"
24.0540540540541,0.00290169397145777,0.0310818596312787,1,"Spring","female",1518,42.8,"Calving season"
24.2471042471042,0.00303230207584129,0.032480884754909,1,"Spring","female",1518,42.8,"Calving season"
24.4401544401544,0.00315159849196882,0.0337587433082449,1,"Spring","female",1518,42.8,"Calving season"
24.6332046332046,0.00325994567988815,0.0349193178276386,1,"Spring","female",1518,42.8,"Calving season"
24.8262548262548,0.00335958868255087,0.0359866563728009,1,"Spring","female",1518,42.8,"Calving season"
25.019305019305,0.00345138990923892,0.0369699967491341,1,"Spring","female",1518,42.8,"Calving season"
25.2123552123552,0.00353696812153573,0.0378866785247691,1,"Spring","female",1518,42.8,"Calving season"
25.4054054054054,0.00361770071222918,0.0387514558156502,1,"Spring","female",1518,42.8,"Calving season"
25.5984555984556,0.00369371259724018,0.0395656666743624,1,"Spring","female",1518,42.8,"Calving season"
25.7915057915058,0.00376537329191016,0.0403332692109226,1,"Spring","female",1518,42.8,"Calving season"
25.984555984556,0.00383249274090387,0.0410522276237228,1,"Spring","female",1518,42.8,"Calving season"
26.1776061776062,0.0038937566025393,0.0417084631766629,1,"Spring","female",1518,42.8,"Calving season"
26.3706563706564,0.00394934590896624,0.0423039150183656,1,"Spring","female",1518,42.8,"Calving season"
26.5637065637066,0.00399900820832674,0.0428358789790289,1,"Spring","female",1518,42.8,"Calving season"
26.7567567567568,0.00404299310332929,0.0433070287094325,1,"Spring","female",1518,42.8,"Calving season"
26.9498069498069,0.00408351109167009,0.0437410422334423,1,"Spring","female",1518,42.8,"Calving season"
27.1428571428571,0.00412311541777725,0.0441652689496165,1,"Spring","female",1518,42.8,"Calving season"
27.3359073359073,0.0041663345531507,0.04462821614952,1,"Spring","female",1518,42.8,"Calving season"
27.5289575289575,0.00421786865653468,0.0451802301742105,1,"Spring","female",1518,42.8,"Calving season"
27.7220077220077,0.00428500335105758,0.0458993518914125,1,"Spring","female",1518,42.8,"Calving season"
27.9150579150579,0.00437448929813182,0.0468578918592011,1,"Spring","female",1518,42.8,"Calving season"
28.1081081081081,0.00449171877133182,0.048113610093616,1,"Spring","female",1518,42.8,"Calving season"
28.3011583011583,0.00464783115604059,0.0497858275210742,1,"Spring","female",1518,42.8,"Calving season"
28.4942084942085,0.00484529274318949,0.051900962126826,1,"Spring","female",1518,42.8,"Calving season"
28.6872586872587,0.00508838768597607,0.0545049041562365,1,"Spring","female",1518,42.8,"Calving season"
28.8803088803089,0.00538550924923289,0.0576875591203419,1,"Spring","female",1518,42.8,"Calving season"
29.0733590733591,0.00573157746389669,0.0613945122921209,1,"Spring","female",1518,42.8,"Calving season"
29.2664092664093,0.00612773805297085,0.0656380362275074,1,"Spring","female",1518,42.8,"Calving season"
29.4594594594595,0.0065722373401893,0.0703993462027928,1,"Spring","female",1518,42.8,"Calving season"
29.6525096525097,0.0070556431285046,0.0755774080539587,1,"Spring","female",1518,42.8,"Calving season"
29.8455598455598,0.00757380032914272,0.0811277140254321,1,"Spring","female",1518,42.8,"Calving season"
30.03861003861,0.00811712371648954,0.0869475907684715,1,"Spring","female",1518,42.8,"Calving season"
30.2316602316602,0.00867623788752759,0.092936612475448,1,"Spring","female",1518,42.8,"Calving season"
30.4247104247104,0.00924389860197115,0.099017181556157,1,"Spring","female",1518,42.8,"Calving season"
30.6177606177606,0.00981196596821721,0.105102106538753,1,"Spring","female",1518,42.8,"Calving season"
30.8108108108108,0.0103756718261227,0.111140312676647,1,"Spring","female",1518,42.8,"Calving season"
31.003861003861,0.0109308703304339,0.117087391227397,1,"Spring","female",1518,42.8,"Calving season"
31.1969111969112,0.011478299125328,0.122951243559306,1,"Spring","female",1518,42.8,"Calving season"
31.3899613899614,0.0120199236486057,0.128752922706373,1,"Spring","female",1518,42.8,"Calving season"
31.5830115830116,0.0125610065117095,0.134548799792416,1,"Spring","female",1518,42.8,"Calving season"
31.7760617760618,0.0131086801997386,0.140415275327917,1,"Spring","female",1518,42.8,"Calving season"
31.969111969112,0.013672083434003,0.146450239874649,1,"Spring","female",1518,42.8,"Calving season"
32.1621621621622,0.0142620594581477,0.152769842199588,1,"Spring","female",1518,42.8,"Calving season"
32.3552123552124,0.0148858233815896,0.159451367853975,1,"Spring","female",1518,42.8,"Calving season"
32.5482625482625,0.0155560871597191,0.166630982545488,1,"Spring","female",1518,42.8,"Calving season"
32.7413127413127,0.0162783345357747,0.174367426078966,1,"Spring","female",1518,42.8,"Calving season"
32.9343629343629,0.0170550260112017,0.182687054424854,1,"Spring","female",1518,42.8,"Calving season"
33.1274131274131,0.0178961725822875,0.191697101627967,1,"Spring","female",1518,42.8,"Calving season"
33.3204633204633,0.018794762619896,0.201322461741659,1,"Spring","female",1518,42.8,"Calving season"
33.5135135135135,0.0197487073989502,0.211540761124781,1,"Spring","female",1518,42.8,"Calving season"
33.7065637065637,0.020757361003699,0.222345080969591,1,"Spring","female",1518,42.8,"Calving season"
33.8996138996139,0.0218075629478349,0.233594451073127,1,"Spring","female",1518,42.8,"Calving season"
34.0926640926641,0.022893121790074,0.245222551033998,1,"Spring","female",1518,42.8,"Calving season"
34.2857142857143,0.0240045569338298,0.257127828250442,1,"Spring","female",1518,42.8,"Calving season"
34.4787644787645,0.025130528175257,0.269188810703844,1,"Spring","female",1518,42.8,"Calving season"
34.6718146718147,0.0262627847617783,0.281317119421102,1,"Spring","female",1518,42.8,"Calving season"
34.8648648648649,0.0273922967188134,0.293416028694701,1,"Spring","female",1518,42.8,"Calving season"
35.0579150579151,0.0285131528139407,0.305422219615692,1,"Spring","female",1518,42.8,"Calving season"
35.2509652509653,0.0296190486675903,0.31726816203004,1,"Spring","female",1518,42.8,"Calving season"
35.4440154440154,0.030708357307152,0.328936428416169,1,"Spring","female",1518,42.8,"Calving season"
35.6370656370656,0.0317807475658028,0.340423471439038,1,"Spring","female",1518,42.8,"Calving season"
35.8301158301158,0.0328354384969369,0.351720925890937,1,"Spring","female",1518,42.8,"Calving season"
36.023166023166,0.0338774024720027,0.362882053953513,1,"Spring","female",1518,42.8,"Calving season"
36.2162162162162,0.0349099375751957,0.373942183470097,1,"Spring","female",1518,42.8,"Calving season"
36.4092664092664,0.0359380315763016,0.384954741563561,1,"Spring","female",1518,42.8,"Calving season"
36.6023166023166,0.036967300089005,0.395979880585603,1,"Spring","female",1518,42.8,"Calving season"
36.7953667953668,0.0380032587906542,0.407076682407293,1,"Spring","female",1518,42.8,"Calving season"
36.988416988417,0.0390516810060944,0.418306988723247,1,"Spring","female",1518,42.8,"Calving season"
37.1814671814672,0.0401161776273381,0.429709478057035,1,"Spring","female",1518,42.8,"Calving season"
37.3745173745174,0.0412027522471243,0.441348458646756,1,"Spring","female",1518,42.8,"Calving season"
37.5675675675676,0.0423134336626349,0.453245662208379,1,"Spring","female",1518,42.8,"Calving season"
37.7606177606178,0.0434489971938633,0.465409393679452,1,"Spring","female",1518,42.8,"Calving season"
37.953667953668,0.0446131143496313,0.477878980888115,1,"Spring","female",1518,42.8,"Calving season"
38.1467181467181,0.0458007379254954,0.49060036006969,1,"Spring","female",1518,42.8,"Calving season"
38.3397683397683,0.0470085436731771,0.503537923120984,1,"Spring","female",1518,42.8,"Calving season"
38.5328185328185,0.0482305798244291,0.516627916928456,1,"Spring","female",1518,42.8,"Calving season"
38.7258687258687,0.0494558809789831,0.529752884229111,1,"Spring","female",1518,42.8,"Calving season"
38.9189189189189,0.0506729145486356,0.542789292255106,1,"Spring","female",1518,42.8,"Calving season"
39.1119691119691,0.0518656706948794,0.555565649609314,1,"Spring","female",1518,42.8,"Calving season"
39.3050193050193,0.0530215468392056,0.567946962188269,1,"Spring","female",1518,42.8,"Calving season"
39.4980694980695,0.0541214812902812,0.579729048289777,1,"Spring","female",1518,42.8,"Calving season"
39.6911196911197,0.0551524542253709,0.590772444446405,1,"Spring","female",1518,42.8,"Calving season"
39.8841698841699,0.0561079205868084,0.601007042450442,1,"Spring","female",1518,42.8,"Calving season"
40.0772200772201,0.0569708723763986,0.610250658991826,1,"Spring","female",1518,42.8,"Calving season"
40.2702702702703,0.0577471756237143,0.618566128783512,1,"Spring","female",1518,42.8,"Calving season"
40.4633204633205,0.0584397767476302,0.625985012761551,1,"Spring","female",1518,42.8,"Calving season"
40.6563706563707,0.0590466321471178,0.632485420636706,1,"Spring","female",1518,42.8,"Calving season"
40.8494208494209,0.0595877015662803,0.638281153716283,1,"Spring","female",1518,42.8,"Calving season"
41.042471042471,0.0600712504635425,0.643460748496919,1,"Spring","female",1518,42.8,"Calving season"
41.2355212355212,0.0605077557622855,0.648136429860044,1,"Spring","female",1518,42.8,"Calving season"
41.4285714285714,0.0609114752438202,0.652460921821948,1,"Spring","female",1518,42.8,"Calving season"
41.6216216216216,0.0612878754505243,0.65649277993829,1,"Spring","female",1518,42.8,"Calving season"
41.8146718146718,0.0616422334441619,0.660288530119323,1,"Spring","female",1518,42.8,"Calving season"
42.007722007722,0.0619772502801818,0.663877105059931,1,"Spring","female",1518,42.8,"Calving season"
42.2007722007722,0.0622900199675247,0.667227376871684,1,"Spring","female",1518,42.8,"Calving season"
42.3938223938224,0.06258019580551,0.670335631826675,1,"Spring","female",1518,42.8,"Calving season"
42.5868725868726,0.0628476458638017,0.673200456736526,1,"Spring","female",1518,42.8,"Calving season"
42.7799227799228,0.0630907961596506,0.67580499168722,1,"Spring","female",1518,42.8,"Calving season"
42.972972972973,0.0633177141404217,0.678235652155043,1,"Spring","female",1518,42.8,"Calving season"
43.1660231660232,0.0635361342392844,0.680575286492874,1,"Spring","female",1518,42.8,"Calving season"
43.3590733590734,0.0637594519267699,0.682967381966718,1,"Spring","female",1518,42.8,"Calving season"
43.5521235521236,0.0640012172644057,0.685557081763465,1,"Spring","female",1518,42.8,"Calving season"
43.7451737451737,0.0642761298308977,0.688501842267719,1,"Spring","female",1518,42.8,"Calving season"
43.9382239382239,0.0645964502149318,0.691932994315976,1,"Spring","female",1518,42.8,"Calving season"
44.1312741312741,0.064962698725953,0.695856111268247,1,"Spring","female",1518,42.8,"Calving season"
44.3243243243243,0.0653744349038546,0.700266475080743,1,"Spring","female",1518,42.8,"Calving season"
44.5173745173745,0.0658133130224282,0.704967573201676,1,"Spring","female",1518,42.8,"Calving season"
44.7104247104247,0.0662545730706419,0.709694185661287,1,"Spring","female",1518,42.8,"Calving season"
44.9034749034749,0.0666586959163013,0.714022998308704,1,"Spring","female",1518,42.8,"Calving season"
45.0965250965251,0.0669849234070812,0.717517425073215,1,"Spring","female",1518,42.8,"Calving season"
45.2895752895753,0.0671921222374145,0.719736861383017,1,"Spring","female",1518,42.8,"Calving season"
45.4826254826255,0.0672166879406129,0.72,1,"Spring","female",1518,42.8,"Calving season"
45.6756756756757,0.0670413913951771,0.718122289024039,1,"Spring","female",1518,42.8,"Calving season"
45.8687258687259,0.0666308492391501,0.713724715126905,1,"Spring","female",1518,42.8,"Calving season"
46.0617760617761,0.0659594027381529,0.706532431550762,1,"Spring","female",1518,42.8,"Calving season"
46.2548262548263,0.0650509444127119,0.696801366031804,1,"Spring","female",1518,42.8,"Calving season"
46.4478764478765,0.0639030038124859,0.684505056030738,1,"Spring","female",1518,42.8,"Calving season"
46.6409266409266,0.0625514758632482,0.670027994555901,1,"Spring","female",1518,42.8,"Calving season"
46.8339768339768,0.0610436775969571,0.65387702394145,1,"Spring","female",1518,42.8,"Calving season"
47.027027027027,0.0594097392071941,0.636374887542394,1,"Spring","female",1518,42.8,"Calving season"
47.2200772200772,0.0577055422979033,0.618120168182025,1,"Spring","female",1518,42.8,"Calving season"
47.4131274131274,0.05596878723073,0.599516698021913,1,"Spring","female",1518,42.8,"Calving season"
47.6061776061776,0.0542334243712409,0.580928140669369,1,"Spring","female",1518,42.8,"Calving season"
47.7992277992278,0.0525225823304447,0.562602241147786,1,"Spring","female",1518,42.8,"Calving season"
47.992277992278,0.0508484197988478,0.544669238798507,1,"Spring","female",1518,42.8,"Calving season"
48.1853281853282,0.0492158595651947,0.527181864691815,1,"Spring","female",1518,42.8,"Calving season"
48.3783783783784,0.047613800444518,0.510021207089847,1,"Spring","female",1518,42.8,"Calving season"
48.5714285714286,0.0460305453138791,0.493061970790266,1,"Spring","female",1518,42.8,"Calving season"
48.7644787644788,0.0444463201704801,0.476092344077105,1,"Spring","female",1518,42.8,"Calving season"
48.957528957529,0.0428432062520208,0.458920387876131,1,"Spring","female",1518,42.8,"Calving season"
49.1505791505791,0.0412006838084749,0.441326302306222,1,"Spring","female",1518,42.8,"Calving season"
49.3436293436293,0.039506224905172,0.423175892820768,1,"Spring","female",1518,42.8,"Calving season"
49.5366795366795,0.0377551417082531,0.404418945098269,1,"Spring","female",1518,42.8,"Calving season"
49.7297297297297,0.0359394951784676,0.384970419122093,1,"Spring","female",1518,42.8,"Calving season"
49.9227799227799,0.0340737289527654,0.36498502972456,1,"Spring","female",1518,42.8,"Calving season"
50.1158301158301,0.0321706631749929,0.34460010148759,1,"Spring","female",1518,42.8,"Calving season"
50.3088803088803,0.0302504933631086,0.324031961239767,1,"Spring","female",1518,42.8,"Calving season"
50.5019305019305,0.0283401909017635,0.303569516357275,1,"Spring","female",1518,42.8,"Calving season"
50.6949806949807,0.0264664230507603,0.283498416544766,1,"Spring","female",1518,42.8,"Calving season"
50.8880308880309,0.0246604822471835,0.264153854674593,1,"Spring","female",1518,42.8,"Calving season"
51.0810810810811,0.022939395633027,0.245718219118025,1,"Spring","female",1518,42.8,"Calving season"
51.2741312741313,0.0213294074538587,0.228472628409579,1,"Spring","female",1518,42.8,"Calving season"
51.4671814671815,0.0198405467424355,0.212524509793978,1,"Spring","female",1518,42.8,"Calving season"
51.6602316602317,0.018470264795779,0.197846562518974,1,"Spring","female",1518,42.8,"Calving season"
51.8532818532819,0.0172293092976973,0.18455391175034,1,"Spring","female",1518,42.8,"Calving season"
52.046332046332,0.0160975177886048,0.172430584768408,1,"Spring","female",1518,42.8,"Calving season"
52.2393822393822,0.0150606736518931,0.161324298497772,1,"Spring","female",1518,42.8,"Calving season"
52.4324324324324,0.0141118267204179,0.15116060534964,1,"Spring","female",1518,42.8,"Calving season"
52.6254826254826,0.0132233358849003,0.141643424108311,1,"Spring","female",1518,42.8,"Calving season"
52.8185328185328,0.0123827513592684,0.132639397325711,1,"Spring","female",1518,42.8,"Calving season"
53.011583011583,0.0115778457777258,0.124017550036497,1,"Spring","female",1518,42.8,"Calving season"
53.2046332046332,0.0107957341236864,0.115639862766249,1,"Spring","female",1518,42.8,"Calving season"
53.3976833976834,0.0100318113316297,0.107457007776922,1,"Spring","female",1518,42.8,"Calving season"
53.5907335907336,0.0092832049159603,0.0994382160780781,1,"Spring","female",1518,42.8,"Calving season"
53.7837837837838,0.00854939336199143,0.0915779013996103,1,"Spring","female",1518,42.8,"Calving season"
53.976833976834,0.0078349162056412,0.0839246895509893,1,"Spring","female",1518,42.8,"Calving season"
54.1698841698842,0.00714343878848474,0.0765178422991204,1,"Spring","female",1518,42.8,"Calving season"
54.3629343629344,0.0064788616481729,0.0693991407432318,1,"Spring","female",1518,42.8,"Calving season"
54.5559845559846,0.00585111598732948,0.0626749642082827,1,"Spring","female",1518,42.8,"Calving season"
54.7490347490347,0.00526143811480523,0.0563585555718951,1,"Spring","female",1518,42.8,"Calving season"
54.9420849420849,0.00471465107332302,0.0505015774623068,1,"Spring","female",1518,42.8,"Calving season"
55.1351351351351,0.00421875897997355,0.045189766985613,1,"Spring","female",1518,42.8,"Calving season"
55.3281853281853,0.00377098416031167,0.0403933707329235,1,"Spring","female",1518,42.8,"Calving season"
55.5212355212355,0.00337540089310458,0.0361560308532682,1,"Spring","female",1518,42.8,"Calving season"
55.7142857142857,0.0030335266478378,0.0324940019117416,1,"Spring","female",1518,42.8,"Calving season"
55.9073359073359,0.00274009802646678,0.0293509043587382,1,"Spring","female",1518,42.8,"Calving season"
56.1003861003861,0.00249693887949445,0.0267462745981234,1,"Spring","female",1518,42.8,"Calving season"
56.2934362934363,0.00229847261940552,0.0246203783119172,1,"Spring","female",1518,42.8,"Calving season"
56.4864864864865,0.00213821469532347,0.022903755418492,1,"Spring","female",1518,42.8,"Calving season"
56.6795366795367,0.00201458711560222,0.0215795030620244,1,"Spring","female",1518,42.8,"Calving season"
56.8725868725869,0.00191783456102795,0.0205431259148044,1,"Spring","female",1518,42.8,"Calving season"
57.0656370656371,0.00184187534553185,0.01972947923222,1,"Spring","female",1518,42.8,"Calving season"
57.2586872586873,0.0017816754256059,0.0190846402246066,1,"Spring","female",1518,42.8,"Calving season"
57.4517374517375,0.00172936859727046,0.01852434905949,1,"Spring","female",1518,42.8,"Calving season"
57.6447876447876,0.0016803410019703,0.0179991838111323,1,"Spring","female",1518,42.8,"Calving season"
57.8378378378378,0.00162996072566773,0.0174595291502259,1,"Spring","female",1518,42.8,"Calving season"
58.030888030888,0.00157545104276244,0.0168756418315516,1,"Spring","female",1518,42.8,"Calving season"
58.2239382239382,0.00151472571498098,0.0162251748516659,1,"Spring","female",1518,42.8,"Calving season"
58.4169884169884,0.00144724114637601,0.015502305414265,1,"Spring","female",1518,42.8,"Calving season"
58.6100386100386,0.00137387752195463,0.0147164617316655,1,"Spring","female",1518,42.8,"Calving season"
58.8030888030888,0.00129534575867848,0.0138752588802429,1,"Spring","female",1518,42.8,"Calving season"
58.996138996139,0.00121379328921654,0.0130016993548989,1,"Spring","female",1518,42.8,"Calving season"
59.1891891891892,0.0011309540660624,0.0121143566056745,1,"Spring","female",1518,42.8,"Calving season"
59.3822393822394,0.00104861280757485,0.0112323478675555,1,"Spring","female",1518,42.8,"Calving season"
59.5752895752896,0.000968084105897206,0.01036975455949,1,"Spring","female",1518,42.8,"Calving season"
59.7683397683398,0.000890244281421841,0.00953596349748798,1,"Spring","female",1518,42.8,"Calving season"
59.96138996139,0.000815844914415272,0.0087390253280254,1,"Spring","female",1518,42.8,"Calving season"
60.1544401544402,0.000744634163773351,0.0079762424234663,1,"Spring","female",1518,42.8,"Calving season"
60.3474903474903,0.000676685645749592,0.00724840333356156,1,"Spring","female",1518,42.8,"Calving season"
60.5405405405405,0.000611850666977959,0.00655391531063459,1,"Spring","female",1518,42.8,"Calving season"
60.7335907335907,0.000549813617396257,0.00588939765784144,1,"Spring","female",1518,42.8,"Calving season"
60.9266409266409,0.000490954628589688,0.00525892220242817,1,"Spring","female",1518,42.8,"Calving season"
61.1196911196911,0.000435571200223213,0.0046656756494428,1,"Spring","female",1518,42.8,"Calving season"
61.3127413127413,0.000384118902680361,0.00411453789830005,1,"Spring","female",1518,42.8,"Calving season"
61.5057915057915,0.000338110882812521,0.00362171721165581,1,"Spring","female",1518,42.8,"Calving season"
61.6988416988417,0.0002981277070366,0.00319343239964457,1,"Spring","female",1518,42.8,"Calving season"
61.8918918918919,0.000265158712070864,0.00284028086685405,1,"Spring","female",1518,42.8,"Calving season"
62.0849420849421,0.000241134187924012,0.00258293915729204,1,"Spring","female",1518,42.8,"Calving season"
62.2779922779923,0.000225876864678007,0.00241950842195397,1,"Spring","female",1518,42.8,"Calving season"
62.4710424710425,0.000220310535835106,0.00235988399103245,1,"Spring","female",1518,42.8,"Calving season"
62.6640926640927,0.000225051981272104,0.00241067257968851,1,"Spring","female",1518,42.8,"Calving season"
62.8571428571429,0.000238977418633399,0.00255983665199434,1,"Spring","female",1518,42.8,"Calving season"
63.0501930501931,0.000262119681239175,0.00280772790618528,1,"Spring","female",1518,42.8,"Calving season"
63.2432432432432,0.00029307897633527,0.00313935228626306,1,"Spring","female",1518,42.8,"Calving season"
63.4362934362934,0.000329958547689511,0.00353439244948137,1,"Spring","female",1518,42.8,"Calving season"
63.6293436293436,0.000371305766998185,0.0039772883852131,1,"Spring","female",1518,42.8,"Calving season"
63.8223938223938,0.000414418139928974,0.00443909198579504,1,"Spring","female",1518,42.8,"Calving season"
64.015444015444,0.000457084496514786,0.00489611802624687,1,"Spring","female",1518,42.8,"Calving season"
64.2084942084942,0.000496347751250471,0.00531669131356311,1,"Spring","female",1518,42.8,"Calving season"
64.4015444015444,0.000530191150392928,0.00567920913657899,1,"Spring","female",1518,42.8,"Calving season"
64.5945945945946,0.00055646910426006,0.0059606887417784,1,"Spring","female",1518,42.8,"Calving season"
64.7876447876448,0.000572687554849017,0.0061344147134354,1,"Spring","female",1518,42.8,"Calving season"
64.980694980695,0.000578691861006331,0.0061987305934009,1,"Spring","female",1518,42.8,"Calving season"
65.1737451737452,0.000573288548627199,0.00614085233381731,1,"Spring","female",1518,42.8,"Calving season"
65.3667953667954,0.000556551257243361,0.00596156873378319,1,"Spring","female",1518,42.8,"Calving season"
65.5598455598456,0.000530048147332986,0.00567767734133122,1,"Spring","female",1518,42.8,"Calving season"
65.7528957528958,0.000494297953821867,0.00529473465080848,1,"Spring","female",1518,42.8,"Calving season"
65.9459459459459,0.000451741942838982,0.00483889059114955,1,"Spring","female",1518,42.8,"Calving season"
66.1389961389961,0.000404575308512103,0.00433365926012417,1,"Spring","female",1518,42.8,"Calving season"
66.3320463320463,0.000354715899783307,0.00379958393769159,1,"Spring","female",1518,42.8,"Calving season"
66.5250965250965,0.000304645765837171,0.00326325140561163,1,"Spring","female",1518,42.8,"Calving season"
66.7181467181467,0.0002560731293009,0.00274295950522799,1,"Spring","female",1518,42.8,"Calving season"
66.9111969111969,0.000210919076353069,0.00225928619256548,1,"Spring","female",1518,42.8,"Calving season"
67.1042471042471,0.00016991975595835,0.00182011681977106,1,"Spring","female",1518,42.8,"Calving season"
67.2972972972973,0.000133949947660705,0.00143482169786344,1,"Spring","female",1518,42.8,"Calving season"
67.4903474903475,0.000103504039697192,0.00110869652857368,1,"Spring","female",1518,42.8,"Calving season"
67.6833976833977,7.80647166939166e-05,0.000836200023263262,1,"Spring","female",1518,42.8,"Calving season"
67.8764478764479,5.77147993800533e-05,0.000618219326580813,1,"Spring","female",1518,42.8,"Calving season"
68.0694980694981,4.1770709639141e-05,0.000447432205626573,1,"Spring","female",1518,42.8,"Calving season"
68.2625482625483,2.94355008249579e-05,0.000315302066247217,1,"Spring","female",1518,42.8,"Calving season"
68.4555984555984,2.04237132852334e-05,0.000218771171503723,1,"Spring","female",1518,42.8,"Calving season"
68.6486486486486,1.3821220358436e-05,0.000148047738782756,1,"Spring","female",1518,42.8,"Calving season"
68.8416988416988,9.09091727245485e-06,9.73785028198728e-05,1,"Spring","female",1518,42.8,"Calving season"
69.034749034749,5.921375221179e-06,6.34275548211428e-05,1,"Spring","female",1518,42.8,"Calving season"
69.2277992277992,3.74004519326469e-06,4.00619640992984e-05,1,"Spring","female",1518,42.8,"Calving season"
69.4208494208494,2.3051665058867e-06,2.46920807181814e-05,1,"Spring","female",1518,42.8,"Calving season"
69.6138996138996,1.40364453160755e-06,1.50353147963842e-05,1,"Spring","female",1518,42.8,"Calving season"
69.8069498069498,8.25926086384977e-07,8.84701106848021e-06,1,"Spring","female",1518,42.8,"Calving season"
70,4.77927695012521e-07,5.11938256632103e-06,1,"Spring","female",1518,42.8,"Calving season"
20,0.000784020908211571,0.00834357669585443,2,"Summer","female",872,41.45,"Calving season"
20.1930501930502,0.000833735864048198,0.00887264491662435,2,"Summer","female",872,41.45,"Calving season"
20.3861003861004,0.000882464827809566,0.00939122017679174,2,"Summer","female",872,41.45,"Calving season"
20.5791505791506,0.000930581249058373,0.00990327673907811,2,"Summer","female",872,41.45,"Calving season"
20.7722007722008,0.00097882445921035,0.0104166825931075,2,"Summer","female",872,41.45,"Calving season"
20.965250965251,0.0010282393643003,0.0109425576638079,2,"Summer","female",872,41.45,"Calving season"
21.1583011583012,0.00108001622359208,0.0114935687300267,2,"Summer","female",872,41.45,"Calving season"
21.3513513513514,0.00113551016325927,0.0120841370897716,2,"Summer","female",872,41.45,"Calving season"
21.5444015444015,0.00119666744630958,0.012734974938987,2,"Summer","female",872,41.45,"Calving season"
21.7374517374517,0.00126430745041584,0.0134548021222389,2,"Summer","female",872,41.45,"Calving season"
21.9305019305019,0.00134105003651574,0.0142714992871441,2,"Summer","female",872,41.45,"Calving season"
22.1235521235521,0.0014270877733931,0.0151871157571327,2,"Summer","female",872,41.45,"Calving season"
22.3166023166023,0.00152384814389463,0.0162168428523455,2,"Summer","female",872,41.45,"Calving season"
22.5096525096525,0.00163207921867213,0.0173686415656486,2,"Summer","female",872,41.45,"Calving season"
22.7027027027027,0.00175093075842464,0.0186334636219985,2,"Summer","female",872,41.45,"Calving season"
22.8957528957529,0.00188181615703406,0.0200263504063016,2,"Summer","female",872,41.45,"Calving season"
23.0888030888031,0.00202232878728503,0.0215216905113372,2,"Summer","female",872,41.45,"Calving season"
23.2818532818533,0.00217255821891535,0.0231204371412472,2,"Summer","female",872,41.45,"Calving season"
23.4749034749035,0.00233113489055205,0.0248080153781494,2,"Summer","female",872,41.45,"Calving season"
23.6679536679537,0.002496846501535,0.026571523877921,2,"Summer","female",872,41.45,"Calving season"
23.8610038610039,0.00266968966663399,0.0284109266148293,2,"Summer","female",872,41.45,"Calving season"
24.0540540540541,0.00284842588210504,0.0303130433906577,2,"Summer","female",872,41.45,"Calving season"
24.2471042471042,0.003033966843797,0.0322875765030854,2,"Summer","female",872,41.45,"Calving season"
24.4401544401544,0.00322659781715491,0.0343375617565082,2,"Summer","female",872,41.45,"Calving season"
24.6332046332046,0.00342755521542678,0.0364761571020143,2,"Summer","female",872,41.45,"Calving season"
24.8262548262548,0.00363946847040492,0.0387313450405751,2,"Summer","female",872,41.45,"Calving season"
25.019305019305,0.00386322012623341,0.041112517636454,2,"Summer","female",872,41.45,"Calving season"
25.2123552123552,0.00410340359187356,0.0436685581012625,2,"Summer","female",872,41.45,"Calving season"
25.4054054054054,0.00436094703672779,0.0464093440447874,2,"Summer","female",872,41.45,"Calving season"
25.5984555984556,0.0046392257116585,0.0493707949994583,2,"Summer","female",872,41.45,"Calving season"
25.7915057915058,0.00494138502411245,0.0525863844963978,2,"Summer","female",872,41.45,"Calving season"
25.984555984556,0.00526712085002388,0.0560528760371389,2,"Summer","female",872,41.45,"Calving season"
26.1776061776062,0.00562242994815937,0.0598340873288003,2,"Summer","female",872,41.45,"Calving season"
26.3706563706564,0.00600401412399082,0.0638949188750363,2,"Summer","female",872,41.45,"Calving season"
26.5637065637066,0.00641498830852176,0.0682685198756424,2,"Summer","female",872,41.45,"Calving season"
26.7567567567568,0.0068547237946157,0.0729481996082695,2,"Summer","female",872,41.45,"Calving season"
26.9498069498069,0.00732132951226912,0.077913833242768,2,"Summer","female",872,41.45,"Calving season"
27.1428571428571,0.00781694484899357,0.0831881882125035,2,"Summer","female",872,41.45,"Calving season"
27.3359073359073,0.00833627708512096,0.0887149392179615,2,"Summer","female",872,41.45,"Calving season"
27.5289575289575,0.00888015636044607,0.0945029206345697,2,"Summer","female",872,41.45,"Calving season"
27.7220077220077,0.00944445167127068,0.100508170182973,2,"Summer","female",872,41.45,"Calving season"
27.9150579150579,0.0100264056282726,0.106701343633892,2,"Summer","female",872,41.45,"Calving season"
28.1081081081081,0.0106236657038121,0.113057405309598,2,"Summer","female",872,41.45,"Calving season"
28.3011583011583,0.0112311144215714,0.119521894856164,2,"Summer","female",872,41.45,"Calving season"
28.4942084942085,0.0118459013484318,0.126064477869121,2,"Summer","female",872,41.45,"Calving season"
28.6872586872587,0.012462932344085,0.132630942337137,2,"Summer","female",872,41.45,"Calving season"
28.8803088803089,0.013078174078928,0.139178365431838,2,"Summer","female",872,41.45,"Calving season"
29.0733590733591,0.0136867953635167,0.145655333473773,2,"Summer","female",872,41.45,"Calving season"
29.2664092664093,0.0142857718948307,0.15202966172917,2,"Summer","female",872,41.45,"Calving season"
29.4594594594595,0.0148693503095761,0.158240122713661,2,"Summer","female",872,41.45,"Calving season"
29.6525096525097,0.0154369115805787,0.16428012871938,2,"Summer","female",872,41.45,"Calving season"
29.8455598455598,0.0159852831456551,0.170115917233588,2,"Summer","female",872,41.45,"Calving season"
30.03861003861,0.0165141456083743,0.1757440892288,2,"Summer","female",872,41.45,"Calving season"
30.2316602316602,0.0170254210554134,0.181185099615638,2,"Summer","female",872,41.45,"Calving season"
30.4247104247104,0.0175196354917931,0.186444546157107,2,"Summer","female",872,41.45,"Calving season"
30.6177606177606,0.0180030555362613,0.19158911841926,2,"Summer","female",872,41.45,"Calving season"
30.8108108108108,0.0184801503189552,0.196666377034313,2,"Summer","female",872,41.45,"Calving season"
31.003861003861,0.0189585370298184,0.201757384392101,2,"Summer","female",872,41.45,"Calving season"
31.1969111969112,0.0194453308674285,0.206937860673574,2,"Summer","female",872,41.45,"Calving season"
31.3899613899614,0.0199504346995059,0.212313192527825,2,"Summer","female",872,41.45,"Calving season"
31.5830115830116,0.0204791128592445,0.217939403164559,2,"Summer","female",872,41.45,"Calving season"
31.7760617760618,0.021042448107434,0.223934435694328,2,"Summer","female",872,41.45,"Calving season"
31.969111969112,0.021643108027082,0.23032667862461,2,"Summer","female",872,41.45,"Calving season"
32.1621621621622,0.0222860963100551,0.237169381411401,2,"Summer","female",872,41.45,"Calving season"
32.3552123552124,0.0229751196504059,0.244501990816633,2,"Summer","female",872,41.45,"Calving season"
32.5482625482625,0.0237053185012845,0.252272791380393,2,"Summer","female",872,41.45,"Calving season"
32.7413127413127,0.0244805075508246,0.260522379141233,2,"Summer","female",872,41.45,"Calving season"
32.9343629343629,0.0252900366737319,0.269137415109996,2,"Summer","female",872,41.45,"Calving season"
33.1274131274131,0.026130866756749,0.278085556941873,2,"Summer","female",872,41.45,"Calving season"
33.3204633204633,0.0269955199714396,0.287287225336846,2,"Summer","female",872,41.45,"Calving season"
33.5135135135135,0.0278764485436153,0.296662096629863,2,"Summer","female",872,41.45,"Calving season"
33.7065637065637,0.028769195174485,0.30616273609829,2,"Summer","female",872,41.45,"Calving season"
33.8996138996139,0.0296678965421093,0.315726746074181,2,"Summer","female",872,41.45,"Calving season"
34.0926640926641,0.0305708341864058,0.325335838647933,2,"Summer","female",872,41.45,"Calving season"
34.2857142857143,0.0314776904328945,0.334986633117117,2,"Summer","female",872,41.45,"Calving season"
34.4787644787645,0.0323903477931237,0.344699163232517,2,"Summer","female",872,41.45,"Calving season"
34.6718146718147,0.0333139747998583,0.354528432692476,2,"Summer","female",872,41.45,"Calving season"
34.8648648648649,0.0342523612758861,0.3645147729177,2,"Summer","female",872,41.45,"Calving season"
35.0579150579151,0.0352139531651049,0.374748065925294,2,"Summer","female",872,41.45,"Calving season"
35.2509652509653,0.036202501634961,0.38526823176453,2,"Summer","female",872,41.45,"Calving season"
35.4440154440154,0.0372227042984573,0.396125262589911,2,"Summer","female",872,41.45,"Calving season"
35.6370656370656,0.0382783931194803,0.407359938289126,2,"Summer","female",872,41.45,"Calving season"
35.8301158301158,0.0393653402106286,0.418927265543216,2,"Summer","female",872,41.45,"Calving season"
36.023166023166,0.0404841344455624,0.430833511165343,2,"Summer","female",872,41.45,"Calving season"
36.2162162162162,0.0416233889543358,0.442957495705157,2,"Summer","female",872,41.45,"Calving season"
36.4092664092664,0.0427747188900856,0.455209987342242,2,"Summer","female",872,41.45,"Calving season"
36.6023166023166,0.0439245216760783,0.467446227000596,2,"Summer","female",872,41.45,"Calving season"
36.7953667953668,0.0450605135712912,0.479535490697911,2,"Summer","female",872,41.45,"Calving season"
36.988416988417,0.0461644054064014,0.491283144483292,2,"Summer","female",872,41.45,"Calving season"
37.1814671814672,0.0472280485154721,0.502602469981628,2,"Summer","female",872,41.45,"Calving season"
37.3745173745174,0.0482361759670825,0.513330995998741,2,"Summer","female",872,41.45,"Calving season"
37.5675675675676,0.0491828997377639,0.523406061992181,2,"Summer","female",872,41.45,"Calving season"
37.7606177606178,0.0500666191834121,0.532810633853923,2,"Summer","female",872,41.45,"Calving season"
37.953667953668,0.05088179691126,0.541485782465159,2,"Summer","female",872,41.45,"Calving season"
38.1467181467181,0.0516419490511846,0.549575346931554,2,"Summer","female",872,41.45,"Calving season"
38.3397683397683,0.0523499687643542,0.557110116370907,2,"Summer","female",872,41.45,"Calving season"
38.5328185328185,0.0530239686643112,0.564282845821602,2,"Summer","female",872,41.45,"Calving season"
38.7258687258687,0.0536783305159177,0.57124658650573,2,"Summer","female",872,41.45,"Calving season"
38.9189189189189,0.0543314156344699,0.578196740154044,2,"Summer","female",872,41.45,"Calving season"
39.1119691119691,0.0549992594566868,0.585303956419782,2,"Summer","female",872,41.45,"Calving season"
39.3050193050193,0.0557021070480403,0.592783683965992,2,"Summer","female",872,41.45,"Calving season"
39.4980694980695,0.0564491071747306,0.600733284268196,2,"Summer","female",872,41.45,"Calving season"
39.6911196911197,0.0572518870678932,0.609276494708554,2,"Summer","female",872,41.45,"Calving season"
39.8841698841699,0.0581156518314581,0.618468708176968,2,"Summer","female",872,41.45,"Calving season"
40.0772200772201,0.0590343473978179,0.62824549708372,2,"Summer","female",872,41.45,"Calving season"
40.2702702702703,0.0600081703755794,0.638608953744171,2,"Summer","female",872,41.45,"Calving season"
40.4633204633205,0.0610159154231968,0.649333410205215,2,"Summer","female",872,41.45,"Calving season"
40.6563706563707,0.0620422203510686,0.66025538153193,2,"Summer","female",872,41.45,"Calving season"
40.8494208494209,0.0630610756914293,0.671098074099494,2,"Summer","female",872,41.45,"Calving season"
41.042471042471,0.0640480269713161,0.681601242589722,2,"Summer","female",872,41.45,"Calving season"
41.2355212355212,0.0649662650305143,0.691373162689976,2,"Summer","female",872,41.45,"Calving season"
41.4285714285714,0.065796472566659,0.700208259023186,2,"Summer","female",872,41.45,"Calving season"
41.6216216216216,0.0664977269402443,0.707671031492684,2,"Summer","female",872,41.45,"Calving season"
41.8146718146718,0.0670533193305155,0.713583664269832,2,"Summer","female",872,41.45,"Calving season"
42.007722007722,0.0674428873832597,0.717729460500879,2,"Summer","female",872,41.45,"Calving season"
42.2007722007722,0.0676393513289557,0.719820236373966,2,"Summer","female",872,41.45,"Calving season"
42.3938223938224,0.0676562431783967,0.72,2,"Summer","female",872,41.45,"Calving season"
42.5868725868726,0.0674654328769997,0.717969390398405,2,"Summer","female",872,41.45,"Calving season"
42.7799227799228,0.0670975494898241,0.714054363102728,2,"Summer","female",872,41.45,"Calving season"
42.972972972973,0.0665559858427916,0.708291024679764,2,"Summer","female",872,41.45,"Calving season"
43.1660231660232,0.0658591034517852,0.700874778994919,2,"Summer","female",872,41.45,"Calving season"
43.3590733590734,0.06504172115836,0.692176169323166,2,"Summer","female",872,41.45,"Calving season"
43.5521235521236,0.0641144834567687,0.682308474727926,2,"Summer","female",872,41.45,"Calving season"
43.7451737451737,0.0631209622859269,0.671735389238684,2,"Summer","female",872,41.45,"Calving season"
43.9382239382239,0.0620808719062414,0.660666712673256,2,"Summer","female",872,41.45,"Calving season"
44.1312741312741,0.0610214699643669,0.649392521817901,2,"Summer","female",872,41.45,"Calving season"
44.3243243243243,0.0599618450103214,0.638115957659571,2,"Summer","female",872,41.45,"Calving season"
44.5173745173745,0.0589188962853906,0.627016862488558,2,"Summer","female",872,41.45,"Calving season"
44.7104247104247,0.0578988575251167,0.616161575926745,2,"Summer","female",872,41.45,"Calving season"
44.9034749034749,0.0569074619370313,0.605611110960203,2,"Summer","female",872,41.45,"Calving season"
45.0965250965251,0.0559397531969467,0.595312722221359,2,"Summer","female",872,41.45,"Calving season"
45.2895752895753,0.0549885483807433,0.585189968791782,2,"Summer","female",872,41.45,"Calving season"
45.4826254826255,0.054042149497649,0.575118360262896,2,"Summer","female",872,41.45,"Calving season"
45.6756756756757,0.0530872420522433,0.564956203329659,2,"Summer","female",872,41.45,"Calving season"
45.8687258687259,0.0521062983929244,0.554516968138204,2,"Summer","female",872,41.45,"Calving season"
46.0617760617761,0.0510872881111167,0.543672626678585,2,"Summer","female",872,41.45,"Calving season"
46.2548262548263,0.0500161097325362,0.532273110590404,2,"Summer","female",872,41.45,"Calving season"
46.4478764478765,0.0488797008158735,0.52017940893689,2,"Summer","female",872,41.45,"Calving season"
46.6409266409266,0.0476772641075686,0.507383037319024,2,"Summer","female",872,41.45,"Calving season"
46.8339768339768,0.0463924877683339,0.493710404598199,2,"Summer","female",872,41.45,"Calving season"
47.027027027027,0.0450364895674841,0.47927982644686,2,"Summer","female",872,41.45,"Calving season"
47.2200772200772,0.0436047886797854,0.464043617773183,2,"Summer","female",872,41.45,"Calving season"
47.4131274131274,0.0421041893761124,0.448074189855118,2,"Summer","female",872,41.45,"Calving season"
47.6061776061776,0.0405449381222403,0.431480585923731,2,"Summer","female",872,41.45,"Calving season"
47.7992277992278,0.0389300999443357,0.414295424089876,2,"Summer","female",872,41.45,"Calving season"
47.992277992278,0.0372773087476222,0.396706364962016,2,"Summer","female",872,41.45,"Calving season"
48.1853281853282,0.035594043367013,0.378792998551131,2,"Summer","female",872,41.45,"Calving season"
48.3783783783784,0.0338952583468096,0.36071447161724,2,"Summer","female",872,41.45,"Calving season"
48.5714285714286,0.0321929481208198,0.342598429325611,2,"Summer","female",872,41.45,"Calving season"
48.7644787644788,0.0305015069045533,0.324598055398541,2,"Summer","female",872,41.45,"Calving season"
48.957528957529,0.0288316172929122,0.306827034367838,2,"Summer","female",872,41.45,"Calving season"
49.1505791505791,0.0271998698378056,0.289461923441137,2,"Summer","female",872,41.45,"Calving season"
49.3436293436293,0.0256144354381551,0.272589677597714,2,"Summer","female",872,41.45,"Calving season"
49.5366795366795,0.0240870405555824,0.256335090233876,2,"Summer","female",872,41.45,"Calving season"
49.7297297297297,0.0226297441904465,0.24082649363428,2,"Summer","female",872,41.45,"Calving season"
49.9227799227799,0.0212424008013695,0.226062338942723,2,"Summer","female",872,41.45,"Calving season"
50.1158301158301,0.0199427099139754,0.212230985102157,2,"Summer","female",872,41.45,"Calving season"
50.3088803088803,0.0187213968291691,0.199233730454987,2,"Summer","female",872,41.45,"Calving season"
50.5019305019305,0.0175857131969408,0.187147747302653,2,"Summer","female",872,41.45,"Calving season"
50.6949806949807,0.0165330199604943,0.175944950714569,2,"Summer","female",872,41.45,"Calving season"
50.8880308880309,0.015555122386788,0.165538132067959,2,"Summer","female",872,41.45,"Calving season"
51.0810810810811,0.0146563020367659,0.155972855877415,2,"Summer","female",872,41.45,"Calving season"
51.2741312741313,0.0138196400007023,0.147069070540453,2,"Summer","female",872,41.45,"Calving season"
51.4671814671815,0.0130451892301452,0.138827339569213,2,"Summer","female",872,41.45,"Calving season"
51.6602316602317,0.0123220377408934,0.131131537263307,2,"Summer","female",872,41.45,"Calving season"
51.8532818532819,0.0116429667214888,0.123904840790046,2,"Summer","female",872,41.45,"Calving season"
52.046332046332,0.0110047408728933,0.117112819988994,2,"Summer","female",872,41.45,"Calving season"
52.2393822393822,0.0103974878515693,0.110650413050429,2,"Summer","female",872,41.45,"Calving season"
52.4324324324324,0.00982080695417363,0.104513355675989,2,"Summer","female",872,41.45,"Calving season"
52.6254826254826,0.00926835699729128,0.0986341647799407,2,"Summer","female",872,41.45,"Calving season"
52.8185328185328,0.00873853601007627,0.0929957921350254,2,"Summer","female",872,41.45,"Calving season"
53.011583011583,0.00823042097724187,0.0875884149817284,2,"Summer","female",872,41.45,"Calving season"
53.2046332046332,0.00774087818374178,0.0823786842198435,2,"Summer","female",872,41.45,"Calving season"
53.3976833976834,0.00727217282428976,0.0773907061271844,2,"Summer","female",872,41.45,"Calving season"
53.5907335907336,0.00682110706285524,0.0725904492258885,2,"Summer","female",872,41.45,"Calving season"
53.7837837837838,0.00638869645277935,0.0679887210685371,2,"Summer","female",872,41.45,"Calving season"
53.976833976834,0.00597451730942057,0.0635810127890217,2,"Summer","female",872,41.45,"Calving season"
54.1698841698842,0.0055769991577982,0.0593506113401353,2,"Summer","female",872,41.45,"Calving season"
54.3629343629344,0.005198097393009,0.0553183261018185,2,"Summer","female",872,41.45,"Calving season"
54.5559845559846,0.00483480500166766,0.0514521563371738,2,"Summer","female",872,41.45,"Calving season"
54.7490347490347,0.0044884729955614,0.0477664795587722,2,"Summer","female",872,41.45,"Calving season"
54.9420849420849,0.00415800333563159,0.0442496103982712,2,"Summer","female",872,41.45,"Calving season"
55.1351351351351,0.00384283168054053,0.0408955431163026,2,"Summer","female",872,41.45,"Calving season"
55.3281853281853,0.00354438186725322,0.0377194302334123,2,"Summer","female",872,41.45,"Calving season"
55.5212355212355,0.0032607081463187,0.0347005650189443,2,"Summer","female",872,41.45,"Calving season"
55.7142857142857,0.00299403494412808,0.0318626198928609,2,"Summer","female",872,41.45,"Calving season"
55.9073359073359,0.00274319262942112,0.0291931476002184,2,"Summer","female",872,41.45,"Calving season"
56.1003861003861,0.00250878591927344,0.0266985835603366,2,"Summer","female",872,41.45,"Calving season"
56.2934362934363,0.00229189947666857,0.0243904707929198,2,"Summer","female",872,41.45,"Calving season"
56.4864864864865,0.0020908275543336,0.0222506566785086,2,"Summer","female",872,41.45,"Calving season"
56.6795366795367,0.00190797726334247,0.0203047577735624,2,"Summer","female",872,41.45,"Calving season"
56.8725868725869,0.00174070825068671,0.0185246753531628,2,"Summer","female",872,41.45,"Calving season"
57.0656370656371,0.0015894619897898,0.01691510759223,2,"Summer","female",872,41.45,"Calving season"
57.2586872586873,0.00145330743171174,0.0154661462368424,2,"Summer","female",872,41.45,"Calving season"
57.4517374517375,0.00133004709476864,0.0141544056135119,2,"Summer","female",872,41.45,"Calving season"
57.6447876447876,0.00122005865907552,0.0129839050066391,2,"Summer","female",872,41.45,"Calving season"
57.8378378378378,0.0011199379714035,0.0119184173038446,2,"Summer","female",872,41.45,"Calving season"
58.030888030888,0.00102914326708482,0.0109521770274361,2,"Summer","female",872,41.45,"Calving season"
58.2239382239382,0.000945642980592882,0.0100635641892141,2,"Summer","female",872,41.45,"Calving season"
58.4169884169884,0.00086787874458511,0.00923599459186062,2,"Summer","female",872,41.45,"Calving season"
58.6100386100386,0.000795032377247461,0.00846076111717879,2,"Summer","female",872,41.45,"Calving season"
58.8030888030888,0.000725552783145602,0.00772135695574123,2,"Summer","female",872,41.45,"Calving season"
58.996138996139,0.000659135884651808,0.00701454610327579,2,"Summer","female",872,41.45,"Calving season"
59.1891891891892,0.00059510413941466,0.00633311813144498,2,"Summer","female",872,41.45,"Calving season"
59.3822393822394,0.000533347602666316,0.00567590300435668,2,"Summer","female",872,41.45,"Calving season"
59.5752895752896,0.000474083223444461,0.00504520950091721,2,"Summer","female",872,41.45,"Calving season"
59.7683397683398,0.000417272266045102,0.0044406253944707,2,"Summer","female",872,41.45,"Calving season"
59.96138996139,0.000363688664423918,0.00387038691602719,2,"Summer","female",872,41.45,"Calving season"
60.1544401544402,0.000313352844451692,0.0033347114383859,2,"Summer","female",872,41.45,"Calving season"
60.3474903474903,0.000266821053903334,0.00283951856894921,2,"Summer","female",872,41.45,"Calving season"
60.5405405405405,0.000224488826992333,0.00238901759603008,2,"Summer","female",872,41.45,"Calving season"
60.7335907335907,0.00018620274670681,0.00198157585066313,2,"Summer","female",872,41.45,"Calving season"
60.9266409266409,0.000152738626882288,0.00162544956960251,2,"Summer","female",872,41.45,"Calving season"
61.1196911196911,0.000123363505991132,0.00131283855178611,2,"Summer","female",872,41.45,"Calving season"
61.3127413127413,9.83519897028302e-05,0.00104666515992199,2,"Summer","female",872,41.45,"Calving season"
61.5057915057915,7.7305595751127e-05,0.000822688732421137,2,"Summer","female",872,41.45,"Calving season"
61.6988416988417,5.97687517034935e-05,0.000636061052237916,2,"Summer","female",872,41.45,"Calving season"
61.8918918918919,4.57110523777838e-05,0.000486458546408226,2,"Summer","female",872,41.45,"Calving season"
62.0849420849421,3.43028144873321e-05,0.000365051697679326,2,"Summer","female",872,41.45,"Calving season"
62.2779922779923,2.54546371449657e-05,0.000270889098823439,2,"Summer","female",872,41.45,"Calving season"
62.4710424710425,1.85718133454238e-05,0.000197641858024047,2,"Summer","female",872,41.45,"Calving season"
62.6640926640927,1.33252202652201e-05,0.000141807439199077,2,"Summer","female",872,41.45,"Calving season"
62.8571428571429,9.45935764396723e-06,0.000100666800042352,2,"Summer","female",872,41.45,"Calving season"
63.0501930501931,6.5654122638422e-06,6.98693366331607e-05,2,"Summer","female",872,41.45,"Calving season"
63.2432432432432,4.53092162776881e-06,4.82182193207443e-05,2,"Summer","female",872,41.45,"Calving season"
63.4362934362934,3.065208900785e-06,3.26200555172105e-05,2,"Summer","female",872,41.45,"Calving season"
63.6293436293436,2.05282093561207e-06,2.18461889724412e-05,2,"Summer","female",872,41.45,"Calving season"
63.8223938223938,1.37422728895279e-06,1.46245727158843e-05,2,"Summer","female",872,41.45,"Calving season"
64.015444015444,9.21915736519219e-07,9.81105806516003e-06,2,"Summer","female",872,41.45,"Calving season"
64.2084942084942,6.64173736321685e-07,7.06815908903894e-06,2,"Summer","female",872,41.45,"Calving season"
64.4015444015444,5.33698978713528e-07,5.67964235998902e-06,2,"Summer","female",872,41.45,"Calving season"
64.5945945945946,5.23856914221979e-07,5.57490278089016e-06,2,"Summer","female",872,41.45,"Calving season"
64.7876447876448,6.29026101308353e-07,6.69411678310021e-06,2,"Summer","female",872,41.45,"Calving season"
64.980694980695,8.56288748363908e-07,9.11265346490413e-06,2,"Summer","female",872,41.45,"Calving season"
65.1737451737452,1.25651853219511e-06,1.33719121943406e-05,2,"Summer","female",872,41.45,"Calving season"
65.3667953667954,1.85518866937197e-06,1.97429797930951e-05,2,"Summer","female",872,41.45,"Calving season"
65.5598455598456,2.7505628091065e-06,2.92715812986353e-05,2,"Summer","female",872,41.45,"Calving season"
65.7528957528958,4.02391704632556e-06,4.28226596282472e-05,2,"Summer","female",872,41.45,"Calving season"
65.9459459459459,5.78588074042749e-06,6.1573536120285e-05,2,"Summer","female",872,41.45,"Calving season"
66.1389961389961,8.24065600813726e-06,8.76973365224243e-05,2,"Summer","female",872,41.45,"Calving season"
66.3320463320463,1.14726933435812e-05,0.000122092785814275,2,"Summer","female",872,41.45,"Calving season"
66.5250965250965,1.58148308816391e-05,0.000168301958545875,2,"Summer","female",872,41.45,"Calving season"
66.7181467181467,2.13768583121215e-05,0.000227493240263777,2,"Summer","female",872,41.45,"Calving season"
66.9111969111969,2.84281025262433e-05,0.000302532816741307,2,"Summer","female",872,41.45,"Calving season"
67.1042471042471,3.72610392142859e-05,0.000396533224044759,2,"Summer","female",872,41.45,"Calving season"
67.2972972972973,4.78901635526552e-05,0.000509648720325662,2,"Summer","female",872,41.45,"Calving season"
67.4903474903475,6.08027347867195e-05,0.000647064734750403,2,"Summer","female",872,41.45,"Calving season"
67.6833976833977,7.57597327591063e-05,0.000806237606819615,2,"Summer","female",872,41.45,"Calving season"
67.8764478764479,9.29391844438104e-05,0.000989061905537646,2,"Summer","female",872,41.45,"Calving season"
68.0694980694981,0.000112175404478215,0.00119377440174071,2,"Summer","female",872,41.45,"Calving season"
68.2625482625483,0.000133124281719559,0.00141671305315232,2,"Summer","female",872,41.45,"Calving season"
68.4555984555984,0.000155554391284517,0.00165541502843325,2,"Summer","female",872,41.45,"Calving season"
68.6486486486486,0.00017874528399628,0.00190221328337686,2,"Summer","female",872,41.45,"Calving season"
68.8416988416988,0.00020210085059544,0.00215076400333119,2,"Summer","female",872,41.45,"Calving season"
69.034749034749,0.000224796186152095,0.00239228852247577,2,"Summer","female",872,41.45,"Calving season"
69.2277992277992,0.000246071651146898,0.00261870273166955,2,"Summer","female",872,41.45,"Calving season"
69.4208494208494,0.000264854700511451,0.00281859257046563,2,"Summer","female",872,41.45,"Calving season"
69.6138996138996,0.000280691493656406,0.00298712825215137,2,"Summer","female",872,41.45,"Calving season"
69.8069498069498,0.00029240874314777,0.00311182361265989,2,"Summer","female",872,41.45,"Calving season"
70,0.000299847216248579,0.00319098409188515,2,"Summer","female",872,41.45,"Calving season"
20,9.52702326574999e-06,9.33035667631073e-05,3,"Autumn","female",864,42.4,"Calving season"
20.1930501930502,1.47595698403551e-05,0.000144548876556764,3,"Autumn","female",864,42.4,"Calving season"
20.3861003861004,2.23995998664412e-05,0.000219372043429229,3,"Autumn","female",864,42.4,"Calving season"
20.5791505791506,3.35572852620991e-05,0.000328645613483176,3,"Autumn","female",864,42.4,"Calving season"
20.7722007722008,4.8970464930715e-05,0.000479595663475445,3,"Autumn","female",864,42.4,"Calving season"
20.965250965251,7.04190295521257e-05,0.000689653676907732,3,"Autumn","female",864,42.4,"Calving season"
21.1583011583012,9.93354203873379e-05,0.000972848367167463,3,"Autumn","female",864,42.4,"Calving season"
21.3513513513514,0.000136879380952011,0.00134053776325521,3,"Autumn","female",864,42.4,"Calving season"
21.5444015444015,0.000186340081118552,0.00182493457970148,3,"Autumn","female",864,42.4,"Calving season"
21.7374517374517,0.000248169492156187,0.00243046522865171,3,"Autumn","female",864,42.4,"Calving season"
21.9305019305019,0.000324285000389482,0.00317590776679314,3,"Autumn","female",864,42.4,"Calving season"
22.1235521235521,0.000417208150523169,0.00408595711804285,3,"Autumn","female",864,42.4,"Calving season"
22.3166023166023,0.000526129456435145,0.00515268552361086,3,"Autumn","female",864,42.4,"Calving season"
22.5096525096525,0.000652656572994054,0.00639183766357032,3,"Autumn","female",864,42.4,"Calving season"
22.7027027027027,0.000795891993767836,0.00779462374608717,3,"Autumn","female",864,42.4,"Calving season"
22.8957528957529,0.00095359622749668,0.00933911115732742,3,"Autumn","female",864,42.4,"Calving season"
23.0888030888031,0.00112516896521664,0.0110194207295874,3,"Autumn","female",864,42.4,"Calving season"
23.2818532818533,0.00130607965062069,0.0127911821437155,3,"Autumn","female",864,42.4,"Calving season"
23.4749034749035,0.00149304601441076,0.0146222502664372,3,"Autumn","female",864,42.4,"Calving season"
23.6679536679537,0.00168187103279074,0.0164715212525068,3,"Autumn","female",864,42.4,"Calving season"
23.8610038610039,0.00186810416378958,0.0182954084087522,3,"Autumn","female",864,42.4,"Calving season"
24.0540540540541,0.00204734561807551,0.0200508220915136,3,"Autumn","female",864,42.4,"Calving season"
24.2471042471042,0.00221527920570651,0.0216954913935847,3,"Autumn","female",864,42.4,"Calving season"
24.4401544401544,0.0023696408595657,0.0232072430157617,3,"Autumn","female",864,42.4,"Calving season"
24.6332046332046,0.00250603834654498,0.0245430613167879,3,"Autumn","female",864,42.4,"Calving season"
24.8262548262548,0.00262421997825601,0.0257004813688796,3,"Autumn","female",864,42.4,"Calving season"
25.019305019305,0.00272380739239752,0.0266757976544524,3,"Autumn","female",864,42.4,"Calving season"
25.2123552123552,0.00280305444873359,0.027451909227331,3,"Autumn","female",864,42.4,"Calving season"
25.4054054054054,0.00286558153343432,0.0280642725919562,3,"Autumn","female",864,42.4,"Calving season"
25.5984555984556,0.00291240516250182,0.0285228430686859,3,"Autumn","female",864,42.4,"Calving season"
25.7915057915058,0.00294645374484641,0.0288563002344093,3,"Autumn","female",864,42.4,"Calving season"
25.984555984556,0.00297215339440752,0.0291079915446671,3,"Autumn","female",864,42.4,"Calving season"
26.1776061776062,0.00299314247136945,0.0293135495336618,3,"Autumn","female",864,42.4,"Calving season"
26.3706563706564,0.0030147764193612,0.0295254231120601,3,"Autumn","female",864,42.4,"Calving season"
26.5637065637066,0.00304157987800905,0.029787924653588,3,"Autumn","female",864,42.4,"Calving season"
26.7567567567568,0.00308035166920178,0.0301676388945599,3,"Autumn","female",864,42.4,"Calving season"
26.9498069498069,0.00313485015792696,0.0307013736445883,3,"Autumn","female",864,42.4,"Calving season"
27.1428571428571,0.00321054488158716,0.0314426951996677,3,"Autumn","female",864,42.4,"Calving season"
27.3359073359073,0.00331338532910664,0.0324498702944927,3,"Autumn","female",864,42.4,"Calving season"
27.5289575289575,0.00344459751969004,0.0337349060336458,3,"Autumn","female",864,42.4,"Calving season"
27.7220077220077,0.00361007777832065,0.0353555484870577,3,"Autumn","female",864,42.4,"Calving season"
27.9150579150579,0.00381064351348508,0.0373198030017477,3,"Autumn","female",864,42.4,"Calving season"
28.1081081081081,0.00404566637060117,0.0396215157432943,3,"Autumn","female",864,42.4,"Calving season"
28.3011583011583,0.00432044903638265,0.0423126189438351,3,"Autumn","female",864,42.4,"Calving season"
28.4942084942085,0.00462975039530501,0.0453417833729681,3,"Autumn","female",864,42.4,"Calving season"
28.6872586872587,0.00497385204391027,0.0487117668660659,3,"Autumn","female",864,42.4,"Calving season"
28.8803088803089,0.00535345479777146,0.0524294329093175,3,"Autumn","female",864,42.4,"Calving season"
29.0733590733591,0.00576372854563962,0.0564474774713567,3,"Autumn","female",864,42.4,"Calving season"
29.2664092664093,0.00620602423417489,0.0607791311425138,3,"Autumn","female",864,42.4,"Calving season"
29.4594594594595,0.00667871965860322,0.0654085067472024,3,"Autumn","female",864,42.4,"Calving season"
29.6525096525097,0.00717989479146054,0.0703168003625514,3,"Autumn","female",864,42.4,"Calving season"
29.8455598455598,0.00771400788609222,0.0755476742036151,3,"Autumn","female",864,42.4,"Calving season"
30.03861003861,0.00827924898691265,0.0810834023441404,3,"Autumn","female",864,42.4,"Calving season"
30.2316602316602,0.00887809942167189,0.086948285840494,3,"Autumn","female",864,42.4,"Calving season"
30.4247104247104,0.00951660960583235,0.0932015798584602,3,"Autumn","female",864,42.4,"Calving season"
30.6177606177606,0.0101934086715928,0.099829858708624,3,"Autumn","female",864,42.4,"Calving season"
30.8108108108108,0.0109138690529197,0.106885737697707,3,"Autumn","female",864,42.4,"Calving season"
31.003861003861,0.0116795590620112,0.114384576200594,3,"Autumn","female",864,42.4,"Calving season"
31.1969111969112,0.0124873968643509,0.122296192056025,3,"Autumn","female",864,42.4,"Calving season"
31.3899613899614,0.0133402508713491,0.130648677251187,3,"Autumn","female",864,42.4,"Calving season"
31.5830115830116,0.0142296529641699,0.139359098673699,3,"Autumn","female",864,42.4,"Calving season"
31.7760617760618,0.0151490778456543,0.148363550370761,3,"Autumn","female",864,42.4,"Calving season"
31.969111969112,0.0160912273360989,0.157590557110479,3,"Autumn","female",864,42.4,"Calving season"
32.1621621621622,0.0170425597036263,0.166907496997318,3,"Autumn","female",864,42.4,"Calving season"
32.3552123552124,0.0179918749744366,0.176204682306784,3,"Autumn","female",864,42.4,"Calving season"
32.5482625482625,0.0189253015881331,0.185346260944741,3,"Autumn","female",864,42.4,"Calving season"
32.7413127413127,0.0198331026410936,0.194236873866515,3,"Autumn","female",864,42.4,"Calving season"
32.9343629343629,0.0207015672357767,0.202742242440844,3,"Autumn","female",864,42.4,"Calving season"
33.1274131274131,0.0215251397211842,0.210807957012228,3,"Autumn","female",864,42.4,"Calving season"
33.3204633204633,0.0223010144141785,0.218406539927193,3,"Autumn","female",864,42.4,"Calving season"
33.5135135135135,0.0230216416340532,0.225464052861228,3,"Autumn","female",864,42.4,"Calving season"
33.7065637065637,0.0236964482622623,0.232072818635282,3,"Autumn","female",864,42.4,"Calving season"
33.8996138996139,0.0243286950051424,0.238264771204259,3,"Autumn","female",864,42.4,"Calving season"
34.0926640926641,0.0249268832047799,0.244123169054765,3,"Autumn","female",864,42.4,"Calving season"
34.2857142857143,0.0255048347539577,0.249783377857698,3,"Autumn","female",864,42.4,"Calving season"
34.4787644787645,0.0260742786324215,0.255360266194174,3,"Autumn","female",864,42.4,"Calving season"
34.6718146718147,0.0266506211217003,0.261004716556771,3,"Autumn","female",864,42.4,"Calving season"
34.8648648648649,0.0272459746457911,0.266835352814621,3,"Autumn","female",864,42.4,"Calving season"
35.0579150579151,0.0278782578337663,0.273027662311179,3,"Autumn","female",864,42.4,"Calving season"
35.2509652509653,0.0285546078405429,0.279651543270867,3,"Autumn","female",864,42.4,"Calving season"
35.4440154440154,0.0292854359722049,0.286808959545899,3,"Autumn","female",864,42.4,"Calving season"
35.6370656370656,0.0300817970378703,0.294608177180328,3,"Autumn","female",864,42.4,"Calving season"
35.8301158301158,0.030941356996688,0.303026337582304,3,"Autumn","female",864,42.4,"Calving season"
36.023166023166,0.0318711612437423,0.312132440319927,3,"Autumn","female",864,42.4,"Calving season"
36.2162162162162,0.0328682975825382,0.321897964593729,3,"Autumn","female",864,42.4,"Calving season"
36.4092664092664,0.0339264423171026,0.332260978846187,3,"Autumn","female",864,42.4,"Calving season"
36.6023166023166,0.035049473902218,0.343259466994693,3,"Autumn","female",864,42.4,"Calving season"
36.7953667953668,0.0362266072889775,0.354787804910634,3,"Autumn","female",864,42.4,"Calving season"
36.988416988417,0.0374562853892503,0.366830743142811,3,"Autumn","female",864,42.4,"Calving season"
37.1814671814672,0.0387420926224859,0.379423385953077,3,"Autumn","female",864,42.4,"Calving season"
37.3745173745174,0.0400804769933131,0.39253094662705,3,"Autumn","female",864,42.4,"Calving season"
37.5675675675676,0.0414810185523035,0.406247248058112,3,"Autumn","female",864,42.4,"Calving season"
37.7606177606178,0.0429527078835384,0.420660340158461,3,"Autumn","female",864,42.4,"Calving season"
37.953667953668,0.0445005603031279,0.435819340776189,3,"Autumn","female",864,42.4,"Calving season"
38.1467181467181,0.0461459879011818,0.451933950709053,3,"Autumn","female",864,42.4,"Calving season"
38.3397683397683,0.0478898540007695,0.469012624971742,3,"Autumn","female",864,42.4,"Calving season"
38.5328185328185,0.0497359592799333,0.487092585769719,3,"Autumn","female",864,42.4,"Calving season"
38.7258687258687,0.051692377888503,0.506252907852433,3,"Autumn","female",864,42.4,"Calving season"
38.9189189189189,0.0537354015674858,0.526261402732031,3,"Autumn","female",864,42.4,"Calving season"
39.1119691119691,0.055850130795445,0.546972150906241,3,"Autumn","female",864,42.4,"Calving season"
39.3050193050193,0.0580030343935265,0.568056762436506,3,"Autumn","female",864,42.4,"Calving season"
39.4980694980695,0.060154377479969,0.589126090987205,3,"Autumn","female",864,42.4,"Calving season"
39.6911196911197,0.0622552830629658,0.609701456330421,3,"Autumn","female",864,42.4,"Calving season"
39.8841698841699,0.0642590330237956,0.629325321312358,3,"Autumn","female",864,42.4,"Calving season"
40.0772200772201,0.0661274661806645,0.647623951737777,3,"Autumn","female",864,42.4,"Calving season"
40.2702702702703,0.0677981324625538,0.663985738480917,3,"Autumn","female",864,42.4,"Calving season"
40.4633204633205,0.0692658640777849,0.678360070413574,3,"Autumn","female",864,42.4,"Calving season"
40.6563706563707,0.0705029764488976,0.690475816695683,3,"Autumn","female",864,42.4,"Calving season"
40.8494208494209,0.0714962471800866,0.700203482871802,3,"Autumn","female",864,42.4,"Calving season"
41.042471042471,0.0722734971799228,0.707815534950236,3,"Autumn","female",864,42.4,"Calving season"
41.2355212355212,0.0728311673440377,0.713277116594142,3,"Autumn","female",864,42.4,"Calving season"
41.4285714285714,0.0732063465832552,0.716951460638237,3,"Autumn","female",864,42.4,"Calving season"
41.6216216216216,0.0734318564278007,0.719160007027741,3,"Autumn","female",864,42.4,"Calving season"
41.8146718146718,0.0735176262742,0.72,3,"Autumn","female",864,42.4,"Calving season"
42.007722007722,0.0735057360196887,0.719883551963223,3,"Autumn","female",864,42.4,"Calving season"
42.2007722007722,0.0734089362207656,0.718935536381698,3,"Autumn","female",864,42.4,"Calving season"
42.3938223938224,0.0732355529783339,0.71723749550528,3,"Autumn","female",864,42.4,"Calving season"
42.5868725868726,0.072996964522346,0.714900862822519,3,"Autumn","female",864,42.4,"Calving season"
42.7799227799228,0.072685526540759,0.711850773230313,3,"Autumn","female",864,42.4,"Calving season"
42.972972972973,0.07229624908089,0.708038357279065,3,"Autumn","female",864,42.4,"Calving season"
43.1660231660232,0.0718246629869653,0.703419845980027,3,"Autumn","female",864,42.4,"Calving season"
43.3590733590734,0.0712473820000674,0.697766204375547,3,"Autumn","female",864,42.4,"Calving season"
43.5521235521236,0.0705655609511485,0.69108874238309,3,"Autumn","female",864,42.4,"Calving season"
43.7451737451737,0.0697696467241994,0.683293900894791,3,"Autumn","female",864,42.4,"Calving season"
43.9382239382239,0.0688453753325179,0.67424198456212,3,"Autumn","female",864,42.4,"Calving season"
44.1312741312741,0.0678052775528967,0.664055714421484,3,"Autumn","female",864,42.4,"Calving season"
44.3243243243243,0.0666437917149279,0.652680621865878,3,"Autumn","female",864,42.4,"Calving season"
44.5173745173745,0.0653709869097268,0.64021531924135,3,"Autumn","female",864,42.4,"Calving season"
44.7104247104247,0.0640051755023166,0.626839149971853,3,"Autumn","female",864,42.4,"Calving season"
44.9034749034749,0.0625522573282315,0.612609894508142,3,"Autumn","female",864,42.4,"Calving season"
45.0965250965251,0.061039821707155,0.597797750776602,3,"Autumn","female",864,42.4,"Calving season"
45.2895752895753,0.0594867271384531,0.582587410805958,3,"Autumn","female",864,42.4,"Calving season"
45.4826254826255,0.0579136924494665,0.567181785876691,3,"Autumn","female",864,42.4,"Calving season"
45.6756756756757,0.0563436642472614,0.551805605185389,3,"Autumn","female",864,42.4,"Calving season"
45.8687258687259,0.054795641990773,0.536644941258148,3,"Autumn","female",864,42.4,"Calving season"
46.0617760617761,0.0532876863865274,0.521876672883876,3,"Autumn","female",864,42.4,"Calving season"
46.2548262548263,0.0518278904862695,0.507580059929242,3,"Autumn","female",864,42.4,"Calving season"
46.4478764478765,0.0504295080820608,0.493884904331113,3,"Autumn","female",864,42.4,"Calving season"
46.6409266409266,0.0490902456866219,0.480768744661872,3,"Autumn","female",864,42.4,"Calving season"
46.8339768339768,0.0478065118728917,0.468196408030131,3,"Autumn","female",864,42.4,"Calving season"
47.027027027027,0.0465776657359167,0.456161617688532,3,"Autumn","female",864,42.4,"Calving season"
47.2200772200772,0.0453879265301328,0.444509823804852,3,"Autumn","female",864,42.4,"Calving season"
47.4131274131274,0.0442295005183976,0.433164697870855,3,"Autumn","female",864,42.4,"Calving season"
47.6061776061776,0.0430916125175093,0.422020712378397,3,"Autumn","female",864,42.4,"Calving season"
47.7992277992278,0.0419637562540569,0.410974973406128,3,"Autumn","female",864,42.4,"Calving season"
47.992277992278,0.0408389980429043,0.399959575425112,3,"Autumn","female",864,42.4,"Calving season"
48.1853281853282,0.0397114032016552,0.388916396709422,3,"Autumn","female",864,42.4,"Calving season"
48.3783783783784,0.0385780047311445,0.377816379745815,3,"Autumn","female",864,42.4,"Calving season"
48.5714285714286,0.0374355509931734,0.366627679388824,3,"Autumn","female",864,42.4,"Calving season"
48.7644787644788,0.0362838768884006,0.355348678726539,3,"Autumn","female",864,42.4,"Calving season"
48.957528957529,0.0351214004526311,0.343963884682287,3,"Autumn","female",864,42.4,"Calving season"
49.1505791505791,0.0339457126976082,0.332449704661575,3,"Autumn","female",864,42.4,"Calving season"
49.3436293436293,0.0327559522571617,0.320797702814747,3,"Autumn","female",864,42.4,"Calving season"
49.5366795366795,0.0315482765652405,0.308970246703199,3,"Autumn","female",864,42.4,"Calving season"
49.7297297297297,0.0303209011147414,0.296949859632167,3,"Autumn","female",864,42.4,"Calving season"
49.9227799227799,0.0290737600860975,0.284735896993132,3,"Autumn","female",864,42.4,"Calving season"
50.1158301158301,0.0278047412861317,0.272307672874911,3,"Autumn","female",864,42.4,"Calving season"
50.3088803088803,0.0265194274853556,0.259719862529848,3,"Autumn","female",864,42.4,"Calving season"
50.5019305019305,0.0252226770628995,0.247020046832779,3,"Autumn","female",864,42.4,"Calving season"
50.6949806949807,0.0239231655667326,0.234293190367767,3,"Autumn","female",864,42.4,"Calving season"
50.8880308880309,0.0226314315979417,0.221642503659512,3,"Autumn","female",864,42.4,"Calving season"
51.0810810810811,0.0213601026425692,0.209191654873206,3,"Autumn","female",864,42.4,"Calving season"
51.2741312741313,0.0201222925395829,0.197069075305334,3,"Autumn","female",864,42.4,"Calving season"
51.4671814671815,0.0189263714655108,0.185356738863453,3,"Autumn","female",864,42.4,"Calving season"
51.6602316602317,0.01778847607994,0.174212681048592,3,"Autumn","female",864,42.4,"Calving season"
51.8532818532819,0.016710539202184,0.163655831061494,3,"Autumn","female",864,42.4,"Calving season"
52.046332046332,0.0156966009421827,0.153725756000608,3,"Autumn","female",864,42.4,"Calving season"
52.2393822393822,0.0147541428529599,0.144495726977234,3,"Autumn","female",864,42.4,"Calving season"
52.4324324324324,0.0138736698474644,0.135872753194153,3,"Autumn","female",864,42.4,"Calving season"
52.6254826254826,0.0130556810054359,0.127861722423602,3,"Autumn","female",864,42.4,"Calving season"
52.8185328185328,0.0122944341587234,0.120406398341337,3,"Autumn","female",864,42.4,"Calving season"
53.011583011583,0.0115799101152585,0.113408657291102,3,"Autumn","female",864,42.4,"Calving season"
53.2046332046332,0.0109104141368694,0.106851901736424,3,"Autumn","female",864,42.4,"Calving season"
53.3976833976834,0.0102761800394551,0.100640485872218,3,"Autumn","female",864,42.4,"Calving season"
53.5907335907336,0.00967208485100566,0.0947242375148333,3,"Autumn","female",864,42.4,"Calving season"
53.7837837837838,0.00909744437826869,0.0890964559699357,3,"Autumn","female",864,42.4,"Calving season"
53.976833976834,0.00854667230517149,0.083702431261481,3,"Autumn","female",864,42.4,"Calving season"
54.1698841698842,0.00802055389409556,0.0785498539113658,3,"Autumn","female",864,42.4,"Calving season"
54.3629343629344,0.00752041443605928,0.0736517032496042,3,"Autumn","female",864,42.4,"Calving season"
54.5559845559846,0.007045585718557,0.0690014350904209,3,"Autumn","female",864,42.4,"Calving season"
54.7490347490347,0.00660086270817596,0.064646009273487,3,"Autumn","female",864,42.4,"Calving season"
54.9420849420849,0.00618669651756469,0.0605898438019862,3,"Autumn","female",864,42.4,"Calving season"
55.1351351351351,0.00580334579083783,0.0568354717250928,3,"Autumn","female",864,42.4,"Calving season"
55.3281853281853,0.00545605604443268,0.0534342653738554,3,"Autumn","female",864,42.4,"Calving season"
55.5212355212355,0.00513990387452559,0.0503380070495713,3,"Autumn","female",864,42.4,"Calving season"
55.7142857142857,0.0048549653795726,0.0475474420277766,3,"Autumn","female",864,42.4,"Calving season"
55.9073359073359,0.00459974616334605,0.0450479348347974,3,"Autumn","female",864,42.4,"Calving season"
56.1003861003861,0.00436813524184567,0.0427796371226501,3,"Autumn","female",864,42.4,"Calving season"
56.2934362934363,0.00415801676305899,0.0407218271470918,3,"Autumn","female",864,42.4,"Calving season"
56.4864864864865,0.00396382129800444,0.0388199603169825,3,"Autumn","female",864,42.4,"Calving season"
56.6795366795367,0.00378095006113267,0.0370289981053275,3,"Autumn","female",864,42.4,"Calving season"
56.8725868725869,0.00360678695028627,0.0353233195332022,3,"Autumn","female",864,42.4,"Calving season"
57.0656370656371,0.00343745826070583,0.0336649872028955,3,"Autumn","female",864,42.4,"Calving season"
57.2586872586873,0.00327145714757108,0.0320392437245732,3,"Autumn","female",864,42.4,"Calving season"
57.4517374517375,0.0031081432704801,0.030439817879852,3,"Autumn","female",864,42.4,"Calving season"
57.6447876447876,0.00294744136454805,0.0288659725568335,3,"Autumn","female",864,42.4,"Calving season"
57.8378378378378,0.0027904849199898,0.0273288086709859,3,"Autumn","female",864,42.4,"Calving season"
58.030888030888,0.002638663850803,0.0258419384419772,3,"Autumn","female",864,42.4,"Calving season"
58.2239382239382,0.00249296224821596,0.0244149996358818,3,"Autumn","female",864,42.4,"Calving season"
58.4169884169884,0.0023554901601109,0.0230686571537881,3,"Autumn","female",864,42.4,"Calving season"
58.6100386100386,0.00222611141713523,0.0218015774116451,3,"Autumn","female",864,42.4,"Calving season"
58.8030888030888,0.00210484527997094,0.020613949040285,3,"Autumn","female",864,42.4,"Calving season"
58.996138996139,0.00199151350128681,0.0195040263620387,3,"Autumn","female",864,42.4,"Calving season"
59.1891891891892,0.00188377104647005,0.0184488431168842,3,"Autumn","female",864,42.4,"Calving season"
59.3822393822394,0.00178002910301529,0.0174328391587471,3,"Autumn","female",864,42.4,"Calving season"
59.5752895752896,0.00167780285219653,0.0164316792421444,3,"Autumn","female",864,42.4,"Calving season"
59.7683397683398,0.00157496810909994,0.0154245600139828,3,"Autumn","female",864,42.4,"Calving season"
59.96138996139,0.00146947806662573,0.0143914359261872,3,"Autumn","female",864,42.4,"Calving season"
60.1544401544402,0.00136033133922173,0.0133224998395163,3,"Autumn","female",864,42.4,"Calving season"
60.3474903474903,0.0012472521890077,0.01221505129581,3,"Autumn","female",864,42.4,"Calving season"
60.5405405405405,0.00113035120736892,0.0110701733795128,3,"Autumn","female",864,42.4,"Calving season"
60.7335907335907,0.00101136282111375,0.00990485232053043,3,"Autumn","female",864,42.4,"Calving season"
60.9266409266409,0.000891995210045095,0.00873581729689023,3,"Autumn","female",864,42.4,"Calving season"
61.1196911196911,0.000774790339969846,0.00758796322799745,3,"Autumn","female",864,42.4,"Calving season"
61.3127413127413,0.000661831810886687,0.00648169599574847,3,"Autumn","female",864,42.4,"Calving season"
61.5057915057915,0.000555998452334358,0.00544520961799911,3,"Autumn","female",864,42.4,"Calving season"
61.6988416988417,0.000458902550016338,0.00449429412722641,3,"Autumn","female",864,42.4,"Calving season"
61.8918918918919,0.000371520697984833,0.00363851386538786,3,"Autumn","female",864,42.4,"Calving season"
62.0849420849421,0.000296190132958618,0.00290075872328653,3,"Autumn","female",864,42.4,"Calving season"
62.2779922779923,0.000231694361985516,0.00226911489235765,3,"Autumn","female",864,42.4,"Calving season"
62.4710424710425,0.000178393964545594,0.00174711373288589,3,"Autumn","female",864,42.4,"Calving season"
62.6640926640927,0.000136134697880265,0.00133324465765822,3,"Autumn","female",864,42.4,"Calving season"
62.8571428571429,0.000103150152615083,0.00101020821327746,3,"Autumn","female",864,42.4,"Calving season"
63.0501930501931,7.93499870728189e-05,0.000777119632227289,3,"Autumn","female",864,42.4,"Calving season"
63.2432432432432,6.33348091598857e-05,0.000620273870446233,3,"Autumn","female",864,42.4,"Calving season"
63.4362934362934,5.39496247991441e-05,0.000528359412891102,3,"Autumn","female",864,42.4,"Calving season"
63.6293436293436,5.12976470217566e-05,0.000502387083580612,3,"Autumn","female",864,42.4,"Calving season"
63.8223938223938,5.3992575099654e-05,0.000528780049654478,3,"Autumn","female",864,42.4,"Calving season"
64.015444015444,6.18130586968983e-05,0.000605370501160825,3,"Autumn","female",864,42.4,"Calving season"
64.2084942084942,7.46972905663327e-05,0.000731553124514218,3,"Autumn","female",864,42.4,"Calving season"
64.4015444015444,9.18369226655631e-05,0.000899411306787665,3,"Autumn","female",864,42.4,"Calving season"
64.5945945945946,0.000113211683317817,0.00110874651590097,3,"Autumn","female",864,42.4,"Calving season"
64.7876447876448,0.000138178968885168,0.0013532653683112,3,"Autumn","female",864,42.4,"Calving season"
64.980694980695,0.000165902383738522,0.00162477656509505,3,"Autumn","female",864,42.4,"Calving season"
65.1737451737452,0.000195725914608394,0.00191685539454772,3,"Autumn","female",864,42.4,"Calving season"
65.3667953667954,0.000226259469365266,0.00221588789245446,3,"Autumn","female",864,42.4,"Calving season"
65.5598455598456,0.00025630432919535,0.00251013432251434,3,"Autumn","female",864,42.4,"Calving season"
65.7528957528958,0.000284171170655103,0.00278305017777045,3,"Autumn","female",864,42.4,"Calving season"
65.9459459459459,0.000308665709094937,0.00302293914821821,3,"Autumn","female",864,42.4,"Calving season"
66.1389961389961,0.000328186045044898,0.00321411291968291,3,"Autumn","female",864,42.4,"Calving season"
66.3320463320463,0.000341481436135339,0.00334432225954128,3,"Autumn","female",864,42.4,"Calving season"
66.5250965250965,0.000348230503116396,0.00341041971769693,3,"Autumn","female",864,42.4,"Calving season"
66.7181467181467,0.000347198030888336,0.0034003081289273,3,"Autumn","female",864,42.4,"Calving season"
66.9111969111969,0.000339085425507473,0.00332085676236065,3,"Autumn","female",864,42.4,"Calving season"
67.1042471042471,0.000324405015904705,0.00317708314711129,3,"Autumn","female",864,42.4,"Calving season"
67.2972972972973,0.000303453134960063,0.00297188943990593,3,"Autumn","female",864,42.4,"Calving season"
67.4903474903475,0.000278135586884863,0.00272394026719792,3,"Autumn","female",864,42.4,"Calving season"
67.6833976833977,0.000249509343760512,0.00244358715877927,3,"Autumn","female",864,42.4,"Calving season"
67.8764478764479,0.000219114067394152,0.00214590889993348,3,"Autumn","female",864,42.4,"Calving season"
68.0694980694981,0.000188376562282664,0.00184487900000542,3,"Autumn","female",864,42.4,"Calving season"
68.2625482625483,0.000158570055446216,0.00155296689661132,3,"Autumn","female",864,42.4,"Calving season"
68.4555984555984,0.000130684007434485,0.00127986294064897,3,"Autumn","female",864,42.4,"Calving season"
68.6486486486486,0.000105302528175105,0.00103128765343016,3,"Autumn","female",864,42.4,"Calving season"
68.8416988416988,8.32706400684806e-05,0.000815516820764741,3,"Autumn","female",864,42.4,"Calving season"
69.034749034749,6.43504591499031e-05,0.000630220709454406,3,"Autumn","female",864,42.4,"Calving season"
69.2277992277992,4.86674907407245e-05,0.0004766284646165,3,"Autumn","female",864,42.4,"Calving season"
69.4208494208494,3.61227553149798e-05,0.000353770723360702,3,"Autumn","female",864,42.4,"Calving season"
69.6138996138996,2.61439188172463e-05,0.000256042292200928,3,"Autumn","female",864,42.4,"Calving season"
69.8069498069498,1.85920906855887e-05,0.000182082936732705,3,"Autumn","female",864,42.4,"Calving season"
70,1.29378133587286e-05,0.000126707377405541,3,"Autumn","female",864,42.4,"Calving season"
20,3.80657912219379e-08,3.42056848106534e-07,4,"Winter","female",1479,44.5,"Calving season"
20.1930501930502,7.90453648999483e-08,7.10296765341495e-07,4,"Winter","female",1479,44.5,"Calving season"
20.3861003861004,1.60638417163061e-07,1.44348689192495e-06,4,"Winter","female",1479,44.5,"Calving season"
20.5791505791506,3.12185547806801e-07,2.80528004487305e-06,4,"Winter","female",1479,44.5,"Calving season"
20.7722007722008,5.96406703025281e-07,5.35927378566785e-06,4,"Winter","female",1479,44.5,"Calving season"
20.965250965251,1.11539056762955e-06,1.00228307286895e-05,4,"Winter","female",1479,44.5,"Calving season"
21.1583011583012,2.00377604128261e-06,1.80058077079325e-05,4,"Winter","female",1479,44.5,"Calving season"
21.3513513513514,3.52764467352392e-06,3.16991970882765e-05,4,"Winter","female",1479,44.5,"Calving season"
21.5444015444015,6.07866243236254e-06,5.46224850600038e-05,4,"Winter","female",1479,44.5,"Calving season"
21.7374517374517,1.01010763596947e-05,9.07676480947374e-05,4,"Winter","female",1479,44.5,"Calving season"
21.9305019305019,1.64146516507312e-05,0.000147501045589195,4,"Winter","female",1479,44.5,"Calving season"
22.1235521235521,2.60968803965637e-05,0.000234504954903373,4,"Winter","female",1479,44.5,"Calving season"
22.3166023166023,4.0146844272076e-05,0.000360757062241646,4,"Winter","female",1479,44.5,"Calving season"
22.5096525096525,6.03217299361709e-05,0.000542047338356882,4,"Winter","female",1479,44.5,"Calving season"
22.7027027027027,8.86193932425523e-05,0.000796328392517194,4,"Winter","female",1479,44.5,"Calving season"
22.8957528957529,0.000126343442012964,0.00113531436406815,4,"Winter","female",1479,44.5,"Calving season"
23.0888030888031,0.000175829320538505,0.0015799914111191,4,"Winter","female",1479,44.5,"Calving season"
23.2818532818533,0.000239115595068775,0.00214867796404048,4,"Winter","female",1479,44.5,"Calving season"
23.4749034749035,0.000316365123986601,0.00284283745819852,4,"Winter","female",1479,44.5,"Calving season"
23.6679536679537,0.000408607580352105,0.00367172247209533,4,"Winter","female",1479,44.5,"Calving season"
23.8610038610039,0.000515536645175465,0.00463258044221361,4,"Winter","female",1479,44.5,"Calving season"
24.0540540540541,0.000634289143766101,0.00569968305767898,4,"Winter","female",1479,44.5,"Calving season"
24.2471042471042,0.000762393112278764,0.00685081740410304,4,"Winter","female",1479,44.5,"Calving season"
24.4401544401544,0.00089550821670464,0.00804698150824088,4,"Winter","female",1479,44.5,"Calving season"
24.6332046332046,0.00102837350137353,0.00924090074747703,4,"Winter","female",1479,44.5,"Calving season"
24.8262548262548,0.00115587320552834,0.0103866052117146,4,"Winter","female",1479,44.5,"Calving season"
25.019305019305,0.00127207778326504,0.0114308123678043,4,"Winter","female",1479,44.5,"Calving season"
25.2123552123552,0.00137381373382375,0.012345005333986,4,"Winter","female",1479,44.5,"Calving season"
25.4054054054054,0.00145797437626522,0.0131012676672791,4,"Winter","female",1479,44.5,"Calving season"
25.5984555984556,0.00152251266412853,0.0136812047346582,4,"Winter","female",1479,44.5,"Calving season"
25.7915057915058,0.00157009836981727,0.0141088069459958,4,"Winter","female",1479,44.5,"Calving season"
25.984555984556,0.0016028900675258,0.0144034711156394,4,"Winter","female",1479,44.5,"Calving season"
26.1776061776062,0.00162472102721626,0.0145996427706386,4,"Winter","female",1479,44.5,"Calving season"
26.3706563706564,0.00164161986689279,0.0147514946999131,4,"Winter","female",1479,44.5,"Calving season"
26.5637065637066,0.00165843609626548,0.0149026042981012,4,"Winter","female",1479,44.5,"Calving season"
26.7567567567568,0.00168080235071541,0.0151035860787369,4,"Winter","female",1479,44.5,"Calving season"
26.9498069498069,0.00171232929756118,0.0153868852752678,4,"Winter","female",1479,44.5,"Calving season"
27.1428571428571,0.00175606018974612,0.0157798483706216,4,"Winter","female",1479,44.5,"Calving season"
27.3359073359073,0.00181537482922097,0.016312846056314,4,"Winter","female",1479,44.5,"Calving season"
27.5289575289575,0.00188997455867273,0.0169831946161822,4,"Winter","female",1479,44.5,"Calving season"
27.7220077220077,0.00198060880206572,0.017797628327668,4,"Winter","female",1479,44.5,"Calving season"
27.9150579150579,0.00208907664822652,0.0187723136918142,4,"Winter","female",1479,44.5,"Calving season"
28.1081081081081,0.00221378432678758,0.0198929291865657,4,"Winter","female",1479,44.5,"Calving season"
28.3011583011583,0.00235499248085609,0.0211618169347804,4,"Winter","female",1479,44.5,"Calving season"
28.4942084942085,0.0025144293698237,0.0225945069685749,4,"Winter","female",1479,44.5,"Calving season"
28.6872586872587,0.00269003584672697,0.0241724959205557,4,"Winter","female",1479,44.5,"Calving season"
28.8803088803089,0.00288138583818601,0.0258919551216552,4,"Winter","female",1479,44.5,"Calving season"
29.0733590733591,0.0030890793592892,0.0277582762703868,4,"Winter","female",1479,44.5,"Calving season"
29.2664092664093,0.00330993176798845,0.0297428423700627,4,"Winter","female",1479,44.5,"Calving season"
29.4594594594595,0.00354251913296634,0.0318328580618393,4,"Winter","female",1479,44.5,"Calving season"
29.6525096525097,0.00378661089166442,0.034026251524811,4,"Winter","female",1479,44.5,"Calving season"
29.8455598455598,0.00404010247036375,0.0363041111895662,4,"Winter","female",1479,44.5,"Calving season"
30.03861003861,0.00430307629609506,0.0386671777403102,4,"Winter","female",1479,44.5,"Calving season"
30.2316602316602,0.00457799642504188,0.041137593033672,4,"Winter","female",1479,44.5,"Calving season"
30.4247104247104,0.00486592536994391,0.0437249047434853,4,"Winter","female",1479,44.5,"Calving season"
30.6177606177606,0.00516924828350255,0.0464505457045634,4,"Winter","female",1479,44.5,"Calving season"
30.8108108108108,0.00549262152678725,0.0493563576897929,4,"Winter","female",1479,44.5,"Calving season"
31.003861003861,0.00583569441404693,0.0524391894586811,4,"Winter","female",1479,44.5,"Calving season"
31.1969111969112,0.00619797288821847,0.0556946014449829,4,"Winter","female",1479,44.5,"Calving season"
31.3899613899614,0.00657855134943037,0.0591144559842037,4,"Winter","female",1479,44.5,"Calving season"
31.5830115830116,0.00697036697794592,0.0626352870145508,4,"Winter","female",1479,44.5,"Calving season"
31.7760617760618,0.00736678008065481,0.0661974306639539,4,"Winter","female",1479,44.5,"Calving season"
31.969111969112,0.00775924265860798,0.0697240751419771,4,"Winter","female",1479,44.5,"Calving season"
32.1621621621622,0.00814002150546848,0.0731457303342558,4,"Winter","female",1479,44.5,"Calving season"
32.3552123552124,0.00850425689641917,0.0764187270538312,4,"Winter","female",1479,44.5,"Calving season"
32.5482625482625,0.00884785168118543,0.0795062485614692,4,"Winter","female",1479,44.5,"Calving season"
32.7413127413127,0.00917488817695806,0.082444978307229,4,"Winter","female",1479,44.5,"Calving season"
32.9343629343629,0.00949250638094949,0.085299075864932,4,"Winter","female",1479,44.5,"Calving season"
33.1274131274131,0.0098127533965918,0.0881767957617143,4,"Winter","female",1479,44.5,"Calving season"
33.3204633204633,0.0101520811735546,0.0912259742008581,4,"Winter","female",1479,44.5,"Calving season"
33.5135135135135,0.0105260659018063,0.0945865778630787,4,"Winter","female",1479,44.5,"Calving season"
33.7065637065637,0.0109567781631669,0.0984569316330254,4,"Winter","female",1479,44.5,"Calving season"
33.8996138996139,0.0114577103224034,0.102958277066899,4,"Winter","female",1479,44.5,"Calving season"
34.0926640926641,0.0120373428313788,0.108166818981192,4,"Winter","female",1479,44.5,"Calving season"
34.2857142857143,0.0127095688347212,0.114207400315175,4,"Winter","female",1479,44.5,"Calving season"
34.4787644787645,0.0134710027405719,0.121049598349579,4,"Winter","female",1479,44.5,"Calving season"
34.6718146718147,0.0143138764598465,0.128623609515823,4,"Winter","female",1479,44.5,"Calving season"
34.8648648648649,0.015234564506998,0.136896855424777,4,"Winter","female",1479,44.5,"Calving season"
35.0579150579151,0.0162155277850569,0.145711730834689,4,"Winter","female",1479,44.5,"Calving season"
35.2509652509653,0.0172394829617036,0.154912928789148,4,"Winter","female",1479,44.5,"Calving season"
35.4440154440154,0.0182920011833246,0.164370792501038,4,"Winter","female",1479,44.5,"Calving season"
35.6370656370656,0.0193541135831907,0.173914868905884,4,"Winter","female",1479,44.5,"Calving season"
35.8301158301158,0.0204108493657474,0.18341063135977,4,"Winter","female",1479,44.5,"Calving season"
36.023166023166,0.0214476200999532,0.192726989122673,4,"Winter","female",1479,44.5,"Calving season"
36.2162162162162,0.022452736541514,0.20175890336756,4,"Winter","female",1479,44.5,"Calving season"
36.4092664092664,0.0234203810861199,0.210454097461532,4,"Winter","female",1479,44.5,"Calving season"
36.6023166023166,0.024343916841467,0.218752932700393,4,"Winter","female",1479,44.5,"Calving season"
36.7953667953668,0.0252249152232009,0.226669529728045,4,"Winter","female",1479,44.5,"Calving season"
36.988416988417,0.0260721620155402,0.234282837058669,4,"Winter","female",1479,44.5,"Calving season"
37.1814671814672,0.0268969889387899,0.241694680830817,4,"Winter","female",1479,44.5,"Calving season"
37.3745173745174,0.0277220435982567,0.249108571026541,4,"Winter","female",1479,44.5,"Calving season"
37.5675675675676,0.0285736502655,0.256761055923686,4,"Winter","female",1479,44.5,"Calving season"
37.7606177606178,0.0294868920355238,0.264967390046423,4,"Winter","female",1479,44.5,"Calving season"
37.953667953668,0.0305035929159072,0.274103401342851,4,"Winter","female",1479,44.5,"Calving season"
38.1467181467181,0.0316543235720573,0.284443795923574,4,"Winter","female",1479,44.5,"Calving season"
38.3397683397683,0.032981774536411,0.296372188275527,4,"Winter","female",1479,44.5,"Calving season"
38.5328185328185,0.0345199850196879,0.310194452643196,4,"Winter","female",1479,44.5,"Calving season"
38.7258687258687,0.0362708300297496,0.325927437731382,4,"Winter","female",1479,44.5,"Calving season"
38.9189189189189,0.0382460115657162,0.343676296981196,4,"Winter","female",1479,44.5,"Calving season"
39.1119691119691,0.040432331187414,0.363322430024673,4,"Winter","female",1479,44.5,"Calving season"
39.3050193050193,0.0427811401077094,0.384428681866293,4,"Winter","female",1479,44.5,"Calving season"
39.4980694980695,0.0452505231071346,0.406618404933561,4,"Winter","female",1479,44.5,"Calving season"
39.6911196911197,0.0477752067871146,0.429305056499659,4,"Winter","female",1479,44.5,"Calving season"
39.8841698841699,0.0502856962317464,0.451864159543881,4,"Winter","female",1479,44.5,"Calving season"
40.0772200772201,0.0527182842984525,0.473723245619031,4,"Winter","female",1479,44.5,"Calving season"
40.2702702702703,0.0550058405380387,0.494279084656164,4,"Winter","female",1479,44.5,"Calving season"
40.4633204633205,0.0571177241438355,0.513256340259626,4,"Winter","female",1479,44.5,"Calving season"
40.6563706563707,0.0590222356989328,0.530370163427542,4,"Winter","female",1479,44.5,"Calving season"
40.8494208494209,0.0606975801718741,0.545424705353804,4,"Winter","female",1479,44.5,"Calving season"
41.042471042471,0.0621673461162399,0.558631931323518,4,"Winter","female",1479,44.5,"Calving season"
41.2355212355212,0.0634398271118532,0.570066366932573,4,"Winter","female",1479,44.5,"Calving season"
41.4285714285714,0.0645272489499818,0.579837872385955,4,"Winter","female",1479,44.5,"Calving season"
41.6216216216216,0.0654682732142971,0.588293858285913,4,"Winter","female",1479,44.5,"Calving season"
41.8146718146718,0.0662797285940024,0.595585546193904,4,"Winter","female",1479,44.5,"Calving season"
42.007722007722,0.0669744361501258,0.601828145372203,4,"Winter","female",1479,44.5,"Calving season"
42.2007722007722,0.0675792969213656,0.607263386892529,4,"Winter","female",1479,44.5,"Calving season"
42.3938223938224,0.068106730164303,0.612002869427226,4,"Winter","female",1479,44.5,"Calving season"
42.5868725868726,0.0685689915829379,0.616156721975242,4,"Winter","female",1479,44.5,"Calving season"
42.7799227799228,0.0689909774803426,0.619948661177821,4,"Winter","female",1479,44.5,"Calving season"
42.972972972973,0.0693926683196795,0.62355823024249,4,"Winter","female",1479,44.5,"Calving season"
43.1660231660232,0.0698025602628752,0.627241493919746,4,"Winter","female",1479,44.5,"Calving season"
43.3590733590734,0.0702497589785443,0.631259993949528,4,"Winter","female",1479,44.5,"Calving season"
43.5521235521236,0.0707623300160821,0.635865925624734,4,"Winter","female",1479,44.5,"Calving season"
43.7451737451737,0.0713786945991742,0.641404539687627,4,"Winter","female",1479,44.5,"Calving season"
43.9382239382239,0.0721096782482587,0.647973113596033,4,"Winter","female",1479,44.5,"Calving season"
44.1312741312741,0.0729652367398828,0.655661109342909,4,"Winter","female",1479,44.5,"Calving season"
44.3243243243243,0.073953242878784,0.664539271465221,4,"Winter","female",1479,44.5,"Calving season"
44.5173745173745,0.0750354830676344,0.674264214938327,4,"Winter","female",1479,44.5,"Calving season"
44.7104247104247,0.0761739047534389,0.684494001872008,4,"Winter","female",1479,44.5,"Calving season"
44.9034749034749,0.0773045684034962,0.694654075575778,4,"Winter","female",1479,44.5,"Calving season"
45.0965250965251,0.0783498071729458,0.704046526580203,4,"Winter","female",1479,44.5,"Calving season"
45.2895752895753,0.0792346384294655,0.711997565583875,4,"Winter","female",1479,44.5,"Calving season"
45.4826254826255,0.0798424804061044,0.717459596031731,4,"Winter","female",1479,44.5,"Calving season"
45.6756756756757,0.0801251892236908,0.72,4,"Winter","female",1479,44.5,"Calving season"
45.8687258687259,0.0800327456324139,0.719169307600216,4,"Winter","female",1479,44.5,"Calving season"
46.0617760617761,0.0794844687912227,0.714242525779389,4,"Winter","female",1479,44.5,"Calving season"
46.2548262548263,0.0785223937746392,0.705597379120124,4,"Winter","female",1479,44.5,"Calving season"
46.4478764478765,0.0771731940417928,0.693473553678197,4,"Winter","female",1479,44.5,"Calving season"
46.6409266409266,0.075452036599275,0.678007339237777,4,"Winter","female",1479,44.5,"Calving season"
46.8339768339768,0.0734667870923316,0.660168009822795,4,"Winter","female",1479,44.5,"Calving season"
47.027027027027,0.0712934861748766,0.64063886205131,4,"Winter","female",1479,44.5,"Calving season"
47.2200772200772,0.0690033048505443,0.620059434164833,4,"Winter","female",1479,44.5,"Calving season"
47.4131274131274,0.0666827561870557,0.599207127244879,4,"Winter","female",1479,44.5,"Calving season"
47.6061776061776,0.0643855275246467,0.57856437241385,4,"Winter","female",1479,44.5,"Calving season"
47.7992277992278,0.062159963712699,0.558565593501406,4,"Winter","female",1479,44.5,"Calving season"
47.992277992278,0.0600243929215093,0.539375486313466,4,"Winter","female",1479,44.5,"Calving season"
48.1853281853282,0.0579822321436346,0.521024755734036,4,"Winter","female",1479,44.5,"Calving season"
48.3783783783784,0.0560351583676414,0.503528471078766,4,"Winter","female",1479,44.5,"Calving season"
48.5714285714286,0.0541598814201996,0.486677348289044,4,"Winter","female",1479,44.5,"Calving season"
48.7644787644788,0.0523354210809777,0.470282860401191,4,"Winter","female",1479,44.5,"Calving season"
48.957528957529,0.05054213992675,0.454168546743355,4,"Winter","female",1479,44.5,"Calving season"
49.1505791505791,0.0487554897411047,0.438113818559522,4,"Winter","female",1479,44.5,"Calving season"
49.3436293436293,0.0469585533266365,0.421966658958997,4,"Winter","female",1479,44.5,"Calving season"
49.5366795366795,0.0451356700029346,0.405586342035174,4,"Winter","female",1479,44.5,"Calving season"
49.7297297297297,0.0432798629885308,0.388910174860824,4,"Winter","female",1479,44.5,"Calving season"
49.9227799227799,0.0413914405125042,0.371940927163407,4,"Winter","female",1479,44.5,"Calving season"
50.1158301158301,0.0394740924508458,0.354711755940609,4,"Winter","female",1479,44.5,"Calving season"
50.3088803088803,0.0375432936073657,0.33736171682339,4,"Winter","female",1479,44.5,"Calving season"
50.5019305019305,0.0356174718659952,0.320056401638228,4,"Winter","female",1479,44.5,"Calving season"
50.6949806949807,0.0337214558698256,0.303018919037955,4,"Winter","female",1479,44.5,"Calving season"
50.8880308880309,0.0318813965561628,0.286484259729526,4,"Winter","female",1479,44.5,"Calving season"
51.0810810810811,0.0301173293585739,0.270632460881124,4,"Winter","female",1479,44.5,"Calving season"
51.2741312741313,0.0284562663069133,0.255706250924144,4,"Winter","female",1479,44.5,"Calving season"
51.4671814671815,0.0269118608199548,0.241828318636137,4,"Winter","female",1479,44.5,"Calving season"
51.6602316602317,0.0254859615672429,0.229015276047414,4,"Winter","female",1479,44.5,"Calving season"
51.8532818532819,0.0241875506400428,0.217347835675147,4,"Winter","female",1479,44.5,"Calving season"
52.046332046332,0.0230077245596528,0.206745991409803,4,"Winter","female",1479,44.5,"Calving season"
52.2393822393822,0.0219287241303415,0.197050160215754,4,"Winter","female",1479,44.5,"Calving season"
52.4324324324324,0.0209400294674466,0.188165811059374,4,"Winter","female",1479,44.5,"Calving season"
52.6254826254826,0.020019563601002,0.179894561652525,4,"Winter","female",1479,44.5,"Calving season"
52.8185328185328,0.0191440039878841,0.172026837063633,4,"Winter","female",1479,44.5,"Calving season"
53.011583011583,0.0182959133148149,0.164405946672907,4,"Winter","female",1479,44.5,"Calving season"
53.2046332046332,0.0174558911826267,0.156857559692042,4,"Winter","female",1479,44.5,"Calving season"
53.3976833976834,0.0166100673868568,0.149257039320674,4,"Winter","female",1479,44.5,"Calving season"
53.5907335907336,0.0157483285040313,0.141513506960305,4,"Winter","female",1479,44.5,"Calving season"
53.7837837837838,0.0148651318845849,0.133577156704381,4,"Winter","female",1479,44.5,"Calving season"
53.976833976834,0.0139619163536901,0.125460917747008,4,"Winter","female",1479,44.5,"Calving season"
54.1698841698842,0.0130418048063239,0.117192852229506,4,"Winter","female",1479,44.5,"Calving season"
54.3629343629344,0.0121130159585365,0.108846813026528,4,"Winter","female",1479,44.5,"Calving season"
54.5559845559846,0.0111859658591051,0.100516398108853,4,"Winter","female",1479,44.5,"Calving season"
54.7490347490347,0.0102719939374177,0.0923035028883777,4,"Winter","female",1479,44.5,"Calving season"
54.9420849420849,0.00938488545712741,0.0843320008925963,4,"Winter","female",1479,44.5,"Calving season"
55.1351351351351,0.00853419407655475,0.0766877407049246,4,"Winter","female",1479,44.5,"Calving season"
55.3281853281853,0.00773223776359053,0.0694814108237901,4,"Winter","female",1479,44.5,"Calving season"
55.5212355212355,0.00699221846254042,0.0628316431050695,4,"Winter","female",1479,44.5,"Calving season"
55.7142857142857,0.00631801738667021,0.0567733138913767,4,"Winter","female",1479,44.5,"Calving season"
55.9073359073359,0.00571887780011247,0.0513894825831316,4,"Winter","female",1479,44.5,"Calving season"
56.1003861003861,0.00520389400061671,0.0467618699780394,4,"Winter","female",1479,44.5,"Calving season"
56.2934362934363,0.00476851896936741,0.0428496168459518,4,"Winter","female",1479,44.5,"Calving season"
56.4864864864865,0.00441446231642056,0.0396680856372073,4,"Winter","female",1479,44.5,"Calving season"
56.6795366795367,0.00414130697177566,0.0372135285865491,4,"Winter","female",1479,44.5,"Calving season"
56.8725868725869,0.00393430504548532,0.0353534220660771,4,"Winter","female",1479,44.5,"Calving season"
57.0656370656371,0.00378472725898198,0.0340093253179029,4,"Winter","female",1479,44.5,"Calving season"
57.2586872586873,0.0036807979001669,0.0330754225206446,4,"Winter","female",1479,44.5,"Calving season"
57.4517374517375,0.00360346725793261,0.0323805341472362,4,"Winter","female",1479,44.5,"Calving season"
57.6447876447876,0.00353911917948644,0.0318023062899278,4,"Winter","female",1479,44.5,"Calving season"
57.8378378378378,0.00347271875884176,0.0312056362124232,4,"Winter","female",1479,44.5,"Calving season"
58.030888030888,0.00339286495633005,0.0304880748766501,4,"Winter","female",1479,44.5,"Calving season"
58.2239382239382,0.00329151391000035,0.0295773406360897,4,"Winter","female",1479,44.5,"Calving season"
58.4169884169884,0.00316138375313558,0.0284079990863174,4,"Winter","female",1479,44.5,"Calving season"
58.6100386100386,0.00300426412785061,0.0269961318408079,4,"Winter","female",1479,44.5,"Calving season"
58.8030888030888,0.00282186523510278,0.0253571066597029,4,"Winter","female",1479,44.5,"Calving season"
58.996138996139,0.0026173974872171,0.0235197721098063,4,"Winter","female",1479,44.5,"Calving season"
59.1891891891892,0.002399828154267,0.0215647075259743,4,"Winter","female",1479,44.5,"Calving season"
59.3822393822394,0.00217585065203871,0.0195520595289236,4,"Winter","female",1479,44.5,"Calving season"
59.5752895752896,0.00195346003712787,0.0175536712032651,4,"Winter","female",1479,44.5,"Calving season"
59.7683397683398,0.00173941575531969,0.0156302825112066,4,"Winter","female",1479,44.5,"Calving season"
59.96138996139,0.00153878120634408,0.0138273928498899,4,"Winter","female",1479,44.5,"Calving season"
60.1544401544402,0.00135783327848793,0.0122014059496567,4,"Winter","female",1479,44.5,"Calving season"
60.3474903474903,0.00119696795421193,0.0107558800844339,4,"Winter","female",1479,44.5,"Calving season"
60.5405405405405,0.00105697294048848,0.00949789354040858,4,"Winter","female",1479,44.5,"Calving season"
60.7335907335907,0.000939859529025344,0.00844551966060339,4,"Winter","female",1479,44.5,"Calving season"
60.9266409266409,0.000841441956822684,0.00756114543731028,4,"Winter","female",1479,44.5,"Calving season"
61.1196911196911,0.00075954795095248,0.00682525096020728,4,"Winter","female",1479,44.5,"Calving season"
61.3127413127413,0.000692781556739027,0.0062252922668246,4,"Winter","female",1479,44.5,"Calving season"
61.5057915057915,0.00063637958139812,0.00571846760108707,4,"Winter","female",1479,44.5,"Calving season"
61.6988416988417,0.000587571795040995,0.00527988384836702,4,"Winter","female",1479,44.5,"Calving season"
61.8918918918919,0.000544082408525035,0.00488909090803369,4,"Winter","female",1479,44.5,"Calving season"
62.0849420849421,0.000503028579263215,0.00452018373471033,4,"Winter","female",1479,44.5,"Calving season"
62.2779922779923,0.00046283503155775,0.00415900699830172,4,"Winter","female",1479,44.5,"Calving season"
62.4710424710425,0.000422323641256702,0.00379497414796644,4,"Winter","female",1479,44.5,"Calving season"
62.6640926640927,0.000381007884860161,0.00342371331359309,4,"Winter","female",1479,44.5,"Calving season"
62.8571428571429,0.000338960229199785,0.00304587567765377,4,"Winter","female",1479,44.5,"Calving season"
63.0501930501931,0.000296674334995572,0.00266589724487858,4,"Winter","female",1479,44.5,"Calving season"
63.2432432432432,0.00025507277350831,0.00229206818361787,4,"Winter","female",1479,44.5,"Calving season"
63.4362934362934,0.000215084951833833,0.00193274008861337,4,"Winter","female",1479,44.5,"Calving season"
63.6293436293436,0.000178053429072176,0.00159997711299085,4,"Winter","female",1479,44.5,"Calving season"
63.8223938223938,0.000144823559484918,0.00130137555791644,4,"Winter","female",1479,44.5,"Calving season"
64.015444015444,0.000116056723564409,0.00104287854763241,4,"Winter","female",1479,44.5,"Calving season"
64.2084942084942,9.28475550735467e-05,0.00083432239350254,4,"Winter","female",1479,44.5,"Calving season"
64.4015444015444,7.52774627169681e-05,0.000676438629117042,4,"Winter","female",1479,44.5,"Calving season"
64.5945945945946,6.33737823983409e-05,0.000569472893217383,4,"Winter","female",1479,44.5,"Calving season"
64.7876447876448,5.76928944960328e-05,0.000518424785508796,4,"Winter","female",1479,44.5,"Calving season"
64.980694980695,5.78038435392627e-05,0.000519421766756511,4,"Winter","female",1479,44.5,"Calving season"
65.1737451737452,6.3312856268903e-05,0.000568925414782445,4,"Winter","female",1479,44.5,"Calving season"
65.3667953667954,7.42863055351692e-05,0.000667532151917932,4,"Winter","female",1479,44.5,"Calving season"
65.5598455598456,8.98775009420855e-05,0.000807633670575696,4,"Winter","female",1479,44.5,"Calving season"
65.7528957528958,0.000109180611033953,0.000981090225259691,4,"Winter","female",1479,44.5,"Calving season"
65.9459459459459,0.00013138257874195,0.00118059573538249,4,"Winter","female",1479,44.5,"Calving season"
66.1389961389961,0.000154940555349365,0.00139228625769733,4,"Winter","female",1479,44.5,"Calving season"
66.3320463320463,0.000178350019950151,0.0016026422602961,4,"Winter","female",1479,44.5,"Calving season"
66.5250965250965,0.000199850339051782,0.00179584279939195,4,"Winter","female",1479,44.5,"Calving season"
66.7181467181467,0.000217700848317746,0.00195624637280023,4,"Winter","female",1479,44.5,"Calving season"
66.9111969111969,0.000230705600497691,0.00207310627241831,4,"Winter","female",1479,44.5,"Calving season"
67.1042471042471,0.000237380391533649,0.00213308553227969,4,"Winter","female",1479,44.5,"Calving season"
67.2972972972973,0.000237205993557924,0.00213151840284463,4,"Winter","female",1479,44.5,"Calving season"
67.4903474903475,0.000230518820964471,0.00207142788307258,4,"Winter","female",1479,44.5,"Calving season"
67.6833976833977,0.000217445543093464,0.00195395221582832,4,"Winter","female",1479,44.5,"Calving season"
67.8764478764479,0.000199202914394147,0.0017900250814182,4,"Winter","female",1479,44.5,"Calving season"
68.0694980694981,0.000177393330989093,0.00159404551239902,4,"Winter","female",1479,44.5,"Calving season"
68.2625482625483,0.000153374351168131,0.00137821244368935,4,"Winter","female",1479,44.5,"Calving season"
68.4555984555984,0.000128839576566912,0.00115774447495157,4,"Winter","female",1479,44.5,"Calving season"
68.6486486486486,0.000105103033724241,0.000944449367479045,4,"Winter","female",1479,44.5,"Calving season"
68.8416988416988,8.32810108995455e-05,0.000748358018603513,4,"Winter","female",1479,44.5,"Calving season"
69.034749034749,6.41717437138211e-05,0.000576643324297948,4,"Winter","female",1479,44.5,"Calving season"
69.2277992277992,4.79444362622612e-05,0.000430825742107845,4,"Winter","female",1479,44.5,"Calving season"
69.4208494208494,3.48087752182954e-05,0.000312789503525596,4,"Winter","female",1479,44.5,"Calving season"
69.6138996138996,2.46132334262304e-05,0.000221172994891925,4,"Winter","female",1479,44.5,"Calving season"
69.8069498069498,1.68390612501513e-05,0.000151314764028341,4,"Winter","female",1479,44.5,"Calving season"
70,1.11980882675966e-05,0.0001006253293226,4,"Winter","female",1479,44.5,"Calving season"
20,0.000175114347168053,0.00186162604640246,1,"Spring","male",1477,46.3,"Calving season"
20.1930501930502,0.000171612382223723,0.00182439694861931,1,"Spring","male",1477,46.3,"Calving season"
20.3861003861004,0.000171336059208554,0.00182145938164905,1,"Spring","male",1477,46.3,"Calving season"
20.5791505791506,0.000176057587487229,0.00187165355571047,1,"Spring","male",1477,46.3,"Calving season"
20.7722007722008,0.000187783144622237,0.00199630697745531,1,"Spring","male",1477,46.3,"Calving season"
20.965250965251,0.000207450350476884,0.00220538740559313,1,"Spring","male",1477,46.3,"Calving season"
21.1583011583012,0.000237882893005116,0.00252891323168914,1,"Spring","male",1477,46.3,"Calving season"
21.3513513513514,0.000279438625475414,0.00297068876404912,1,"Spring","male",1477,46.3,"Calving season"
21.5444015444015,0.000333398987142863,0.00354433687671357,1,"Spring","male",1477,46.3,"Calving season"
21.7374517374517,0.000401395435568721,0.00426720145919669,1,"Spring","male",1477,46.3,"Calving season"
21.9305019305019,0.000482252944378194,0.00512679090392948,1,"Spring","male",1477,46.3,"Calving season"
22.1235521235521,0.00057718171339307,0.00613597074446773,1,"Spring","male",1477,46.3,"Calving season"
22.3166023166023,0.000684336777050947,0.00727512730551169,1,"Spring","male",1477,46.3,"Calving season"
22.5096525096525,0.00080214870587155,0.0085275761129122,1,"Spring","male",1477,46.3,"Calving season"
22.7027027027027,0.000929341425935872,0.00987975133106997,1,"Spring","male",1477,46.3,"Calving season"
22.8957528957529,0.00106226830523403,0.0112928859186716,1,"Spring","male",1477,46.3,"Calving season"
23.0888030888031,0.00119845575955945,0.0127406834079438,1,"Spring","male",1477,46.3,"Calving season"
23.2818532818533,0.00133436120766655,0.0141854829125861,1,"Spring","male",1477,46.3,"Calving season"
23.4749034749035,0.00146717956926204,0.0155974638575247,1,"Spring","male",1477,46.3,"Calving season"
23.6679536679537,0.00159311485340927,0.01693627137913,1,"Spring","male",1477,46.3,"Calving season"
23.8610038610039,0.00171075761708599,0.018186921805969,1,"Spring","male",1477,46.3,"Calving season"
24.0540540540541,0.00181793504352769,0.0193263161039061,1,"Spring","male",1477,46.3,"Calving season"
24.2471042471042,0.00191374897991418,0.0203449060850814,1,"Spring","male",1477,46.3,"Calving season"
24.4401544401544,0.00199929379096653,0.0212543258497384,1,"Spring","male",1477,46.3,"Calving season"
24.6332046332046,0.00207440693449315,0.0220528474253699,1,"Spring","male",1477,46.3,"Calving season"
24.8262548262548,0.00214237798601185,0.0227754420154473,1,"Spring","male",1477,46.3,"Calving season"
25.019305019305,0.00220548857816723,0.0234463654666685,1,"Spring","male",1477,46.3,"Calving season"
25.2123552123552,0.00226706703670601,0.0241010009329624,1,"Spring","male",1477,46.3,"Calving season"
25.4054054054054,0.00233037852650884,0.0247740601103489,1,"Spring","male",1477,46.3,"Calving season"
25.5984555984556,0.0023991222951779,0.0255048693921227,1,"Spring","male",1477,46.3,"Calving season"
25.7915057915058,0.00247587055872997,0.0263207737926205,1,"Spring","male",1477,46.3,"Calving season"
25.984555984556,0.00256270965726148,0.0272439530197184,1,"Spring","male",1477,46.3,"Calving season"
26.1776061776062,0.00266230777218056,0.0283027722878392,1,"Spring","male",1477,46.3,"Calving season"
26.3706563706564,0.00277394442446157,0.0294895722444417,1,"Spring","male",1477,46.3,"Calving season"
26.5637065637066,0.00289880231872672,0.0308169261239037,1,"Spring","male",1477,46.3,"Calving season"
26.7567567567568,0.00303543171157409,0.0322694218248112,1,"Spring","male",1477,46.3,"Calving season"
26.9498069498069,0.00318207676182125,0.0338283931457283,1,"Spring","male",1477,46.3,"Calving season"
27.1428571428571,0.00333786182176387,0.0354845311488082,1,"Spring","male",1477,46.3,"Calving season"
27.3359073359073,0.00349947084045835,0.0372025831725322,1,"Spring","male",1477,46.3,"Calving season"
27.5289575289575,0.00366513490730934,0.0389637440756237,1,"Spring","male",1477,46.3,"Calving season"
27.7220077220077,0.00383234985366065,0.0407413922495717,1,"Spring","male",1477,46.3,"Calving season"
27.9150579150579,0.00399910815754367,0.042514185895455,1,"Spring","male",1477,46.3,"Calving season"
28.1081081081081,0.00416317225445002,0.0442583376512632,1,"Spring","male",1477,46.3,"Calving season"
28.3011583011583,0.00432324686161194,0.0459600774737249,1,"Spring","male",1477,46.3,"Calving season"
28.4942084942085,0.00447784008649174,0.0476035451774728,1,"Spring","male",1477,46.3,"Calving season"
28.6872586872587,0.00462557075802454,0.0491740576478991,1,"Spring","male",1477,46.3,"Calving season"
28.8803088803089,0.00476628706729344,0.0506700010170464,1,"Spring","male",1477,46.3,"Calving season"
29.0733590733591,0.00489844520190706,0.052074963143905,1,"Spring","male",1477,46.3,"Calving season"
29.2664092664093,0.00502257907720435,0.0533946200379945,1,"Spring","male",1477,46.3,"Calving season"
29.4594594594595,0.00513866135764068,0.0546286810974157,1,"Spring","male",1477,46.3,"Calving season"
29.6525096525097,0.00524672903281034,0.0557775395554662,1,"Spring","male",1477,46.3,"Calving season"
29.8455598455598,0.0053486544857798,0.0568611005606489,1,"Spring","male",1477,46.3,"Calving season"
30.03861003861,0.00544553401811904,0.0578910188036865,1,"Spring","male",1477,46.3,"Calving season"
30.2316602316602,0.00554021178424905,0.0588975302534519,1,"Spring","male",1477,46.3,"Calving season"
30.4247104247104,0.0056355309571996,0.059910860445729,1,"Spring","male",1477,46.3,"Calving season"
30.6177606177606,0.00573582437964516,0.0609770714702793,1,"Spring","male",1477,46.3,"Calving season"
30.8108108108108,0.00584460453902245,0.0621335042886264,1,"Spring","male",1477,46.3,"Calving season"
31.003861003861,0.00596718733804791,0.0634366718199979,1,"Spring","male",1477,46.3,"Calving season"
31.1969111969112,0.00610828903286249,0.0649367121907977,1,"Spring","male",1477,46.3,"Calving season"
31.3899613899614,0.00627071991780453,0.0666635014061789,1,"Spring","male",1477,46.3,"Calving season"
31.5830115830116,0.00646248925746361,0.0687021852912186,1,"Spring","male",1477,46.3,"Calving season"
31.7760617760618,0.00668293756424024,0.0710457528881491,1,"Spring","male",1477,46.3,"Calving season"
31.969111969112,0.00693650957212999,0.0737414557940515,1,"Spring","male",1477,46.3,"Calving season"
32.1621621621622,0.00722549135548111,0.0768135970750055,1,"Spring","male",1477,46.3,"Calving season"
32.3552123552124,0.0075475558151961,0.0802374375342374,1,"Spring","male",1477,46.3,"Calving season"
32.5482625482625,0.00790699595729232,0.0840586157613233,1,"Spring","male",1477,46.3,"Calving season"
32.7413127413127,0.00829856832100601,0.0882213889614039,1,"Spring","male",1477,46.3,"Calving season"
32.9343629343629,0.00872150794149693,0.0927176248569463,1,"Spring","male",1477,46.3,"Calving season"
33.1274131274131,0.00917484263965858,0.0975369882928035,1,"Spring","male",1477,46.3,"Calving season"
33.3204633204633,0.00965305974500051,0.102620874527924,1,"Spring","male",1477,46.3,"Calving season"
33.5135135135135,0.0101562306239449,0.1079700422528,1,"Spring","male",1477,46.3,"Calving season"
33.7065637065637,0.0106798494775838,0.113536590694351,1,"Spring","male",1477,46.3,"Calving season"
33.8996138996139,0.0112217609622989,0.119297606574005,1,"Spring","male",1477,46.3,"Calving season"
34.0926640926641,0.0117818905782976,0.125252297890666,1,"Spring","male",1477,46.3,"Calving season"
34.2857142857143,0.0123572734439812,0.13136914523489,1,"Spring","male",1477,46.3,"Calving season"
34.4787644787645,0.0129492219618973,0.137662100648899,1,"Spring","male",1477,46.3,"Calving season"
34.6718146718147,0.01355759629263,0.144129677511506,1,"Spring","male",1477,46.3,"Calving season"
34.8648648648649,0.0141824436815587,0.150772378084406,1,"Spring","male",1477,46.3,"Calving season"
35.0579150579151,0.0148273719891736,0.157628557232115,1,"Spring","male",1477,46.3,"Calving season"
35.2509652509653,0.0154908192496416,0.164681609825894,1,"Spring","male",1477,46.3,"Calving season"
35.4440154440154,0.0161749044889509,0.171954063054615,1,"Spring","male",1477,46.3,"Calving season"
35.6370656370656,0.0168795843189179,0.17944545566211,1,"Spring","male",1477,46.3,"Calving season"
35.8301158301158,0.0176024500963453,0.187130181563069,1,"Spring","male",1477,46.3,"Calving season"
36.023166023166,0.0183439304614913,0.195012797596392,1,"Spring","male",1477,46.3,"Calving season"
36.2162162162162,0.0190986967446771,0.203036655118337,1,"Spring","male",1477,46.3,"Calving season"
36.4092664092664,0.0198638178687518,0.211170594091728,1,"Spring","male",1477,46.3,"Calving season"
36.6023166023166,0.0206350182326187,0.219369160957252,1,"Spring","male",1477,46.3,"Calving season"
36.7953667953668,0.0214079365904248,0.227585991673318,1,"Spring","male",1477,46.3,"Calving season"
36.988416988417,0.0221790017206539,0.235783120881296,1,"Spring","male",1477,46.3,"Calving season"
37.1814671814672,0.0229459512156832,0.243936497114093,1,"Spring","male",1477,46.3,"Calving season"
37.3745173745174,0.0237080404845637,0.252038204687318,1,"Spring","male",1477,46.3,"Calving season"
37.5675675675676,0.0244660477494338,0.260096516815736,1,"Spring","male",1477,46.3,"Calving season"
37.7606177606178,0.0252231696179208,0.268145416368917,1,"Spring","male",1477,46.3,"Calving season"
37.953667953668,0.0259839569996839,0.276233283688579,1,"Spring","male",1477,46.3,"Calving season"
38.1467181467181,0.0267542014373909,0.284421688182677,1,"Spring","male",1477,46.3,"Calving season"
38.3397683397683,0.0275390423116647,0.292765266178758,1,"Spring","male",1477,46.3,"Calving season"
38.5328185328185,0.0283466703146353,0.301351092242976,1,"Spring","male",1477,46.3,"Calving season"
38.7258687258687,0.0291783647806284,0.310192766872043,1,"Spring","male",1477,46.3,"Calving season"
38.9189189189189,0.0300382447745399,0.319334079501956,1,"Spring","male",1477,46.3,"Calving season"
39.1119691119691,0.0309249794660959,0.328760882186862,1,"Spring","male",1477,46.3,"Calving season"
39.3050193050193,0.0318331832267402,0.338415920757936,1,"Spring","male",1477,46.3,"Calving season"
39.4980694980695,0.0327578373689508,0.34824584196594,1,"Spring","male",1477,46.3,"Calving season"
39.6911196911197,0.0336864937676838,0.358118310829846,1,"Spring","male",1477,46.3,"Calving season"
39.8841698841699,0.0346078429412576,0.367913097191412,1,"Spring","male",1477,46.3,"Calving season"
40.0772200772201,0.0355072588006984,0.377474712316389,1,"Spring","male",1477,46.3,"Calving season"
40.2702702702703,0.036375149051144,0.386701181316658,1,"Spring","male",1477,46.3,"Calving season"
40.4633204633205,0.0371955982486535,0.395423308432649,1,"Spring","male",1477,46.3,"Calving season"
40.6563706563707,0.0379662248793924,0.403615775989053,1,"Spring","male",1477,46.3,"Calving season"
40.8494208494209,0.0386836709157463,0.411242885073854,1,"Spring","male",1477,46.3,"Calving season"
41.042471042471,0.0393479793769665,0.418305093021134,1,"Spring","male",1477,46.3,"Calving season"
41.2355212355212,0.0399727394579199,0.424946865430218,1,"Spring","male",1477,46.3,"Calving season"
41.4285714285714,0.0405680946742081,0.431276037171012,1,"Spring","male",1477,46.3,"Calving season"
41.6216216216216,0.0411555304845146,0.437521018366108,1,"Spring","male",1477,46.3,"Calving season"
41.8146718146718,0.0417548075930621,0.443891883417013,1,"Spring","male",1477,46.3,"Calving season"
42.007722007722,0.0423935364213033,0.450682156415608,1,"Spring","male",1477,46.3,"Calving season"
42.2007722007722,0.0430890247936889,0.458075835402747,1,"Spring","male",1477,46.3,"Calving season"
42.3938223938224,0.0438675088066254,0.466351834135163,1,"Spring","male",1477,46.3,"Calving season"
42.5868725868726,0.0447447513327812,0.475677726399926,1,"Spring","male",1477,46.3,"Calving season"
42.7799227799228,0.0457261643625328,0.486111046616178,1,"Spring","male",1477,46.3,"Calving season"
42.972972972973,0.0468343535665248,0.497892113786612,1,"Spring","male",1477,46.3,"Calving season"
43.1660231660232,0.0480524072804671,0.510841141416063,1,"Spring","male",1477,46.3,"Calving season"
43.3590733590734,0.0493827379537718,0.524983776053391,1,"Spring","male",1477,46.3,"Calving season"
43.5521235521236,0.0508131208752825,0.540190057812007,1,"Spring","male",1477,46.3,"Calving season"
43.7451737451737,0.0523203092511115,0.556212851961396,1,"Spring","male",1477,46.3,"Calving season"
43.9382239382239,0.053891183214899,0.57291268229452,1,"Spring","male",1477,46.3,"Calving season"
44.1312741312741,0.0554926164928613,0.589937386152561,1,"Spring","male",1477,46.3,"Calving season"
44.3243243243243,0.0570997125004498,0.607022290017834,1,"Spring","male",1477,46.3,"Calving season"
44.5173745173745,0.0586796544819654,0.623818521692509,1,"Spring","male",1477,46.3,"Calving season"
44.7104247104247,0.0602071328621439,0.640057017188986,1,"Spring","male",1477,46.3,"Calving season"
44.9034749034749,0.0616441919322344,0.655334272527362,1,"Spring","male",1477,46.3,"Calving season"
45.0965250965251,0.0629697602659454,0.669426279128937,1,"Spring","male",1477,46.3,"Calving season"
45.2895752895753,0.0641621352107363,0.682102317901306,1,"Spring","male",1477,46.3,"Calving season"
45.4826254826255,0.065187903749651,0.693007177842858,1,"Spring","male",1477,46.3,"Calving season"
45.6756756756757,0.0660526214364504,0.702199919583121,1,"Spring","male",1477,46.3,"Calving season"
45.8687258687259,0.066731695653564,0.709419101052049,1,"Spring","male",1477,46.3,"Calving season"
46.0617760617761,0.0672319740322368,0.71473751884734,1,"Spring","male",1477,46.3,"Calving season"
46.2548262548263,0.0675643055445724,0.718270507488245,1,"Spring","male",1477,46.3,"Calving season"
46.4478764478765,0.0677175460084224,0.719899594102103,1,"Spring","male",1477,46.3,"Calving season"
46.6409266409266,0.0677269907158039,0.72,1,"Spring","male",1477,46.3,"Calving season"
46.8339768339768,0.0675950062834456,0.718596884487357,1,"Spring","male",1477,46.3,"Calving season"
47.027027027027,0.0673392035959325,0.715877467412083,1,"Spring","male",1477,46.3,"Calving season"
47.2200772200772,0.0669810184625617,0.712069631078277,1,"Spring","male",1477,46.3,"Calving season"
47.4131274131274,0.0665187606688292,0.707155406956258,1,"Spring","male",1477,46.3,"Calving season"
47.6061776061776,0.0659755496417109,0.701380575749503,1,"Spring","male",1477,46.3,"Calving season"
47.7992277992278,0.0653535350734964,0.694767990657783,1,"Spring","male",1477,46.3,"Calving season"
47.992277992278,0.0646560235226092,0.687352803428423,1,"Spring","male",1477,46.3,"Calving season"
48.1853281853282,0.0638930939311118,0.679242162455416,1,"Spring","male",1477,46.3,"Calving season"
48.3783783783784,0.0630595926452934,0.670381279675204,1,"Spring","male",1477,46.3,"Calving season"
48.5714285714286,0.0621658781023023,0.660880274770767,1,"Spring","male",1477,46.3,"Calving season"
48.7644787644788,0.0612151281706174,0.650772931397346,1,"Spring","male",1477,46.3,"Calving season"
48.957528957529,0.0602098181364144,0.640085564116205,1,"Spring","male",1477,46.3,"Calving season"
49.1505791505791,0.0591622667810783,0.628949132866707,1,"Spring","male",1477,46.3,"Calving season"
49.3436293436293,0.0580759937052618,0.617401054230379,1,"Spring","male",1477,46.3,"Calving season"
49.5366795366795,0.0569621240206565,0.605559598343448,1,"Spring","male",1477,46.3,"Calving season"
49.7297297297297,0.0558286537877779,0.593509770659577,1,"Spring","male",1477,46.3,"Calving season"
49.9227799227799,0.0546817832260996,0.581317485195819,1,"Spring","male",1477,46.3,"Calving season"
50.1158301158301,0.0535289624084179,0.56906194305585,1,"Spring","male",1477,46.3,"Calving season"
50.3088803088803,0.0523740807717776,0.556784492521097,1,"Spring","male",1477,46.3,"Calving season"
50.5019305019305,0.0512201971300332,0.544517651586997,1,"Spring","male",1477,46.3,"Calving season"
50.6949806949807,0.0500683449095488,0.532272406523196,1,"Spring","male",1477,46.3,"Calving season"
50.8880308880309,0.0489187278246084,0.520050922999289,1,"Spring","male",1477,46.3,"Calving season"
51.0810810810811,0.0477698960050986,0.507837787566799,1,"Spring","male",1477,46.3,"Calving season"
51.2741312741313,0.0466201479750544,0.495614911976393,1,"Spring","male",1477,46.3,"Calving season"
51.4671814671815,0.0454669931615191,0.48335581915431,1,"Spring","male",1477,46.3,"Calving season"
51.6602316602317,0.0443084863148984,0.471039829314055,1,"Spring","male",1477,46.3,"Calving season"
51.8532818532819,0.0431410785778298,0.45862921484845,1,"Spring","male",1477,46.3,"Calving season"
52.046332046332,0.0419631793796609,0.446107066533307,1,"Spring","male",1477,46.3,"Calving season"
52.2393822393822,0.0407721768920176,0.433445618238617,1,"Spring","male",1477,46.3,"Calving season"
52.4324324324324,0.0395647120999636,0.420609160556229,1,"Spring","male",1477,46.3,"Calving season"
52.6254826254826,0.0383403281338376,0.40759283654281,1,"Spring","male",1477,46.3,"Calving season"
52.8185328185328,0.0370948906040446,0.394352693846765,1,"Spring","male",1477,46.3,"Calving season"
53.011583011583,0.0358283605673181,0.38088831846547,1,"Spring","male",1477,46.3,"Calving season"
53.2046332046332,0.0345401168086163,0.367193106313532,1,"Spring","male",1477,46.3,"Calving season"
53.3976833976834,0.0332281836891087,0.353246054539015,1,"Spring","male",1477,46.3,"Calving season"
53.5907335907336,0.0318965044824394,0.339089083755753,1,"Spring","male",1477,46.3,"Calving season"
53.7837837837838,0.0305458171457763,0.324730039124962,1,"Spring","male",1477,46.3,"Calving season"
53.976833976834,0.0291813731059298,0.310224748127879,1,"Spring","male",1477,46.3,"Calving season"
54.1698841698842,0.0278089343538475,0.29563446601058,1,"Spring","male",1477,46.3,"Calving season"
54.3629343629344,0.0264356303071819,0.281034985018602,1,"Spring","male",1477,46.3,"Calving season"
54.5559845559846,0.0250697410578277,0.266514330119557,1,"Spring","male",1477,46.3,"Calving season"
54.7490347490347,0.02372059589938,0.252171680256986,1,"Spring","male",1477,46.3,"Calving season"
54.9420849420849,0.0223982877692541,0.238114332608311,1,"Spring","male",1477,46.3,"Calving season"
55.1351351351351,0.0211088883523745,0.224406834750494,1,"Spring","male",1477,46.3,"Calving season"
55.3281853281853,0.0198666519899572,0.211200723398321,1,"Spring","male",1477,46.3,"Calving season"
55.5212355212355,0.0186729471660873,0.198510546792176,1,"Spring","male",1477,46.3,"Calving season"
55.7142857142857,0.0175353814240123,0.186417180090991,1,"Spring","male",1477,46.3,"Calving season"
55.9073359073359,0.0164605186821995,0.174990403765542,1,"Spring","male",1477,46.3,"Calving season"
56.1003861003861,0.0154448063750468,0.164192450786667,1,"Spring","male",1477,46.3,"Calving season"
56.2934362934363,0.0144967992989993,0.154114266483184,1,"Spring","male",1477,46.3,"Calving season"
56.4864864864865,0.0136100119118424,0.144686903595731,1,"Spring","male",1477,46.3,"Calving season"
56.6795366795367,0.0127834949019294,0.135900270071226,1,"Spring","male",1477,46.3,"Calving season"
56.8725868725869,0.0120192053345636,0.127775171307979,1,"Spring","male",1477,46.3,"Calving season"
57.0656370656371,0.0113075497040554,0.12020961954567,1,"Spring","male",1477,46.3,"Calving season"
57.2586872586873,0.0106506630500145,0.113226312212644,1,"Spring","male",1477,46.3,"Calving season"
57.4517374517375,0.0100416592564197,0.106752043582753,1,"Spring","male",1477,46.3,"Calving season"
57.6447876447876,0.009475495232962,0.100733200982761,1,"Spring","male",1477,46.3,"Calving season"
57.8378378378378,0.00895256954927965,0.0951740215733109,1,"Spring","male",1477,46.3,"Calving season"
58.030888030888,0.00846341070226926,0.0899738145934177,1,"Spring","male",1477,46.3,"Calving season"
58.2239382239382,0.00800677538760225,0.0851193625782698,1,"Spring","male",1477,46.3,"Calving season"
58.4169884169884,0.00757753312056848,0.0805561237720282,1,"Spring","male",1477,46.3,"Calving season"
58.6100386100386,0.00717019888014127,0.0762257873727888,1,"Spring","male",1477,46.3,"Calving season"
58.8030888030888,0.00678376970710279,0.0721176910046037,1,"Spring","male",1477,46.3,"Calving season"
58.996138996139,0.00641195563863924,0.0681649665964411,1,"Spring","male",1477,46.3,"Calving season"
59.1891891891892,0.00605296547387183,0.064348572040877,1,"Spring","male",1477,46.3,"Calving season"
59.3822393822394,0.00570457825328867,0.0606448965022362,1,"Spring","male",1477,46.3,"Calving season"
59.5752895752896,0.00536452208648564,0.0570297877027683,1,"Spring","male",1477,46.3,"Calving season"
59.7683397683398,0.0050331432150227,0.0535069265076726,1,"Spring","male",1477,46.3,"Calving season"
59.96138996139,0.0047096385568978,0.0500677754190421,1,"Spring","male",1477,46.3,"Calving season"
60.1544401544402,0.00439493264468843,0.0467221630657403,1,"Spring","male",1477,46.3,"Calving season"
60.3474903474903,0.00409110441875495,0.0434921904896657,1,"Spring","male",1477,46.3,"Calving season"
60.5405405405405,0.00379873280253878,0.0403840121777284,1,"Spring","male",1477,46.3,"Calving season"
60.7335907335907,0.0035212670638398,0.0374342970087559,1,"Spring","male",1477,46.3,"Calving season"
60.9266409266409,0.00325980181378592,0.0346546817025222,1,"Spring","male",1477,46.3,"Calving season"
61.1196911196911,0.00301570102801624,0.0320596665704952,1,"Spring","male",1477,46.3,"Calving season"
61.3127413127413,0.00279228967270362,0.0296845990512534,1,"Spring","male",1477,46.3,"Calving season"
61.5057915057915,0.00258788652753723,0.0275116062316352,1,"Spring","male",1477,46.3,"Calving season"
61.6988416988417,0.00240445119317453,0.025561520463092,1,"Spring","male",1477,46.3,"Calving season"
61.8918918918919,0.00224071991040138,0.0238209068266269,1,"Spring","male",1477,46.3,"Calving season"
62.0849420849421,0.00209456090586009,0.0222671026171455,1,"Spring","male",1477,46.3,"Calving season"
62.2779922779923,0.00196647245388989,0.0209054049476663,1,"Spring","male",1477,46.3,"Calving season"
62.4710424710425,0.00185185389368866,0.0196869045762092,1,"Spring","male",1477,46.3,"Calving season"
62.6640926640927,0.00174934866068838,0.0185971799777858,1,"Spring","male",1477,46.3,"Calving season"
62.8571428571429,0.001656226244691,0.0176072033257969,1,"Spring","male",1477,46.3,"Calving season"
63.0501930501931,0.00156952717944969,0.0166855127809492,1,"Spring","male",1477,46.3,"Calving season"
63.2432432432432,0.00148765581188721,0.0158151450882174,1,"Spring","male",1477,46.3,"Calving season"
63.4362934362934,0.0014081146972624,0.0149695501204714,1,"Spring","male",1477,46.3,"Calving season"
63.6293436293436,0.00132960140431798,0.0141348818394431,1,"Spring","male",1477,46.3,"Calving season"
63.8223938223938,0.00125097016233996,0.0132989596520578,1,"Spring","male",1477,46.3,"Calving season"
64.015444015444,0.00117164745510927,0.0124556865551362,1,"Spring","male",1477,46.3,"Calving season"
64.2084942084942,0.00109129031244081,0.0116014164611928,1,"Spring","male",1477,46.3,"Calving season"
64.4015444015444,0.00101009676279237,0.0107382545942765,1,"Spring","male",1477,46.3,"Calving season"
64.5945945945946,0.000928415134950883,0.00986990400872266,1,"Spring","male",1477,46.3,"Calving season"
64.7876447876448,0.000846864055243884,0.00900294126951834,1,"Spring","male",1477,46.3,"Calving season"
64.980694980695,0.000766114188868806,0.00814449616254433,1,"Spring","male",1477,46.3,"Calving season"
65.1737451737452,0.000687058919018658,0.00730406617015099,1,"Spring","male",1477,46.3,"Calving season"
65.3667953667954,0.000610478859786324,0.00648994993577334,1,"Spring","male",1477,46.3,"Calving season"
65.5598455598456,0.000536974420466765,0.00570853036064179,1,"Spring","male",1477,46.3,"Calving season"
65.7528957528958,0.000467749147252066,0.00497260224412866,1,"Spring","male",1477,46.3,"Calving season"
65.9459459459459,0.000402851229934804,0.00428267788790705,1,"Spring","male",1477,46.3,"Calving season"
66.1389961389961,0.000343117663032594,0.00364765531101355,1,"Spring","male",1477,46.3,"Calving season"
66.3320463320463,0.000288876828555495,0.0030710255152592,1,"Spring","male",1477,46.3,"Calving season"
66.5250965250965,0.000239921419529495,0.00255058463746163,1,"Spring","male",1477,46.3,"Calving season"
66.7181467181467,0.00019712643089853,0.00209563467602617,1,"Spring","male",1477,46.3,"Calving season"
66.9111969111969,0.000159603854217776,0.00169673528710295,1,"Spring","male",1477,46.3,"Calving season"
67.1042471042471,0.000127454657217485,0.00135495985022667,1,"Spring","male",1477,46.3,"Calving season"
67.2972972972973,0.000100476862532461,0.00106816116084265,1,"Spring","male",1477,46.3,"Calving season"
67.4903474903475,7.78435988431978e-05,0.000827548818790555,1,"Spring","male",1477,46.3,"Calving season"
67.6833976833977,5.96259403602371e-05,0.000633878408085729,1,"Spring","male",1477,46.3,"Calving season"
67.8764478764479,4.48885037013098e-05,0.000477205945862309,1,"Spring","male",1477,46.3,"Calving season"
68.0694980694981,3.322635582131e-05,0.000353226622628618,1,"Spring","male",1477,46.3,"Calving season"
68.2625482625483,2.43004260904503e-05,0.000258335806747154,1,"Spring","male",1477,46.3,"Calving season"
68.4555984555984,1.73955781037332e-05,0.000184930942631787,1,"Spring","male",1477,46.3,"Calving season"
68.6486486486486,1.23094777299581e-05,0.000130861032978123,1,"Spring","male",1477,46.3,"Calving season"
68.8416988416988,8.5513575262142e-06,9.09087699571673e-05,1,"Spring","male",1477,46.3,"Calving season"
69.034749034749,5.81500657974726e-06,6.18188508476141e-05,1,"Spring","male",1477,46.3,"Calving season"
69.2277992277992,3.92365685993024e-06,4.17120694318781e-05,1,"Spring","male",1477,46.3,"Calving season"
69.4208494208494,2.57967641765593e-06,2.74243252369821e-05,1,"Spring","male",1477,46.3,"Calving season"
69.6138996138996,1.67547863246444e-06,1.78118738574472e-05,1,"Spring","male",1477,46.3,"Calving season"
69.8069498069498,1.06953906029788e-06,1.1370180710462e-05,1,"Spring","male",1477,46.3,"Calving season"
70,6.63620922453037e-07,7.05489877988469e-06,1,"Spring","male",1477,46.3,"Calving season"
20,0.000320079571861389,0.00373845769359395,2,"Summer","male",819,44.7,"Calving season"
20.1930501930502,0.000390792743636801,0.0045643716984299,2,"Summer","male",819,44.7,"Calving season"
20.3861003861004,0.000471257620333781,0.00550418343212649,2,"Summer","male",819,44.7,"Calving season"
20.5791505791506,0.000561338498898667,0.00655630791341778,2,"Summer","male",819,44.7,"Calving season"
20.7722007722008,0.00066003018231095,0.00770900466629322,2,"Summer","male",819,44.7,"Calving season"
20.965250965251,0.000767355549498262,0.00896254091150213,2,"Summer","male",819,44.7,"Calving season"
21.1583011583012,0.000881030049878838,0.0102902336100454,2,"Summer","male",819,44.7,"Calving season"
21.3513513513514,0.00100045401110115,0.0116850787231985,2,"Summer","male",819,44.7,"Calving season"
21.5444015444015,0.00112316375376474,0.0131183010274895,2,"Summer","male",819,44.7,"Calving season"
21.7374517374517,0.00124758949433535,0.0145715658029083,2,"Summer","male",819,44.7,"Calving season"
21.9305019305019,0.00137167544723288,0.0160208619344266,2,"Summer","male",819,44.7,"Calving season"
22.1235521235521,0.0014938049583185,0.0174473072638731,2,"Summer","male",819,44.7,"Calving season"
22.3166023166023,0.00161213490099983,0.0188293744855548,2,"Summer","male",819,44.7,"Calving season"
22.5096525096525,0.00172612514076535,0.0201607549493807,2,"Summer","male",819,44.7,"Calving season"
22.7027027027027,0.0018342562962876,0.0214237026218251,2,"Summer","male",819,44.7,"Calving season"
22.8957528957529,0.00193729462748372,0.0226271672470592,2,"Summer","male",819,44.7,"Calving season"
23.0888030888031,0.0020350860966014,0.0237693496986439,2,"Summer","male",819,44.7,"Calving season"
23.2818532818533,0.00212887400518445,0.0248647714600808,2,"Summer","male",819,44.7,"Calving season"
23.4749034749035,0.00221990254314789,0.0259279643908481,2,"Summer","male",819,44.7,"Calving season"
23.6679536679537,0.00230979076368693,0.0269778386695576,2,"Summer","male",819,44.7,"Calving season"
23.8610038610039,0.00240018838303066,0.028033662612188,2,"Summer","male",819,44.7,"Calving season"
24.0540540540541,0.00249308124820574,0.0291186304671318,2,"Summer","male",819,44.7,"Calving season"
24.2471042471042,0.00258944496265694,0.0302441370640645,2,"Summer","male",819,44.7,"Calving season"
24.4401544401544,0.00269084307836929,0.0314284443398969,2,"Summer","male",819,44.7,"Calving season"
24.6332046332046,0.00279747904413194,0.0326739285309087,2,"Summer","male",819,44.7,"Calving season"
24.8262548262548,0.00290956350619056,0.0339830499380595,2,"Summer","male",819,44.7,"Calving season"
25.019305019305,0.00302673690183757,0.0353516089494755,2,"Summer","male",819,44.7,"Calving season"
25.2123552123552,0.00314779208286211,0.0367655063444851,2,"Summer","male",819,44.7,"Calving season"
25.4054054054054,0.00327187019995784,0.0382147109555936,2,"Summer","male",819,44.7,"Calving season"
25.5984555984556,0.00339721793695151,0.0396787444426838,2,"Summer","male",819,44.7,"Calving season"
25.7915057915058,0.00352254215864031,0.0411425032762812,2,"Summer","male",819,44.7,"Calving season"
25.984555984556,0.00364662191909611,0.0425917270814673,2,"Summer","male",819,44.7,"Calving season"
26.1776061776062,0.00376857016128357,0.044016055230792,2,"Summer","male",819,44.7,"Calving season"
26.3706563706564,0.00388803617970758,0.0454113915626391,2,"Summer","male",819,44.7,"Calving season"
26.5637065637066,0.00400539120925561,0.0467820720173286,2,"Summer","male",819,44.7,"Calving season"
26.7567567567568,0.00412146169402971,0.0481377492768283,2,"Summer","male",819,44.7,"Calving season"
26.9498069498069,0.00423786931299696,0.0494973641881778,2,"Summer","male",819,44.7,"Calving season"
27.1428571428571,0.00435709905853701,0.0508899409056712,2,"Summer","male",819,44.7,"Calving season"
27.3359073359073,0.00448147469359714,0.0523426204599525,2,"Summer","male",819,44.7,"Calving season"
27.5289575289575,0.00461450862134608,0.0538964269331674,2,"Summer","male",819,44.7,"Calving season"
27.7220077220077,0.00475943511625744,0.0555891359266098,2,"Summer","male",819,44.7,"Calving season"
27.9150579150579,0.00491910199130752,0.0574540092578625,2,"Summer","male",819,44.7,"Calving season"
28.1081081081081,0.00509825782513022,0.0595465092615702,2,"Summer","male",819,44.7,"Calving season"
28.3011583011583,0.0052971887879005,0.0618699783412672,2,"Summer","male",819,44.7,"Calving season"
28.4942084942085,0.00552244623548509,0.064500934865811,2,"Summer","male",819,44.7,"Calving season"
28.6872586872587,0.00577181518447105,0.0674135083251498,2,"Summer","male",819,44.7,"Calving season"
28.8803088803089,0.00604951467719037,0.0706569761885512,2,"Summer","male",819,44.7,"Calving season"
29.0733590733591,0.00635436504049585,0.0742175601379318,2,"Summer","male",819,44.7,"Calving season"
29.2664092664093,0.00668625584105101,0.0780939703366614,2,"Summer","male",819,44.7,"Calving season"
29.4594594594595,0.00704522145386603,0.0822866082771581,2,"Summer","male",819,44.7,"Calving season"
29.6525096525097,0.00742694012310286,0.0867449968194136,2,"Summer","male",819,44.7,"Calving season"
29.8455598455598,0.00783224922640479,0.0914789163467083,2,"Summer","male",819,44.7,"Calving season"
30.03861003861,0.00825459064003747,0.096411769443007,2,"Summer","male",819,44.7,"Calving season"
30.2316602316602,0.00869278844760923,0.101529821668289,2,"Summer","male",819,44.7,"Calving season"
30.4247104247104,0.00914167769144977,0.106772747474045,2,"Summer","male",819,44.7,"Calving season"
30.6177606177606,0.00959812499222501,0.112103949691606,2,"Summer","male",819,44.7,"Calving season"
30.8108108108108,0.0100584859313192,0.11748086232798,2,"Summer","male",819,44.7,"Calving season"
31.003861003861,0.0105197373501524,0.122868175568217,2,"Summer","male",819,44.7,"Calving season"
31.1969111969112,0.0109792894907607,0.128235641619467,2,"Summer","male",819,44.7,"Calving season"
31.3899613899614,0.0114359128022675,0.133568899602941,2,"Summer","male",819,44.7,"Calving season"
31.5830115830116,0.0118884532041384,0.138854470116542,2,"Summer","male",819,44.7,"Calving season"
31.7760617760618,0.0123377216818871,0.144101825289386,2,"Summer","male",819,44.7,"Calving season"
31.969111969112,0.012784824757385,0.149323889049047,2,"Summer","male",819,44.7,"Calving season"
32.1621621621622,0.0132322689371536,0.154549936830171,2,"Summer","male",819,44.7,"Calving season"
32.3552123552124,0.0136829198599331,0.159813438651274,2,"Summer","male",819,44.7,"Calving season"
32.5482625482625,0.014141371234756,0.16516804800475,2,"Summer","male",819,44.7,"Calving season"
32.7413127413127,0.0146104313859798,0.170646565489959,2,"Summer","male",819,44.7,"Calving season"
32.9343629343629,0.0150967566488316,0.176326735611171,2,"Summer","male",819,44.7,"Calving season"
33.1274131274131,0.0156020216098603,0.182228117164128,2,"Summer","male",819,44.7,"Calving season"
33.3204633204633,0.0161315491941523,0.188412880721372,2,"Summer","male",819,44.7,"Calving season"
33.5135135135135,0.0166870504047305,0.194901010414904,2,"Summer","male",819,44.7,"Calving season"
33.7065637065637,0.0172692399117572,0.201700853432115,2,"Summer","male",819,44.7,"Calving season"
33.8996138996139,0.0178794445834354,0.208827907296366,2,"Summer","male",819,44.7,"Calving season"
34.0926640926641,0.0185123005399423,0.216219523092967,2,"Summer","male",819,44.7,"Calving season"
34.2857142857143,0.019167046786234,0.223866812570288,2,"Summer","male",819,44.7,"Calving season"
34.4787644787645,0.0198338971839117,0.231655475824168,2,"Summer","male",819,44.7,"Calving season"
34.6718146718147,0.0205059771495977,0.239505219260831,2,"Summer","male",819,44.7,"Calving season"
34.8648648648649,0.0211725615023498,0.247290775169582,2,"Summer","male",819,44.7,"Calving season"
35.0579150579151,0.0218231052454969,0.254888980351637,2,"Summer","male",819,44.7,"Calving season"
35.2509652509653,0.0224442433434395,0.262143734185299,2,"Summer","male",819,44.7,"Calving season"
35.4440154440154,0.0230284854308274,0.2689675508813,2,"Summer","male",819,44.7,"Calving season"
35.6370656370656,0.0235583384896024,0.275156115907591,2,"Summer","male",819,44.7,"Calving season"
35.8301158301158,0.0240340977043059,0.280712876953487,2,"Summer","male",819,44.7,"Calving season"
36.023166023166,0.02444194983012,0.285476498414024,2,"Summer","male",819,44.7,"Calving season"
36.2162162162162,0.0247858863358405,0.289493599750549,2,"Summer","male",819,44.7,"Calving season"
36.4092664092664,0.0250646261628048,0.292749218484871,2,"Summer","male",819,44.7,"Calving season"
36.6023166023166,0.0252836894731144,0.295307828873684,2,"Summer","male",819,44.7,"Calving season"
36.7953667953668,0.0254557429043125,0.297317374405849,2,"Summer","male",819,44.7,"Calving season"
36.988416988417,0.0255902879117663,0.298888829951498,2,"Summer","male",819,44.7,"Calving season"
37.1814671814672,0.025708002875923,0.300263714361782,2,"Summer","male",819,44.7,"Calving season"
37.3745173745174,0.0258269515953061,0.301653008756719,2,"Summer","male",819,44.7,"Calving season"
37.5675675675676,0.0259677755408846,0.303297800893026,2,"Summer","male",819,44.7,"Calving season"
37.7606177606178,0.0261527840227705,0.305458658514974,2,"Summer","male",819,44.7,"Calving season"
37.953667953668,0.0264032062196743,0.30838353367404,2,"Summer","male",819,44.7,"Calving season"
38.1467181467181,0.0267341478275678,0.312248857515123,2,"Summer","male",819,44.7,"Calving season"
38.3397683397683,0.02717162000007,0.317358434485354,2,"Summer","male",819,44.7,"Calving season"
38.5328185328185,0.0277142441529706,0.323696163029991,2,"Summer","male",819,44.7,"Calving season"
38.7258687258687,0.0283917544360003,0.331609331356704,2,"Summer","male",819,44.7,"Calving season"
38.9189189189189,0.0291906241426934,0.34093995056429,2,"Summer","male",819,44.7,"Calving season"
39.1119691119691,0.0301257954956257,0.351862542465008,2,"Summer","male",819,44.7,"Calving season"
39.3050193050193,0.0311891957181917,0.364282818836607,2,"Summer","male",819,44.7,"Calving season"
39.4980694980695,0.032375072369445,0.378133592457521,2,"Summer","male",819,44.7,"Calving season"
39.6911196911197,0.0336820989988414,0.393399370682553,2,"Summer","male",819,44.7,"Calving season"
39.8841698841699,0.0350875259463337,0.409814442578838,2,"Summer","male",819,44.7,"Calving season"
40.0772200772201,0.0365950299039361,0.427421751085433,2,"Summer","male",819,44.7,"Calving season"
40.2702702702703,0.0381751034697498,0.445876656358546,2,"Summer","male",819,44.7,"Calving season"
40.4633204633205,0.0398224097092755,0.465116824198833,2,"Summer","male",819,44.7,"Calving season"
40.6563706563707,0.0415157537026927,0.484894702690975,2,"Summer","male",819,44.7,"Calving season"
40.8494208494209,0.0432407224575658,0.505041951312193,2,"Summer","male",819,44.7,"Calving season"
41.042471042471,0.0449800359822344,0.52535674363104,2,"Summer","male",819,44.7,"Calving season"
41.2355212355212,0.0467172046377324,0.545646484358477,2,"Summer","male",819,44.7,"Calving season"
41.4285714285714,0.0484322719737535,0.565678086625667,2,"Summer","male",819,44.7,"Calving season"
41.6216216216216,0.0501121561886829,0.585298757920396,2,"Summer","male",819,44.7,"Calving season"
41.8146718146718,0.0517331387552464,0.604231471157638,2,"Summer","male",819,44.7,"Calving season"
42.007722007722,0.0532833606244806,0.622337715302221,2,"Summer","male",819,44.7,"Calving season"
42.2007722007722,0.0547427257228287,0.639382772717021,2,"Summer","male",819,44.7,"Calving season"
42.3938223938224,0.0560931920058463,0.655155916364792,2,"Summer","male",819,44.7,"Calving season"
42.5868725868726,0.0573269880920406,0.669566378250677,2,"Summer","male",819,44.7,"Calving season"
42.7799227799228,0.0584148588416362,0.682272464895978,2,"Summer","male",819,44.7,"Calving season"
42.972972972973,0.0593656892529951,0.693377951091102,2,"Summer","male",819,44.7,"Calving season"
43.1660231660232,0.0601463939286356,0.70249640680541,2,"Summer","male",819,44.7,"Calving season"
43.3590733590734,0.0607718044907904,0.709801062063932,2,"Summer","male",819,44.7,"Calving season"
43.5521235521236,0.06122609586728,0.715107083568816,2,"Summer","male",819,44.7,"Calving season"
43.7451737451737,0.0615142327819814,0.718472458182727,2,"Summer","male",819,44.7,"Calving season"
43.9382239382239,0.0616450179803028,0.72,2,"Summer","male",819,44.7,"Calving season"
44.1312741312741,0.0616138475096515,0.71963593588575,2,"Summer","male",819,44.7,"Calving season"
44.3243243243243,0.0614506826878857,0.717730207320484,2,"Summer","male",819,44.7,"Calving season"
44.5173745173745,0.0611471086362695,0.714184530405709,2,"Summer","male",819,44.7,"Calving season"
44.7104247104247,0.0607398123586948,0.709427401128084,2,"Summer","male",819,44.7,"Calving season"
44.9034749034749,0.060234424978296,0.703524589744309,2,"Summer","male",819,44.7,"Calving season"
45.0965250965251,0.0596554682655054,0.69676250503955,2,"Summer","male",819,44.7,"Calving season"
45.2895752895753,0.0590202999650235,0.689343881583343,2,"Summer","male",819,44.7,"Calving season"
45.4826254826255,0.0583456344315501,0.681463939294154,2,"Summer","male",819,44.7,"Calving season"
45.6756756756757,0.0576504655399928,0.673344522375803,2,"Summer","male",819,44.7,"Calving season"
45.8687258687259,0.0569483062572763,0.665143459254735,2,"Summer","male",819,44.7,"Calving season"
46.0617760617761,0.0562524537877985,0.657016058299412,2,"Summer","male",819,44.7,"Calving season"
46.2548262548263,0.0555744509358333,0.64909713687788,2,"Summer","male",819,44.7,"Calving season"
46.4478764478765,0.0549211297067254,0.641466491282026,2,"Summer","male",819,44.7,"Calving season"
46.6409266409266,0.0542984570649426,0.634193814320088,2,"Summer","male",819,44.7,"Calving season"
46.8339768339768,0.0537106145664257,0.627327945628681,2,"Summer","male",819,44.7,"Calving season"
47.027027027027,0.0531556731491253,0.620846354195227,2,"Summer","male",819,44.7,"Calving season"
47.2200772200772,0.0526367982874713,0.614786012051921,2,"Summer","male",819,44.7,"Calving season"
47.4131274131274,0.052145775809993,0.609050979516163,2,"Summer","male",819,44.7,"Calving season"
47.6061776061776,0.0516816592756869,0.60363020236906,2,"Summer","male",819,44.7,"Calving season"
47.7992277992278,0.0512350979168646,0.598414465738814,2,"Summer","male",819,44.7,"Calving season"
47.992277992278,0.050799746759905,0.593329661754961,2,"Summer","male",819,44.7,"Calving season"
48.1853281853282,0.0503663539128469,0.588267730392048,2,"Summer","male",819,44.7,"Calving season"
48.3783783783784,0.0499265142807034,0.583130502023578,2,"Summer","male",819,44.7,"Calving season"
48.5714285714286,0.0494690799199637,0.577787771166758,2,"Summer","male",819,44.7,"Calving season"
48.7644787644788,0.0489881222181545,0.572170292956057,2,"Summer","male",819,44.7,"Calving season"
48.957528957529,0.0484703548160969,0.566122885692738,2,"Summer","male",819,44.7,"Calving season"
49.1505791505791,0.0479132385748942,0.55961589280332,2,"Summer","male",819,44.7,"Calving season"
49.3436293436293,0.0473072455628407,0.552538030179969,2,"Summer","male",819,44.7,"Calving season"
49.5366795366795,0.046649225334122,0.544852501321354,2,"Summer","male",819,44.7,"Calving season"
49.7297297297297,0.0459378608099284,0.536543923042035,2,"Summer","male",819,44.7,"Calving season"
49.9227799227799,0.0451681128499122,0.527553439311642,2,"Summer","male",819,44.7,"Calving season"
50.1158301158301,0.0443478675483958,0.517973157945183,2,"Summer","male",819,44.7,"Calving season"
50.3088803088803,0.0434706534216399,0.507727493462351,2,"Summer","male",819,44.7,"Calving season"
50.5019305019305,0.0425491655699333,0.496964721790507,2,"Summer","male",819,44.7,"Calving season"
50.6949806949807,0.0415829606864421,0.48567966520514,2,"Summer","male",819,44.7,"Calving season"
50.8880308880309,0.0405806388726477,0.473972770964919,2,"Summer","male",819,44.7,"Calving season"
51.0810810810811,0.0395475965022135,0.46190706750531,2,"Summer","male",819,44.7,"Calving season"
51.2741312741313,0.0384889955438592,0.449542845464549,2,"Summer","male",819,44.7,"Calving season"
51.4671814671815,0.0374124467456747,0.436968996675333,2,"Summer","male",819,44.7,"Calving season"
51.6602316602317,0.0363209682245321,0.424220772066594,2,"Summer","male",819,44.7,"Calving season"
51.8532818532819,0.0352212842418244,0.411376709505001,2,"Summer","male",819,44.7,"Calving season"
52.046332046332,0.0341164874476776,0.398472930451195,2,"Summer","male",819,44.7,"Calving season"
52.2393822393822,0.0330108289195677,0.38555908653775,2,"Summer","male",819,44.7,"Calving season"
52.4324324324324,0.0319075557972139,0.372673103629147,2,"Summer","male",819,44.7,"Calving season"
52.6254826254826,0.0308103712197953,0.359858233561402,2,"Summer","male",819,44.7,"Calving season"
52.8185328185328,0.029721965387656,0.347145897271863,2,"Summer","male",819,44.7,"Calving season"
53.011583011583,0.0286476922979202,0.334598628247513,2,"Summer","male",819,44.7,"Calving season"
53.2046332046332,0.0275892598900367,0.322236374838492,2,"Summer","male",819,44.7,"Calving season"
53.3976833976834,0.0265537764835335,0.310142160624449,2,"Summer","male",819,44.7,"Calving season"
53.5907335907336,0.0255431511869428,0.298338283565352,2,"Summer","male",819,44.7,"Calving season"
53.7837837837838,0.0245633305566729,0.286894198107875,2,"Summer","male",819,44.7,"Calving season"
53.976833976834,0.0236183571551437,0.275857120475447,2,"Summer","male",819,44.7,"Calving season"
54.1698841698842,0.0227098997870982,0.265246541933613,2,"Summer","male",819,44.7,"Calving season"
54.3629343629344,0.0218444845755859,0.255138686137578,2,"Summer","male",819,44.7,"Calving season"
54.5559845559846,0.0210177575230141,0.245482699370864,2,"Summer","male",819,44.7,"Calving season"
54.7490347490347,0.020236416120338,0.236356806827421,2,"Summer","male",819,44.7,"Calving season"
54.9420849420849,0.0194927059951051,0.227670439174178,2,"Summer","male",819,44.7,"Calving season"
55.1351351351351,0.018787336558929,0.219431882179856,2,"Summer","male",819,44.7,"Calving season"
55.3281853281853,0.0181141829708246,0.211569599073862,2,"Summer","male",819,44.7,"Calving season"
55.5212355212355,0.0174676951558179,0.204018766223857,2,"Summer","male",819,44.7,"Calving season"
55.7142857142857,0.0168428670607907,0.196720914050899,2,"Summer","male",819,44.7,"Calving season"
55.9073359073359,0.0162314091597308,0.189579222748225,2,"Summer","male",819,44.7,"Calving season"
56.1003861003861,0.015628616347005,0.182538737736099,2,"Summer","male",819,44.7,"Calving season"
56.2934362934363,0.0150275858711081,0.175518836423327,2,"Summer","male",819,44.7,"Calving season"
56.4864864864865,0.0144238398410951,0.168467218046831,2,"Summer","male",819,44.7,"Calving season"
56.6795366795367,0.0138140310455725,0.161344787927391,2,"Summer","male",819,44.7,"Calving season"
56.8725868725869,0.0131963144922017,0.15412999696782,2,"Summer","male",819,44.7,"Calving season"
57.0656370656371,0.0125701005851551,0.146815958820931,2,"Summer","male",819,44.7,"Calving season"
57.2586872586873,0.0119373465383926,0.139425533307314,2,"Summer","male",819,44.7,"Calving season"
57.4517374517375,0.0113002031099249,0.131983840798711,2,"Summer","male",819,44.7,"Calving season"
57.6447876447876,0.0106630939934448,0.124542549046435,2,"Summer","male",819,44.7,"Calving season"
57.8378378378378,0.0100311146845539,0.117161172297598,2,"Summer","male",819,44.7,"Calving season"
58.030888030888,0.00940929178108138,0.109898420088762,2,"Summer","male",819,44.7,"Calving season"
58.2239382239382,0.00880336346174162,0.102821313061816,2,"Summer","male",819,44.7,"Calving season"
58.4169884169884,0.00821923054546999,0.0959987714599954,2,"Summer","male",819,44.7,"Calving season"
58.6100386100386,0.00765980067392428,0.0894647558864803,2,"Summer","male",819,44.7,"Calving season"
58.8030888030888,0.00713260453746114,0.0833072231175752,2,"Summer","male",819,44.7,"Calving season"
58.996138996139,0.00663591060433339,0.0775059492503788,2,"Summer","male",819,44.7,"Calving season"
59.1891891891892,0.00617673305888446,0.0721428583866717,2,"Summer","male",819,44.7,"Calving season"
59.3822393822394,0.00575146540970436,0.0671758275147282,2,"Summer","male",819,44.7,"Calving season"
59.5752895752896,0.00536248541375456,0.0626326283031821,2,"Summer","male",819,44.7,"Calving season"
59.7683397683398,0.00500804250835679,0.0584928145721206,2,"Summer","male",819,44.7,"Calving season"
59.96138996139,0.0046853264812397,0.0547235636717712,2,"Summer","male",819,44.7,"Calving season"
60.1544401544402,0.00439487205133427,0.0513311209994578,2,"Summer","male",819,44.7,"Calving season"
60.3474903474903,0.00413042179168342,0.04824240121014,2,"Summer","male",819,44.7,"Calving season"
60.5405405405405,0.00389386274191234,0.0454794445038965,2,"Summer","male",819,44.7,"Calving season"
60.7335907335907,0.00367886774606637,0.0429683511166165,2,"Summer","male",819,44.7,"Calving season"
60.9266409266409,0.00348557773782119,0.0407107671220591,2,"Summer","male",819,44.7,"Calving season"
61.1196911196911,0.00331093845830935,0.0386710194608823,2,"Summer","male",819,44.7,"Calving season"
61.3127413127413,0.00315321264531396,0.0368288172995825,2,"Summer","male",819,44.7,"Calving season"
61.5057915057915,0.00301178846147824,0.0351770145148992,2,"Summer","male",819,44.7,"Calving season"
61.6988416988417,0.00288365186254165,0.0336804077450897,2,"Summer","male",819,44.7,"Calving season"
61.8918918918919,0.00276974707747907,0.0323500253730502,2,"Summer","male",819,44.7,"Calving season"
62.0849420849421,0.00266656244252179,0.0311448519526616,2,"Summer","male",819,44.7,"Calving season"
62.2779922779923,0.00257413044763281,0.0300652669594131,2,"Summer","male",819,44.7,"Calving season"
62.4710424710425,0.00249006854442945,0.0290834427619449,2,"Summer","male",819,44.7,"Calving season"
62.6640926640927,0.00241294800261854,0.0281826921105039,2,"Summer","male",819,44.7,"Calving season"
62.8571428571429,0.00234098108710351,0.0273421346596588,2,"Summer","male",819,44.7,"Calving season"
63.0501930501931,0.00227201175182763,0.0265365882744748,2,"Summer","male",819,44.7,"Calving season"
63.2432432432432,0.00220431534546235,0.0257459094137991,2,"Summer","male",819,44.7,"Calving season"
63.4362934362934,0.00213601776776872,0.0249482090066855,2,"Summer","male",819,44.7,"Calving season"
63.6293436293436,0.00206536838168134,0.0241230400043961,2,"Summer","male",819,44.7,"Calving season"
63.8223938223938,0.00199131488358574,0.0232581117364562,2,"Summer","male",819,44.7,"Calving season"
64.015444015444,0.00191284802876546,0.0223416364506731,2,"Summer","male",819,44.7,"Calving season"
64.2084942084942,0.00182949914597563,0.0213681401719007,2,"Summer","male",819,44.7,"Calving season"
64.4015444015444,0.0017415857426136,0.0203413313154108,2,"Summer","male",819,44.7,"Calving season"
64.5945945945946,0.00164913141065478,0.0192614854301906,2,"Summer","male",819,44.7,"Calving season"
64.7876447876448,0.00155356333396958,0.0181452717041223,2,"Summer","male",819,44.7,"Calving season"
64.980694980695,0.00145566872909376,0.0170018846499874,2,"Summer","male",819,44.7,"Calving season"
65.1737451737452,0.00135713773821758,0.0158510647499345,2,"Summer","male",819,44.7,"Calving season"
65.3667953667954,0.00125938321744418,0.0147093138467336,2,"Summer","male",819,44.7,"Calving season"
65.5598455598456,0.00116395477976682,0.0135947310729943,2,"Summer","male",819,44.7,"Calving season"
65.7528957528958,0.00107202395553335,0.0125209996407275,2,"Summer","male",819,44.7,"Calving season"
65.9459459459459,0.000985145706062943,0.0115062811497915,2,"Summer","male",819,44.7,"Calving season"
66.1389961389961,0.000903454918000075,0.0105521510459759,2,"Summer","male",819,44.7,"Calving season"
66.3320463320463,0.000828491520833218,0.00967659536072353,2,"Summer","male",819,44.7,"Calving season"
66.5250965250965,0.000759446384787706,0.00887016363953151,2,"Summer","male",819,44.7,"Calving season"
66.7181467181467,0.000696893122883831,0.00813955555397332,2,"Summer","male",819,44.7,"Calving season"
66.9111969111969,0.000640108932755255,0.00747632893433572,2,"Summer","male",819,44.7,"Calving season"
67.1042471042471,0.00058856394157832,0.00687429498474305,2,"Summer","male",819,44.7,"Calving season"
67.2972972972973,0.000541781079097491,0.00632788163148618,2,"Summer","male",819,44.7,"Calving season"
67.4903474903475,0.000498597526452088,0.0058235074107726,2,"Summer","male",819,44.7,"Calving season"
67.6833976833977,0.000458801597695539,0.00535869987816922,2,"Summer","male",819,44.7,"Calving season"
67.8764478764479,0.000421237341673432,0.00491995778315419,2,"Summer","male",819,44.7,"Calving season"
68.0694980694981,0.000385663073574292,0.00450445830127286,2,"Summer","male",819,44.7,"Calving season"
68.2625482625483,0.000351507300784131,0.00410552652682236,2,"Summer","male",819,44.7,"Calving season"
68.4555984555984,0.000318573870861087,0.00372087144322471,2,"Summer","male",819,44.7,"Calving season"
68.6486486486486,0.00028677630971934,0.00334948305252989,2,"Summer","male",819,44.7,"Calving season"
68.8416988416988,0.000256041737687033,0.00299051013649747,2,"Summer","male",819,44.7,"Calving season"
69.034749034749,0.000226650667942786,0.0026472290262118,2,"Summer","male",819,44.7,"Calving season"
69.2277992277992,0.000198576329590901,0.0023193270436085,2,"Summer","male",819,44.7,"Calving season"
69.4208494208494,0.000172245080014741,0.00201178394741064,2,"Summer","male",819,44.7,"Calving season"
69.6138996138996,0.000147681935010934,0.00172489191651868,2,"Summer","male",819,44.7,"Calving season"
69.8069498069498,0.000125163769941894,0.00146188479313865,2,"Summer","male",819,44.7,"Calving season"
70,0.000104822192425296,0.00122429972476167,2,"Summer","male",819,44.7,"Calving season"
20,0.000899985101836589,0.0110474009168599,3,"Autumn","male",880,46.2,"Calving season"
20.1930501930502,0.000894067144007144,0.0109747574335205,3,"Autumn","male",880,46.2,"Calving season"
20.3861003861004,0.000880809411703493,0.0108120175351512,3,"Autumn","male",880,46.2,"Calving season"
20.5791505791506,0.000861150545482564,0.0105707031219789,3,"Autumn","male",880,46.2,"Calving season"
20.7722007722008,0.000837107438297799,0.010275571742787,3,"Autumn","male",880,46.2,"Calving season"
20.965250965251,0.000810673981094276,0.00995109859456485,3,"Autumn","male",880,46.2,"Calving season"
21.1583011583012,0.000783874403855869,0.00962213128882739,3,"Autumn","male",880,46.2,"Calving season"
21.3513513513514,0.000758553122761049,0.00931131020588709,3,"Autumn","male",880,46.2,"Calving season"
21.5444015444015,0.000736913053652336,0.0090456763428102,3,"Autumn","male",880,46.2,"Calving season"
21.7374517374517,0.000720063766968006,0.00883884978003149,3,"Autumn","male",880,46.2,"Calving season"
21.9305019305019,0.000709591886878321,0.0087103064769613,3,"Autumn","male",880,46.2,"Calving season"
22.1235521235521,0.000706397379930965,0.00867109360676254,3,"Autumn","male",880,46.2,"Calving season"
22.3166023166023,0.000710713520995335,0.00872407464017578,3,"Autumn","male",880,46.2,"Calving season"
22.5096525096525,0.000723606409981835,0.00888233605285891,3,"Autumn","male",880,46.2,"Calving season"
22.7027027027027,0.000743921367020961,0.00913170404190898,3,"Autumn","male",880,46.2,"Calving season"
22.8957528957529,0.000772519762534155,0.00948275200944583,3,"Autumn","male",880,46.2,"Calving season"
23.0888030888031,0.000807807610435151,0.00991591362785479,3,"Autumn","male",880,46.2,"Calving season"
23.2818532818533,0.00084957029952133,0.0104285545246426,3,"Autumn","male",880,46.2,"Calving season"
23.4749034749035,0.000896724201247415,0.0110073730585264,3,"Autumn","male",880,46.2,"Calving season"
23.6679536679537,0.000948147222653229,0.011638595433949,3,"Autumn","male",880,46.2,"Calving season"
23.8610038610039,0.00100312084387432,0.0123134017526776,3,"Autumn","male",880,46.2,"Calving season"
24.0540540540541,0.00106028873216395,0.0130151429039667,3,"Autumn","male",880,46.2,"Calving season"
24.2471042471042,0.00111904100495861,0.0137363325225669,3,"Autumn","male",880,46.2,"Calving season"
24.4401544401544,0.00117845390399681,0.0144656313898131,3,"Autumn","male",880,46.2,"Calving season"
24.6332046332046,0.00123808906074586,0.015197658491153,3,"Autumn","male",880,46.2,"Calving season"
24.8262548262548,0.00129768658770722,0.0159292236833456,3,"Autumn","male",880,46.2,"Calving season"
25.019305019305,0.00135730667692292,0.0166610658293108,3,"Autumn","male",880,46.2,"Calving season"
25.2123552123552,0.00141739103278683,0.0173986068916076,3,"Autumn","male",880,46.2,"Calving season"
25.4054054054054,0.00147853020633755,0.0181490959392173,3,"Autumn","male",880,46.2,"Calving season"
25.5984555984556,0.00154202178207306,0.0189284609426623,3,"Autumn","male",880,46.2,"Calving season"
25.7915057915058,0.00160883441299065,0.0197485922076694,3,"Autumn","male",880,46.2,"Calving season"
25.984555984556,0.00168068686022046,0.020630587687134,3,"Autumn","male",880,46.2,"Calving season"
26.1776061776062,0.00175916319589569,0.0215938920139735,3,"Autumn","male",880,46.2,"Calving season"
26.3706563706564,0.00184552137671184,0.0226539467237457,3,"Autumn","male",880,46.2,"Calving season"
26.5637065637066,0.00194227502638503,0.0238416067815933,3,"Autumn","male",880,46.2,"Calving season"
26.7567567567568,0.00204941438320367,0.0251567523615974,3,"Autumn","male",880,46.2,"Calving season"
26.9498069498069,0.00217002211298505,0.0266372234736728,3,"Autumn","male",880,46.2,"Calving season"
27.1428571428571,0.00230323679214573,0.0282724460631308,3,"Autumn","male",880,46.2,"Calving season"
27.3359073359073,0.00245067264313928,0.030082234860879,3,"Autumn","male",880,46.2,"Calving season"
27.5289575289575,0.00261209033710266,0.0320636520828413,3,"Autumn","male",880,46.2,"Calving season"
27.7220077220077,0.0027867194045362,0.0342072401441756,3,"Autumn","male",880,46.2,"Calving season"
27.9150579150579,0.00297486262555677,0.0365167156990066,3,"Autumn","male",880,46.2,"Calving season"
28.1081081081081,0.00317366465325471,0.038957029098175,3,"Autumn","male",880,46.2,"Calving season"
28.3011583011583,0.00338302443204844,0.0415269398750085,3,"Autumn","male",880,46.2,"Calving season"
28.4942084942085,0.0035994434283278,0.0441835032037164,3,"Autumn","male",880,46.2,"Calving season"
28.6872586872587,0.00382118146570016,0.0469053582570625,3,"Autumn","male",880,46.2,"Calving season"
28.8803088803089,0.00404530585970526,0.0496565060602538,3,"Autumn","male",880,46.2,"Calving season"
29.0733590733591,0.00426928719385304,0.0524058977903771,3,"Autumn","male",880,46.2,"Calving season"
29.2664092664093,0.00449022366801319,0.055117913580665,3,"Autumn","male",880,46.2,"Calving season"
29.4594594594595,0.00470638679907633,0.0577713361400217,3,"Autumn","male",880,46.2,"Calving season"
29.6525096525097,0.00491483791860474,0.060330093039774,3,"Autumn","male",880,46.2,"Calving season"
29.8455598455598,0.00511527167811242,0.0627904360988271,3,"Autumn","male",880,46.2,"Calving season"
30.03861003861,0.00530626080507505,0.0651348454140607,3,"Autumn","male",880,46.2,"Calving season"
30.2316602316602,0.00548809308182158,0.0673668535403564,3,"Autumn","male",880,46.2,"Calving season"
30.4247104247104,0.00566168884352116,0.069497757677602,3,"Autumn","male",880,46.2,"Calving season"
30.6177606177606,0.00582790959073345,0.071538132825376,3,"Autumn","male",880,46.2,"Calving season"
30.8108108108108,0.00598947340178116,0.0735213436481523,3,"Autumn","male",880,46.2,"Calving season"
31.003861003861,0.00614834286098729,0.0754714810512196,3,"Autumn","male",880,46.2,"Calving season"
31.1969111969112,0.00630766780742725,0.0774272096024896,3,"Autumn","male",880,46.2,"Calving season"
31.3899613899614,0.00647043269812456,0.0794251637897897,3,"Autumn","male",880,46.2,"Calving season"
31.5830115830116,0.00663974187695568,0.0815034497232288,3,"Autumn","male",880,46.2,"Calving season"
31.7760617760618,0.00681813621351917,0.0836932568136932,3,"Autumn","male",880,46.2,"Calving season"
31.969111969112,0.00700946966116488,0.0860418926973692,3,"Autumn","male",880,46.2,"Calving season"
32.1621621621622,0.00721444479309137,0.088557981525681,3,"Autumn","male",880,46.2,"Calving season"
32.3552123552124,0.0074379822072567,0.0913019240966892,3,"Autumn","male",880,46.2,"Calving season"
32.5482625482625,0.00767951687842352,0.0942667846729995,3,"Autumn","male",880,46.2,"Calving season"
32.7413127413127,0.00794262759329733,0.0974964931946193,3,"Autumn","male",880,46.2,"Calving season"
32.9343629343629,0.00822837904764277,0.101004118901187,3,"Autumn","male",880,46.2,"Calving season"
33.1274131274131,0.00853775957206424,0.104801793642888,3,"Autumn","male",880,46.2,"Calving season"
33.3204633204633,0.00887451508875103,0.108935498963356,3,"Autumn","male",880,46.2,"Calving season"
33.5135135135135,0.00923683300101653,0.113382985069502,3,"Autumn","male",880,46.2,"Calving season"
33.7065637065637,0.0096311608213419,0.118223395777319,3,"Autumn","male",880,46.2,"Calving season"
33.8996138996139,0.0100548017270501,0.123423627337363,3,"Autumn","male",880,46.2,"Calving season"
34.0926640926641,0.010512621481377,0.129043407446374,3,"Autumn","male",880,46.2,"Calving season"
34.2857142857143,0.0110054709392311,0.135093180427572,3,"Autumn","male",880,46.2,"Calving season"
34.4787644787645,0.0115345009958545,0.141587073627205,3,"Autumn","male",880,46.2,"Calving season"
34.6718146718147,0.0121047806240561,0.148587309158442,3,"Autumn","male",880,46.2,"Calving season"
34.8648648648649,0.0127130306739234,0.156053635150808,3,"Autumn","male",880,46.2,"Calving season"
35.0579150579151,0.0133677917620544,0.164090888468203,3,"Autumn","male",880,46.2,"Calving season"
35.2509652509653,0.0140636392550583,0.172632481230704,3,"Autumn","male",880,46.2,"Calving season"
35.4440154440154,0.0148055574136855,0.181739595703074,3,"Autumn","male",880,46.2,"Calving season"
35.6370656370656,0.0155918009170057,0.191390807908398,3,"Autumn","male",880,46.2,"Calving season"
35.8301158301158,0.0164208903431058,0.201567957804953,3,"Autumn","male",880,46.2,"Calving season"
36.023166023166,0.0172942114557802,0.212288055772333,3,"Autumn","male",880,46.2,"Calving season"
36.2162162162162,0.0182040685583573,0.223456636417402,3,"Autumn","male",880,46.2,"Calving season"
36.4092664092664,0.0191526596145559,0.235100679949443,3,"Autumn","male",880,46.2,"Calving season"
36.6023166023166,0.0201295310183108,0.247091867380739,3,"Autumn","male",880,46.2,"Calving season"
36.7953667953668,0.0211318159264522,0.259395007944466,3,"Autumn","male",880,46.2,"Calving season"
36.988416988417,0.0221512764526242,0.27190898081863,3,"Autumn","male",880,46.2,"Calving season"
37.1814671814672,0.0231807966543333,0.284546437146604,3,"Autumn","male",880,46.2,"Calving season"
37.3745173745174,0.0242125356479202,0.297211129351455,3,"Autumn","male",880,46.2,"Calving season"
37.5675675675676,0.0252393971704567,0.309815950145053,3,"Autumn","male",880,46.2,"Calving season"
37.7606177606178,0.0262524180587498,0.3222508758647,3,"Autumn","male",880,46.2,"Calving season"
37.953667953668,0.0272475110111643,0.334465734502283,3,"Autumn","male",880,46.2,"Calving season"
38.1467181467181,0.0282177891257587,0.346375988695275,3,"Autumn","male",880,46.2,"Calving season"
38.3397683397683,0.0291607382278804,0.357950776715737,3,"Autumn","male",880,46.2,"Calving season"
38.5328185328185,0.0300752088015157,0.369175988147574,3,"Autumn","male",880,46.2,"Calving season"
38.7258687258687,0.0309595171009076,0.38003095485486,3,"Autumn","male",880,46.2,"Calving season"
38.9189189189189,0.0318191580072821,0.390583127016234,3,"Autumn","male",880,46.2,"Calving season"
39.1119691119691,0.0326542533719287,0.400834000367621,3,"Autumn","male",880,46.2,"Calving season"
39.3050193050193,0.0334739715507148,0.4108961173309,3,"Autumn","male",880,46.2,"Calving season"
39.4980694980695,0.0342834301683804,0.420832297226224,3,"Autumn","male",880,46.2,"Calving season"
39.6911196911197,0.035091264922681,0.430748544047554,3,"Autumn","male",880,46.2,"Calving season"
39.8841698841699,0.0359050768319809,0.440738161002996,3,"Autumn","male",880,46.2,"Calving season"
40.0772200772201,0.0367343492835743,0.45091755755452,3,"Autumn","male",880,46.2,"Calving season"
40.2702702702703,0.0375841820736969,0.461349334175733,3,"Autumn","male",880,46.2,"Calving season"
40.4633204633205,0.0384661402585559,0.472175453008322,3,"Autumn","male",880,46.2,"Calving season"
40.6563706563707,0.0393808850542277,0.48340403054119,3,"Autumn","male",880,46.2,"Calving season"
40.8494208494209,0.0403363208592992,0.495132094002915,3,"Autumn","male",880,46.2,"Calving season"
41.042471042471,0.0413330709982347,0.507367294759334,3,"Autumn","male",880,46.2,"Calving season"
41.2355212355212,0.0423713713320089,0.520112528025868,3,"Autumn","male",880,46.2,"Calving season"
41.4285714285714,0.0434524113232093,0.533382394566524,3,"Autumn","male",880,46.2,"Calving season"
41.6216216216216,0.0445682435294735,0.547079338786366,3,"Autumn","male",880,46.2,"Calving season"
41.8146718146718,0.0457189269752386,0.561204085215857,3,"Autumn","male",880,46.2,"Calving season"
42.007722007722,0.0468916784892679,0.575599719237906,3,"Autumn","male",880,46.2,"Calving season"
42.2007722007722,0.0480794922362047,0.590180243571241,3,"Autumn","male",880,46.2,"Calving season"
42.3938223938224,0.0492695282345242,0.6047880462472,3,"Autumn","male",880,46.2,"Calving season"
42.5868725868726,0.0504495715464462,0.619273187767274,3,"Autumn","male",880,46.2,"Calving season"
42.7799227799228,0.0516029318840082,0.6334307932928,3,"Autumn","male",880,46.2,"Calving season"
42.972972972973,0.0527189628398367,0.647130177182048,3,"Autumn","male",880,46.2,"Calving season"
43.1660231660232,0.0537725983774139,0.660063651503027,3,"Autumn","male",880,46.2,"Calving season"
43.3590733590734,0.0547582618782406,0.672162762744455,3,"Autumn","male",880,46.2,"Calving season"
43.5521235521236,0.0556528560987233,0.683143990090785,3,"Autumn","male",880,46.2,"Calving season"
43.7451737451737,0.05644705755669,0.692892886930308,3,"Autumn","male",880,46.2,"Calving season"
43.9382239382239,0.0571305176516499,0.701282423228508,3,"Autumn","male",880,46.2,"Calving season"
44.1312741312741,0.0576868669608517,0.708111662797061,3,"Autumn","male",880,46.2,"Calving season"
44.3243243243243,0.0581255103600901,0.713496051361973,3,"Autumn","male",880,46.2,"Calving season"
44.5173745173745,0.058422396399445,0.717140355136201,3,"Autumn","male",880,46.2,"Calving season"
44.7104247104247,0.058601861708112,0.719343308508948,3,"Autumn","male",880,46.2,"Calving season"
44.9034749034749,0.0586553595908174,0.72,3,"Autumn","male",880,46.2,"Calving season"
45.0965250965251,0.0585999385235832,0.719319701239802,3,"Autumn","male",880,46.2,"Calving season"
45.2895752895753,0.0584475807806161,0.717449495759832,3,"Autumn","male",880,46.2,"Calving season"
45.4826254826255,0.0582097491887698,0.714530090826952,3,"Autumn","male",880,46.2,"Calving season"
45.6756756756757,0.0579112182103393,0.71086559527242,3,"Autumn","male",880,46.2,"Calving season"
45.8687258687259,0.0575617002755163,0.706575230081105,3,"Autumn","male",880,46.2,"Calving season"
46.0617760617761,0.0571869725328911,0.701975412151894,3,"Autumn","male",880,46.2,"Calving season"
46.2548262548263,0.0568012885159362,0.697241104935219,3,"Autumn","male",880,46.2,"Calving season"
46.4478764478765,0.0564217520456557,0.692582259426329,3,"Autumn","male",880,46.2,"Calving season"
46.6409266409266,0.0560608045386701,0.688151595172583,3,"Autumn","male",880,46.2,"Calving season"
46.8339768339768,0.0557308765494348,0.68410169838725,3,"Autumn","male",880,46.2,"Calving season"
47.027027027027,0.0554347532604941,0.680466757445371,3,"Autumn","male",880,46.2,"Calving season"
47.2200772200772,0.055182330122984,0.677368239930942,3,"Autumn","male",880,46.2,"Calving season"
47.4131274131274,0.0549662957023881,0.674716397304554,3,"Autumn","male",880,46.2,"Calving season"
47.6061776061776,0.0547872599366019,0.672518716610661,3,"Autumn","male",880,46.2,"Calving season"
47.7992277992278,0.054635590043243,0.670656954548675,3,"Autumn","male",880,46.2,"Calving season"
47.992277992278,0.0545023011114231,0.669020820500911,3,"Autumn","male",880,46.2,"Calving season"
48.1853281853282,0.0543753105463116,0.667461999490894,3,"Autumn","male",880,46.2,"Calving season"
48.3783783783784,0.0542422435303802,0.665828589481323,3,"Autumn","male",880,46.2,"Calving season"
48.5714285714286,0.0540860964060119,0.663911868991849,3,"Autumn","male",880,46.2,"Calving season"
48.7644787644788,0.0538971905604321,0.661593032149551,3,"Autumn","male",880,46.2,"Calving season"
48.957528957529,0.0536582518177112,0.658660036836605,3,"Autumn","male",880,46.2,"Calving season"
49.1505791505791,0.0533603266608213,0.655002977797889,3,"Autumn","male",880,46.2,"Calving season"
49.3436293436293,0.0529939650641053,0.650505855088631,3,"Autumn","male",880,46.2,"Calving season"
49.5366795366795,0.0525476798435627,0.645027662455728,3,"Autumn","male",880,46.2,"Calving season"
49.7297297297297,0.052025616822643,0.638619290268014,3,"Autumn","male",880,46.2,"Calving season"
49.9227799227799,0.0514121799523895,0.631089295572496,3,"Autumn","male",880,46.2,"Calving season"
50.1158301158301,0.0507223509993835,0.622621580948817,3,"Autumn","male",880,46.2,"Calving season"
50.3088803088803,0.0499496234886276,0.613136278810608,3,"Autumn","male",880,46.2,"Calving season"
50.5019305019305,0.0491051328324663,0.602770077381142,3,"Autumn","male",880,46.2,"Calving season"
50.6949806949807,0.0481950069946079,0.591598197985477,3,"Autumn","male",880,46.2,"Calving season"
50.8880308880309,0.0472255449542133,0.579697961179267,3,"Autumn","male",880,46.2,"Calving season"
51.0810810810811,0.0462110559067399,0.567245013668989,3,"Autumn","male",880,46.2,"Calving season"
51.2741312741313,0.0451546504933468,0.554277538864486,3,"Autumn","male",880,46.2,"Calving season"
51.4671814671815,0.0440717732065505,0.540985119349333,3,"Autumn","male",880,46.2,"Calving season"
51.6602316602317,0.0429678366090838,0.527434194835003,3,"Autumn","male",880,46.2,"Calving season"
51.8532818532819,0.0418525383463783,0.513743804822055,3,"Autumn","male",880,46.2,"Calving season"
52.046332046332,0.0407322794655418,0.499992522759699,3,"Autumn","male",880,46.2,"Calving season"
52.2393822393822,0.0396133613659138,0.486257698911508,3,"Autumn","male",880,46.2,"Calving season"
52.4324324324324,0.0384999973641074,0.472591052131184,3,"Autumn","male",880,46.2,"Calving season"
52.6254826254826,0.0373975981050585,0.459058998589065,3,"Autumn","male",880,46.2,"Calving season"
52.8185328185328,0.036307373533777,0.445676390472797,3,"Autumn","male",880,46.2,"Calving season"
53.011583011583,0.0352332383571578,0.432491281173989,3,"Autumn","male",880,46.2,"Calving season"
53.2046332046332,0.0341758088020128,0.419511234934129,3,"Autumn","male",880,46.2,"Calving season"
53.3976833976834,0.0331364338751702,0.406752810937631,3,"Autumn","male",880,46.2,"Calving season"
53.5907335907336,0.0321167333600656,0.394235892176976,3,"Autumn","male",880,46.2,"Calving season"
53.7837837837838,0.031115190337595,0.38194185832893,3,"Autumn","male",880,46.2,"Calving season"
53.976833976834,0.0301350496886088,0.369910540608042,3,"Autumn","male",880,46.2,"Calving season"
54.1698841698842,0.0291729802612313,0.358101048814895,3,"Autumn","male",880,46.2,"Calving season"
54.3629343629344,0.0282311173824398,0.346539594286944,3,"Autumn","male",880,46.2,"Calving season"
54.5559845559846,0.0273075507970485,0.33520272846393,3,"Autumn","male",880,46.2,"Calving season"
54.7490347490347,0.0264020593443711,0.324087736577838,3,"Autumn","male",880,46.2,"Calving season"
54.9420849420849,0.0255146375916964,0.313194551941633,3,"Autumn","male",880,46.2,"Calving season"
55.1351351351351,0.0246429381240331,0.302494359817743,3,"Autumn","male",880,46.2,"Calving season"
55.3281853281853,0.0237887511331392,0.292009134976672,3,"Autumn","male",880,46.2,"Calving season"
55.5212355212355,0.0229487855667291,0.281698479445205,3,"Autumn","male",880,46.2,"Calving season"
55.7142857142857,0.0221243506210897,0.271578463729653,3,"Autumn","male",880,46.2,"Calving season"
55.9073359073359,0.0213137646247422,0.261628445156047,3,"Autumn","male",880,46.2,"Calving season"
56.1003861003861,0.0205169119763502,0.251847004707218,3,"Autumn","male",880,46.2,"Calving season"
56.2934362934363,0.0197339480008072,0.242236049010695,3,"Autumn","male",880,46.2,"Calving season"
56.4864864864865,0.0189633603304112,0.232777013612129,3,"Autumn","male",880,46.2,"Calving season"
56.6795366795367,0.0182069319149371,0.223491784386008,3,"Autumn","male",880,46.2,"Calving season"
56.8725868725869,0.0174623651319325,0.214352157802809,3,"Autumn","male",880,46.2,"Calving season"
57.0656370656371,0.0167310978437565,0.205375783756861,3,"Autumn","male",880,46.2,"Calving season"
57.2586872586873,0.0160119134488905,0.196547728351256,3,"Autumn","male",880,46.2,"Calving season"
57.4517374517375,0.0153048832157309,0.187868866412191,3,"Autumn","male",880,46.2,"Calving season"
57.6447876447876,0.0146101939967436,0.179341491571083,3,"Autumn","male",880,46.2,"Calving season"
57.8378378378378,0.0139265636581668,0.170949865516635,3,"Autumn","male",880,46.2,"Calving season"
58.030888030888,0.0132556427876736,0.162714249366211,3,"Autumn","male",880,46.2,"Calving season"
58.2239382239382,0.0125955769455592,0.154611879699777,3,"Autumn","male",880,46.2,"Calving season"
58.4169884169884,0.0119481364059766,0.146664486797383,3,"Autumn","male",880,46.2,"Calving season"
58.6100386100386,0.0113128901045176,0.138866779303282,3,"Autumn","male",880,46.2,"Calving season"
58.8030888030888,0.0106909664158519,0.131232608121602,3,"Autumn","male",880,46.2,"Calving season"
58.996138996139,0.0100841296401686,0.123783630201426,3,"Autumn","male",880,46.2,"Calving season"
59.1891891891892,0.00949243202781553,0.116520486920639,3,"Autumn","male",880,46.2,"Calving season"
59.3822393822394,0.00892033641261721,0.109497959979941,3,"Autumn","male",880,46.2,"Calving season"
59.5752895752896,0.00836684773903315,0.102703834979932,3,"Autumn","male",880,46.2,"Calving season"
59.7683397683398,0.00783670525331983,0.0961962866096488,3,"Autumn","male",880,46.2,"Calving season"
59.96138996139,0.00733008788645929,0.0899775112635558,3,"Autumn","male",880,46.2,"Calving season"
60.1544401544402,0.00684933538774347,0.0840762295820506,3,"Autumn","male",880,46.2,"Calving season"
60.3474903474903,0.00639677947397543,0.0785210636059819,3,"Autumn","male",880,46.2,"Calving season"
60.5405405405405,0.00597086376296989,0.0732929085991204,3,"Autumn","male",880,46.2,"Calving season"
60.7335907335907,0.00557616284939353,0.068447918136911,3,"Autumn","male",880,46.2,"Calving season"
60.9266409266409,0.00520792206383006,0.0639277282095917,3,"Autumn","male",880,46.2,"Calving season"
61.1196911196911,0.00486912264403705,0.0597689337882008,3,"Autumn","male",880,46.2,"Calving season"
61.3127413127413,0.00455609649462037,0.0559265086602626,3,"Autumn","male",880,46.2,"Calving season"
61.5057915057915,0.00426814662426929,0.0523918971925454,3,"Autumn","male",880,46.2,"Calving season"
61.6988416988417,0.00400398641251188,0.0491493059989674,3,"Autumn","male",880,46.2,"Calving season"
61.8918918918919,0.00375991973508278,0.046153364810049,3,"Autumn","male",880,46.2,"Calving season"
62.0849420849421,0.00353684119438302,0.0434150549535534,3,"Autumn","male",880,46.2,"Calving season"
62.2779922779923,0.00333003564721899,0.0408764976077825,3,"Autumn","male",880,46.2,"Calving season"
62.4710424710425,0.00314025253601141,0.0385468922482264,3,"Autumn","male",880,46.2,"Calving season"
62.6640926640927,0.00296477613232554,0.0363929030555047,3,"Autumn","male",880,46.2,"Calving season"
62.8571428571429,0.00280318923192287,0.0344094088087465,3,"Autumn","male",880,46.2,"Calving season"
63.0501930501931,0.00265510341045721,0.0325916415629386,3,"Autumn","male",880,46.2,"Calving season"
63.2432432432432,0.00251901949639817,0.0309211988479672,3,"Autumn","male",880,46.2,"Calving season"
63.4362934362934,0.00239638083908951,0.0294157979114079,3,"Autumn","male",880,46.2,"Calving season"
63.6293436293436,0.00228502246001948,0.0280488634404619,3,"Autumn","male",880,46.2,"Calving season"
63.8223938223938,0.00218632268867557,0.0268373145579155,3,"Autumn","male",880,46.2,"Calving season"
64.015444015444,0.0020988531866878,0.0257636182772937,3,"Autumn","male",880,46.2,"Calving season"
64.2084942084942,0.00202258288571132,0.0248273932317709,3,"Autumn","male",880,46.2,"Calving season"
64.4015444015444,0.00195706297233062,0.0240231301948858,3,"Autumn","male",880,46.2,"Calving season"
64.5945945945946,0.00190068556537465,0.023331092275564,3,"Autumn","male",880,46.2,"Calving season"
64.7876447876448,0.00185356749736289,0.0227527136038598,3,"Autumn","male",880,46.2,"Calving season"
64.980694980695,0.00181317578510612,0.0222569015752959,3,"Autumn","male",880,46.2,"Calving season"
65.1737451737452,0.00177897574590917,0.0218370929100079,3,"Autumn","male",880,46.2,"Calving season"
65.3667953667954,0.00174879796993432,0.0214666579002583,3,"Autumn","male",880,46.2,"Calving season"
65.5598455598456,0.0017212203119778,0.0211281395812639,3,"Autumn","male",880,46.2,"Calving season"
65.7528957528958,0.00169446133052731,0.0207996705926027,3,"Autumn","male",880,46.2,"Calving season"
65.9459459459459,0.00166697848567979,0.0204623161133488,3,"Autumn","male",880,46.2,"Calving season"
66.1389961389961,0.00163690672454998,0.0200931824456924,3,"Autumn","male",880,46.2,"Calving season"
66.3320463320463,0.0016033106448873,0.0196807874399184,3,"Autumn","male",880,46.2,"Calving season"
66.5250965250965,0.0015644439905297,0.019203695639055,3,"Autumn","male",880,46.2,"Calving season"
66.7181467181467,0.00151985113262019,0.018656314156462,3,"Autumn","male",880,46.2,"Calving season"
66.9111969111969,0.00146870310783761,0.0180284673901927,3,"Autumn","male",880,46.2,"Calving season"
67.1042471042471,0.00141055095912614,0.0173146443505875,3,"Autumn","male",880,46.2,"Calving season"
67.2972972972973,0.00134593032790914,0.016521420085988,3,"Autumn","male",880,46.2,"Calving season"
67.4903474903475,0.00127433258715255,0.0156425511521964,3,"Autumn","male",880,46.2,"Calving season"
67.6833976833977,0.00119736862981646,0.0146978114102776,3,"Autumn","male",880,46.2,"Calving season"
67.8764478764479,0.00111522756123622,0.0136895221458293,3,"Autumn","male",880,46.2,"Calving season"
68.0694980694981,0.00102957646560569,0.0126381469725428,3,"Autumn","male",880,46.2,"Calving season"
68.2625482625483,0.000941521908668257,0.0115572690879432,3,"Autumn","male",880,46.2,"Calving season"
68.4555984555984,0.000852568711281845,0.0104653603081657,3,"Autumn","male",880,46.2,"Calving season"
68.6486486486486,0.000764081717044925,0.00937917421545347,3,"Autumn","male",880,46.2,"Calving season"
68.8416988416988,0.000677715613718212,0.0083190222561265,3,"Autumn","male",880,46.2,"Calving season"
69.034749034749,0.000594379742113351,0.00729606667331061,3,"Autumn","male",880,46.2,"Calving season"
69.2277992277992,0.000515712139915228,0.00633041453209493,3,"Autumn","male",880,46.2,"Calving season"
69.4208494208494,0.000442204737836082,0.00542810432777268,3,"Autumn","male",880,46.2,"Calving season"
69.6138996138996,0.000374758310775208,0.00460019315609807,3,"Autumn","male",880,46.2,"Calving season"
69.8069498069498,0.000313943258138444,0.00385368272288398,3,"Autumn","male",880,46.2,"Calving season"
70,0.000259499423517044,0.00318537958399153,3,"Autumn","male",880,46.2,"Calving season"
20,0.000115073390970434,0.00114120209910586,4,"Winter","male",1475,47.5,"Calving season"
20.1930501930502,0.00015071068989511,0.0014946231636659,4,"Winter","male",1475,47.5,"Calving season"
20.3861003861004,0.000193020838919473,0.00191422000071827,4,"Winter","male",1475,47.5,"Calving season"
20.5791505791506,0.000242775913190871,0.00240764940886248,4,"Winter","male",1475,47.5,"Calving season"
20.7722007722008,0.000299294717393862,0.00296815586001918,4,"Winter","male",1475,47.5,"Calving season"
20.965250965251,0.000361605009816939,0.00358609747023371,4,"Winter","male",1475,47.5,"Calving season"
21.1583011583012,0.000429083638736903,0.00425529433945636,4,"Winter","male",1475,47.5,"Calving season"
21.3513513513514,0.000499380796514183,0.00495244303160901,4,"Winter","male",1475,47.5,"Calving season"
21.5444015444015,0.000570642670465206,0.00565915897569742,4,"Winter","male",1475,47.5,"Calving season"
21.7374517374517,0.000640257856851583,0.00634954444330036,4,"Winter","male",1475,47.5,"Calving season"
21.9305019305019,0.000705995796275257,0.00700147860313117,4,"Winter","male",1475,47.5,"Calving season"
22.1235521235521,0.000765263165219344,0.00758924303135464,4,"Winter","male",1475,47.5,"Calving season"
22.3166023166023,0.00081573964018798,0.00808982669108595,4,"Winter","male",1475,47.5,"Calving season"
22.5096525096525,0.000856562239529011,0.00849467124868582,4,"Winter","male",1475,47.5,"Calving season"
22.7027027027027,0.000885624513275608,0.00878288668689193,4,"Winter","male",1475,47.5,"Calving season"
22.8957528957529,0.00090334688427122,0.00895864240948571,4,"Winter","male",1475,47.5,"Calving season"
23.0888030888031,0.000910449693643863,0.00902908216012877,4,"Winter","male",1475,47.5,"Calving season"
23.2818532818533,0.000906565927854528,0.00899056620406067,4,"Winter","male",1475,47.5,"Calving season"
23.4749034749035,0.000894579831579273,0.00887169807899672,4,"Winter","male",1475,47.5,"Calving season"
23.6679536679537,0.000875834300834954,0.00868579550974188,4,"Winter","male",1475,47.5,"Calving season"
23.8610038610039,0.000852072060706165,0.00845014139295828,4,"Winter","male",1475,47.5,"Calving season"
24.0540540540541,0.000825543592713054,0.00818705413095538,4,"Winter","male",1475,47.5,"Calving season"
24.2471042471042,0.000797640220024508,0.00791033170871891,4,"Winter","male",1475,47.5,"Calving season"
24.4401544401544,0.000769716547585859,0.00763340797045941,4,"Winter","male",1475,47.5,"Calving season"
24.6332046332046,0.000742490251584418,0.00736340023117495,4,"Winter","male",1475,47.5,"Calving season"
24.8262548262548,0.00071641273148856,0.00710478509502663,4,"Winter","male",1475,47.5,"Calving season"
25.019305019305,0.000691317639034945,0.00685591285841479,4,"Winter","male",1475,47.5,"Calving season"
25.2123552123552,0.000666856882786412,0.00661333144023346,4,"Winter","male",1475,47.5,"Calving season"
25.4054054054054,0.000642501518099146,0.00637179520782384,4,"Winter","male",1475,47.5,"Calving season"
25.5984555984556,0.000617712904655826,0.00612596237490846,4,"Winter","male",1475,47.5,"Calving season"
25.7915057915058,0.000592129531070023,0.00587224777249591,4,"Winter","male",1475,47.5,"Calving season"
25.984555984556,0.000565662139761514,0.00560976621820777,4,"Winter","male",1475,47.5,"Calving season"
26.1776061776062,0.000538771508488345,0.00534308732227511,4,"Winter","male",1475,47.5,"Calving season"
26.3706563706564,0.000512350909707073,0.00508106981731979,4,"Winter","male",1475,47.5,"Calving season"
26.5637065637066,0.000487989465089808,0.00483947328922566,4,"Winter","male",1475,47.5,"Calving season"
26.7567567567568,0.000467398621227192,0.00463527044058956,4,"Winter","male",1475,47.5,"Calving season"
26.9498069498069,0.000453784464517508,0.00450025656741154,4,"Winter","male",1475,47.5,"Calving season"
27.1428571428571,0.000449426286404714,0.00445703578484265,4,"Winter","male",1475,47.5,"Calving season"
27.3359073359073,0.000456990805249943,0.004532054385686,4,"Winter","male",1475,47.5,"Calving season"
27.5289575289575,0.000481112329677955,0.00477127158506403,4,"Winter","male",1475,47.5,"Calving season"
27.7220077220077,0.000522576042538968,0.00518247417286183,4,"Winter","male",1475,47.5,"Calving season"
27.9150579150579,0.000584427936963711,0.00579586977332108,4,"Winter","male",1475,47.5,"Calving season"
28.1081081081081,0.000668852575781301,0.00663312306204742,4,"Winter","male",1475,47.5,"Calving season"
28.3011583011583,0.000774456811225589,0.00768041795921836,4,"Winter","male",1475,47.5,"Calving season"
28.4942084942085,0.000902591666754672,0.0089511527908354,4,"Winter","male",1475,47.5,"Calving season"
28.6872586872587,0.00105033834789401,0.0104163813830427,4,"Winter","male",1475,47.5,"Calving season"
28.8803088803089,0.00121404237553866,0.012039861654239,4,"Winter","male",1475,47.5,"Calving season"
29.0733590733591,0.00139115219878887,0.0137962894466323,4,"Winter","male",1475,47.5,"Calving season"
29.2664092664093,0.00157502978818539,0.0156198343098558,4,"Winter","male",1475,47.5,"Calving season"
29.4594594594595,0.00176066245188151,0.0174607845389757,4,"Winter","male",1475,47.5,"Calving season"
29.6525096525097,0.00194155228040764,0.0192546992770402,4,"Winter","male",1475,47.5,"Calving season"
29.8455598455598,0.00211273020413839,0.0209522994279935,4,"Winter","male",1475,47.5,"Calving season"
30.03861003861,0.0022687848082096,0.0224999190839308,4,"Winter","male",1475,47.5,"Calving season"
30.2316602316602,0.0024053311142154,0.0238540716792862,4,"Winter","male",1475,47.5,"Calving season"
30.4247104247104,0.00252165440661806,0.0250076692603198,4,"Winter","male",1475,47.5,"Calving season"
30.6177606177606,0.00261497938251937,0.0259331886831805,4,"Winter","male",1475,47.5,"Calving season"
30.8108108108108,0.00268786337722433,0.0266559914705763,4,"Winter","male",1475,47.5,"Calving season"
31.003861003861,0.00274366898490046,0.0272094250322782,4,"Winter","male",1475,47.5,"Calving season"
31.1969111969112,0.00278503052365642,0.0276196143423566,4,"Winter","male",1475,47.5,"Calving season"
31.3899613899614,0.00281939440976696,0.0279604067586753,4,"Winter","male",1475,47.5,"Calving season"
31.5830115830116,0.00285231716786657,0.0282869072670445,4,"Winter","male",1475,47.5,"Calving season"
31.7760617760618,0.0028911166296777,0.0286716880307783,4,"Winter","male",1475,47.5,"Calving season"
31.969111969112,0.00294129330495087,0.0291692985266975,4,"Winter","male",1475,47.5,"Calving season"
32.1621621621622,0.00300921727479459,0.029842911916479,4,"Winter","male",1475,47.5,"Calving season"
32.3552123552124,0.00309973092932009,0.0307405509942115,4,"Winter","male",1475,47.5,"Calving season"
32.5482625482625,0.00321418339034599,0.0318755952270189,4,"Winter","male",1475,47.5,"Calving season"
32.7413127413127,0.00335699646617008,0.0332918964286763,4,"Winter","male",1475,47.5,"Calving season"
32.9343629343629,0.00352624025333724,0.0349703154232588,4,"Winter","male",1475,47.5,"Calving season"
33.1274131274131,0.00372014814308258,0.0368933324556449,4,"Winter","male",1475,47.5,"Calving season"
33.3204633204633,0.00393934858366454,0.0390671799525118,4,"Winter","male",1475,47.5,"Calving season"
33.5135135135135,0.00417775765469323,0.0414315226559759,4,"Winter","male",1475,47.5,"Calving season"
33.7065637065637,0.00443316425692076,0.0439644327243204,4,"Winter","male",1475,47.5,"Calving season"
33.8996138996139,0.00470290847693533,0.0466395313505649,4,"Winter","male",1475,47.5,"Calving season"
34.0926640926641,0.00498310425693258,0.0494182798483442,4,"Winter","male",1475,47.5,"Calving season"
34.2857142857143,0.0052726204789753,0.0522894607315533,4,"Winter","male",1475,47.5,"Calving season"
34.4787644787645,0.00557017695547588,0.0552403781653869,4,"Winter","male",1475,47.5,"Calving season"
34.6718146718147,0.00587530806496591,0.0582664145037268,4,"Winter","male",1475,47.5,"Calving season"
34.8648648648649,0.00619001974155025,0.0613874629311904,4,"Winter","male",1475,47.5,"Calving season"
35.0579150579151,0.00651554121607256,0.0646157139360152,4,"Winter","male",1475,47.5,"Calving season"
35.2509652509653,0.00685427384715955,0.0679749821940562,4,"Winter","male",1475,47.5,"Calving season"
35.4440154440154,0.00721175208377537,0.0715201537630026,4,"Winter","male",1475,47.5,"Calving season"
35.6370656370656,0.00758996382020881,0.0752709429235933,4,"Winter","male",1475,47.5,"Calving season"
35.8301158301158,0.0079944592199753,0.0792823915773554,4,"Winter","male",1475,47.5,"Calving season"
36.023166023166,0.00843202580645456,0.083621812730913,4,"Winter","male",1475,47.5,"Calving season"
36.2162162162162,0.00890521436178392,0.0883145029181126,4,"Winter","male",1475,47.5,"Calving season"
36.4092664092664,0.00942335823181653,0.0934530224936066,4,"Winter","male",1475,47.5,"Calving season"
36.6023166023166,0.00999142814590679,0.0990866670132615,4,"Winter","male",1475,47.5,"Calving season"
36.7953667953668,0.0106121926988323,0.105242893095372,4,"Winter","male",1475,47.5,"Calving season"
36.988416988417,0.0112984754353754,0.112048873982164,4,"Winter","male",1475,47.5,"Calving season"
37.1814671814672,0.0120482391188706,0.119484406056282,4,"Winter","male",1475,47.5,"Calving season"
37.3745173745174,0.0128647248692643,0.12758163204729,4,"Winter","male",1475,47.5,"Calving season"
37.5675675675676,0.0137557619997062,0.136418196565518,4,"Winter","male",1475,47.5,"Calving season"
37.7606177606178,0.0147122752647149,0.145904098880946,4,"Winter","male",1475,47.5,"Calving season"
37.953667953668,0.0157349124220127,0.156045762915438,4,"Winter","male",1475,47.5,"Calving season"
38.1467181467181,0.0168182651832864,0.166789553767619,4,"Winter","male",1475,47.5,"Calving season"
38.3397683397683,0.0179495359946211,0.178008555951053,4,"Winter","male",1475,47.5,"Calving season"
38.5328185328185,0.0191219941799936,0.189636020223873,4,"Winter","male",1475,47.5,"Calving season"
38.7258687258687,0.0203199802970885,0.201516649272857,4,"Winter","male",1475,47.5,"Calving season"
38.9189189189189,0.0215301667607957,0.213518271203394,4,"Winter","male",1475,47.5,"Calving season"
39.1119691119691,0.0227385703666867,0.225502212234247,4,"Winter","male",1475,47.5,"Calving season"
39.3050193050193,0.0239326641739972,0.237344240594932,4,"Winter","male",1475,47.5,"Calving season"
39.4980694980695,0.025102936709311,0.248950029409908,4,"Winter","male",1475,47.5,"Calving season"
39.6911196911197,0.026240137145345,0.260227836675008,4,"Winter","male",1475,47.5,"Calving season"
39.8841698841699,0.0273457915698576,0.271192796858234,4,"Winter","male",1475,47.5,"Calving season"
40.0772200772201,0.028420613292923,0.281851983975105,4,"Winter","male",1475,47.5,"Calving season"
40.2702702702703,0.0294730754554935,0.292289427584146,4,"Winter","male",1475,47.5,"Calving season"
40.4633204633205,0.0305157718623852,0.302630022557841,4,"Winter","male",1475,47.5,"Calving season"
40.6563706563707,0.0315632448695495,0.313017987876772,4,"Winter","male",1475,47.5,"Calving season"
40.8494208494209,0.0326315312915438,0.323612363317915,4,"Winter","male",1475,47.5,"Calving season"
41.042471042471,0.0337325711020226,0.334531559600576,4,"Winter","male",1475,47.5,"Calving season"
41.2355212355212,0.0348837342646971,0.345947837565261,4,"Winter","male",1475,47.5,"Calving season"
41.4285714285714,0.0360848220322981,0.357859226202004,4,"Winter","male",1475,47.5,"Calving season"
41.6216216216216,0.0373380306576936,0.370287506118482,4,"Winter","male",1475,47.5,"Calving season"
41.8146718146718,0.0386402299804889,0.383201634989596,4,"Winter","male",1475,47.5,"Calving season"
42.007722007722,0.0399764041733424,0.396452698339657,4,"Winter","male",1475,47.5,"Calving season"
42.2007722007722,0.0413350481286169,0.409926598088514,4,"Winter","male",1475,47.5,"Calving season"
42.3938223938224,0.0426992961456319,0.423456074256628,4,"Winter","male",1475,47.5,"Calving season"
42.5868725868726,0.0440562334664534,0.436913049025665,4,"Winter","male",1475,47.5,"Calving season"
42.7799227799228,0.0453942442356474,0.450182326011018,4,"Winter","male",1475,47.5,"Calving season"
42.972972972973,0.04671084093253,0.463239236053273,4,"Winter","male",1475,47.5,"Calving season"
43.1660231660232,0.0480090573106815,0.476113865395001,4,"Winter","male",1475,47.5,"Calving season"
43.3590733590734,0.049297917531965,0.48889570816142,4,"Winter","male",1475,47.5,"Calving season"
43.5521235521236,0.0505941232662596,0.501750397611131,4,"Winter","male",1475,47.5,"Calving season"
43.7451737451737,0.0519157857532911,0.51485754594308,4,"Winter","male",1475,47.5,"Calving season"
43.9382239382239,0.0532854888304889,0.528441120857036,4,"Winter","male",1475,47.5,"Calving season"
44.1312741312741,0.0547142186883753,0.542610074245175,4,"Winter","male",1475,47.5,"Calving season"
44.3243243243243,0.0562170719443946,0.55751412179217,4,"Winter","male",1475,47.5,"Calving season"
44.5173745173745,0.0577927090010637,0.573139978485328,4,"Winter","male",1475,47.5,"Calving season"
44.7104247104247,0.0594282907703864,0.589360316937768,4,"Winter","male",1475,47.5,"Calving season"
44.9034749034749,0.0611087147295477,0.606025362900265,4,"Winter","male",1475,47.5,"Calving season"
45.0965250965251,0.0627984384621763,0.622782636274439,4,"Winter","male",1475,47.5,"Calving season"
45.2895752895753,0.06446397447418,0.639300035970459,4,"Winter","male",1475,47.5,"Calving season"
45.4826254826255,0.0660558714200616,0.655087144709325,4,"Winter","male",1475,47.5,"Calving season"
45.6756756756757,0.0675416943125911,0.66982229928811,4,"Winter","male",1475,47.5,"Calving season"
45.8687258687259,0.0688792701022745,0.683087262508773,4,"Winter","male",1475,47.5,"Calving season"
46.0617760617761,0.07002962453477,0.69449552016077,4,"Winter","male",1475,47.5,"Calving season"
46.2548262548263,0.0709863580388314,0.703983606623784,4,"Winter","male",1475,47.5,"Calving season"
46.4478764478765,0.0717167582089571,0.711227107491408,4,"Winter","male",1475,47.5,"Calving season"
46.6409266409266,0.0722256842191138,0.716274212006035,4,"Winter","male",1475,47.5,"Calving season"
46.8339768339768,0.072526363847923,0.719256102264606,4,"Winter","male",1475,47.5,"Calving season"
47.027027027027,0.0726013749568353,0.72,4,"Winter","male",1475,47.5,"Calving season"
47.2200772200772,0.0724888667364118,0.718884237127009,4,"Winter","male",1475,47.5,"Calving season"
47.4131274131274,0.0721995914711144,0.716015445852216,4,"Winter","male",1475,47.5,"Calving season"
47.6061776061776,0.0717364464350378,0.711422358928265,4,"Winter","male",1475,47.5,"Calving season"
47.7992277992278,0.0711328566296282,0.705436457694944,4,"Winter","male",1475,47.5,"Calving season"
47.992277992278,0.070394196923441,0.698111045624291,4,"Winter","male",1475,47.5,"Calving season"
48.1853281853282,0.0695347396025217,0.68958766336838,4,"Winter","male",1475,47.5,"Calving season"
48.3783783783784,0.0685762009943562,0.680081675385514,4,"Winter","male",1475,47.5,"Calving season"
48.5714285714286,0.0675228890277327,0.669635804127293,4,"Winter","male",1475,47.5,"Calving season"
48.7644787644788,0.0663948539317065,0.658448891074727,4,"Winter","male",1475,47.5,"Calving season"
48.957528957529,0.0652069534950776,0.646668283408808,4,"Winter","male",1475,47.5,"Calving season"
49.1505791505791,0.0639657405640368,0.634358966803155,4,"Winter","male",1475,47.5,"Calving season"
49.3436293436293,0.0626900769997922,0.621707997495725,4,"Winter","male",1475,47.5,"Calving season"
49.5366795366795,0.0613887287237592,0.608802308597948,4,"Winter","male",1475,47.5,"Calving season"
49.7297297297297,0.0600705146618771,0.595729358875999,4,"Winter","male",1475,47.5,"Calving season"
49.9227799227799,0.0587445273126245,0.582579320160761,4,"Winter","male",1475,47.5,"Calving season"
50.1158301158301,0.0574164108084531,0.569408166259448,4,"Winter","male",1475,47.5,"Calving season"
50.3088803088803,0.0560916640616254,0.556270430806325,4,"Winter","male",1475,47.5,"Calving season"
50.5019305019305,0.0547737808998494,0.54320076267617,4,"Winter","male",1475,47.5,"Calving season"
50.6949806949807,0.0534671376509539,0.53024256264533,4,"Winter","male",1475,47.5,"Calving season"
50.8880308880309,0.0521737729117516,0.517416047819965,4,"Winter","male",1475,47.5,"Calving season"
51.0810810810811,0.0508952593658726,0.504736814767145,4,"Winter","male",1475,47.5,"Calving season"
51.2741312741313,0.0496352190028904,0.492240783364344,4,"Winter","male",1475,47.5,"Calving season"
51.4671814671815,0.0483920876283029,0.479912441232598,4,"Winter","male",1475,47.5,"Calving season"
51.6602316602317,0.0471664926545634,0.467758010526334,4,"Winter","male",1475,47.5,"Calving season"
51.8532818532819,0.0459583523305598,0.455776680506072,4,"Winter","male",1475,47.5,"Calving season"
52.046332046332,0.044764676946493,0.443938801718803,4,"Winter","male",1475,47.5,"Calving season"
52.2393822393822,0.0435848647535014,0.432238406520241,4,"Winter","male",1475,47.5,"Calving season"
52.4324324324324,0.0424167075465648,0.42065359577121,4,"Winter","male",1475,47.5,"Calving season"
52.6254826254826,0.0412581755315048,0.409164239662746,4,"Winter","male",1475,47.5,"Calving season"
52.8185328185328,0.0401093079391594,0.397770727253643,4,"Winter","male",1475,47.5,"Calving season"
53.011583011583,0.0389688030087276,0.386460148763923,4,"Winter","male",1475,47.5,"Calving season"
53.2046332046332,0.0378366914342428,0.375232808591457,4,"Winter","male",1475,47.5,"Calving season"
53.3976833976834,0.0367145528499809,0.364104372234034,4,"Winter","male",1475,47.5,"Calving season"
53.5907335907336,0.0356021612320684,0.353072598175028,4,"Winter","male",1475,47.5,"Calving season"
53.7837837837838,0.0345011475407494,0.342153660920451,4,"Winter","male",1475,47.5,"Calving season"
53.976833976834,0.0334134538176501,0.331366820022505,4,"Winter","male",1475,47.5,"Calving season"
54.1698841698842,0.0323394656075657,0.320715898993523,4,"Winter","male",1475,47.5,"Calving season"
54.3629343629344,0.0312822718182422,0.310231531049177,4,"Winter","male",1475,47.5,"Calving season"
54.5559845559846,0.0302433854394024,0.299928720762053,4,"Winter","male",1475,47.5,"Calving season"
54.7490347490347,0.0292237529115005,0.289816854140713,4,"Winter","male",1475,47.5,"Calving season"
54.9420849420849,0.0282281577000878,0.279943369614514,4,"Winter","male",1475,47.5,"Calving season"
55.1351351351351,0.0272560099661818,0.270302417651434,4,"Winter","male",1475,47.5,"Calving season"
55.3281853281853,0.0263087889430528,0.260908668055668,4,"Winter","male",1475,47.5,"Calving season"
55.5212355212355,0.0253897966697857,0.251794867702084,4,"Winter","male",1475,47.5,"Calving season"
55.7142857142857,0.0244961823250665,0.242932744518048,4,"Winter","male",1475,47.5,"Calving season"
55.9073359073359,0.0236291549033346,0.234334288303987,4,"Winter","male",1475,47.5,"Calving season"
56.1003861003861,0.0227883675241185,0.225996058988144,4,"Winter","male",1475,47.5,"Calving season"
56.2934362934363,0.0219709733247382,0.217889823756322,4,"Winter","male",1475,47.5,"Calving season"
56.4864864864865,0.0211784825005937,0.21003055946934,4,"Winter","male",1475,47.5,"Calving season"
56.6795366795367,0.0204091542017877,0.202401001827083,4,"Winter","male",1475,47.5,"Calving season"
56.8725868725869,0.0196620067240321,0.194991415103638,4,"Winter","male",1475,47.5,"Calving season"
57.0656370656371,0.0189405293605967,0.187836403205001,4,"Winter","male",1475,47.5,"Calving season"
57.2586872586873,0.0182422905801005,0.18091185222706,4,"Winter","male",1475,47.5,"Calving season"
57.4517374517375,0.0175682654875049,0.174227432449096,4,"Winter","male",1475,47.5,"Calving season"
57.6447876447876,0.0169201785043263,0.16780024524822,4,"Winter","male",1475,47.5,"Calving season"
57.8378378378378,0.0162944668669116,0.161594958100333,4,"Winter","male",1475,47.5,"Calving season"
58.030888030888,0.0156907409838175,0.155607707361815,4,"Winter","male",1475,47.5,"Calving season"
58.2239382239382,0.0151057044801292,0.149805802330319,4,"Winter","male",1475,47.5,"Calving season"
58.4169884169884,0.0145344532781061,0.144140608445201,4,"Winter","male",1475,47.5,"Calving season"
58.6100386100386,0.0139737830967977,0.138580348315389,4,"Winter","male",1475,47.5,"Calving season"
58.8030888030888,0.0134184021963724,0.133072542870327,4,"Winter","male",1475,47.5,"Calving season"
58.996138996139,0.0128648231936432,0.12758260714663,4,"Winter","male",1475,47.5,"Calving season"
59.1891891891892,0.0123102820187662,0.122083129400529,4,"Winter","male",1475,47.5,"Calving season"
59.3822393822394,0.0117539282806425,0.116565676161011,4,"Winter","male",1475,47.5,"Calving season"
59.5752895752896,0.0111964691595183,0.111037260653067,4,"Winter","male",1475,47.5,"Calving season"
59.7683397683398,0.0106408642536603,0.105527233708597,4,"Winter","male",1475,47.5,"Calving season"
59.96138996139,0.0100911747399203,0.100075870698901,4,"Winter","male",1475,47.5,"Calving season"
60.1544401544402,0.00955358128376973,0.0947444663190445,4,"Winter","male",1475,47.5,"Calving season"
60.3474903474903,0.00903500698039822,0.0896016780640084,4,"Winter","male",1475,47.5,"Calving season"
60.5405405405405,0.00854041080391952,0.0846966849109671,4,"Winter","male",1475,47.5,"Calving season"
60.7335907335907,0.00807947392540925,0.0801254966555834,4,"Winter","male",1475,47.5,"Calving season"
60.9266409266409,0.00765498560200638,0.0759157748282518,4,"Winter","male",1475,47.5,"Calving season"
61.1196911196911,0.00726980943215966,0.0720959182145924,4,"Winter","male",1475,47.5,"Calving season"
61.3127413127413,0.0069309953960408,0.0687358426492107,4,"Winter","male",1475,47.5,"Calving season"
61.5057915057915,0.00663303939388368,0.0657809630524995,4,"Winter","male",1475,47.5,"Calving season"
61.6988416988417,0.00637598787618711,0.0632317400818387,4,"Winter","male",1475,47.5,"Calving season"
61.8918918918919,0.00615707409424721,0.0610607354267554,4,"Winter","male",1475,47.5,"Calving season"
62.0849420849421,0.00596751217383301,0.059180818100405,4,"Winter","male",1475,47.5,"Calving season"
62.2779922779923,0.00580262740982322,0.05754562826884,4,"Winter","male",1475,47.5,"Calving season"
62.4710424710425,0.00565310281203206,0.0560627677793019,4,"Winter","male",1475,47.5,"Calving season"
62.6640926640927,0.00551062815662384,0.0546498227496119,4,"Winter","male",1475,47.5,"Calving season"
62.8571428571429,0.00536714343570316,0.0532268607309958,4,"Winter","male",1475,47.5,"Calving season"
63.0501930501931,0.00521530185178252,0.0517210223017943,4,"Winter","male",1475,47.5,"Calving season"
63.2432432432432,0.00504981657661345,0.0500798771004457,4,"Winter","male",1475,47.5,"Calving season"
63.4362934362934,0.00486458096147152,0.0482428644683641,4,"Winter","male",1475,47.5,"Calving season"
63.6293436293436,0.00465980210301227,0.0462120382177826,4,"Winter","male",1475,47.5,"Calving season"
63.8223938223938,0.00443444943418016,0.0439771780425368,4,"Winter","male",1475,47.5,"Calving season"
64.015444015444,0.00419040428598655,0.0415569414174885,4,"Winter","male",1475,47.5,"Calving season"
64.2084942084942,0.00393293509439602,0.0390035763048387,4,"Winter","male",1475,47.5,"Calving season"
64.4015444015444,0.00366639373363387,0.0363602409704481,4,"Winter","male",1475,47.5,"Calving season"
64.5945945945946,0.00339796122878616,0.0336981508432947,4,"Winter","male",1475,47.5,"Calving season"
64.7876447876448,0.00313367059710558,0.0310771363663216,4,"Winter","male",1475,47.5,"Calving season"
64.980694980695,0.00288133520116672,0.0285746839653307,4,"Winter","male",1475,47.5,"Calving season"
65.1737451737452,0.00264536846976671,0.0262345623531846,4,"Winter","male",1475,47.5,"Calving season"
65.3667953667954,0.00243006250318327,0.0240993370074905,4,"Winter","male",1475,47.5,"Calving season"
65.5598455598456,0.00224047707268088,0.0222191865276562,4,"Winter","male",1475,47.5,"Calving season"
65.7528957528958,0.00207512507150424,0.0205793630268208,4,"Winter","male",1475,47.5,"Calving season"
65.9459459459459,0.00193523789518727,0.0191920784608178,4,"Winter","male",1475,47.5,"Calving season"
66.1389961389961,0.00181900397640821,0.0180393672129842,4,"Winter","male",1475,47.5,"Calving season"
66.3320463320463,0.00172186025383223,0.0170759766395097,4,"Winter","male",1475,47.5,"Calving season"
66.5250965250965,0.00164168702704242,0.0162808853161983,4,"Winter","male",1475,47.5,"Calving season"
66.7181467181467,0.00157293909196301,0.0155991005251167,4,"Winter","male",1475,47.5,"Calving season"
66.9111969111969,0.0015114349773439,0.0149891539152614,4,"Winter","male",1475,47.5,"Calving season"
67.1042471042471,0.00145379868864567,0.0144175651831279,4,"Winter","male",1475,47.5,"Calving season"
67.2972972972973,0.00139644393824263,0.0138487685134403,4,"Winter","male",1475,47.5,"Calving season"
67.4903474903475,0.00133740338844485,0.0132632534886949,4,"Winter","male",1475,47.5,"Calving season"
67.6833976833977,0.00127520533187423,0.0126464249402346,4,"Winter","male",1475,47.5,"Calving season"
67.8764478764479,0.00120991111072701,0.0119988912088975,4,"Winter","male",1475,47.5,"Calving season"
68.0694980694981,0.0011417892579147,0.0113233153805607,4,"Winter","male",1475,47.5,"Calving season"
68.2625482625483,0.00107203672890619,0.0106315678631619,4,"Winter","male",1475,47.5,"Calving season"
68.4555984555984,0.00100206924669911,0.00993768861887695,4,"Winter","male",1475,47.5,"Calving season"
68.6486486486486,0.000933549772047542,0.0092581695081375,4,"Winter","male",1475,47.5,"Calving season"
68.8416988416988,0.000867972141325763,0.00860782515656354,4,"Winter","male",1475,47.5,"Calving season"
69.034749034749,0.000806494665443626,0.00799814272752614,4,"Winter","male",1475,47.5,"Calving season"
69.2277992277992,0.000750994186715184,0.00744773518072367,4,"Winter","male",1475,47.5,"Calving season"
69.4208494208494,0.000701692062083933,0.00695879775005372,4,"Winter","male",1475,47.5,"Calving season"
69.6138996138996,0.000659543211676889,0.00654080053841531,4,"Winter","male",1475,47.5,"Calving season"
69.8069498069498,0.000625487585724431,0.00620306518973427,4,"Winter","male",1475,47.5,"Calving season"
70,0.000599085233525715,0.00594122863919542,4,"Winter","male",1475,47.5,"Calving season"
