"x","density","density_scaled","group_index","group_label","calf_sex","n","median_birth_weight","group_title"
20,0.000977207389065784,0.00931121049014707,1,"1","female",1037,41.3,"Parity group"
20.1930501930502,0.000940437128531485,0.00896084920610099,1,"1","female",1037,41.3,"Parity group"
20.3861003861004,0.000898884831131094,0.00856492282263993,1,"1","female",1037,41.3,"Parity group"
20.5791505791506,0.000856540488007034,0.00816144952075254,1,"1","female",1037,41.3,"Parity group"
20.7722007722008,0.000818632908465179,0.00780025142070169,1,"1","female",1037,41.3,"Parity group"
20.965250965251,0.000789321927404391,0.00752096504057043,1,"1","female",1037,41.3,"Parity group"
21.1583011583012,0.000773304257364359,0.00736834247654434,1,"1","female",1037,41.3,"Parity group"
21.3513513513514,0.000776210151737617,0.00739603096362936,1,"1","female",1037,41.3,"Parity group"
21.5444015444015,0.000800350062599013,0.00762604538406751,1,"1","female",1037,41.3,"Parity group"
21.7374517374517,0.000851018708645439,0.00810883586832702,1,"1","female",1037,41.3,"Parity group"
21.9305019305019,0.000931228710804704,0.00887310783544145,1,"1","female",1037,41.3,"Parity group"
22.1235521235521,0.00104098524470854,0.0099189106008346,1,"1","female",1037,41.3,"Parity group"
22.3166023166023,0.00118413114882336,0.0112828602178035,1,"1","female",1037,41.3,"Parity group"
22.5096525096525,0.00135745950548572,0.0129343999327636,1,"1","female",1037,41.3,"Parity group"
22.7027027027027,0.00155745666820796,0.014840050361092,1,"1","female",1037,41.3,"Parity group"
22.8957528957529,0.00178237512892345,0.0169831605690939,1,"1","female",1037,41.3,"Parity group"
23.0888030888031,0.00202269185337726,0.0192729913979738,1,"1","female",1037,41.3,"Parity group"
23.2818532818533,0.00227165325769153,0.0216451920847789,1,"1","female",1037,41.3,"Parity group"
23.4749034749035,0.00252023242773929,0.0240137506954475,1,"1","female",1037,41.3,"Parity group"
23.6679536679537,0.00276003361899445,0.0262986693243369,1,"1","female",1037,41.3,"Parity group"
23.8610038610039,0.00298301760513422,0.0284233471093303,1,"1","female",1037,41.3,"Parity group"
24.0540540540541,0.00318181789738322,0.0303175932922238,1,"1","female",1037,41.3,"Parity group"
24.2471042471042,0.00335451206664293,0.031963090223981,1,"1","female",1037,41.3,"Parity group"
24.4401544401544,0.00349726839884305,0.0333233278488596,1,"1","female",1037,41.3,"Parity group"
24.6332046332046,0.0036123672242366,0.0344200340367167,1,"1","female",1037,41.3,"Parity group"
24.8262548262548,0.00370455889899151,0.0352984720210045,1,"1","female",1037,41.3,"Parity group"
25.019305019305,0.00377735549617708,0.0359921061942062,1,"1","female",1037,41.3,"Parity group"
25.2123552123552,0.00383968930433311,0.0365860468611389,1,"1","female",1037,41.3,"Parity group"
25.4054054054054,0.00389834467218612,0.037144937924149,1,"1","female",1037,41.3,"Parity group"
25.5984555984556,0.00396114666015637,0.0377433395896847,1,"1","female",1037,41.3,"Parity group"
25.7915057915058,0.00403385261242466,0.0384361100630064,1,"1","female",1037,41.3,"Parity group"
25.984555984556,0.00412133778271697,0.0392697026498746,1,"1","female",1037,41.3,"Parity group"
26.1776061776062,0.00422821932199223,0.040288111352918,1,"1","female",1037,41.3,"Parity group"
26.3706563706564,0.00435440685973519,0.0414904750868653,1,"1","female",1037,41.3,"Parity group"
26.5637065637066,0.00450182879041803,0.0428951683411438,1,"1","female",1037,41.3,"Parity group"
26.7567567567568,0.00467037526646253,0.0445011444454826,1,"1","female",1037,41.3,"Parity group"
26.9498069498069,0.00485833006523987,0.0462920505659552,1,"1","female",1037,41.3,"Parity group"
27.1428571428571,0.00506758296378287,0.0482858932300697,1,"1","female",1037,41.3,"Parity group"
27.3359073359073,0.00529769091972291,0.0504784509585407,1,"1","female",1037,41.3,"Parity group"
27.5289575289575,0.00554920162082883,0.0528749423325576,1,"1","female",1037,41.3,"Parity group"
27.7220077220077,0.00582756487289469,0.0555272952125179,1,"1","female",1037,41.3,"Parity group"
27.9150579150579,0.00613297318868165,0.058437343934573,1,"1","female",1037,41.3,"Parity group"
28.1081081081081,0.00646851669669357,0.061634532439961,1,"1","female",1037,41.3,"Parity group"
28.3011583011583,0.00684025369650394,0.0651765865534887,1,"1","female",1037,41.3,"Parity group"
28.4942084942085,0.00724603683875343,0.0690430454987596,1,"1","female",1037,41.3,"Parity group"
28.6872586872587,0.00768791397970435,0.0732534220434067,1,"1","female",1037,41.3,"Parity group"
28.8803088803089,0.00816556926229043,0.0778047065789663,1,"1","female",1037,41.3,"Parity group"
29.0733590733591,0.00867284148740731,0.0826381928140469,1,"1","female",1037,41.3,"Parity group"
29.2664092664093,0.0092069664952595,0.0877275427635165,1,"1","female",1037,41.3,"Parity group"
29.4594594594595,0.0097603870999866,0.0930007486334852,1,"1","female",1037,41.3,"Parity group"
29.6525096525097,0.0103255125297751,0.0983854826100938,1,"1","female",1037,41.3,"Parity group"
29.8455598455598,0.0108959994703918,0.103821303138467,1,"1","female",1037,41.3,"Parity group"
30.03861003861,0.0114650825188431,0.10924374683854,1,"1","female",1037,41.3,"Parity group"
30.2316602316602,0.0120289545211948,0.11461653767306,1,"1","female",1037,41.3,"Parity group"
30.4247104247104,0.0125846356105917,0.119911282316482,1,"1","female",1037,41.3,"Parity group"
30.6177606177606,0.0131341220273301,0.125147001719524,1,"1","female",1037,41.3,"Parity group"
30.8108108108108,0.0136808204988809,0.130356156501006,1,"1","female",1037,41.3,"Parity group"
31.003861003861,0.0142322048723932,0.135609960371297,1,"1","female",1037,41.3,"Parity group"
31.1969111969112,0.0147968853744448,0.140990454904102,1,"1","female",1037,41.3,"Parity group"
31.3899613899614,0.0153865428391378,0.146608939610906,1,"1","female",1037,41.3,"Parity group"
31.5830115830116,0.0160148471135389,0.152595666089101,1,"1","female",1037,41.3,"Parity group"
31.7760617760618,0.0166903898534075,0.159032498962439,1,"1","female",1037,41.3,"Parity group"
31.969111969112,0.0174293552016909,0.166073647013283,1,"1","female",1037,41.3,"Parity group"
32.1621621621622,0.0182389973390328,0.173788230884462,1,"1","female",1037,41.3,"Parity group"
32.3552123552124,0.0191221847723201,0.182203582820608,1,"1","female",1037,41.3,"Parity group"
32.5482625482625,0.0200919047056244,0.191443449932255,1,"1","female",1037,41.3,"Parity group"
32.7413127413127,0.0211394087730181,0.201424474400472,1,"1","female",1037,41.3,"Parity group"
32.9343629343629,0.0222609351307783,0.212110811921248,1,"1","female",1037,41.3,"Parity group"
33.1274131274131,0.0234558768500479,0.22349667944136,1,"1","female",1037,41.3,"Parity group"
33.3204633204633,0.0247053411128189,0.235402058873355,1,"1","female",1037,41.3,"Parity group"
33.5135135135135,0.0259996064590049,0.247734320380262,1,"1","female",1037,41.3,"Parity group"
33.7065637065637,0.0273247622820646,0.260360918315167,1,"1","female",1037,41.3,"Parity group"
33.8996138996139,0.0286641030792401,0.273122676177503,1,"1","female",1037,41.3,"Parity group"
34.0926640926641,0.0300046526144539,0.285895951364029,1,"1","female",1037,41.3,"Parity group"
34.2857142857143,0.0313328839073,0.298551853566237,1,"1","female",1037,41.3,"Parity group"
34.4787644787645,0.0326403047374835,0.311009465619988,1,"1","female",1037,41.3,"Parity group"
34.6718146718147,0.0339168658339806,0.323173034178737,1,"1","female",1037,41.3,"Parity group"
34.8648648648649,0.0351601650857868,0.335019670998458,1,"1","female",1037,41.3,"Parity group"
35.0579150579151,0.0363701898369459,0.346549255488298,1,"1","female",1037,41.3,"Parity group"
35.2509652509653,0.0375438992421823,0.357732813296707,1,"1","female",1037,41.3,"Parity group"
35.4440154440154,0.0386890291574752,0.368644054655667,1,"1","female",1037,41.3,"Parity group"
35.6370656370656,0.0398091479434752,0.379316980287538,1,"1","female",1037,41.3,"Parity group"
35.8301158301158,0.0409079836450595,0.389787112447838,1,"1","female",1037,41.3,"Parity group"
36.023166023166,0.0419924657668429,0.400120478140437,1,"1","female",1037,41.3,"Parity group"
36.2162162162162,0.043065710372209,0.410346768424153,1,"1","female",1037,41.3,"Parity group"
36.4092664092664,0.0441308428784565,0.420495763485528,1,"1","female",1037,41.3,"Parity group"
36.6023166023166,0.0451905075989799,0.430592659366768,1,"1","female",1037,41.3,"Parity group"
36.7953667953668,0.0462460482990526,0.44065025998386,1,"1","female",1037,41.3,"Parity group"
36.988416988417,0.0472999544913003,0.450692286377325,1,"1","female",1037,41.3,"Parity group"
37.1814671814672,0.0483554741882619,0.460749686868638,1,"1","female",1037,41.3,"Parity group"
37.3745173745174,0.0494190088068553,0.47088345663756,1,"1","female",1037,41.3,"Parity group"
37.5675675675676,0.0504986752728491,0.48117093689662,1,"1","female",1037,41.3,"Parity group"
37.7606177606178,0.0516041943606723,0.491704750949579,1,"1","female",1037,41.3,"Parity group"
37.953667953668,0.0527539690964122,0.502660249956768,1,"1","female",1037,41.3,"Parity group"
38.1467181467181,0.0539569810567259,0.514123013859274,1,"1","female",1037,41.3,"Parity group"
38.3397683397683,0.0552273603726225,0.526227680018164,1,"1","female",1037,41.3,"Parity group"
38.5328185328185,0.056579938803575,0.539115571182261,1,"1","female",1037,41.3,"Parity group"
38.7258687258687,0.0580108585784946,0.552749929014459,1,"1","female",1037,41.3,"Parity group"
38.9189189189189,0.0595221622149482,0.567150215413231,1,"1","female",1037,41.3,"Parity group"
39.1119691119691,0.0611006025239765,0.58219020603134,1,"1","female",1037,41.3,"Parity group"
39.3050193050193,0.0627225237288689,0.597644499466046,1,"1","female",1037,41.3,"Parity group"
39.4980694980695,0.0643627195868907,0.613272920873818,1,"1","female",1037,41.3,"Parity group"
39.6911196911197,0.0659849259557499,0.628729931461249,1,"1","female",1037,41.3,"Parity group"
39.8841698841699,0.0675583978811287,0.643722581395614,1,"1","female",1037,41.3,"Parity group"
40.0772200772201,0.0690381455366687,0.657822190186136,1,"1","female",1037,41.3,"Parity group"
40.2702702702703,0.0704036971379994,0.670833694742301,1,"1","female",1037,41.3,"Parity group"
40.4633204633205,0.0716326129957468,0.682543281012524,1,"1","female",1037,41.3,"Parity group"
40.6563706563707,0.0726932900781826,0.692649823070169,1,"1","female",1037,41.3,"Parity group"
40.8494208494209,0.0735949771409452,0.701241446641141,1,"1","female",1037,41.3,"Parity group"
41.042471042471,0.0743265148141394,0.708211820926885,1,"1","female",1037,41.3,"Parity group"
41.2355212355212,0.0748825482590537,0.71350992295015,1,"1","female",1037,41.3,"Parity group"
41.4285714285714,0.0752792759579231,0.717290098123586,1,"1","female",1037,41.3,"Parity group"
41.6216216216216,0.0755051256009131,0.71944208099696,1,"1","female",1037,41.3,"Parity group"
41.8146718146718,0.0755636789515057,0.72,1,"1","female",1037,41.3,"Parity group"
42.007722007722,0.0754623808812331,0.719034792752176,1,"1","female",1037,41.3,"Parity group"
42.2007722007722,0.0751804075948953,0.716348042067452,1,"1","female",1037,41.3,"Parity group"
42.3938223938224,0.0747300839193639,0.712057183669852,1,"1","female",1037,41.3,"Parity group"
42.5868725868726,0.0741170065469803,0.706215545011688,1,"1","female",1037,41.3,"Parity group"
42.7799227799228,0.073327412190491,0.698691984161281,1,"1","female",1037,41.3,"Parity group"
42.972972972973,0.0723965648016169,0.689822509708886,1,"1","female",1037,41.3,"Parity group"
43.1660231660232,0.0713385388995364,0.679741229124509,1,"1","female",1037,41.3,"Parity group"
43.3590733590734,0.0701742173732528,0.668647122662829,1,"1","female",1037,41.3,"Parity group"
43.5521235521236,0.0689435710796255,0.656921048129317,1,"1","female",1037,41.3,"Parity group"
43.7451737451737,0.0676735062041609,0.644819378080651,1,"1","female",1037,41.3,"Parity group"
43.9382239382239,0.0663966245746001,0.632652755358724,1,"1","female",1037,41.3,"Parity group"
44.1312741312741,0.0651367322617274,0.62064801342642,1,"1","female",1037,41.3,"Parity group"
44.3243243243243,0.0639139602343088,0.608996967951166,1,"1","female",1037,41.3,"Parity group"
44.5173745173745,0.0627355106852204,0.597768244216207,1,"1","female",1037,41.3,"Parity group"
44.7104247104247,0.0615980616082167,0.58693018885937,1,"1","female",1037,41.3,"Parity group"
44.9034749034749,0.0604947426978557,0.576417338949432,1,"1","female",1037,41.3,"Parity group"
45.0965250965251,0.0594027288669059,0.566012208214752,1,"1","female",1037,41.3,"Parity group"
45.2895752895753,0.058300362850332,0.555508437845887,1,"1","female",1037,41.3,"Parity group"
45.4826254826255,0.0571560961156452,0.544605421206064,1,"1","female",1037,41.3,"Parity group"
45.6756756756757,0.0559490271898933,0.533104000965539,1,"1","female",1037,41.3,"Parity group"
45.8687258687259,0.0546557276027391,0.52078094158474,1,"1","female",1037,41.3,"Parity group"
46.0617760617761,0.0532549259015322,0.507433560424061,1,"1","female",1037,41.3,"Parity group"
46.2548262548263,0.0517492704347925,0.493087091973944,1,"1","female",1037,41.3,"Parity group"
46.4478764478765,0.0501325746167026,0.477682588048562,1,"1","female",1037,41.3,"Parity group"
46.6409266409266,0.0484176793185592,0.461342401443094,1,"1","female",1037,41.3,"Parity group"
46.8339768339768,0.0466270353801532,0.444280452454617,1,"1","female",1037,41.3,"Parity group"
47.027027027027,0.0447773153963731,0.426655604024772,1,"1","female",1037,41.3,"Parity group"
47.2200772200772,0.042899540110878,0.408763433813948,1,"1","female",1037,41.3,"Parity group"
47.4131274131274,0.0410171612438395,0.390827398895141,1,"1","female",1037,41.3,"Parity group"
47.6061776061776,0.0391557257194665,0.373090920256922,1,"1","female",1037,41.3,"Parity group"
47.7992277992278,0.0373309742667653,0.355703981661886,1,"1","female",1037,41.3,"Parity group"
47.992277992278,0.0355547260704024,0.338779200879282,1,"1","female",1037,41.3,"Parity group"
48.1853281853282,0.0338376774563036,0.32241849664538,1,"1","female",1037,41.3,"Parity group"
48.3783783783784,0.032173641154822,0.306562914258561,1,"1","female",1037,41.3,"Parity group"
48.5714285714286,0.0305609630612355,0.291196692768373,1,"1","female",1037,41.3,"Parity group"
48.7644787644788,0.028991675052786,0.276243908815004,1,"1","female",1037,41.3,"Parity group"
48.957528957529,0.0274531599852585,0.261584341361562,1,"1","female",1037,41.3,"Parity group"
49.1505791505791,0.0259379702481371,0.247147026690481,1,"1","female",1037,41.3,"Parity group"
49.3436293436293,0.0244364213546008,0.232839687260383,1,"1","female",1037,41.3,"Parity group"
49.5366795366795,0.0229428455759705,0.218608318757217,1,"1","female",1037,41.3,"Parity group"
49.7297297297297,0.0214558931331755,0.204440059963207,1,"1","female",1037,41.3,"Parity group"
49.9227799227799,0.0199769707699541,0.190348314877545,1,"1","female",1037,41.3,"Parity group"
50.1158301158301,0.0185109620396965,0.176379615888407,1,"1","female",1037,41.3,"Parity group"
50.3088803088803,0.0170695171914315,0.162644971080856,1,"1","female",1037,41.3,"Parity group"
50.5019305019305,0.0156610827027198,0.149224861764537,1,"1","female",1037,41.3,"Parity group"
50.6949806949807,0.0142986309660119,0.136242893919122,1,"1","female",1037,41.3,"Parity group"
50.8880308880309,0.0129991180599993,0.123860631629729,1,"1","female",1037,41.3,"Parity group"
51.0810810810811,0.0117680157691157,0.112130212177744,1,"1","female",1037,41.3,"Parity group"
51.2741312741313,0.0106197350356836,0.101188948603194,1,"1","female",1037,41.3,"Parity group"
51.4671814671815,0.00956173956969058,0.0911079580256466,1,"1","female",1037,41.3,"Parity group"
51.6602316602317,0.00859147941623511,0.0818629434871636,1,"1","female",1037,41.3,"Parity group"
51.8532818532819,0.00771826911936715,0.0735426575711162,1,"1","female",1037,41.3,"Parity group"
52.046332046332,0.0069338447597372,0.0660683584532024,1,"1","female",1037,41.3,"Parity group"
52.2393822393822,0.00623029834589814,0.0593646957280298,1,"1","female",1037,41.3,"Parity group"
52.4324324324324,0.00561052182693939,0.0534592250066177,1,"1","female",1037,41.3,"Parity group"
52.6254826254826,0.00505739859924807,0.0481888526602244,1,"1","female",1037,41.3,"Parity group"
52.8185328185328,0.00456454280060488,0.043492731720284,1,"1","female",1037,41.3,"Parity group"
53.011583011583,0.00412895443486271,0.0393422770615633,1,"1","female",1037,41.3,"Parity group"
53.2046332046332,0.00373792634789189,0.0356164099978424,1,"1","female",1037,41.3,"Parity group"
53.3976833976834,0.00338841913519186,0.0322861699058332,1,"1","female",1037,41.3,"Parity group"
53.5907335907336,0.00307688386968154,0.029317741233754,1,"1","female",1037,41.3,"Parity group"
53.7837837837838,0.00279708335471078,0.0266516935561623,1,"1","female",1037,41.3,"Parity group"
53.976833976834,0.00254908892665963,0.0242887065937168,1,"1","female",1037,41.3,"Parity group"
54.1698841698842,0.00233006195530563,0.0222017327782137,1,"1","female",1037,41.3,"Parity group"
54.3629343629344,0.0021368986414229,0.0203611979084805,1,"1","female",1037,41.3,"Parity group"
54.5559845559846,0.00197066006756602,0.0187772123900707,1,"1","female",1037,41.3,"Parity group"
54.7490347490347,0.00182717815692289,0.0174100611727596,1,"1","female",1037,41.3,"Parity group"
54.9420849420849,0.00170383639541676,0.0162348130970087,1,"1","female",1037,41.3,"Parity group"
55.1351351351351,0.00160006907776357,0.0152460779037654,1,"1","female",1037,41.3,"Parity group"
55.3281853281853,0.00151029542942099,0.0143906798116722,1,"1","female",1037,41.3,"Parity group"
55.5212355212355,0.0014318598684899,0.0136433154078476,1,"1","female",1037,41.3,"Parity group"
55.7142857142857,0.00136166783422861,0.0129744985189748,1,"1","female",1037,41.3,"Parity group"
55.9073359073359,0.00129582238840082,0.0123470976081955,1,"1","female",1037,41.3,"Parity group"
56.1003861003861,0.00123191810114373,0.0117381928081178,1,"1","female",1037,41.3,"Parity group"
56.2934362934363,0.00116770222786915,0.0111263190957835,1,"1","female",1037,41.3,"Parity group"
56.4864864864865,0.00110204084984947,0.0105006720543721,1,"1","female",1037,41.3,"Parity group"
56.6795366795367,0.00103436701946361,0.00985584958736265,1,"1","female",1037,41.3,"Parity group"
56.8725868725869,0.000965207562533766,0.00919687149523659,1,"1","female",1037,41.3,"Parity group"
57.0656370656371,0.000895568625747988,0.00853332473333345,1,"1","female",1037,41.3,"Parity group"
57.2586872586873,0.000827022447808882,0.00788019020096334,1,"1","female",1037,41.3,"Parity group"
57.4517374517375,0.00076112683337696,0.00725231126429282,1,"1","female",1037,41.3,"Parity group"
57.6447876447876,0.000699222595373508,0.00666246370815293,1,"1","female",1037,41.3,"Parity group"
57.8378378378378,0.000643043666321042,0.00612716911319634,1,"1","female",1037,41.3,"Parity group"
58.030888030888,0.000592556825611229,0.00564611094060004,1,"1","female",1037,41.3,"Parity group"
58.2239382239382,0.000548050342183322,0.00522203592846811,1,"1","female",1037,41.3,"Parity group"
58.4169884169884,0.000509195308702162,0.00485181012032039,1,"1","female",1037,41.3,"Parity group"
58.6100386100386,0.000474551690759338,0.00452171231056657,1,"1","female",1037,41.3,"Parity group"
58.8030888030888,0.000443164905463061,0.00422264686368934,1,"1","female",1037,41.3,"Parity group"
58.996138996139,0.000413527849634689,0.00394025351687887,1,"1","female",1037,41.3,"Parity group"
59.1891891891892,0.000384414814426798,0.00366285324150141,1,"1","female",1037,41.3,"Parity group"
59.3822393822394,0.000354867480783874,0.00338131480242464,1,"1","female",1037,41.3,"Parity group"
59.5752895752896,0.000324342339592265,0.00309045943430442,1,"1","female",1037,41.3,"Parity group"
59.7683397683398,0.000292757719851552,0.00278950894421634,1,"1","female",1037,41.3,"Parity group"
59.96138996139,0.00026026137297866,0.00247987116488723,1,"1","female",1037,41.3,"Parity group"
60.1544401544402,0.000227543030413811,0.00216811812462288,1,"1","female",1037,41.3,"Parity group"
60.3474903474903,0.000195281284428933,0.00186071571341922,1,"1","female",1037,41.3,"Parity group"
60.5405405405405,0.000164434241440901,0.00156679314030527,1,"1","female",1037,41.3,"Parity group"
60.7335907335907,0.000135595554732209,0.00129200696368748,1,"1","female",1037,41.3,"Parity group"
60.9266409266409,0.000109474410906665,0.00104311458820558,1,"1","female",1037,41.3,"Parity group"
61.1196911196911,8.65852662306365e-05,0.000825017952422182,1,"1","female",1037,41.3,"Parity group"
61.3127413127413,6.68631404621797e-05,0.000637097899424206,1,"1","female",1037,41.3,"Parity group"
61.5057915057915,5.05816976529608e-05,0.000481962006290141,1,"1","female",1037,41.3,"Parity group"
61.6988416988417,3.74235160266979e-05,0.00035658575539334,1,"1","female",1037,41.3,"Parity group"
61.8918918918919,2.69605759675304e-05,0.000256890810055445,1,"1","female",1037,41.3,"Parity group"
62.0849420849421,1.90992043919039e-05,0.000181984616855355,1,"1","female",1037,41.3,"Parity group"
62.2779922779923,1.31875331035819e-05,0.000125655923140965,1,"1","female",1037,41.3,"Parity group"
62.4710424710425,8.85386253599777e-06,8.43630314771932e-05,1,"1","female",1037,41.3,"Parity group"
62.6640926640927,5.8717267630577e-06,5.59480868065557e-05,1,"1","female",1037,41.3,"Parity group"
62.8571428571429,3.77698307525968e-06,3.5988557623461e-05,1,"1","female",1037,41.3,"Parity group"
63.0501930501931,2.37051775092618e-06,2.25872112680247e-05,1,"1","female",1037,41.3,"Parity group"
63.2432432432432,1.46713641778859e-06,1.3979444032704e-05,1,"1","female",1037,41.3,"Parity group"
63.4362934362934,8.77760348079646e-07,8.36364056629554e-06,1,"1","female",1037,41.3,"Parity group"
63.6293436293436,5.160518982371e-07,4.9171423610696e-06,1,"1","female",1037,41.3,"Parity group"
63.8223938223938,2.97628168344981e-07,2.83591646385974e-06,1,"1","female",1037,41.3,"Parity group"
64.015444015444,1.6534897499765e-07,1.57550907592405e-06,1,"1","female",1037,41.3,"Parity group"
64.2084942084942,9.12882357564076e-08,8.69829667594603e-07,1,"1","female",1037,41.3,"Parity group"
64.4015444015444,4.89816582248217e-08,4.66716210899482e-07,1,"1","female",1037,41.3,"Parity group"
64.5945945945946,2.52273964721159e-08,2.40376404536634e-07,1,"1","female",1037,41.3,"Parity group"
64.7876447876448,1.31146433606253e-08,1.2496140143878e-07,1,"1","female",1037,41.3,"Parity group"
64.980694980695,6.53492840802666e-09,6.22673289477979e-08,1,"1","female",1037,41.3,"Parity group"
65.1737451737452,3.14884896489974e-09,3.00034525341574e-08,1,"1","female",1037,41.3,"Parity group"
65.3667953667954,1.52914414056327e-09,1.45702776318254e-08,1,"1","female",1037,41.3,"Parity group"
65.5598455598456,7.06315418178562e-10,6.7300468709965e-09,1,"1","female",1037,41.3,"Parity group"
65.7528957528958,3.20516879984313e-10,3.05400897350177e-09,1,"1","female",1037,41.3,"Parity group"
65.9459459459459,1.44609462645063e-10,1.37789496950334e-09,1,"1","female",1037,41.3,"Parity group"
66.1389961389961,6.18040156854084e-11,5.88892599075967e-10,1,"1","female",1037,41.3,"Parity group"
66.3320463320463,2.65018198946736e-11,2.52519604510135e-10,1,"1","female",1037,41.3,"Parity group"
66.5250965250965,1.10838531744756e-11,1.05611245989545e-10,1,"1","female",1037,41.3,"Parity group"
66.7181467181467,4.37536685854339e-12,4.16901900736328e-11,1,"1","female",1037,41.3,"Parity group"
66.9111969111969,1.77867248411801e-12,1.69478803352977e-11,1,"1","female",1037,41.3,"Parity group"
67.1042471042471,6.88034905368749e-13,6.55586306462688e-12,1,"1","female",1037,41.3,"Parity group"
67.2972972972973,2.5141711645719e-13,2.39559966323701e-12,1,"1","female",1037,41.3,"Parity group"
67.4903474903475,9.68122124501497e-14,9.22464257051885e-13,1,"1","female",1037,41.3,"Parity group"
67.6833976833977,3.45602515310059e-14,3.29303462292957e-13,1,"1","female",1037,41.3,"Parity group"
67.8764478764479,1.19933707133872e-14,1.14277481370125e-13,1,"1","female",1037,41.3,"Parity group"
68.0694980694981,4.26438526426611e-15,4.06327144585172e-14,1,"1","female",1037,41.3,"Parity group"
68.2625482625483,1.4001045590508e-15,1.33407385202027e-14,1,"1","female",1037,41.3,"Parity group"
68.4555984555984,4.62782796019032e-16,4.40957372321089e-15,1,"1","female",1037,41.3,"Parity group"
68.6486486486486,1.50349959324427e-16,1.43259264524508e-15,1,"1","female",1037,41.3,"Parity group"
68.8416988416988,4.5308052596125e-17,4.31712673626513e-16,1,"1","female",1037,41.3,"Parity group"
69.034749034749,1.14402113932746e-17,1.09006765121162e-16,1,"1","female",1037,41.3,"Parity group"
69.2277992277992,1.55299492776581e-18,1.47975371700599e-17,1,"1","female",1037,41.3,"Parity group"
69.4208494208494,0,0,1,"1","female",1037,41.3,"Parity group"
69.6138996138996,0,0,1,"1","female",1037,41.3,"Parity group"
69.8069498069498,2.36949624835821e-18,2.25774779959138e-17,1,"1","female",1037,41.3,"Parity group"
70,0,0,1,"1","female",1037,41.3,"Parity group"
20,0.000471763456271156,0.00456864842587629,2,"2","female",834,42.8,"Parity group"
20.1930501930502,0.000512580734991967,0.0049639308363672,2,"2","female",834,42.8,"Parity group"
20.3861003861004,0.00055399414862656,0.00536498633249935,2,"2","female",834,42.8,"Parity group"
20.5791505791506,0.000597043224095045,0.005781881893739,2,"2","female",834,42.8,"Parity group"
20.7722007722008,0.000643340706496866,0.00623023565511118,2,"2","female",834,42.8,"Parity group"
20.965250965251,0.000694056447718738,0.00672137668822944,2,"2","female",834,42.8,"Parity group"
21.1583011583012,0.000751171199366179,0.00727448697419956,2,"2","female",834,42.8,"Parity group"
21.3513513513514,0.000816163405560346,0.00790388405143427,2,"2","female",834,42.8,"Parity group"
21.5444015444015,0.000889830754586492,0.00861729288735168,2,"2","female",834,42.8,"Parity group"
21.7374517374517,0.000974579075774197,0.00943801199783599,2,"2","female",834,42.8,"Parity group"
21.9305019305019,0.00107040678230099,0.0103660260157919,2,"2","female",834,42.8,"Parity group"
22.1235521235521,0.00117806333058743,0.0114085928219444,2,"2","female",834,42.8,"Parity group"
22.3166023166023,0.00129953195550185,0.0125849184457963,2,"2","female",834,42.8,"Parity group"
22.5096525096525,0.00143374141263899,0.0138846287496289,2,"2","female",834,42.8,"Parity group"
22.7027027027027,0.00158164564040897,0.0153169618572474,2,"2","female",834,42.8,"Parity group"
22.8957528957529,0.0017433674462656,0.0168831070597536,2,"2","female",834,42.8,"Parity group"
23.0888030888031,0.00191709863385737,0.0185655534344481,2,"2","female",834,42.8,"Parity group"
23.2818532818533,0.00210245749107929,0.0203606044075832,2,"2","female",834,42.8,"Parity group"
23.4749034749035,0.00229630685760895,0.0222378791126927,2,"2","female",834,42.8,"Parity group"
23.6679536679537,0.00249528387591443,0.0241648109879424,2,"2","female",834,42.8,"Parity group"
23.8610038610039,0.00269523901910536,0.0261012152134958,2,"2","female",834,42.8,"Parity group"
24.0540540540541,0.00289096152509465,0.0279966297629063,2,"2","female",834,42.8,"Parity group"
24.2471042471042,0.00307743806334829,0.029802504575019,2,"2","female",834,42.8,"Parity group"
24.4401544401544,0.0032479377831249,0.031453656791273,2,"2","female",834,42.8,"Parity group"
24.6332046332046,0.00339947287122069,0.032921151851543,2,"2","female",834,42.8,"Parity group"
24.8262548262548,0.00352700015311577,0.0341561506797511,2,"2","female",834,42.8,"Parity group"
25.019305019305,0.00362806975355328,0.0351349282107461,2,"2","female",834,42.8,"Parity group"
25.2123552123552,0.00370401510896641,0.0358703977004842,2,"2","female",834,42.8,"Parity group"
25.4054054054054,0.00375341101017383,0.0363487571479916,2,"2","female",834,42.8,"Parity group"
25.5984555984556,0.00378133727421162,0.0366192004825501,2,"2","female",834,42.8,"Parity group"
25.7915057915058,0.0037922352419247,0.0367247385066928,2,"2","female",834,42.8,"Parity group"
25.984555984556,0.00378997198272956,0.0367028206675263,2,"2","female",834,42.8,"Parity group"
26.1776061776062,0.00378180089281207,0.0366236902546192,2,"2","female",834,42.8,"Parity group"
26.3706563706564,0.00377251154727832,0.0365337304383467,2,"2","female",834,42.8,"Parity group"
26.5637065637066,0.0037673833648265,0.0364840681290375,2,"2","female",834,42.8,"Parity group"
26.7567567567568,0.00376959340723987,0.0365054706066113,2,"2","female",834,42.8,"Parity group"
26.9498069498069,0.00378244608246635,0.0366299383958417,2,"2","female",834,42.8,"Parity group"
27.1428571428571,0.00380740456821285,0.0368716411922373,2,"2","female",834,42.8,"Parity group"
27.3359073359073,0.00384455676771178,0.0372314302676783,2,"2","female",834,42.8,"Parity group"
27.5289575289575,0.00389602058959065,0.0377298158583615,2,"2","female",834,42.8,"Parity group"
27.7220077220077,0.0039611840638385,0.0383608715285064,2,"2","female",834,42.8,"Parity group"
27.9150579150579,0.00404121481023418,0.0391359047335629,2,"2","female",834,42.8,"Parity group"
28.1081081081081,0.00414018711234108,0.0400943716224567,2,"2","female",834,42.8,"Parity group"
28.3011583011583,0.00425928069517524,0.0412476968800929,2,"2","female",834,42.8,"Parity group"
28.4942084942085,0.00440382339238639,0.0426474762765412,2,"2","female",834,42.8,"Parity group"
28.6872586872587,0.00458002451117422,0.0443538419419754,2,"2","female",834,42.8,"Parity group"
28.8803088803089,0.00479036193013228,0.0463907901312673,2,"2","female",834,42.8,"Parity group"
29.0733590733591,0.00504349796578329,0.0488422083906435,2,"2","female",834,42.8,"Parity group"
29.2664092664093,0.00534190025792793,0.0517319938205283,2,"2","female",834,42.8,"Parity group"
29.4594594594595,0.00568623390640722,0.0550665873762381,2,"2","female",834,42.8,"Parity group"
29.6525096525097,0.00608444482090739,0.0589229387818296,2,"2","female",834,42.8,"Parity group"
29.8455598455598,0.00652985432190845,0.0632363704149258,2,"2","female",834,42.8,"Parity group"
30.03861003861,0.00702172532162442,0.0679997441750479,2,"2","female",834,42.8,"Parity group"
30.2316602316602,0.00755937607830465,0.0732064579434126,2,"2","female",834,42.8,"Parity group"
30.4247104247104,0.00813328852949032,0.0787643369648711,2,"2","female",834,42.8,"Parity group"
30.6177606177606,0.0087401630600709,0.0846414271294127,2,"2","female",834,42.8,"Parity group"
30.8108108108108,0.00937279632715462,0.0907679698732359,2,"2","female",834,42.8,"Parity group"
31.003861003861,0.0100232734238304,0.0970673157091465,2,"2","female",834,42.8,"Parity group"
31.1969111969112,0.010686646049673,0.103491544340122,2,"2","female",834,42.8,"Parity group"
31.3899613899614,0.0113559605795812,0.109973315517675,2,"2","female",834,42.8,"Parity group"
31.5830115830116,0.0120269338086443,0.116471149858202,2,"2","female",834,42.8,"Parity group"
31.7760617760618,0.0126960972838501,0.122951458192843,2,"2","female",834,42.8,"Parity group"
31.969111969112,0.0133623012370501,0.129403105944784,2,"2","female",834,42.8,"Parity group"
32.1621621621622,0.0140258873304811,0.135829401837114,2,"2","female",834,42.8,"Parity group"
32.3552123552124,0.0146893414787292,0.14225441994681,2,"2","female",834,42.8,"Parity group"
32.5482625482625,0.015356392283258,0.148714268770577,2,"2","female",834,42.8,"Parity group"
32.7413127413127,0.0160322822612374,0.155259717857219,2,"2","female",834,42.8,"Parity group"
32.9343629343629,0.0167222832790519,0.161941820979,2,"2","female",834,42.8,"Parity group"
33.1274131274131,0.0174296105601487,0.168791714980761,2,"2","female",834,42.8,"Parity group"
33.3204633204633,0.0181597163366635,0.175862200331539,2,"2","female",834,42.8,"Parity group"
33.5135135135135,0.0189112581928885,0.183140276818347,2,"2","female",834,42.8,"Parity group"
33.7065637065637,0.0196827647993219,0.190611695802122,2,"2","female",834,42.8,"Parity group"
33.8996138996139,0.0204718107502518,0.198252969185509,2,"2","female",834,42.8,"Parity group"
34.0926640926641,0.0212708046095114,0.20599058003448,2,"2","female",834,42.8,"Parity group"
34.2857142857143,0.0220740927034273,0.21376977708124,2,"2","female",834,42.8,"Parity group"
34.4787644787645,0.0228750114039214,0.221526028464484,2,"2","female",834,42.8,"Parity group"
34.6718146718147,0.0236695931945143,0.229220911988348,2,"2","female",834,42.8,"Parity group"
34.8648648648649,0.0244553558118451,0.236830388935027,2,"2","female",834,42.8,"Parity group"
35.0579150579151,0.0252346282709985,0.244377013936421,2,"2","female",834,42.8,"Parity group"
35.2509652509653,0.026012577145887,0.25191082109216,2,"2","female",834,42.8,"Parity group"
35.4440154440154,0.0267992109114452,0.259528734406524,2,"2","female",834,42.8,"Parity group"
35.6370656370656,0.0276055400548147,0.267337381563535,2,"2","female",834,42.8,"Parity group"
35.8301158301158,0.0284442901079321,0.275459999072246,2,"2","female",834,42.8,"Parity group"
36.023166023166,0.0293334554740646,0.284070848209298,2,"2","female",834,42.8,"Parity group"
36.2162162162162,0.0302802358921695,0.293239652637293,2,"2","female",834,42.8,"Parity group"
36.4092664092664,0.0312992437872139,0.303107921901826,2,"2","female",834,42.8,"Parity group"
36.6023166023166,0.0323988007677918,0.313756244067736,2,"2","female",834,42.8,"Parity group"
36.7953667953668,0.0335773176390177,0.325169229064819,2,"2","female",834,42.8,"Parity group"
36.988416988417,0.0348445313623789,0.337441171508693,2,"2","female",834,42.8,"Parity group"
37.1814671814672,0.0361916470111743,0.350486899630553,2,"2","female",834,42.8,"Parity group"
37.3745173745174,0.0376122666922394,0.364244454997318,2,"2","female",834,42.8,"Parity group"
37.5675675675676,0.0391080826702244,0.378730225826701,2,"2","female",834,42.8,"Parity group"
37.7606177606178,0.040661639495423,0.393775170172441,2,"2","female",834,42.8,"Parity group"
37.953667953668,0.0422669841221191,0.409321637590062,2,"2","female",834,42.8,"Parity group"
38.1467181467181,0.0439155375896799,0.425286547767877,2,"2","female",834,42.8,"Parity group"
38.3397683397683,0.0455932974583859,0.441534298375242,2,"2","female",834,42.8,"Parity group"
38.5328185328185,0.0472912812123356,0.457977900993302,2,"2","female",834,42.8,"Parity group"
38.7258687258687,0.048995977824507,0.474486512226888,2,"2","female",834,42.8,"Parity group"
38.9189189189189,0.050695589228451,0.490945877321855,2,"2","female",834,42.8,"Parity group"
39.1119691119691,0.0523751760369233,0.507211320366767,2,"2","female",834,42.8,"Parity group"
39.3050193050193,0.0540235655932062,0.523174643196109,2,"2","female",834,42.8,"Parity group"
39.4980694980695,0.0556304127559144,0.538735661462669,2,"2","female",834,42.8,"Parity group"
39.6911196911197,0.0571805354797756,0.553747349307802,2,"2","female",834,42.8,"Parity group"
39.8841698841699,0.0586737216422644,0.568207652496003,2,"2","female",834,42.8,"Parity group"
40.0772200772201,0.0601034276643059,0.5820532017437,2,"2","female",834,42.8,"Parity group"
40.2702702702703,0.0614682460603213,0.595270366688707,2,"2","female",834,42.8,"Parity group"
40.4633204633205,0.0627763039104407,0.607937851544652,2,"2","female",834,42.8,"Parity group"
40.6563706563707,0.0640274344455404,0.620054041287131,2,"2","female",834,42.8,"Parity group"
40.8494208494209,0.0652305564151023,0.631705306808674,2,"2","female",834,42.8,"Parity group"
41.042471042471,0.0663920333619994,0.642953273887504,2,"2","female",834,42.8,"Parity group"
41.2355212355212,0.0675085546318737,0.653765881507406,2,"2","female",834,42.8,"Parity group"
41.4285714285714,0.0685833555838848,0.66417446151135,2,"2","female",834,42.8,"Parity group"
41.6216216216216,0.0696094669889443,0.674111522538825,2,"2","female",834,42.8,"Parity group"
41.8146718146718,0.0705708509769506,0.683421750758247,2,"2","female",834,42.8,"Parity group"
42.007722007722,0.0714598751935282,0.692031232975747,2,"2","female",834,42.8,"Parity group"
42.2007722007722,0.0722548674845184,0.699730091864742,2,"2","female",834,42.8,"Parity group"
42.3938223938224,0.0729374373086598,0.706340229871748,2,"2","female",834,42.8,"Parity group"
42.5868725868726,0.0735015373028311,0.711803083164323,2,"2","female",834,42.8,"Parity group"
42.7799227799228,0.0739219927788869,0.715874855200285,2,"2","female",834,42.8,"Parity group"
42.972972972973,0.0742029624075122,0.718595819349742,2,"2","female",834,42.8,"Parity group"
43.1660231660232,0.074347959582835,0.72,2,"2","female",834,42.8,"Parity group"
43.3590733590734,0.0743455089713583,0.719976267805154,2,"2","female",834,42.8,"Parity group"
43.5521235521236,0.074223729991448,0.718796936643581,2,"2","female",834,42.8,"Parity group"
43.7451737451737,0.0739893487921716,0.716527143841924,2,"2","female",834,42.8,"Parity group"
43.9382239382239,0.0736525715767221,0.713265728243108,2,"2","female",834,42.8,"Parity group"
44.1312741312741,0.0732352580976272,0.709224383912554,2,"2","female",834,42.8,"Parity group"
44.3243243243243,0.0727416406205339,0.704444096928199,2,"2","female",834,42.8,"Parity group"
44.5173745173745,0.0721816120936028,0.699020672510732,2,"2","female",834,42.8,"Parity group"
44.7104247104247,0.0715621125775466,0.693021319548483,2,"2","female",834,42.8,"Parity group"
44.9034749034749,0.0708757096544757,0.686374061071128,2,"2","female",834,42.8,"Parity group"
45.0965250965251,0.0701255418415928,0.679109291085424,2,"2","female",834,42.8,"Parity group"
45.2895752895753,0.069307211613879,0.67118442310976,2,"2","female",834,42.8,"Parity group"
45.4826254826255,0.0684072006031408,0.662468542655644,2,"2","female",834,42.8,"Parity group"
45.6756756756757,0.0674291586776323,0.652996995752173,2,"2","female",834,42.8,"Parity group"
45.8687258687259,0.0663639939111587,0.642681734430085,2,"2","female",834,42.8,"Parity group"
46.0617760617761,0.0652057380326299,0.631464960799444,2,"2","female",834,42.8,"Parity group"
46.2548262548263,0.0639597965606037,0.619399022945973,2,"2","female",834,42.8,"Parity group"
46.4478764478765,0.0626166507518538,0.60639173952184,2,"2","female",834,42.8,"Parity group"
46.6409266409266,0.0611813056097348,0.592491579946186,2,"2","female",834,42.8,"Parity group"
46.8339768339768,0.0596590290140597,0.577749559384547,2,"2","female",834,42.8,"Parity group"
47.027027027027,0.0580405800307639,0.562076186846667,2,"2","female",834,42.8,"Parity group"
47.2200772200772,0.0563408870229452,0.545616031484017,2,"2","female",834,42.8,"Parity group"
47.4131274131274,0.0545626020532856,0.528394776383823,2,"2","female",834,42.8,"Parity group"
47.6061776061776,0.0527076677882061,0.510431234702908,2,"2","female",834,42.8,"Parity group"
47.7992277992278,0.0507925414762989,0.491884781615156,2,"2","female",834,42.8,"Parity group"
47.992277992278,0.0488236346660035,0.472817507793966,2,"2","female",834,42.8,"Parity group"
48.1853281853282,0.0468147411666064,0.453362995152574,2,"2","female",834,42.8,"Parity group"
48.3783783783784,0.0447812025064786,0.433669814014756,2,"2","female",834,42.8,"Parity group"
48.5714285714286,0.0427355671534532,0.413859486166588,2,"2","female",834,42.8,"Parity group"
48.7644787644788,0.0406934039347291,0.394082783137594,2,"2","female",834,42.8,"Parity group"
48.957528957529,0.0386662615771159,0.374451545028694,2,"2","female",834,42.8,"Parity group"
49.1505791505791,0.0366696864248929,0.355116325640475,2,"2","female",834,42.8,"Parity group"
49.3436293436293,0.0347101359378912,0.336139660261121,2,"2","female",834,42.8,"Parity group"
49.5366795366795,0.0327973159387023,0.317615541951168,2,"2","female",834,42.8,"Parity group"
49.7297297297297,0.0309417247921554,0.299645638903254,2,"2","female",834,42.8,"Parity group"
49.9227799227799,0.0291440811567634,0.282236910745218,2,"2","female",834,42.8,"Parity group"
50.1158301158301,0.027414790044438,0.265490121622013,2,"2","female",834,42.8,"Parity group"
50.3088803088803,0.0257572810909062,0.249438484788413,2,"2","female",834,42.8,"Parity group"
50.5019305019305,0.0241711814566431,0.234078389594446,2,"2","female",834,42.8,"Parity group"
50.6949806949807,0.0226689660297353,0.21953064526572,2,"2","female",834,42.8,"Parity group"
50.8880308880309,0.0212449193998156,0.205739902664373,2,"2","female",834,42.8,"Parity group"
51.0810810810811,0.019899650750043,0.192712061237776,2,"2","female",834,42.8,"Parity group"
51.2741312741313,0.018640264049454,0.180515917194121,2,"2","female",834,42.8,"Parity group"
51.4671814671815,0.0174546310131597,0.169034017880115,2,"2","female",834,42.8,"Parity group"
51.6602316602317,0.0163431579814856,0.158270298373949,2,"2","female",834,42.8,"Parity group"
51.8532818532819,0.0153017388874892,0.148184994730317,2,"2","female",834,42.8,"Parity group"
52.046332046332,0.0143190570923489,0.138668514433199,2,"2","female",834,42.8,"Parity group"
52.2393822393822,0.0133940902957735,0.129710957329129,2,"2","female",834,42.8,"Parity group"
52.4324324324324,0.012517249726207,0.121219463902406,2,"2","female",834,42.8,"Parity group"
52.6254826254826,0.0116811650287006,0.113122658212213,2,"2","female",834,42.8,"Parity group"
52.8185328185328,0.0108855896271419,0.105418152367852,2,"2","female",834,42.8,"Parity group"
53.011583011583,0.0101215450874707,0.0980189974798098,2,"2","female",834,42.8,"Parity group"
53.2046332046332,0.00938686664867784,0.0909042295843775,2,"2","female",834,42.8,"Parity group"
53.3976833976834,0.00868110487662723,0.0840694962745778,2,"2","female",834,42.8,"Parity group"
53.5907335907336,0.0079999057023523,0.0774726319056034,2,"2","female",834,42.8,"Parity group"
53.7837837837838,0.00734434578724428,0.071124063074311,2,"2","female",834,42.8,"Parity group"
53.976833976834,0.00671447937116639,0.0650243150500118,2,"2","female",834,42.8,"Parity group"
54.1698841698842,0.00610927752615874,0.0591634234956172,2,"2","female",834,42.8,"Parity group"
54.3629343629344,0.00553303282405002,0.0535829585057741,2,"2","female",834,42.8,"Parity group"
54.5559845559846,0.00498586443684723,0.0482840741652149,2,"2","female",834,42.8,"Parity group"
54.7490347490347,0.00446932781452751,0.0432818337519345,2,"2","female",834,42.8,"Parity group"
54.9420849420849,0.00399087238447264,0.0386483789594638,2,"2","female",834,42.8,"Parity group"
55.1351351351351,0.00354909227702297,0.0343700950744922,2,"2","female",834,42.8,"Parity group"
55.3281853281853,0.00314864691058315,0.03049210480476,2,"2","female",834,42.8,"Parity group"
55.5212355212355,0.00279487368624663,0.0270660965733102,2,"2","female",834,42.8,"Parity group"
55.7142857142857,0.0024857619161565,0.0240725984905965,2,"2","female",834,42.8,"Parity group"
55.9073359073359,0.00222656746899142,0.0215625094040098,2,"2","female",834,42.8,"Parity group"
56.1003861003861,0.0020163116090936,0.0195263510484095,2,"2","female",834,42.8,"Parity group"
56.2934362934363,0.00185117016535645,0.0179270894122071,2,"2","female",834,42.8,"Parity group"
56.4864864864865,0.00173375429428752,0.016790011439335,2,"2","female",834,42.8,"Parity group"
56.6795366795367,0.00165507278743457,0.0160280445305995,2,"2","female",834,42.8,"Parity group"
56.8725868725869,0.00160989076695797,0.015590493117949,2,"2","female",834,42.8,"Parity group"
57.0656370656371,0.00159365180244852,0.0154332318492819,2,"2","female",834,42.8,"Parity group"
57.2586872586873,0.00159540544651517,0.0154502144771183,2,"2","female",834,42.8,"Parity group"
57.4517374517375,0.00160840799362936,0.0155761336546552,2,"2","female",834,42.8,"Parity group"
57.6447876447876,0.00162418218507342,0.0157288939711917,2,"2","female",834,42.8,"Parity group"
57.8378378378378,0.00163588483324737,0.0158422246763318,2,"2","female",834,42.8,"Parity group"
58.030888030888,0.00163701556646869,0.0158531749152344,2,"2","female",834,42.8,"Parity group"
58.2239382239382,0.00162362386309507,0.0157234870733204,2,"2","female",834,42.8,"Parity group"
58.4169884169884,0.00159421505453119,0.0154386864912358,2,"2","female",834,42.8,"Parity group"
58.6100386100386,0.00154583456543864,0.0149701604907633,2,"2","female",834,42.8,"Parity group"
58.8030888030888,0.00148167913909271,0.0143488669511927,2,"2","female",834,42.8,"Parity group"
58.996138996139,0.00140335651786577,0.0135903755601739,2,"2","female",834,42.8,"Parity group"
59.1891891891892,0.00131320236479164,0.0127173053296311,2,"2","female",834,42.8,"Parity group"
59.3822393822394,0.00121571969316032,0.0117732643099666,2,"2","female",834,42.8,"Parity group"
59.5752895752896,0.00111374918239272,0.0107857621893351,2,"2","female",834,42.8,"Parity group"
59.7683397683398,0.00101069768330566,0.00978779156903839,2,"2","female",834,42.8,"Parity group"
59.96138996139,0.000909039212493576,0.00880331130360279,2,"2","female",834,42.8,"Parity group"
60.1544401544402,0.000811143862050588,0.00785527382262229,2,"2","female",834,42.8,"Parity group"
60.3474903474903,0.000718328655990189,0.00695643344101058,2,"2","female",834,42.8,"Parity group"
60.5405405405405,0.00063141159074601,0.00611471179421696,2,"2","female",834,42.8,"Parity group"
60.7335907335907,0.00055204482760858,0.00534610873127369,2,"2","female",834,42.8,"Parity group"
60.9266409266409,0.000479886220042979,0.00464731083905518,2,"2","female",834,42.8,"Parity group"
61.1196911196911,0.000415723655189076,0.00402594816879468,2,"2","female",834,42.8,"Parity group"
61.3127413127413,0.000360479982548549,0.00349095777330355,2,"2","female",834,42.8,"Parity group"
61.5057915057915,0.000313772048458194,0.00303862911850587,2,"2","female",834,42.8,"Parity group"
61.6988416988417,0.000276718143605995,0.00267979194740827,2,"2","female",834,42.8,"Parity group"
61.8918918918919,0.000249362571816022,0.00241487530679978,2,"2","female",834,42.8,"Parity group"
62.0849420849421,0.000231209996609069,0.00223908226254758,2,"2","female",834,42.8,"Parity group"
62.2779922779923,0.000223158975464485,0.00216111461882708,2,"2","female",834,42.8,"Parity group"
62.4710424710425,0.00022365720345184,0.00216593955488327,2,"2","female",834,42.8,"Parity group"
62.6640926640927,0.000231835300623828,0.00224513782739633,2,"2","female",834,42.8,"Parity group"
62.8571428571429,0.000246946109042566,0.00239147381459138,2,"2","female",834,42.8,"Parity group"
63.0501930501931,0.000266536445177965,0.0025811904133606,2,"2","female",834,42.8,"Parity group"
63.2432432432432,0.000288982268512693,0.00279856010167058,2,"2","female",834,42.8,"Parity group"
63.4362934362934,0.000311997212255692,0.00302144126193292,2,"2","female",834,42.8,"Parity group"
63.6293436293436,0.000333535804470098,0.0032300251488531,2,"2","female",834,42.8,"Parity group"
63.8223938223938,0.000351363695932266,0.0034026738930121,2,"2","female",834,42.8,"Parity group"
64.015444015444,0.000363849552641613,0.00352358934087605,2,"2","female",834,42.8,"Parity group"
64.2084942084942,0.000370098915106263,0.00358410937397173,2,"2","female",834,42.8,"Parity group"
64.4015444015444,0.000368392860933819,0.00356758761586226,2,"2","female",834,42.8,"Parity group"
64.5945945945946,0.000359486873772296,0.00348134031610748,2,"2","female",834,42.8,"Parity group"
64.7876447876448,0.00034355284548726,0.00332703210873235,2,"2","female",834,42.8,"Parity group"
64.980694980695,0.000321049412054832,0.00310910451310955,2,"2","female",834,42.8,"Parity group"
65.1737451737452,0.000293875188733489,0.00284594408609652,2,"2","female",834,42.8,"Parity group"
65.3667953667954,0.000263191887382043,0.00254880106970442,2,"2","female",834,42.8,"Parity group"
65.5598455598456,0.000230775686949575,0.00223487632392343,2,"2","female",834,42.8,"Parity group"
65.7528957528958,0.000198200082753538,0.00191940788130914,2,"2","female",834,42.8,"Parity group"
65.9459459459459,0.000166992392572401,0.00161718658221103,2,"2","female",834,42.8,"Parity group"
66.1389961389961,0.000138320466124701,0.0013395221088593,2,"2","female",834,42.8,"Parity group"
66.3320463320463,0.00011295475673261,0.0010938756800295,2,"2","female",834,42.8,"Parity group"
66.5250965250965,9.21152442722528e-05,0.000892061816466236,2,"2","female",834,42.8,"Parity group"
66.7181467181467,7.56963653168577e-05,0.000733058221556365,2,"2","female",834,42.8,"Parity group"
66.9111969111969,6.41470321322774e-05,0.000621212248384323,2,"2","female",834,42.8,"Parity group"
67.1042471042471,5.78708121461485e-05,0.00056043212186346,2,"2","female",834,42.8,"Parity group"
67.2972972972973,5.64497346680639e-05,0.000546670133101939,2,"2","female",834,42.8,"Parity group"
67.4903474903475,6.03093974939362e-05,0.000584047853354394,2,"2","female",834,42.8,"Parity group"
67.6833976833977,6.92863633031693e-05,0.000670982524042251,2,"2","female",834,42.8,"Parity group"
67.8764478764479,8.30085513538573e-05,0.000803870843398044,2,"2","female",834,42.8,"Parity group"
68.0694980694981,0.000101854183127777,0.000986375581300161,2,"2","female",834,42.8,"Parity group"
68.2625482625483,0.000124979614670686,0.00121032672675619,2,"2","female",834,42.8,"Parity group"
68.4555984555984,0.000151884744832925,0.00147088120364441,2,"2","female",834,42.8,"Parity group"
68.6486486486486,0.000182042009170143,0.0017629299759931,2,"2","female",834,42.8,"Parity group"
68.8416988416988,0.00021402423656246,0.00207265204303667,2,"2","female",834,42.8,"Parity group"
69.034749034749,0.000246664457434927,0.00238874624602543,2,"2","female",834,42.8,"Parity group"
69.2277992277992,0.000278280991000835,0.00269492686342477,2,"2","female",834,42.8,"Parity group"
69.4208494208494,0.000307419279467356,0.00297710767663889,2,"2","female",834,42.8,"Parity group"
69.6138996138996,0.000332134539371944,0.00321645502700535,2,"2","female",834,42.8,"Parity group"
69.8069498069498,0.00035106940614293,0.0033998239338537,2,"2","female",834,42.8,"Parity group"
70,0.000363427406401342,0.00351950119515289,2,"2","female",834,42.8,"Parity group"
20,2.33743286536686e-05,0.000228869787820991,3,"3","female",743,44.1,"Parity group"
20.1930501930502,3.29110305077934e-05,0.00032224842393951,3,"3","female",743,44.1,"Parity group"
20.3861003861004,4.52652194366111e-05,0.00044321449063316,3,"3","female",743,44.1,"Parity group"
20.5791505791506,6.11584993048896e-05,0.000598833573650615,3,"3","female",743,44.1,"Parity group"
20.7722007722008,8.13814122998851e-05,0.000796846268469148,3,"3","female",743,44.1,"Parity group"
20.965250965251,0.000106096984103974,0.00103884884139816,3,"3","female",743,44.1,"Parity group"
21.1583011583012,0.000136400622683578,0.00133556698182824,3,"3","female",743,44.1,"Parity group"
21.3513513513514,0.000172326505760492,0.0016873353409937,3,"3","female",743,44.1,"Parity group"
21.5444015444015,0.000214080446024402,0.00209616913427535,3,"3","female",743,44.1,"Parity group"
21.7374517374517,0.000262453830208782,0.00256981722652653,3,"3","female",743,44.1,"Parity group"
21.9305019305019,0.000316677389164221,0.00310074731726446,3,"3","female",743,44.1,"Parity group"
22.1235521235521,0.000377097138834192,0.00369234742232217,3,"3","female",743,44.1,"Parity group"
22.3166023166023,0.000443377290233747,0.00434132966315236,3,"3","female",743,44.1,"Parity group"
22.5096525096525,0.00051484151631946,0.00504107178209709,3,"3","female",743,44.1,"Parity group"
22.7027027027027,0.000591858765236897,0.00579518633569406,3,"3","female",743,44.1,"Parity group"
22.8957528957529,0.000673506764536801,0.00659464289133056,3,"3","female",743,44.1,"Parity group"
23.0888030888031,0.000759751462780673,0.00743910803427542,3,"3","female",743,44.1,"Parity group"
23.2818532818533,0.000850730857462656,0.00832993296728069,3,"3","female",743,44.1,"Parity group"
23.4749034749035,0.00094595036670763,0.0092622749908834,3,"3","female",743,44.1,"Parity group"
23.6679536679537,0.00104584969260681,0.0102404394490278,3,"3","female",743,44.1,"Parity group"
23.8610038610039,0.00115010845074909,0.0112612892970836,3,"3","female",743,44.1,"Parity group"
24.0540540540541,0.00125836562334646,0.0123212896286256,3,"3","female",743,44.1,"Parity group"
24.2471042471042,0.00137056209549851,0.013419861619983,3,"3","female",743,44.1,"Parity group"
24.4401544401544,0.00148531896785302,0.0145435037752693,3,"3","female",743,44.1,"Parity group"
24.6332046332046,0.00160154488671384,0.0156815301024896,3,"3","female",743,44.1,"Parity group"
24.8262548262548,0.00171732625470104,0.0168152036089026,3,"3","female",743,44.1,"Parity group"
25.019305019305,0.00183077061628201,0.017925994312209,3,"3","female",743,44.1,"Parity group"
25.2123552123552,0.00193905939255872,0.0189863040912433,3,"3","female",743,44.1,"Parity group"
25.4054054054054,0.00204036080395716,0.0199781970724815,3,"3","female",743,44.1,"Parity group"
25.5984555984556,0.0021329088720656,0.0208843816746175,3,"3","female",743,44.1,"Parity group"
25.7915057915058,0.00221467814155374,0.0216850256475554,3,"3","female",743,44.1,"Parity group"
25.984555984556,0.00228676833449508,0.022390896922274,3,"3","female",743,44.1,"Parity group"
26.1776061776062,0.00234955427274794,0.023005665567782,3,"3","female",743,44.1,"Parity group"
26.3706563706564,0.00240635325676889,0.0235618129384267,3,"3","female",743,44.1,"Parity group"
26.5637065637066,0.00246138287257851,0.0241006355365355,3,"3","female",743,44.1,"Parity group"
26.7567567567568,0.00252109057001969,0.0246852635807081,3,"3","female",743,44.1,"Parity group"
26.9498069498069,0.00259190166611594,0.0253786105759972,3,"3","female",743,44.1,"Parity group"
27.1428571428571,0.00268162097660134,0.0262570973919604,3,"3","female",743,44.1,"Parity group"
27.3359073359073,0.00279957139892823,0.0274120091984698,3,"3","female",743,44.1,"Parity group"
27.5289575289575,0.00294990941077905,0.0288840441554321,3,"3","female",743,44.1,"Parity group"
27.7220077220077,0.00314274918077903,0.030772235166061,3,"3","female",743,44.1,"Parity group"
27.9150579150579,0.00337929420310074,0.0330883662460604,3,"3","female",743,44.1,"Parity group"
28.1081081081081,0.00366048141419441,0.035841611410639,3,"3","female",743,44.1,"Parity group"
28.3011583011583,0.00399028013827222,0.0390708363061089,3,"3","female",743,44.1,"Parity group"
28.4942084942085,0.00435968564446025,0.0426878710913152,3,"3","female",743,44.1,"Parity group"
28.6872586872587,0.00476632724265247,0.046669503149134,3,"3","female",743,44.1,"Parity group"
28.8803088803089,0.00520173159650131,0.0509327657890251,3,"3","female",743,44.1,"Parity group"
29.0733590733591,0.0056560946778635,0.0553816628489513,3,"3","female",743,44.1,"Parity group"
29.2664092664093,0.00612187707592661,0.0599423721721996,3,"3","female",743,44.1,"Parity group"
29.4594594594595,0.00658899582150999,0.0645161663449831,3,"3","female",743,44.1,"Parity group"
29.6525096525097,0.00705065831289387,0.0690365355933788,3,"3","female",743,44.1,"Parity group"
29.8455598455598,0.00750030923721356,0.0734392935577838,3,"3","female",743,44.1,"Parity group"
30.03861003861,0.00793616454960052,0.0777069717591426,3,"3","female",743,44.1,"Parity group"
30.2316602316602,0.00835612046948078,0.0818189710255719,3,"3","female",743,44.1,"Parity group"
30.4247104247104,0.00876296208475823,0.0858025615510985,3,"3","female",743,44.1,"Parity group"
30.6177606177606,0.009160746181227,0.0896974653622967,3,"3","female",743,44.1,"Parity group"
30.8108108108108,0.00955461322274254,0.093554015321741,3,"3","female",743,44.1,"Parity group"
31.003861003861,0.00995134515058461,0.0974386168216337,3,"3","female",743,44.1,"Parity group"
31.1969111969112,0.010357179510221,0.101412344801448,3,"3","female",743,44.1,"Parity group"
31.3899613899614,0.0107782867560069,0.105535617277886,3,"3","female",743,44.1,"Parity group"
31.5830115830116,0.0112170439013287,0.109831708782486,3,"3","female",743,44.1,"Parity group"
31.7760617760618,0.0116777856795126,0.114343062865661,3,"3","female",743,44.1,"Parity group"
31.969111969112,0.0121580668294783,0.11904573674844,3,"3","female",743,44.1,"Parity group"
32.1621621621622,0.0126555861122345,0.12391719784443,3,"3","female",743,44.1,"Parity group"
32.3552123552124,0.0131667122711482,0.12892189069673,3,"3","female",743,44.1,"Parity group"
32.5482625482625,0.0136843924403076,0.133990757154038,3,"3","female",743,44.1,"Parity group"
32.7413127413127,0.0142029095008885,0.139067818035445,3,"3","female",743,44.1,"Parity group"
32.9343629343629,0.0147159436602098,0.144091193077721,3,"3","female",743,44.1,"Parity group"
33.1274131274131,0.0152197602821492,0.149024314583475,3,"3","female",743,44.1,"Parity group"
33.3204633204633,0.015710073548922,0.153825217958917,3,"3","female",743,44.1,"Parity group"
33.5135135135135,0.0161888299045556,0.158512961814808,3,"3","female",743,44.1,"Parity group"
33.7065637065637,0.0166583077860248,0.163109855471544,3,"3","female",743,44.1,"Parity group"
33.8996138996139,0.0171247444348628,0.167676970892621,3,"3","female",743,44.1,"Parity group"
34.0926640926641,0.0175963091066123,0.172294297360743,3,"3","female",743,44.1,"Parity group"
34.2857142857143,0.0180845978449515,0.177075377561802,3,"3","female",743,44.1,"Parity group"
34.4787644787645,0.0186005071225342,0.182126904330537,3,"3","female",743,44.1,"Parity group"
34.6718146718147,0.0191539517757707,0.187545958808366,3,"3","female",743,44.1,"Parity group"
34.8648648648649,0.0197613771385578,0.193493565516478,3,"3","female",743,44.1,"Parity group"
35.0579150579151,0.020425070247991,0.199992117983369,3,"3","female",743,44.1,"Parity group"
35.2509652509653,0.0211558222043021,0.207147277289493,3,"3","female",743,44.1,"Parity group"
35.4440154440154,0.021957105426165,0.214993043629545,3,"3","female",743,44.1,"Parity group"
35.6370656370656,0.0228242399426344,0.223483593058244,3,"3","female",743,44.1,"Parity group"
35.8301158301158,0.0237632300404538,0.232677716561775,3,"3","female",743,44.1,"Parity group"
36.023166023166,0.0247604889700895,0.242442379453706,3,"3","female",743,44.1,"Parity group"
36.2162162162162,0.0258104375343716,0.252722953013303,3,"3","female",743,44.1,"Parity group"
36.4092664092664,0.0269061701840302,0.263451821540465,3,"3","female",743,44.1,"Parity group"
36.6023166023166,0.028034041605086,0.274495376914873,3,"3","female",743,44.1,"Parity group"
36.7953667953668,0.0291880140234225,0.285794500258657,3,"3","female",743,44.1,"Parity group"
36.988416988417,0.0303588307643893,0.297258554822648,3,"3","female",743,44.1,"Parity group"
37.1814671814672,0.0315411039128641,0.308834784824677,3,"3","female",743,44.1,"Parity group"
37.3745173745174,0.0327336676728803,0.320511775371102,3,"3","female",743,44.1,"Parity group"
37.5675675675676,0.0339360743841616,0.332285143195393,3,"3","female",743,44.1,"Parity group"
37.7606177606178,0.0351526610103512,0.344197353686117,3,"3","female",743,44.1,"Parity group"
37.953667953668,0.036390543853829,0.356318086132888,3,"3","female",743,44.1,"Parity group"
38.1467181467181,0.0376549156156633,0.368698184879058,3,"3","female",743,44.1,"Parity group"
38.3397683397683,0.0389571624846391,0.381449137815894,3,"3","female",743,44.1,"Parity group"
38.5328185328185,0.0402996684367923,0.394594287649727,3,"3","female",743,44.1,"Parity group"
38.7258687258687,0.0416843582602543,0.408152480947564,3,"3","female",743,44.1,"Parity group"
38.9189189189189,0.0431115650783941,0.422126979487571,3,"3","female",743,44.1,"Parity group"
39.1119691119691,0.0445678007046503,0.436385713662866,3,"3","female",743,44.1,"Parity group"
39.3050193050193,0.046040323121877,0.450803919985956,3,"3","female",743,44.1,"Parity group"
39.4980694980695,0.0475061176835496,0.46515625049734,3,"3","female",743,44.1,"Parity group"
39.6911196911197,0.0489433673288588,0.479229083400547,3,"3","female",743,44.1,"Parity group"
39.8841698841699,0.0503171251146209,0.492680235628419,3,"3","female",743,44.1,"Parity group"
40.0772200772201,0.0516094836766348,0.505334367186988,3,"3","female",743,44.1,"Parity group"
40.2702702702703,0.0527961119011256,0.516953239924922,3,"3","female",743,44.1,"Parity group"
40.4633204633205,0.0538555195211284,0.527326431848358,3,"3","female",743,44.1,"Parity group"
40.6563706563707,0.0547932644678872,0.536508363452678,3,"3","female",743,44.1,"Parity group"
40.8494208494209,0.0555987697356494,0.54439546996397,3,"3","female",743,44.1,"Parity group"
41.042471042471,0.056294451946362,0.551207243782836,3,"3","female",743,44.1,"Parity group"
41.2355212355212,0.0569018902553631,0.55715497725383,3,"3","female",743,44.1,"Parity group"
41.4285714285714,0.0574427922524311,0.562451220287594,3,"3","female",743,44.1,"Parity group"
41.6216216216216,0.0579560098124179,0.567476391097869,3,"3","female",743,44.1,"Parity group"
41.8146718146718,0.0584708027206823,0.572516986934094,3,"3","female",743,44.1,"Parity group"
42.007722007722,0.0590197340061655,0.577891848762141,3,"3","female",743,44.1,"Parity group"
42.2007722007722,0.0596229132973812,0.583797880051595,3,"3","female",743,44.1,"Parity group"
42.3938223938224,0.0603081877930158,0.590507746706542,3,"3","female",743,44.1,"Parity group"
42.5868725868726,0.0610774549273059,0.598040027458272,3,"3","female",743,44.1,"Parity group"
42.7799227799228,0.0619350196569503,0.60643687429929,3,"3","female",743,44.1,"Parity group"
42.972972972973,0.0628813267039131,0.615702641725637,3,"3","female",743,44.1,"Parity group"
43.1660231660232,0.0638965377537285,0.625643082839796,3,"3","female",743,44.1,"Parity group"
43.3590733590734,0.0649706219970208,0.636159980950818,3,"3","female",743,44.1,"Parity group"
43.5521235521236,0.0660791204101738,0.647013845477892,3,"3","female",743,44.1,"Parity group"
43.7451737451737,0.0671999342338876,0.657988296373189,3,"3","female",743,44.1,"Parity group"
43.9382239382239,0.0683060550924147,0.668818881069179,3,"3","female",743,44.1,"Parity group"
44.1312741312741,0.0693735045538339,0.679270814699636,3,"3","female",743,44.1,"Parity group"
44.3243243243243,0.0703745325365611,0.689072382282784,3,"3","female",743,44.1,"Parity group"
44.5173745173745,0.0712782337199519,0.697920974306999,3,"3","female",743,44.1,"Parity group"
44.7104247104247,0.0720685524840876,0.705659382136321,3,"3","female",743,44.1,"Parity group"
44.9034749034749,0.0727042658000274,0.711883970396797,3,"3","female",743,44.1,"Parity group"
45.0965250965251,0.0731748062396475,0.716491268093886,3,"3","female",743,44.1,"Parity group"
45.2895752895753,0.0734624661199334,0.719307890412376,3,"3","female",743,44.1,"Parity group"
45.4826254826255,0.0735331508403568,0.72,3,"3","female",743,44.1,"Parity group"
45.6756756756757,0.0734018604053948,0.718714469431919,3,"3","female",743,44.1,"Parity group"
45.8687258687259,0.0730473089787557,0.715242878397633,3,"3","female",743,44.1,"Parity group"
46.0617760617761,0.0724778136156227,0.709666663360337,3,"3","female",743,44.1,"Parity group"
46.2548262548263,0.0717149480363616,0.70219706344804,3,"3","female",743,44.1,"Parity group"
46.4478764478765,0.0707466076436627,0.69271555647091,3,"3","female",743,44.1,"Parity group"
46.6409266409266,0.0696168370498238,0.681653405342231,3,"3","female",743,44.1,"Parity group"
46.8339768339768,0.0683370355875583,0.669122226652068,3,"3","female",743,44.1,"Parity group"
47.027027027027,0.0669230769760753,0.655277447955206,3,"3","female",743,44.1,"Parity group"
47.2200772200772,0.0654048525444017,0.640411750262227,3,"3","female",743,44.1,"Parity group"
47.4131274131274,0.0637874303941874,0.624574757901018,3,"3","female",743,44.1,"Parity group"
47.6061776061776,0.0620900860150753,0.60795520686867,3,"3","female",743,44.1,"Parity group"
47.7992277992278,0.0603226130869243,0.59064899200197,3,"3","female",743,44.1,"Parity group"
47.992277992278,0.0584833891205729,0.572640226694904,3,"3","female",743,44.1,"Parity group"
48.1853281853282,0.0565848154223292,0.554050338364086,3,"3","female",743,44.1,"Parity group"
48.3783783783784,0.0546254130412232,0.534864845858003,3,"3","female",743,44.1,"Parity group"
48.5714285714286,0.052609315137109,0.515124219019998,3,"3","female",743,44.1,"Parity group"
48.7644787644788,0.0505457749872753,0.494919061333964,3,"3","female",743,44.1,"Parity group"
48.957528957529,0.048437630354903,0.474277158764015,3,"3","female",743,44.1,"Parity group"
49.1505791505791,0.0463014149815726,0.453360401475359,3,"3","female",743,44.1,"Parity group"
49.3436293436293,0.0441500983794721,0.432295780473667,3,"3","female",743,44.1,"Parity group"
49.5366795366795,0.0420024903867515,0.411267472328462,3,"3","female",743,44.1,"Parity group"
49.7297297297297,0.0398770861795746,0.390456572595773,3,"3","female",743,44.1,"Parity group"
49.9227799227799,0.0377978343000196,0.370097573475366,3,"3","female",743,44.1,"Parity group"
50.1158301158301,0.03578585925673,0.350397315637734,3,"3","female",743,44.1,"Parity group"
50.3088803088803,0.0338564086810108,0.331505096296639,3,"3","female",743,44.1,"Parity group"
50.5019305019305,0.0320432752065212,0.31375179609512,3,"3","female",743,44.1,"Parity group"
50.6949806949807,0.0303471087969025,0.297143779153524,3,"3","female",743,44.1,"Parity group"
50.8880308880309,0.0287867247907043,0.281865275898553,3,"3","female",743,44.1,"Parity group"
51.0810810810811,0.0273735330075763,0.268028005603129,3,"3","female",743,44.1,"Parity group"
51.2741312741313,0.0260969629053866,0.255528466781898,3,"3","female",743,44.1,"Parity group"
51.4671814671815,0.0249697172759042,0.244491038846987,3,"3","female",743,44.1,"Parity group"
51.6602316602317,0.0239693991118594,0.234696421454949,3,"3","female",743,44.1,"Parity group"
51.8532818532819,0.0230819991974601,0.226007443340104,3,"3","female",743,44.1,"Parity group"
52.046332046332,0.0222960857007288,0.218312169695772,3,"3","female",743,44.1,"Parity group"
52.2393822393822,0.0215779931613638,0.21128096509711,3,"3","female",743,44.1,"Parity group"
52.4324324324324,0.0209087208636934,0.204727783996943,3,"3","female",743,44.1,"Parity group"
52.6254826254826,0.0202598717535011,0.198374576579616,3,"3","female",743,44.1,"Parity group"
52.8185328185328,0.0196086376841657,0.191998016829858,3,"3","female",743,44.1,"Parity group"
53.011583011583,0.0189304752573349,0.185357788011454,3,"3","female",743,44.1,"Parity group"
53.2046332046332,0.0182115289538702,0.178318223779828,3,"3","female",743,44.1,"Parity group"
53.3976833976834,0.0174391795016746,0.17075576250589,3,"3","female",743,44.1,"Parity group"
53.5907335907336,0.016604162726421,0.162579694007372,3,"3","female",743,44.1,"Parity group"
53.7837837837838,0.0157124498553607,0.153848485568374,3,"3","female",743,44.1,"Parity group"
53.976833976834,0.0147637118345422,0.144558915256443,3,"3","female",743,44.1,"Parity group"
54.1698841698842,0.0137726869544145,0.134855293073286,3,"3","female",743,44.1,"Parity group"
54.3629343629344,0.0127535078506065,0.124875998750173,3,"3","female",743,44.1,"Parity group"
54.5559845559846,0.0117223182244427,0.114779103372334,3,"3","female",743,44.1,"Parity group"
54.7490347490347,0.0106985369651787,0.104754747034464,3,"3","female",743,44.1,"Parity group"
54.9420849420849,0.00970028090204406,0.0949803207077946,3,"3","female",743,44.1,"Parity group"
55.1351351351351,0.00874598821665462,0.0856363618861185,3,"3","female",743,44.1,"Parity group"
55.3281853281853,0.0078454111310745,0.0768183594721403,3,"3","female",743,44.1,"Parity group"
55.5212355212355,0.00701820447668595,0.0687187637883812,3,"3","female",743,44.1,"Parity group"
55.7142857142857,0.00626479724427826,0.0613417752990504,3,"3","female",743,44.1,"Parity group"
55.9073359073359,0.00559013726536924,0.0547358407067862,3,"3","female",743,44.1,"Parity group"
56.1003861003861,0.00500050798136359,0.0489624843412233,3,"3","female",743,44.1,"Parity group"
56.2934362934363,0.00448438246063103,0.0439088402272343,3,"3","female",743,44.1,"Parity group"
56.4864864864865,0.00404338254023112,0.0395907885857742,3,"3","female",743,44.1,"Parity group"
56.6795366795367,0.00366650440408679,0.0359005855287471,3,"3","female",743,44.1,"Parity group"
56.8725868725869,0.00334258108915298,0.0327288897141793,3,"3","female",743,44.1,"Parity group"
57.0656370656371,0.00306828523308564,0.030043121266731,3,"3","female",743,44.1,"Parity group"
57.2586872586873,0.00282738538631534,0.0276843499140498,3,"3","female",743,44.1,"Parity group"
57.4517374517375,0.00261331906745405,0.0255883191059216,3,"3","female",743,44.1,"Parity group"
57.6447876447876,0.00241780230182718,0.023673916287022,3,"3","female",743,44.1,"Parity group"
57.8378378378378,0.00223305801063284,0.0218649921740228,3,"3","female",743,44.1,"Parity group"
58.030888030888,0.00205489178761649,0.0201204772293243,3,"3","female",743,44.1,"Parity group"
58.2239382239382,0.00187929130402758,0.0184010847275872,3,"3","female",743,44.1,"Parity group"
58.4169884169884,0.00170472498985486,0.0166918182978482,3,"3","female",743,44.1,"Parity group"
58.6100386100386,0.00153107258859266,0.0149915004482809,3,"3","female",743,44.1,"Parity group"
58.8030888030888,0.00135924843956678,0.0133090839343032,3,"3","female",743,44.1,"Parity group"
58.996138996139,0.00119129866720328,0.0116646033875053,3,"3","female",743,44.1,"Parity group"
59.1891891891892,0.00102974613814958,0.0100827614619335,3,"3","female",743,44.1,"Parity group"
59.3822393822394,0.000876419770558189,0.00858146601349735,3,"3","female",743,44.1,"Parity group"
59.5752895752896,0.000735132187422226,0.00719804834819499,3,"3","female",743,44.1,"Parity group"
59.7683397683398,0.000606340567331748,0.00593698493114566,3,"3","female",743,44.1,"Parity group"
59.96138996139,0.00049172639036061,0.00481473997800366,3,"3","female",743,44.1,"Parity group"
60.1544401544402,0.000392740862862473,0.00384552297881118,3,"3","female",743,44.1,"Parity group"
60.3474903474903,0.000307904374390575,0.00301484632478913,3,"3","female",743,44.1,"Parity group"
60.5405405405405,0.000238216114216244,0.00233249357977414,3,"3","female",743,44.1,"Parity group"
60.7335907335907,0.000181815850763486,0.00178025028240548,3,"3","female",743,44.1,"Parity group"
60.9266409266409,0.00013725143733489,0.00134389773526317,3,"3","female",743,44.1,"Parity group"
61.1196911196911,0.000104544426493454,0.00102364697031282,3,"3","female",743,44.1,"Parity group"
61.3127413127413,8.10344824687084e-05,0.000793449304302747,3,"3","female",743,44.1,"Parity group"
61.5057915057915,6.63775233975832e-05,0.000649935658952215,3,"3","female",743,44.1,"Parity group"
61.6988416988417,5.97494430830123e-05,0.000585036796711813,3,"3","female",743,44.1,"Parity group"
61.8918918918919,6.00744597472148e-05,0.000588219198058028,3,"3","female",743,44.1,"Parity group"
62.0849420849421,6.8027811105351e-05,0.000666094454488836,3,"3","female",743,44.1,"Parity group"
62.2779922779923,8.29183339220148e-05,0.00081189503974152,3,"3","female",743,44.1,"Parity group"
62.4710424710425,0.000105093397360192,0.0010290222197008,3,"3","female",743,44.1,"Parity group"
62.6640926640927,0.000135548609848447,0.00132722449637394,3,"3","female",743,44.1,"Parity group"
62.8571428571429,0.000173796979637812,0.00170173348903401,3,"3","female",743,44.1,"Parity group"
63.0501930501931,0.00022089135875597,0.00216285820050856,3,"3","female",743,44.1,"Parity group"
63.2432432432432,0.000276572816509563,0.00270806331037289,3,"3","female",743,44.1,"Parity group"
63.4362934362934,0.000340121941261972,0.00333030469808482,3,"3","female",743,44.1,"Parity group"
63.6293436293436,0.000411862335926167,0.00403275092224243,3,"3","female",743,44.1,"Parity group"
63.8223938223938,0.000489419107770178,0.00479214821570155,3,"3","female",743,44.1,"Parity group"
64.015444015444,0.000571437918583602,0.00559523557304697,3,"3","female",743,44.1,"Parity group"
64.2084942084942,0.000655491977199956,0.00641825106350466,3,"3","female",743,44.1,"Parity group"
64.4015444015444,0.000738890025457154,0.00723484322716083,3,"3","female",743,44.1,"Parity group"
64.5945945945946,0.000818352285669048,0.00801289811395298,3,"3","female",743,44.1,"Parity group"
64.7876447876448,0.000890968404982205,0.00872391899783952,3,"3","female",743,44.1,"Parity group"
64.980694980695,0.00095413257664935,0.00934239111661326,3,"3","female",743,44.1,"Parity group"
65.1737451737452,0.00100387829556936,0.00982947642729393,3,"3","female",743,44.1,"Parity group"
65.3667953667954,0.001039704150247,0.0101802653581791,3,"3","female",743,44.1,"Parity group"
65.5598455598456,0.00105899364195541,0.0103691384565209,3,"3","female",743,44.1,"Parity group"
65.7528957528958,0.00106119631531865,0.0103907059373565,3,"3","female",743,44.1,"Parity group"
65.9459459459459,0.00104750551152838,0.0102566524034559,3,"3","female",743,44.1,"Parity group"
66.1389961389961,0.00101657528704027,0.00995379904579429,3,"3","female",743,44.1,"Parity group"
66.3320463320463,0.000971959791266203,0.00951694632575968,3,"3","female",743,44.1,"Parity group"
66.5250965250965,0.000915071160499986,0.00895992117882152,3,"3","female",743,44.1,"Parity group"
66.7181467181467,0.000847988921492888,0.0083030852955072,3,"3","female",743,44.1,"Parity group"
66.9111969111969,0.000774217392584824,0.00758075121615948,3,"3","female",743,44.1,"Parity group"
67.1042471042471,0.000695893737981635,0.00681384498856253,3,"3","female",743,44.1,"Parity group"
67.2972972972973,0.000616066742454859,0.0060322187951731,3,"3","female",743,44.1,"Parity group"
67.4903474903475,0.000536939602567888,0.0052574452397422,3,"3","female",743,44.1,"Parity group"
67.6833976833977,0.000460997111060249,0.0045138541755675,3,"3","female",743,44.1,"Parity group"
67.8764478764479,0.000389493601642563,0.00381372741379574,3,"3","female",743,44.1,"Parity group"
68.0694980694981,0.00032395007153312,0.00317195780186583,3,"3","female",743,44.1,"Parity group"
68.2625482625483,0.000265332147534553,0.00259800027663212,3,"3","female",743,44.1,"Parity group"
68.4555984555984,0.000213488841697328,0.00209037643927146,3,"3","female",743,44.1,"Parity group"
68.6486486486486,0.000169378443331897,0.00165846938156817,3,"3","female",743,44.1,"Parity group"
68.8416988416988,0.000132015287307737,0.00129262796133856,3,"3","female",743,44.1,"Parity group"
69.034749034749,0.000101053815117406,0.000989468641735404,3,"3","female",743,44.1,"Parity group"
69.2277992277992,7.63021552105912e-05,0.000747112712073187,3,"3","female",743,44.1,"Parity group"
69.4208494208494,5.64170461405279e-05,0.000552407625091005,3,"3","female",743,44.1,"Parity group"
69.6138996138996,4.11035001492334e-05,0.000402465007540597,3,"3","female",743,44.1,"Parity group"
69.8069498069498,2.94238974719616e-05,0.000288104153537582,3,"3","female",743,44.1,"Parity group"
70,2.05694023248596e-05,0.000201405345815412,3,"3","female",743,44.1,"Parity group"
20,0.000170880808307462,0.00174347707443808,4,"4","female",579,43.6,"Parity group"
20.1930501930502,0.000204228524234226,0.00208371995354815,4,"4","female",579,43.6,"Parity group"
20.3861003861004,0.000240603819652224,0.00245485287517552,4,"4","female",579,43.6,"Parity group"
20.5791505791506,0.000280003378767262,0.00285684200865644,4,"4","female",579,43.6,"Parity group"
20.7722007722008,0.000321506782283973,0.00328029642263804,4,"4","female",579,43.6,"Parity group"
20.965250965251,0.000364767439831511,0.00372167989575189,4,"4","female",579,43.6,"Parity group"
21.1583011583012,0.00040900471107268,0.00417302764514868,4,"4","female",579,43.6,"Parity group"
21.3513513513514,0.000453642546887403,0.00462846230844611,4,"4","female",579,43.6,"Parity group"
21.5444015444015,0.000498103507158567,0.00508209233108038,4,"4","female",579,43.6,"Parity group"
21.7374517374517,0.000542050298823414,0.00553047635103952,4,"4","female",579,43.6,"Parity group"
21.9305019305019,0.000585192435922682,0.00597065057376149,4,"4","female",579,43.6,"Parity group"
22.1235521235521,0.000627724802770629,0.00640460338130886,4,"4","female",579,43.6,"Parity group"
22.3166023166023,0.000669983888985023,0.00683576793823752,4,"4","female",579,43.6,"Parity group"
22.5096525096525,0.000712760983184942,0.00727221767058221,4,"4","female",579,43.6,"Parity group"
22.7027027027027,0.000757000638062153,0.00772358973994117,4,"4","female",579,43.6,"Parity group"
22.8957528957529,0.000804471256533892,0.00820792695624201,4,"4","female",579,43.6,"Parity group"
23.0888030888031,0.000856347417407066,0.00873721341086543,4,"4","female",579,43.6,"Parity group"
23.2818532818533,0.000915305954608019,0.00933876052999723,4,"4","female",579,43.6,"Parity group"
23.4749034749035,0.000982931620316253,0.0100287373563813,4,"4","female",579,43.6,"Parity group"
23.6679536679537,0.00106158666190089,0.0108312456260346,4,"4","female",579,43.6,"Parity group"
23.8610038610039,0.00115415410145672,0.0117757004791194,4,"4","female",579,43.6,"Parity group"
24.0540540540541,0.00126117569776902,0.0128676294177076,4,"4","female",579,43.6,"Parity group"
24.2471042471042,0.00138744615970503,0.0141559523004507,4,"4","female",579,43.6,"Parity group"
24.4401544401544,0.00153157986888306,0.0156265318236553,4,"4","female",579,43.6,"Parity group"
24.6332046332046,0.00169668295576703,0.0173110594763057,4,"4","female",579,43.6,"Parity group"
24.8262548262548,0.00188251493720117,0.0192070816366461,4,"4","female",579,43.6,"Parity group"
25.019305019305,0.00208848670756559,0.0213085877283405,4,"4","female",579,43.6,"Parity group"
25.2123552123552,0.00231550170716738,0.023624795448093,4,"4","female",579,43.6,"Parity group"
25.4054054054054,0.00255955802920983,0.0261148738048566,4,"4","female",579,43.6,"Parity group"
25.5984555984556,0.00282075602125048,0.0287798466331262,4,"4","female",579,43.6,"Parity group"
25.7915057915058,0.00309417043725632,0.0315694622186832,4,"4","female",579,43.6,"Parity group"
25.984555984556,0.00337708395509463,0.0344559960388664,4,"4","female",579,43.6,"Parity group"
26.1776061776062,0.00366528377196715,0.0373964653551773,4,"4","female",579,43.6,"Parity group"
26.3706563706564,0.0039546425503069,0.0403487594209628,4,"4","female",579,43.6,"Parity group"
26.5637065637066,0.00424057112936687,0.0432660555612103,4,"4","female",579,43.6,"Parity group"
26.7567567567568,0.00451981219028504,0.0461151197292391,4,"4","female",579,43.6,"Parity group"
26.9498069498069,0.00478801617786896,0.0488515739177287,4,"4","female",579,43.6,"Parity group"
27.1428571428571,0.00504298473020678,0.0514529884949808,4,"4","female",579,43.6,"Parity group"
27.3359073359073,0.00528289746754832,0.0539007903374677,4,"4","female",579,43.6,"Parity group"
27.5289575289575,0.00550570698208673,0.0561740899807223,4,"4","female",579,43.6,"Parity group"
27.7220077220077,0.00571334281416507,0.0582925743011446,4,"4","female",579,43.6,"Parity group"
27.9150579150579,0.00590448631741564,0.0602427893027353,4,"4","female",579,43.6,"Parity group"
28.1081081081081,0.00608339966755111,0.0620682214701139,4,"4","female",579,43.6,"Parity group"
28.3011583011583,0.00625193762391262,0.0637877946977888,4,"4","female",579,43.6,"Parity group"
28.4942084942085,0.00641420842283235,0.0654434248447287,4,"4","female",579,43.6,"Parity group"
28.6872586872587,0.00657433014624754,0.0670771282234697,4,"4","female",579,43.6,"Parity group"
28.8803088803089,0.00673717089425037,0.068738573494822,4,"4","female",579,43.6,"Parity group"
29.0733590733591,0.00690668037288092,0.0704680590515649,4,"4","female",579,43.6,"Parity group"
29.2664092664093,0.00708845908421605,0.0723227261670403,4,"4","female",579,43.6,"Parity group"
29.4594594594595,0.00728563916095448,0.074334531628019,4,"4","female",579,43.6,"Parity group"
29.6525096525097,0.00750198025539453,0.0765418347309889,4,"4","female",579,43.6,"Parity group"
29.8455598455598,0.00774133428325431,0.0789839361254128,4,"4","female",579,43.6,"Parity group"
30.03861003861,0.00800326146435025,0.0816563487850679,4,"4","female",579,43.6,"Parity group"
30.2316602316602,0.00829318369731698,0.084614391713083,4,"4","female",579,43.6,"Parity group"
30.4247104247104,0.00860716603407157,0.0878179170904043,4,"4","female",579,43.6,"Parity group"
30.6177606177606,0.00894743371405301,0.091289628777023,4,"4","female",579,43.6,"Parity group"
30.8108108108108,0.00931173539038386,0.0950065565417805,4,"4","female",579,43.6,"Parity group"
31.003861003861,0.00969791422980543,0.0989466944650116,4,"4","female",579,43.6,"Parity group"
31.1969111969112,0.0101056435228533,0.103106709167931,4,"4","female",579,43.6,"Parity group"
31.3899613899614,0.010530261853936,0.107439040767725,4,"4","female",579,43.6,"Parity group"
31.5830115830116,0.0109720492313926,0.111946546157013,4,"4","female",579,43.6,"Parity group"
31.7760617760618,0.0114273069824101,0.116591488205925,4,"4","female",579,43.6,"Parity group"
31.969111969112,0.0118956062178968,0.121369491008783,4,"4","female",579,43.6,"Parity group"
32.1621621621622,0.0123765721537085,0.126276730686423,4,"4","female",579,43.6,"Parity group"
32.3552123552124,0.0128696164215779,0.131307204185627,4,"4","female",579,43.6,"Parity group"
32.5482625482625,0.0133781187823719,0.136495394814658,4,"4","female",579,43.6,"Parity group"
32.7413127413127,0.013902128171042,0.141841801851151,4,"4","female",579,43.6,"Parity group"
32.9343629343629,0.014446874141945,0.14739978183187,4,"4","female",579,43.6,"Parity group"
33.1274131274131,0.015015135635304,0.153197687961707,4,"4","female",579,43.6,"Parity group"
33.3204633204633,0.0156109735213042,0.159276952828326,4,"4","female",579,43.6,"Parity group"
33.5135135135135,0.0162411637491645,0.165706710655973,4,"4","female",579,43.6,"Parity group"
33.7065637065637,0.0169057907641885,0.172487823030286,4,"4","female",579,43.6,"Parity group"
33.8996138996139,0.0176148530144393,0.17972230295759,4,"4","female",579,43.6,"Parity group"
34.0926640926641,0.0183654394992858,0.187380449835959,4,"4","female",579,43.6,"Parity group"
34.2857142857143,0.0191628581799978,0.195516420178799,4,"4","female",579,43.6,"Parity group"
34.4787644787645,0.0200071978124873,0.204131119552389,4,"4","female",579,43.6,"Parity group"
34.6718146718147,0.0208955155751905,0.213194522689519,4,"4","female",579,43.6,"Parity group"
34.8648648648649,0.0218308074963172,0.22273719771864,4,"4","female",579,43.6,"Parity group"
35.0579150579151,0.0228037083522806,0.232663592349343,4,"4","female",579,43.6,"Parity group"
35.2509652509653,0.0238146240316849,0.242977847815996,4,"4","female",579,43.6,"Parity group"
35.4440154440154,0.0248544215748285,0.253586781589683,4,"4","female",579,43.6,"Parity group"
35.6370656370656,0.0259177190429917,0.264435482373653,4,"4","female",579,43.6,"Parity group"
35.8301158301158,0.0269974340973351,0.275451689885888,4,"4","female",579,43.6,"Parity group"
36.023166023166,0.0280851720344265,0.286549753940589,4,"4","female",579,43.6,"Parity group"
36.2162162162162,0.0291734165762623,0.29765298682476,4,"4","female",579,43.6,"Parity group"
36.4092664092664,0.0302546805642957,0.308684997927844,4,"4","female",579,43.6,"Parity group"
36.6023166023166,0.0313212042984158,0.319566615929304,4,"4","female",579,43.6,"Parity group"
36.7953667953668,0.0323669163914655,0.330235895169922,4,"4","female",579,43.6,"Parity group"
36.988416988417,0.0333876893868684,0.340650723688805,4,"4","female",579,43.6,"Parity group"
37.1814671814672,0.0343772174734892,0.350746764026067,4,"4","female",579,43.6,"Parity group"
37.3745173745174,0.0353377102386573,0.360546560345037,4,"4","female",579,43.6,"Parity group"
37.5675675675676,0.0362651201596263,0.370008816240425,4,"4","female",579,43.6,"Parity group"
37.7606177606178,0.0371657390008073,0.379197725855019,4,"4","female",579,43.6,"Parity group"
37.953667953668,0.0380428615488125,0.38814690551461,4,"4","female",579,43.6,"Parity group"
38.1467181467181,0.0389041195453645,0.396934220995137,4,"4","female",579,43.6,"Parity group"
38.3397683397683,0.039759067211038,0.405657152901358,4,"4","female",579,43.6,"Parity group"
38.5328185328185,0.0406195003810169,0.414436052771992,4,"4","female",579,43.6,"Parity group"
38.7258687258687,0.0414965439231458,0.42338442634379,4,"4","female",579,43.6,"Parity group"
38.9189189189189,0.0424056233983806,0.432659658826669,4,"4","female",579,43.6,"Parity group"
39.1119691119691,0.0433584058199798,0.442380787404179,4,"4","female",579,43.6,"Parity group"
39.3050193050193,0.0443662519411564,0.452663724524135,4,"4","female",579,43.6,"Parity group"
39.4980694980695,0.0454444907280444,0.463664869850687,4,"4","female",579,43.6,"Parity group"
39.6911196911197,0.0465925995927619,0.475378891480269,4,"4","female",579,43.6,"Parity group"
39.8841698841699,0.0478276172148397,0.487979633084589,4,"4","female",579,43.6,"Parity group"
40.0772200772201,0.0491390587077241,0.501360118581807,4,"4","female",579,43.6,"Parity group"
40.2702702702703,0.0505300531557554,0.515552273656646,4,"4","female",579,43.6,"Parity group"
40.4633204633205,0.05199138211857,0.530462043630904,4,"4","female",579,43.6,"Parity group"
40.6563706563707,0.0535088117467516,0.545944202189327,4,"4","female",579,43.6,"Parity group"
40.8494208494209,0.0550713756430488,0.561886860452257,4,"4","female",579,43.6,"Parity group"
41.042471042471,0.0566553999773071,0.578048477075478,4,"4","female",579,43.6,"Parity group"
41.2355212355212,0.0582416120759287,0.594232415204839,4,"4","female",579,43.6,"Parity group"
41.4285714285714,0.0598066011539889,0.610199817316108,4,"4","female",579,43.6,"Parity group"
41.6216216216216,0.061328319222931,0.625725730338389,4,"4","female",579,43.6,"Parity group"
41.8146718146718,0.0627807250732089,0.640544458830022,4,"4","female",579,43.6,"Parity group"
42.007722007722,0.0641526136748304,0.654541679169163,4,"4","female",579,43.6,"Parity group"
42.2007722007722,0.0654087718176613,0.667358115055596,4,"4","female",579,43.6,"Parity group"
42.3938223938224,0.0665523346827934,0.679025754378493,4,"4","female",579,43.6,"Parity group"
42.5868725868726,0.067559416798471,0.689300896438924,4,"4","female",579,43.6,"Parity group"
42.7799227799228,0.0684264245813494,0.698146876322681,4,"4","female",579,43.6,"Parity group"
42.972972972973,0.0691523441381294,0.705553349393987,4,"4","female",579,43.6,"Parity group"
43.1660231660232,0.0697215535430452,0.711360926955533,4,"4","female",579,43.6,"Parity group"
43.3590733590734,0.0701533036263337,0.715766022996194,4,"4","female",579,43.6,"Parity group"
43.5521235521236,0.0704287542044845,0.718576413308034,4,"4","female",579,43.6,"Parity group"
43.7451737451737,0.0705682204766507,0.719999371512571,4,"4","female",579,43.6,"Parity group"
43.9382239382239,0.0705682820756481,0.72,4,"4","female",579,43.6,"Parity group"
44.1312741312741,0.0704322084397841,0.718611656470296,4,"4","female",579,43.6,"Parity group"
44.3243243243243,0.0701747245543792,0.7159845782414,4,"4","female",579,43.6,"Parity group"
44.5173745173745,0.0697834819252462,0.711992775058862,4,"4","female",579,43.6,"Parity group"
44.7104247104247,0.0692829088320931,0.706885485828215,4,"4","female",579,43.6,"Parity group"
44.9034749034749,0.0686655990523688,0.700587145719481,4,"4","female",579,43.6,"Parity group"
45.0965250965251,0.0679461307055511,0.693246493595437,4,"4","female",579,43.6,"Parity group"
45.2895752895753,0.0671320916286419,0.684940947277243,4,"4","female",579,43.6,"Parity group"
45.4826254826255,0.0662279122307188,0.675715709715038,4,"4","female",579,43.6,"Parity group"
45.6756756756757,0.0652535267466271,0.665774167595677,4,"4","female",579,43.6,"Parity group"
45.8687258687259,0.0642110402143053,0.655137798377178,4,"4","female",579,43.6,"Parity group"
46.0617760617761,0.0631227506040787,0.644034105665442,4,"4","female",579,43.6,"Parity group"
46.2548262548263,0.061998525469618,0.632563766966478,4,"4","female",579,43.6,"Parity group"
46.4478764478765,0.0608539656609085,0.620885955943851,4,"4","female",579,43.6,"Parity group"
46.6409266409266,0.0597022264545091,0.609134894359008,4,"4","female",579,43.6,"Parity group"
46.8339768339768,0.0585560008245229,0.597440087155038,4,"4","female",579,43.6,"Parity group"
47.027027027027,0.0574237649832859,0.585888016143634,4,"4","female",579,43.6,"Parity group"
47.2200772200772,0.0563148982869341,0.574574377807966,4,"4","female",579,43.6,"Parity group"
47.4131274131274,0.0552315427856835,0.563521027238028,4,"4","female",579,43.6,"Parity group"
47.6061776061776,0.0541750900496178,0.552742162462038,4,"4","female",579,43.6,"Parity group"
47.7992277992278,0.0531439545701966,0.542221606720191,4,"4","female",579,43.6,"Parity group"
47.992277992278,0.0521309481396507,0.531886019562051,4,"4","female",579,43.6,"Parity group"
48.1853281853282,0.0511304499788559,0.521678052829914,4,"4","female",579,43.6,"Parity group"
48.3783783783784,0.0501312077679299,0.511482900408668,4,"4","female",579,43.6,"Parity group"
48.5714285714286,0.0491228234030628,0.501194471650745,4,"4","female",579,43.6,"Parity group"
48.7644787644788,0.0480938430015697,0.490695903919129,4,"4","female",579,43.6,"Parity group"
48.957528957529,0.0470348774514589,0.479891401192785,4,"4","female",579,43.6,"Parity group"
49.1505791505791,0.045931877737243,0.468637622995603,4,"4","female",579,43.6,"Parity group"
49.3436293436293,0.0447822967113774,0.456908581076517,4,"4","female",579,43.6,"Parity group"
49.5366795366795,0.0435716489283849,0.444556482114829,4,"4","female",579,43.6,"Parity group"
49.7297297297297,0.0423017020667247,0.43159936152891,4,"4","female",579,43.6,"Parity group"
49.9227799227799,0.040966840130381,0.417979919962554,4,"4","female",579,43.6,"Parity group"
50.1158301158301,0.0395658372232769,0.403685649740224,4,"4","female",579,43.6,"Parity group"
50.3088803088803,0.0381054159046503,0.388785140354379,4,"4","female",579,43.6,"Parity group"
50.5019305019305,0.0365811864606193,0.373233604063246,4,"4","female",579,43.6,"Parity group"
50.6949806949807,0.0350080557411475,0.357183133728634,4,"4","female",579,43.6,"Parity group"
50.8880308880309,0.0333879010773551,0.340652883542296,4,"4","female",579,43.6,"Parity group"
51.0810810810811,0.0317334736197361,0.323772952014294,4,"4","female",579,43.6,"Parity group"
51.2741312741313,0.0300547813021985,0.306645448933924,4,"4","female",579,43.6,"Parity group"
51.4671814671815,0.0283634276929779,0.289388764162522,4,"4","female",579,43.6,"Parity group"
51.6602316602317,0.0266722180416218,0.272133548176521,4,"4","female",579,43.6,"Parity group"
51.8532818532819,0.0249957410313322,0.255028647619149,4,"4","female",579,43.6,"Parity group"
52.046332046332,0.0233451315959696,0.23818767092955,4,"4","female",579,43.6,"Parity group"
52.2393822393822,0.0217348735293467,0.221758394576674,4,"4","female",579,43.6,"Parity group"
52.4324324324324,0.0201775028315205,0.205868721915622,4,"4","female",579,43.6,"Parity group"
52.6254826254826,0.0186802339023136,0.190592260631311,4,"4","female",579,43.6,"Parity group"
52.8185328185328,0.0172613334746373,0.176115384081705,4,"4","female",579,43.6,"Parity group"
53.011583011583,0.0159178084542035,0.162407554072816,4,"4","female",579,43.6,"Parity group"
53.2046332046332,0.0146663783463277,0.149639357778839,4,"4","female",579,43.6,"Parity group"
53.3976833976834,0.0135033954789356,0.137773578424529,4,"4","female",579,43.6,"Parity group"
53.5907335907336,0.0124330669858846,0.126853140908839,4,"4","female",579,43.6,"Parity group"
53.7837837837838,0.0114593110879634,0.116918022384178,4,"4","female",579,43.6,"Parity group"
53.976833976834,0.0105711511600349,0.107856229616954,4,"4","female",579,43.6,"Parity group"
54.1698841698842,0.00978066205733147,0.0997909609550883,4,"4","female",579,43.6,"Parity group"
54.3629343629344,0.00906900199732972,0.0925299758760979,4,"4","female",579,43.6,"Parity group"
54.5559845559846,0.0084399599182955,0.0861119324778029,4,"4","female",579,43.6,"Parity group"
54.7490347490347,0.00788457261528772,0.0804453802194252,4,"4","female",579,43.6,"Parity group"
54.9420849420849,0.00739533935194426,0.0754537899575326,4,"4","female",579,43.6,"Parity group"
55.1351351351351,0.00697137593658746,0.0711281403869555,4,"4","female",579,43.6,"Parity group"
55.3281853281853,0.00659867316442399,0.0673254972154803,4,"4","female",579,43.6,"Parity group"
55.5212355212355,0.00627779295162801,0.0640515936086808,4,"4","female",579,43.6,"Parity group"
55.7142857142857,0.00599623674262196,0.0611789082531405,4,"4","female",579,43.6,"Parity group"
55.9073359073359,0.00574946855358264,0.0586611610318343,4,"4","female",579,43.6,"Parity group"
56.1003861003861,0.00553032113556749,0.056425225334806,4,"4","female",579,43.6,"Parity group"
56.2934362934363,0.00533040868170222,0.0543855417468068,4,"4","female",579,43.6,"Parity group"
56.4864864864865,0.00514479813708434,0.0524917788806283,4,"4","female",579,43.6,"Parity group"
56.6795366795367,0.00496517109587694,0.0506590650059915,4,"4","female",579,43.6,"Parity group"
56.8725868725869,0.00478617300916606,0.0488327682811586,4,"4","female",579,43.6,"Parity group"
57.0656370656371,0.00460225713808621,0.0469562959726002,4,"4","female",579,43.6,"Parity group"
57.2586872586873,0.00440945804071137,0.044989189136117,4,"4","female",579,43.6,"Parity group"
57.4517374517375,0.00420370470662042,0.0428899117243942,4,"4","female",579,43.6,"Parity group"
57.6447876447876,0.0039848083925813,0.0406565380121192,4,"4","female",579,43.6,"Parity group"
57.8378378378378,0.00375013017900929,0.0382621434087375,4,"4","female",579,43.6,"Parity group"
58.030888030888,0.00350269263017102,0.0357375667870114,4,"4","female",579,43.6,"Parity group"
58.2239382239382,0.00324364830206129,0.0330945675421231,4,"4","female",579,43.6,"Parity group"
58.4169884169884,0.00297670415501013,0.0303709673605174,4,"4","female",579,43.6,"Parity group"
58.6100386100386,0.00270602211880836,0.0276092299292964,4,"4","female",579,43.6,"Parity group"
58.8030888030888,0.00243645463798245,0.0248588641773487,4,"4","female",579,43.6,"Parity group"
58.996138996139,0.00217244524528668,0.0221652069541618,4,"4","female",579,43.6,"Parity group"
59.1891891891892,0.00191975693459896,0.0195870574180838,4,"4","female",579,43.6,"Parity group"
59.3822393822394,0.00168193704990735,0.0171606087085289,4,"4","female",579,43.6,"Parity group"
59.5752895752896,0.00146284911902786,0.0149252799518485,4,"4","female",579,43.6,"Parity group"
59.7683397683398,0.00126643895923129,0.0129213298641599,4,"4","female",579,43.6,"Parity group"
59.96138996139,0.00109215903870391,0.011143172041851,4,"4","female",579,43.6,"Parity group"
60.1544401544402,0.000945078036341243,0.00964252162800643,4,"4","female",579,43.6,"Parity group"
60.3474903474903,0.000821028054623002,0.00837685404747232,4,"4","female",579,43.6,"Parity group"
60.5405405405405,0.000721585248353416,0.00736225062496943,4,"4","female",579,43.6,"Parity group"
60.7335907335907,0.000644030432625309,0.0065709678321649,4,"4","female",579,43.6,"Parity group"
60.9266409266409,0.000585606406675259,0.00597487426935232,4,"4","female",579,43.6,"Parity group"
61.1196911196911,0.000544958787366664,0.00556015132242249,4,"4","female",579,43.6,"Parity group"
61.3127413127413,0.00051704849171264,0.00527538581191516,4,"4","female",579,43.6,"Parity group"
61.5057915057915,0.000500343182438477,0.00510494347828283,4,"4","female",579,43.6,"Parity group"
61.6988416988417,0.000490450312146837,0.00500400766972305,4,"4","female",579,43.6,"Parity group"
61.8918918918919,0.000484920739422213,0.00494759008033832,4,"4","female",579,43.6,"Parity group"
62.0849420849421,0.000480957562069988,0.00490715424132295,4,"4","female",579,43.6,"Parity group"
62.2779922779923,0.000476464575299961,0.00486131281824634,4,"4","female",579,43.6,"Parity group"
62.4710424710425,0.000469385935364272,0.00478909027571324,4,"4","female",579,43.6,"Parity group"
62.6640926640927,0.000458935214219477,0.00468246277957857,4,"4","female",579,43.6,"Parity group"
62.8571428571429,0.000443989487259919,0.00452997326028793,4,"4","female",579,43.6,"Parity group"
63.0501930501931,0.00042458262582847,0.00433196730322546,4,"4","female",579,43.6,"Parity group"
63.2432432432432,0.000400901128618752,0.00409034773293864,4,"4","female",579,43.6,"Parity group"
63.4362934362934,0.000373248246734047,0.00380820858527391,4,"4","female",579,43.6,"Parity group"
63.6293436293436,0.000342776936647416,0.00349731334144671,4,"4","female",579,43.6,"Parity group"
63.8223938223938,0.000310071436327751,0.00316362291371439,4,"4","female",579,43.6,"Parity group"
64.015444015444,0.000276427063959502,0.00282035328332759,4,"4","female",579,43.6,"Parity group"
64.2084942084942,0.000242729933635027,0.00247654536963042,4,"4","female",579,43.6,"Parity group"
64.4015444015444,0.000209960688798875,0.0021422045639872,4,"4","female",579,43.6,"Parity group"
64.5945945945946,0.000178771454150978,0.00182398441910097,4,"4","female",579,43.6,"Parity group"
64.7876447876448,0.000150048990350502,0.00153093245116197,4,"4","female",579,43.6,"Parity group"
64.980694980695,0.000123864275925415,0.0012637728458615,4,"4","female",579,43.6,"Parity group"
65.1737451737452,0.000100823369991386,0.00102868915408738,4,"4","female",579,43.6,"Parity group"
65.3667953667954,8.07483368539326e-05,0.000823865918579505,4,"4","female",579,43.6,"Parity group"
65.5598455598456,6.365811835828e-05,0.000649496400788507,4,"4","female",579,43.6,"Parity group"
65.7528957528958,4.94932406412962e-05,0.000504973795784528,4,"4","female",579,43.6,"Parity group"
65.9459459459459,3.77437436321261e-05,0.000385095040091795,4,"4","female",579,43.6,"Parity group"
66.1389961389961,2.85092292609415e-05,0.000290876360655537,4,"4","female",579,43.6,"Parity group"
66.3320463320463,2.11049020037809e-05,0.000215330868143182,4,"4","female",579,43.6,"Parity group"
66.5250965250965,1.54242771254981e-05,0.000157372111148373,4,"4","female",579,43.6,"Parity group"
66.7181467181467,1.10938751530848e-05,0.00011318952191097,4,"4","female",579,43.6,"Parity group"
66.9111969111969,7.83217265316701e-06,7.99107494814051e-05,4,"4","female",579,43.6,"Parity group"
67.1042471042471,5.47935756727527e-06,5.59052499564757e-05,4,"4","female",579,43.6,"Parity group"
67.2972972972973,3.74253964905e-06,3.81846981116446e-05,4,"4","female",579,43.6,"Parity group"
67.4903474903475,2.54119589491116e-06,2.59275270775994e-05,4,"4","female",579,43.6,"Parity group"
67.6833976833977,1.68795307508166e-06,1.72219895158562e-05,4,"4","female",579,43.6,"Parity group"
67.8764478764479,1.10568973867855e-06,1.12812242048794e-05,4,"4","female",579,43.6,"Parity group"
68.0694980694981,7.15239306607289e-07,7.29750371711197e-06,4,"4","female",579,43.6,"Parity group"
68.2625482625483,4.50833795793373e-07,4.5998049466935e-06,4,"4","female",579,43.6,"Parity group"
68.4555984555984,2.84521305850503e-07,2.90293789485708e-06,4,"4","female",579,43.6,"Parity group"
68.6486486486486,1.74165595869838e-07,1.77699138108332e-06,4,"4","female",579,43.6,"Parity group"
68.8416988416988,1.06150820910847e-07,1.08304451812898e-06,4,"4","female",579,43.6,"Parity group"
69.034749034749,6.33552135350753e-08,6.46405897997557e-07,4,"4","female",579,43.6,"Parity group"
69.2277992277992,3.70945085264535e-08,3.78470969583983e-07,4,"4","female",579,43.6,"Parity group"
69.4208494208494,2.16327848972162e-08,2.20716796099682e-07,4,"4","female",579,43.6,"Parity group"
69.6138996138996,1.21744830896918e-08,1.24214839397414e-07,4,"4","female",579,43.6,"Parity group"
69.8069498069498,6.92599707048919e-09,7.06651450775935e-08,4,"4","female",579,43.6,"Parity group"
70,3.80451258971852e-09,3.88170008398518e-08,4,"4","female",579,43.6,"Parity group"
20,3.38605464925955e-05,0.000329693404141443,5,"5","female",618,43.8,"Parity group"
20.1930501930502,4.81471378227722e-05,0.000468799101394546,5,"5","female",618,43.8,"Parity group"
20.3861003861004,6.69263856196408e-05,0.00065164890078332,5,"5","female",618,43.8,"Parity group"
20.5791505791506,9.18299054422072e-05,0.000894129518371736,5,"5","female",618,43.8,"Parity group"
20.7722007722008,0.000123906589419444,0.00120645380812699,5,"5","female",618,43.8,"Parity group"
20.965250965251,0.000164089983948776,0.00159771152557792,5,"5","female",618,43.8,"Parity group"
21.1583011583012,0.000214840018426077,0.00209185451381279,5,"5","female",618,43.8,"Parity group"
21.3513513513514,0.000276026002704021,0.00268761026886983,5,"5","female",618,43.8,"Parity group"
21.5444015444015,0.000349778665649026,0.0034057252737813,5,"5","female",618,43.8,"Parity group"
21.7374517374517,0.000436534285453667,0.00425044748250429,5,"5","female",618,43.8,"Parity group"
21.9305019305019,0.000536118793907813,0.00522008202751022,5,"5","female",618,43.8,"Parity group"
22.1235521235521,0.000650223658863218,0.00633109839472903,5,"5","female",618,43.8,"Parity group"
22.3166023166023,0.000776466802654362,0.00756030276788119,5,"5","female",618,43.8,"Parity group"
22.5096525096525,0.000914947222742113,0.00890865906554613,5,"5","female",618,43.8,"Parity group"
22.7027027027027,0.0010636186265624,0.0103562429441677,5,"5","female",618,43.8,"Parity group"
22.8957528957529,0.00121998869908832,0.0118787872282119,5,"5","female",618,43.8,"Parity group"
23.0888030888031,0.00138213288175213,0.0134575528738241,5,"5","female",618,43.8,"Parity group"
23.2818532818533,0.00154632724532322,0.0150562807230167,5,"5","female",618,43.8,"Parity group"
23.4749034749035,0.00170957881569177,0.0166458287823786,5,"5","female",618,43.8,"Parity group"
23.6679536679537,0.00186828249908708,0.0181910949711517,5,"5","female",618,43.8,"Parity group"
23.8610038610039,0.00201983999827421,0.0196667801861289,5,"5","female",618,43.8,"Parity group"
24.0540540540541,0.00215965270390385,0.0210281086830372,5,"5","female",618,43.8,"Parity group"
24.2471042471042,0.00228678586610842,0.0222659789883985,5,"5","female",618,43.8,"Parity group"
24.4401544401544,0.00239823498863443,0.0233511369199816,5,"5","female",618,43.8,"Parity group"
24.6332046332046,0.00249260470330552,0.0242699960554824,5,"5","female",618,43.8,"Parity group"
24.8262548262548,0.00257073090957156,0.0250306953815295,5,"5","female",618,43.8,"Parity group"
25.019305019305,0.00263042809837302,0.02561195503125,5,"5","female",618,43.8,"Parity group"
25.2123552123552,0.0026756121967383,0.0260519036069875,5,"5","female",618,43.8,"Parity group"
25.4054054054054,0.00270737527404784,0.0263611743710161,5,"5","female",618,43.8,"Parity group"
25.5984555984556,0.00272906241367434,0.0265723377345818,5,"5","female",618,43.8,"Parity group"
25.7915057915058,0.00274498269503805,0.0267273503466447,5,"5","female",618,43.8,"Parity group"
25.984555984556,0.00275937907596674,0.0268675250433742,5,"5","female",618,43.8,"Parity group"
26.1776061776062,0.00277741247529946,0.0270431126646651,5,"5","female",618,43.8,"Parity group"
26.3706563706564,0.00280416981345541,0.0273036435425212,5,"5","female",618,43.8,"Parity group"
26.5637065637066,0.00284539762197609,0.0277050705112042,5,"5","female",618,43.8,"Parity group"
26.7567567567568,0.00290415638260026,0.0282771928724765,5,"5","female",618,43.8,"Parity group"
26.9498069498069,0.00298785305096618,0.0290921306796644,5,"5","female",618,43.8,"Parity group"
27.1428571428571,0.00309704170412154,0.0301552788707392,5,"5","female",618,43.8,"Parity group"
27.3359073359073,0.00323552157990645,0.0315036298686357,5,"5","female",618,43.8,"Parity group"
27.5289575289575,0.00340606682059955,0.0331641949447643,5,"5","female",618,43.8,"Parity group"
27.7220077220077,0.00360642861466911,0.0351150778686746,5,"5","female",618,43.8,"Parity group"
27.9150579150579,0.00384062951321309,0.0373954454200618,5,"5","female",618,43.8,"Parity group"
28.1081081081081,0.00410368920392359,0.0399568052888904,5,"5","female",618,43.8,"Parity group"
28.3011583011583,0.00439481593577727,0.0427914483529768,5,"5","female",618,43.8,"Parity group"
28.4942084942085,0.00471206001847439,0.0458803908657924,5,"5","female",618,43.8,"Parity group"
28.6872586872587,0.00504979629157903,0.0491688617593812,5,"5","female",618,43.8,"Parity group"
28.8803088803089,0.00540657457449392,0.0526427409138028,5,"5","female",618,43.8,"Parity group"
29.0733590733591,0.00577606070523256,0.0562403538540697,5,"5","female",618,43.8,"Parity group"
29.2664092664093,0.00615440919323039,0.0599242578036723,5,"5","female",618,43.8,"Parity group"
29.4594594594595,0.00653698855897359,0.0636493569680857,5,"5","female",618,43.8,"Parity group"
29.6525096525097,0.00691930083355862,0.0673718555190338,5,"5","female",618,43.8,"Parity group"
29.8455598455598,0.00729693813480582,0.0710488347847466,5,"5","female",618,43.8,"Parity group"
30.03861003861,0.00766678233411671,0.0746499341674585,5,"5","female",618,43.8,"Parity group"
30.2316602316602,0.00802632413648672,0.0781507211609714,5,"5","female",618,43.8,"Parity group"
30.4247104247104,0.00837321355419047,0.0815283144023683,5,"5","female",618,43.8,"Parity group"
30.6177606177606,0.00870856103079206,0.0847935260596934,5,"5","female",618,43.8,"Parity group"
30.8108108108108,0.0090320952936485,0.0879437148051957,5,"5","female",618,43.8,"Parity group"
31.003861003861,0.00934738251048148,0.0910136037044395,5,"5","female",618,43.8,"Parity group"
31.1969111969112,0.0096578220599489,0.0940362918310599,5,"5","female",618,43.8,"Parity group"
31.3899613899614,0.00996839302609603,0.0970602595357434,5,"5","female",618,43.8,"Parity group"
31.5830115830116,0.010284172512392,0.100134941564804,5,"5","female",618,43.8,"Parity group"
31.7760617760618,0.0106117951197747,0.103324937707522,5,"5","female",618,43.8,"Parity group"
31.969111969112,0.010956263296219,0.106678955804518,5,"5","female",618,43.8,"Parity group"
32.1621621621622,0.011322110420259,0.110241136460594,5,"5","female",618,43.8,"Parity group"
32.3552123552124,0.0117160743321038,0.114077084685274,5,"5","female",618,43.8,"Parity group"
32.5482625482625,0.0121380849083608,0.118186117701038,5,"5","female",618,43.8,"Parity group"
32.7413127413127,0.0125937894836111,0.122623222481079,5,"5","female",618,43.8,"Parity group"
32.9343629343629,0.0130826113234144,0.127382783476903,5,"5","female",618,43.8,"Parity group"
33.1274131274131,0.0136045650416514,0.132464942980958,5,"5","female",618,43.8,"Parity group"
33.3204633204633,0.0141631288862447,0.137903568001218,5,"5","female",618,43.8,"Parity group"
33.5135135135135,0.0147538469310863,0.143655272071741,5,"5","female",618,43.8,"Parity group"
33.7065637065637,0.0153800491373086,0.149752478361529,5,"5","female",618,43.8,"Parity group"
33.8996138996139,0.0160398010251071,0.156176351225619,5,"5","female",618,43.8,"Parity group"
34.0926640926641,0.0167321119501812,0.162917244957558,5,"5","female",618,43.8,"Parity group"
34.2857142857143,0.0174606501636433,0.170010876588576,5,"5","female",618,43.8,"Parity group"
34.4787644787645,0.0182209607164963,0.177413869166667,5,"5","female",618,43.8,"Parity group"
34.6718146718147,0.0190162181223182,0.185157132298922,5,"5","female",618,43.8,"Parity group"
34.8648648648649,0.0198446640322986,0.193223545292824,5,"5","female",618,43.8,"Parity group"
35.0579150579151,0.0207044817232454,0.201595419076116,5,"5","female",618,43.8,"Parity group"
35.2509652509653,0.021598704506541,0.210302288398205,5,"5","female",618,43.8,"Parity group"
35.4440154440154,0.0225221712141031,0.219293899992365,5,"5","female",618,43.8,"Parity group"
35.6370656370656,0.0234770894020858,0.228591748393644,5,"5","female",618,43.8,"Parity group"
35.8301158301158,0.0244622079599183,0.23818365178734,5,"5","female",618,43.8,"Parity group"
36.023166023166,0.0254762367262227,0.248057048128812,5,"5","female",618,43.8,"Parity group"
36.2162162162162,0.0265242175358654,0.258261028761008,5,"5","female",618,43.8,"Parity group"
36.4092664092664,0.0276033558190319,0.268768383513664,5,"5","female",618,43.8,"Parity group"
36.6023166023166,0.028718878075448,0.279630001774721,5,"5","female",618,43.8,"Parity group"
36.7953667953668,0.0298731566156872,0.290868982260229,5,"5","female",618,43.8,"Parity group"
36.988416988417,0.0310664626412594,0.302487965605327,5,"5","female",618,43.8,"Parity group"
37.1814671814672,0.0323076330644109,0.314572995066324,5,"5","female",618,43.8,"Parity group"
37.3745173745174,0.0335919176431408,0.327077818481989,5,"5","female",618,43.8,"Parity group"
37.5675675675676,0.0349235472286158,0.340043630808342,5,"5","female",618,43.8,"Parity group"
37.7606177606178,0.0363008557301182,0.353454209651556,5,"5","female",618,43.8,"Parity group"
37.953667953668,0.0377177946657649,0.367250662146972,5,"5","female",618,43.8,"Parity group"
38.1467181467181,0.0391745917336665,0.381435205345789,5,"5","female",618,43.8,"Parity group"
38.3397683397683,0.0406581369721289,0.395880190159411,5,"5","female",618,43.8,"Parity group"
38.5328185328185,0.0421614256498767,0.410517412913106,5,"5","female",618,43.8,"Parity group"
38.7258687258687,0.0436723082206381,0.425228575892156,5,"5","female",618,43.8,"Parity group"
38.9189189189189,0.0451792343664587,0.439901215948748,5,"5","female",618,43.8,"Parity group"
39.1119691119691,0.0466668141566424,0.454385484389746,5,"5","female",618,43.8,"Parity group"
39.3050193050193,0.0481248350859358,0.468581944083429,5,"5","female",618,43.8,"Parity group"
39.4980694980695,0.0495396918039935,0.48235812244047,5,"5","female",618,43.8,"Parity group"
39.6911196911197,0.0508987872573745,0.495591364457882,5,"5","female",618,43.8,"Parity group"
39.8841698841699,0.0521983763061519,0.508245204453348,5,"5","female",618,43.8,"Parity group"
40.0772200772201,0.0534209341490436,0.520149006923604,5,"5","female",618,43.8,"Parity group"
40.2702702702703,0.0545707369589832,0.531344408113697,5,"5","female",618,43.8,"Parity group"
40.4633204633205,0.0556404306032628,0.541759802296662,5,"5","female",618,43.8,"Parity group"
40.6563706563707,0.0566263103612058,0.551359117344381,5,"5","female",618,43.8,"Parity group"
40.8494208494209,0.0575356767434799,0.560213436876681,5,"5","female",618,43.8,"Parity group"
41.042471042471,0.0583585357285058,0.568225451093902,5,"5","female",618,43.8,"Parity group"
41.2355212355212,0.0591071517796367,0.575514576635519,5,"5","female",618,43.8,"Parity group"
41.4285714285714,0.0597810688653588,0.582076373213415,5,"5","female",618,43.8,"Parity group"
41.6216216216216,0.0603821570909145,0.587929049670251,5,"5","female",618,43.8,"Parity group"
41.8146718146718,0.0609219329397803,0.593184739714262,5,"5","female",618,43.8,"Parity group"
42.007722007722,0.0613991339963742,0.597831151456102,5,"5","female",618,43.8,"Parity group"
42.2007722007722,0.0618293778208603,0.602020349971746,5,"5","female",618,43.8,"Parity group"
42.3938223938224,0.0622215042429524,0.6058384069243,5,"5","female",618,43.8,"Parity group"
42.5868725868726,0.062589210516401,0.609418689748263,5,"5","female",618,43.8,"Parity group"
42.7799227799228,0.062950147974036,0.612933065959405,5,"5","female",618,43.8,"Parity group"
42.972972972973,0.0633239976244142,0.616573165622216,5,"5","female",618,43.8,"Parity group"
43.1660231660232,0.0637305820941648,0.620531997708178,5,"5","female",618,43.8,"Parity group"
43.3590733590734,0.0641897048942322,0.625002385063157,5,"5","female",618,43.8,"Parity group"
43.5521235521236,0.0647255325099438,0.630219631946505,5,"5","female",618,43.8,"Parity group"
43.7451737451737,0.0653440994976484,0.636242495632726,5,"5","female",618,43.8,"Parity group"
43.9382239382239,0.0660657307781498,0.643268875831742,5,"5","female",618,43.8,"Parity group"
44.1312741312741,0.0668820576031142,0.651217287706115,5,"5","female",618,43.8,"Parity group"
44.3243243243243,0.0677855444557315,0.660014359427966,5,"5","female",618,43.8,"Parity group"
44.5173745173745,0.0687597412509308,0.669499919791948,5,"5","female",618,43.8,"Parity group"
44.7104247104247,0.0697682328308897,0.67931940165168,5,"5","female",618,43.8,"Parity group"
44.9034749034749,0.0707724348781824,0.689097117185307,5,"5","female",618,43.8,"Parity group"
45.0965250965251,0.0717225595688441,0.698348292256907,5,"5","female",618,43.8,"Parity group"
45.2895752895753,0.0725707083504863,0.706606548192002,5,"5","female",618,43.8,"Parity group"
45.4826254826255,0.0732489312087638,0.713210269220573,5,"5","female",618,43.8,"Parity group"
45.6756756756757,0.0737298370073565,0.717892753298143,5,"5","female",618,43.8,"Parity group"
45.8687258687259,0.0739462578517632,0.72,5,"5","female",618,43.8,"Parity group"
46.0617760617761,0.0738830692872941,0.719384745520065,5,"5","female",618,43.8,"Parity group"
46.2548262548263,0.0735269717346042,0.715917494500403,5,"5","female",618,43.8,"Parity group"
46.4478764478765,0.0728458790028576,0.709285830084867,5,"5","female",618,43.8,"Parity group"
46.6409266409266,0.0718868774521828,0.699948222793502,5,"5","female",618,43.8,"Parity group"
46.8339768339768,0.0706413357331212,0.687820630893961,5,"5","female",618,43.8,"Parity group"
47.027027027027,0.0691588635569412,0.673386094274281,5,"5","female",618,43.8,"Parity group"
47.2200772200772,0.0674793785328421,0.657033282753035,5,"5","female",618,43.8,"Parity group"
47.4131274131274,0.065628652129104,0.639013127989251,5,"5","female",618,43.8,"Parity group"
47.6061776061776,0.0636657540522545,0.619900779962596,5,"5","female",618,43.8,"Parity group"
47.7992277992278,0.0616158402469848,0.599941177101381,5,"5","female",618,43.8,"Parity group"
47.992277992278,0.0595154620288471,0.579490212292713,5,"5","female",618,43.8,"Parity group"
48.1853281853282,0.0573875741547877,0.558771391437787,5,"5","female",618,43.8,"Parity group"
48.3783783783784,0.0552475311178599,0.537934218180462,5,"5","female",618,43.8,"Parity group"
48.5714285714286,0.0531059112813942,0.517081691939765,5,"5","female",618,43.8,"Parity group"
48.7644787644788,0.05096663267731,0.496251961812943,5,"5","female",618,43.8,"Parity group"
48.957528957529,0.048830198884177,0.475449931044336,5,"5","female",618,43.8,"Parity group"
49.1505791505791,0.0466955333633396,0.454665117591246,5,"5","female",618,43.8,"Parity group"
49.3436293436293,0.04456202884383,0.433891608577088,5,"5","female",618,43.8,"Parity group"
49.5366795366795,0.0424306774806526,0.413139064417733,5,"5","female",618,43.8,"Parity group"
49.7297297297297,0.040305744900646,0.392449018673,5,"5","female",618,43.8,"Parity group"
49.9227799227799,0.0381951588259461,0.37189866199599,5,"5","female",618,43.8,"Parity group"
50.1158301158301,0.0361077331021299,0.351573813047439,5,"5","female",618,43.8,"Parity group"
50.3088803088803,0.0340621981203789,0.331656845919594,5,"5","female",618,43.8,"Parity group"
50.5019305019305,0.0320676870954624,0.312236688907475,5,"5","female",618,43.8,"Parity group"
50.6949806949807,0.0301437810807393,0.293503998831697,5,"5","female",618,43.8,"Parity group"
50.8880308880309,0.0283049787433769,0.275599946329744,5,"5","female",618,43.8,"Parity group"
51.0810810810811,0.0265564057782798,0.25857443927307,5,"5","female",618,43.8,"Parity group"
51.2741312741313,0.0249222287590072,0.24266278278012,5,"5","female",618,43.8,"Parity group"
51.4671814671815,0.0233915032736136,0.227758413289337,5,"5","female",618,43.8,"Parity group"
51.6602316602317,0.0219738427271208,0.213954934612688,5,"5","female",618,43.8,"Parity group"
51.8532818532819,0.0206660361706316,0.201221082379627,5,"5","female",618,43.8,"Parity group"
52.046332046332,0.0194548329819485,0.189427837918223,5,"5","female",618,43.8,"Parity group"
52.2393822393822,0.018346904438306,0.178640158127561,5,"5","female",618,43.8,"Parity group"
52.4324324324324,0.0173187268804377,0.168628997817742,5,"5","female",618,43.8,"Parity group"
52.6254826254826,0.016367315132505,0.159365290925572,5,"5","female",618,43.8,"Parity group"
52.8185328185328,0.0154833113060049,0.150757921552587,5,"5","female",618,43.8,"Parity group"
53.011583011583,0.0146540418001095,0.142683489369128,5,"5","female",618,43.8,"Parity group"
53.2046332046332,0.0138802134141318,0.135148876339476,5,"5","female",618,43.8,"Parity group"
53.3976833976834,0.013148929883348,0.128028514099917,5,"5","female",618,43.8,"Parity group"
53.5907335907336,0.0124585471282739,0.121306394575629,5,"5","female",618,43.8,"Parity group"
53.7837837837838,0.0118055307215005,0.114948103750157,5,"5","female",618,43.8,"Parity group"
53.976833976834,0.0111835526885251,0.108892027394812,5,"5","female",618,43.8,"Parity group"
54.1698841698842,0.0105934805668747,0.103146612549886,5,"5","female",618,43.8,"Parity group"
54.3629343629344,0.0100279374437788,0.0976400316834773,5,"5","female",618,43.8,"Parity group"
54.5559845559846,0.00948479490241483,0.092351560824465,5,"5","female",618,43.8,"Parity group"
54.7490347490347,0.00896068296273452,0.0872483871476265,5,"5","female",618,43.8,"Parity group"
54.9420849420849,0.00845074450715697,0.0822832178654722,5,"5","female",618,43.8,"Parity group"
55.1351351351351,0.00795370311464707,0.077443624720346,5,"5","female",618,43.8,"Parity group"
55.3281853281853,0.00746583446167715,0.0726933447150684,5,"5","female",618,43.8,"Parity group"
55.5212355212355,0.00698629617078159,0.0680241757878598,5,"5","female",618,43.8,"Parity group"
55.7142857142857,0.0065151736106253,0.0634369491564253,5,"5","female",618,43.8,"Parity group"
55.9073359073359,0.00605244076917957,0.0589314115468169,5,"5","female",618,43.8,"Parity group"
56.1003861003861,0.00560120595150417,0.054537827906958,5,"5","female",618,43.8,"Parity group"
56.2934362934363,0.00516284381911077,0.0502695830424787,5,"5","female",618,43.8,"Parity group"
56.4864864864865,0.00474037833925633,0.0461561207208969,5,"5","female",618,43.8,"Parity group"
56.6795366795367,0.00433787655197555,0.0422370409018328,5,"5","female",618,43.8,"Parity group"
56.8725868725869,0.00395578226449252,0.0385166648479252,5,"5","female",618,43.8,"Parity group"
57.0656370656371,0.00359912156019098,0.0350439305330678,5,"5","female",618,43.8,"Parity group"
57.2586872586873,0.00326706342065216,0.0318107464962605,5,"5","female",618,43.8,"Parity group"
57.4517374517375,0.00296068602338543,0.0288276107373928,5,"5","female",618,43.8,"Parity group"
57.6447876447876,0.00268162983306725,0.0261104961346247,5,"5","female",618,43.8,"Parity group"
57.8378378378378,0.00242645503369978,0.0236259098839872,5,"5","female",618,43.8,"Parity group"
58.030888030888,0.0021970025482451,0.0213917766860836,5,"5","female",618,43.8,"Parity group"
58.2239382239382,0.00198961710414362,0.0193725058792715,5,"5","female",618,43.8,"Parity group"
58.4169884169884,0.00180283818650198,0.0175538767206253,5,"5","female",618,43.8,"Parity group"
58.6100386100386,0.00163614341892779,0.015930802935147,5,"5","female",618,43.8,"Parity group"
58.8030888030888,0.00148558147733343,0.0144648112663698,5,"5","female",618,43.8,"Parity group"
58.996138996139,0.00135115251067806,0.0131559031646793,5,"5","female",618,43.8,"Parity group"
59.1891891891892,0.00122979466871507,0.0119742660034248,5,"5","female",618,43.8,"Parity group"
59.3822393822394,0.001119830247652,0.010903564314583,5,"5","female",618,43.8,"Parity group"
59.5752895752896,0.00102036341060218,0.00993507551262852,5,"5","female",618,43.8,"Parity group"
59.7683397683398,0.000928736746601808,0.00904292491573807,5,"5","female",618,43.8,"Parity group"
59.96138996139,0.000844404437419655,0.00822179800039273,5,"5","female",618,43.8,"Parity group"
60.1544401544402,0.000765643786724743,0.00745492121517371,5,"5","female",618,43.8,"Parity group"
60.3474903474903,0.000691465663751983,0.00673266359062356,5,"5","female",618,43.8,"Parity group"
60.5405405405405,0.000621490033854155,0.00605132480499582,5,"5","female",618,43.8,"Parity group"
60.7335907335907,0.00055477767021532,0.00540175979365677,5,"5","female",618,43.8,"Parity group"
60.9266409266409,0.000491470252368997,0.00478534806203503,5,"5","female",618,43.8,"Parity group"
61.1196911196911,0.000431405631227376,0.00420051079672457,5,"5","female",618,43.8,"Parity group"
61.3127413127413,0.000374659945358463,0.00364798934381317,5,"5","female",618,43.8,"Parity group"
61.5057915057915,0.000321938549092622,0.0031346515980749,5,"5","female",618,43.8,"Parity group"
61.6988416988417,0.000273077787892544,0.00265890408784145,5,"5","female",618,43.8,"Parity group"
61.8918918918919,0.000228814981194022,0.00222792594575856,5,"5","female",618,43.8,"Parity group"
62.0849420849421,0.000189249643531501,0.0018426861250482,5,"5","female",618,43.8,"Parity group"
62.2779922779923,0.000154358184054277,0.00150295492629083,5,"5","female",618,43.8,"Parity group"
62.4710424710425,0.000124795504087374,0.00121510899338588,5,"5","female",618,43.8,"Parity group"
62.6640926640927,9.98488646200537e-05,0.000972208528395795,5,"5","female",618,43.8,"Parity group"
62.8571428571429,7.98541233910074e-05,0.000777523711298319,5,"5","female",618,43.8,"Parity group"
63.0501930501931,6.44778652908179e-05,0.000627808145510935,5,"5","female",618,43.8,"Parity group"
63.2432432432432,5.33209066967897e-05,0.00051917505952295,5,"5","female",618,43.8,"Parity group"
63.4362934362934,4.67527551243612e-05,0.000455222274493197,5,"5","female",618,43.8,"Parity group"
63.6293436293436,4.40382510427206e-05,0.000428791688341033,5,"5","female",618,43.8,"Parity group"
63.8223938223938,4.54578105197052e-05,0.00044261365652606,5,"5","female",618,43.8,"Parity group"
64.015444015444,5.09104011971149e-05,0.000495704447078369,5,"5","female",618,43.8,"Parity group"
64.2084942084942,6.01789909082065e-05,0.000585950860972143,5,"5","female",618,43.8,"Parity group"
64.4015444015444,7.38851204466669e-05,0.000719404717250769,5,"5","female",618,43.8,"Parity group"
64.5945945945946,9.14547660955201e-05,0.00089047686119257,5,"5","female",618,43.8,"Parity group"
64.7876447876448,0.000113187834362513,0.00110208742279263,5,"5","female",618,43.8,"Parity group"
64.980694980695,0.000138879076201705,0.00135223793292797,5,"5","female",618,43.8,"Parity group"
65.1737451737452,0.000167966795418769,0.00163545926751221,5,"5","female",618,43.8,"Parity group"
65.3667953667954,0.000200388537795683,0.00195114332225064,5,"5","female",618,43.8,"Parity group"
65.5598455598456,0.000234920218601275,0.00228737142766562,5,"5","female",618,43.8,"Parity group"
65.7528957528958,0.000270778133164892,0.00263651280730866,5,"5","female",618,43.8,"Parity group"
65.9459459459459,0.000306654313069409,0.00298583203294188,5,"5","female",618,43.8,"Parity group"
66.1389961389961,0.000341340596171096,0.00332356547015353,5,"5","female",618,43.8,"Parity group"
66.3320463320463,0.000372997043719007,0.00363179800140869,5,"5","female",618,43.8,"Parity group"
66.5250965250965,0.000400607993520664,0.00390064032602023,5,"5","female",618,43.8,"Parity group"
66.7181467181467,0.000422641764025616,0.00411517876548215,5,"5","female",618,43.8,"Parity group"
66.9111969111969,0.00043782554635345,0.00426302023297002,5,"5","female",618,43.8,"Parity group"
67.1042471042471,0.000446014513209407,0.00434275457393029,5,"5","female",618,43.8,"Parity group"
67.2972972972973,0.000445657579924935,0.00433927918555654,5,"5","female",618,43.8,"Parity group"
67.4903474903475,0.000437831917760541,0.00426308227009317,5,"5","female",618,43.8,"Parity group"
67.6833976833977,0.000422491053026828,0.00411371132247314,5,"5","female",618,43.8,"Parity group"
67.8764478764479,0.000400317903162314,0.00389781577391876,5,"5","female",618,43.8,"Parity group"
68.0694980694981,0.000372892202761948,0.00363077718586946,5,"5","female",618,43.8,"Parity group"
68.2625482625483,0.000340889418818997,0.00331917244604455,5,"5","female",618,43.8,"Parity group"
68.4555984555984,0.000306278877740308,0.00298217649384084,5,"5","female",618,43.8,"Parity group"
68.6486486486486,0.000270276560348213,0.00263162909258799,5,"5","female",618,43.8,"Parity group"
68.8416988416988,0.000234315691998666,0.00228148527241553,5,"5","female",618,43.8,"Parity group"
69.034749034749,0.000199458560761825,0.00194208832090466,5,"5","female",618,43.8,"Parity group"
69.2277992277992,0.000166909645444625,0.00162516600854961,5,"5","female",618,43.8,"Parity group"
69.4208494208494,0.000137132807585707,0.00133523486286,5,"5","female",618,43.8,"Parity group"
69.6138996138996,0.000110634989472089,0.00107723088002086,5,"5","female",618,43.8,"Parity group"
69.8069498069498,8.77972680149243e-05,0.000854864530095193,5,"5","female",618,43.8,"Parity group"
70,6.82638708941724e-05,0.000664671728788939,5,"5","female",618,43.8,"Parity group"
20,0.000379155502555674,0.0042517075952965,6,"6","female",506,43.5,"Parity group"
20.1930501930502,0.000414078742480722,0.00464332370910957,6,"6","female",506,43.5,"Parity group"
20.3861003861004,0.000446621013168217,0.00500824052692603,6,"6","female",506,43.5,"Parity group"
20.5791505791506,0.000476108560737499,0.00533890282543394,6,"6","female",506,43.5,"Parity group"
20.7722007722008,0.000501640380325281,0.00562520707403751,6,"6","female",506,43.5,"Parity group"
20.965250965251,0.000523405282787787,0.0058692705268609,6,"6","female",506,43.5,"Parity group"
21.1583011583012,0.00054073536968638,0.00606360362132279,6,"6","female",506,43.5,"Parity group"
21.3513513513514,0.000554615528166031,0.00621925051246394,6,"6","female",506,43.5,"Parity group"
21.5444015444015,0.000565392918866652,0.00634010412949032,6,"6","female",506,43.5,"Parity group"
21.7374517374517,0.000574311517937719,0.00644011395436235,6,"6","female",506,43.5,"Parity group"
21.9305019305019,0.000582655625982769,0.00653368165234375,6,"6","female",506,43.5,"Parity group"
22.1235521235521,0.000592158049422658,0.00664023826471196,6,"6","female",506,43.5,"Parity group"
22.3166023166023,0.000604243965854071,0.00677576519849295,6,"6","female",506,43.5,"Parity group"
22.5096525096525,0.000621437254927108,0.00696856429344799,6,"6","female",506,43.5,"Parity group"
22.7027027027027,0.000644702699709661,0.00722945426503796,6,"6","female",506,43.5,"Parity group"
22.8957528957529,0.000676356779021984,0.00758441123790838,6,"6","female",506,43.5,"Parity group"
23.0888030888031,0.000717485167838186,0.00804560956401331,6,"6","female",506,43.5,"Parity group"
23.2818532818533,0.000769057717623893,0.00862392479392483,6,"6","female",506,43.5,"Parity group"
23.4749034749035,0.00083260080383339,0.00933647312948757,6,"6","female",506,43.5,"Parity group"
23.6679536679537,0.000907073325615077,0.0101715800562388,6,"6","female",506,43.5,"Parity group"
23.8610038610039,0.000994439260267776,0.0111512688789759,6,"6","female",506,43.5,"Parity group"
24.0540540540541,0.00109220447292567,0.0122475713047921,6,"6","female",506,43.5,"Parity group"
24.2471042471042,0.00120072816754354,0.0134645153121092,6,"6","female",506,43.5,"Parity group"
24.4401544401544,0.00131805979433202,0.0147802281671846,6,"6","female",506,43.5,"Parity group"
24.6332046332046,0.00144268744182594,0.0161777558619226,6,"6","female",506,43.5,"Parity group"
24.8262548262548,0.00157295549973407,0.0176385330034891,6,"6","female",506,43.5,"Parity group"
25.019305019305,0.00170645338553361,0.0191355282236142,6,"6","female",506,43.5,"Parity group"
25.2123552123552,0.00184141607255025,0.0206489491751827,6,"6","female",506,43.5,"Parity group"
25.4054054054054,0.00197574513984847,0.0221552649528816,6,"6","female",506,43.5,"Parity group"
25.5984555984556,0.00210769272597866,0.0236348756939873,6,"6","female",506,43.5,"Parity group"
25.7915057915058,0.00223613239314362,0.0250751499475371,6,"6","female",506,43.5,"Parity group"
25.984555984556,0.00236045450446211,0.0264692514742016,6,"6","female",506,43.5,"Parity group"
26.1776061776062,0.00248060323610798,0.0278165542865324,6,"6","female",506,43.5,"Parity group"
26.3706563706564,0.00259788580016118,0.0291317169704965,6,"6","female",506,43.5,"Parity group"
26.5637065637066,0.00271404594180131,0.0304342932305087,6,"6","female",506,43.5,"Parity group"
26.7567567567568,0.00283206992933167,0.0317577699592589,6,"6","female",506,43.5,"Parity group"
26.9498069498069,0.00295612691419885,0.0331488984573398,6,"6","female",506,43.5,"Parity group"
27.1428571428571,0.00309062551738726,0.0346571153469232,6,"6","female",506,43.5,"Parity group"
27.3359073359073,0.00324066963535602,0.0363396538085762,6,"6","female",506,43.5,"Parity group"
27.5289575289575,0.00341306212721162,0.0382727985527619,6,"6","female",506,43.5,"Parity group"
27.7220077220077,0.00361070511692521,0.0404890929091889,6,"6","female",506,43.5,"Parity group"
27.9150579150579,0.00384388405945414,0.0431038741119696,6,"6","female",506,43.5,"Parity group"
28.1081081081081,0.00411168254279502,0.046106865860618,6,"6","female",506,43.5,"Parity group"
28.3011583011583,0.00442263662381972,0.0495937882952648,6,"6","female",506,43.5,"Parity group"
28.4942084942085,0.00477601626169755,0.0535564550118521,6,"6","female",506,43.5,"Parity group"
28.6872586872587,0.00517380591222839,0.0580171189534072,6,"6","female",506,43.5,"Parity group"
28.8803088803089,0.00561698746080534,0.0629867906144513,6,"6","female",506,43.5,"Parity group"
29.0733590733591,0.00609979312266175,0.068400792219942,6,"6","female",506,43.5,"Parity group"
29.2664092664093,0.00662458688936761,0.0742856326846798,6,"6","female",506,43.5,"Parity group"
29.4594594594595,0.00718082615473169,0.0805230911770653,6,"6","female",506,43.5,"Parity group"
29.6525096525097,0.00776736843669249,0.0871003563317734,6,"6","female",506,43.5,"Parity group"
29.8455598455598,0.00837567129173363,0.0939216363912372,6,"6","female",506,43.5,"Parity group"
30.03861003861,0.00900080887695279,0.100931694800692,6,"6","female",506,43.5,"Parity group"
30.2316602316602,0.00963714414479831,0.10806731982319,6,"6","female",506,43.5,"Parity group"
30.4247104247104,0.0102794123120915,0.115269474154833,6,"6","female",506,43.5,"Parity group"
30.6177606177606,0.010924142260323,0.122499233974574,6,"6","female",506,43.5,"Parity group"
30.8108108108108,0.0115685271633083,0.129725124586342,6,"6","female",506,43.5,"Parity group"
31.003861003861,0.0122111703208772,0.136931483918289,6,"6","female",506,43.5,"Parity group"
31.1969111969112,0.0128521629938225,0.144119335334715,6,"6","female",506,43.5,"Parity group"
31.3899613899614,0.0134924084456136,0.151298807693381,6,"6","female",506,43.5,"Parity group"
31.5830115830116,0.0141338706369869,0.158491924113357,6,"6","female",506,43.5,"Parity group"
31.7760617760618,0.0147785312562416,0.165720906503956,6,"6","female",506,43.5,"Parity group"
31.969111969112,0.0154295924329176,0.173021662344812,6,"6","female",506,43.5,"Parity group"
32.1621621621622,0.016088201785321,0.180407060597171,6,"6","female",506,43.5,"Parity group"
32.3552123552124,0.0167572374308912,0.187909375390499,6,"6","female",506,43.5,"Parity group"
32.5482625482625,0.0174366199577206,0.195527716229447,6,"6","female",506,43.5,"Parity group"
32.7413127413127,0.0181268701102868,0.203267922547274,6,"6","female",506,43.5,"Parity group"
32.9343629343629,0.0188271797321614,0.211120931980908,6,"6","female",506,43.5,"Parity group"
33.1274131274131,0.0195353774672737,0.219062395757783,6,"6","female",506,43.5,"Parity group"
33.3204633204633,0.0202498812764377,0.227074573483845,6,"6","female",506,43.5,"Parity group"
33.5135135135135,0.0209672681737742,0.235119081079312,6,"6","female",506,43.5,"Parity group"
33.7065637065637,0.0216848892243561,0.243166214381447,6,"6","female",506,43.5,"Parity group"
33.8996138996139,0.0223998356523396,0.251183355468938,6,"6","female",506,43.5,"Parity group"
34.0926640926641,0.0231094754334861,0.25914098980917,6,"6","female",506,43.5,"Parity group"
34.2857142857143,0.0238114224030441,0.267012359845603,6,"6","female",506,43.5,"Parity group"
34.4787644787645,0.0245045772067818,0.274785137832215,6,"6","female",506,43.5,"Parity group"
34.6718146718147,0.0251864632695526,0.282431552384207,6,"6","female",506,43.5,"Parity group"
34.8648648648649,0.0258578849073792,0.289960622799781,6,"6","female",506,43.5,"Parity group"
35.0579150579151,0.0265167445374747,0.297348827572307,6,"6","female",506,43.5,"Parity group"
35.2509652509653,0.027164294987196,0.304610215437865,6,"6","female",506,43.5,"Parity group"
35.4440154440154,0.0277999177502849,0.311737850699262,6,"6","female",506,43.5,"Parity group"
35.6370656370656,0.0284240025324516,0.318736103370164,6,"6","female",506,43.5,"Parity group"
35.8301158301158,0.0290376665146258,0.325617501098493,6,"6","female",506,43.5,"Parity group"
36.023166023166,0.0296407466654539,0.332380215711798,6,"6","female",506,43.5,"Parity group"
36.2162162162162,0.0302359418868756,0.339054511684151,6,"6","female",506,43.5,"Parity group"
36.4092664092664,0.0308242311927795,0.345651367310098,6,"6","female",506,43.5,"Parity group"
36.6023166023166,0.03140938277796,0.352213037712722,6,"6","female",506,43.5,"Parity group"
36.7953667953668,0.031995046966146,0.358780456253188,6,"6","female",506,43.5,"Parity group"
36.988416988417,0.0325867578250083,0.365415679890684,6,"6","female",506,43.5,"Parity group"
37.1814671814672,0.0331900480028882,0.372180749668573,6,"6","female",506,43.5,"Parity group"
37.3745173745174,0.033814639716671,0.379184686880482,6,"6","female",506,43.5,"Parity group"
37.5675675675676,0.0344655746107359,0.386484026635502,6,"6","female",506,43.5,"Parity group"
37.7606177606178,0.0351573603219264,0.394241452131798,6,"6","female",506,43.5,"Parity group"
37.953667953668,0.0358945568471341,0.402508097464188,6,"6","female",506,43.5,"Parity group"
38.1467181467181,0.0366900322412617,0.411428260173912,6,"6","female",506,43.5,"Parity group"
38.3397683397683,0.0375521103712566,0.421095280982874,6,"6","female",506,43.5,"Parity group"
38.5328185328185,0.0384852182019965,0.431558802214786,6,"6","female",506,43.5,"Parity group"
38.7258687258687,0.0395027905032028,0.442969476338306,6,"6","female",506,43.5,"Parity group"
38.9189189189189,0.0405972413124177,0.455242237215709,6,"6","female",506,43.5,"Parity group"
39.1119691119691,0.0417823515630036,0.468531619064888,6,"6","female",506,43.5,"Parity group"
39.3050193050193,0.0430438986649015,0.482678135095408,6,"6","female",506,43.5,"Parity group"
39.4980694980695,0.0443829713877076,0.497693994361154,6,"6","female",506,43.5,"Parity group"
39.6911196911197,0.0457878541598122,0.513447822836269,6,"6","female",506,43.5,"Parity group"
39.8841698841699,0.0472452554814373,0.529790574627505,6,"6","female",506,43.5,"Parity group"
40.0772200772201,0.0487428283810124,0.546583795426665,6,"6","female",506,43.5,"Parity group"
40.2702702702703,0.0502595928290636,0.563592223052236,6,"6","female",506,43.5,"Parity group"
40.4633204633205,0.0517770429889155,0.580608339992748,6,"6","female",506,43.5,"Parity group"
40.6563706563707,0.0532745210340936,0.597400497130276,6,"6","female",506,43.5,"Parity group"
40.8494208494209,0.0547292103142581,0.613712837105782,6,"6","female",506,43.5,"Parity group"
41.042471042471,0.0561204410601402,0.629313576879323,6,"6","female",506,43.5,"Parity group"
41.2355212355212,0.0574316337264863,0.644016799648935,6,"6","female",506,43.5,"Parity group"
41.4285714285714,0.0586368096237707,0.657531190134142,6,"6","female",506,43.5,"Parity group"
41.6216216216216,0.0597357427794767,0.669854214363897,6,"6","female",506,43.5,"Parity group"
41.8146718146718,0.0606974002999565,0.680637881108381,6,"6","female",506,43.5,"Parity group"
42.007722007722,0.0615349831819256,0.690030221393449,6,"6","female",506,43.5,"Parity group"
42.2007722007722,0.0622335785982545,0.697864008369042,6,"6","female",506,43.5,"Parity group"
42.3938223938224,0.0628017603072861,0.704235384945446,6,"6","female",506,43.5,"Parity group"
42.5868725868726,0.0632483267977794,0.709243014075546,6,"6","female",506,43.5,"Parity group"
42.7799227799228,0.0635771166927458,0.712929940638032,6,"6","female",506,43.5,"Parity group"
42.972972972973,0.0638152647825603,0.715600443994688,6,"6","female",506,43.5,"Parity group"
43.1660231660232,0.0639658828132907,0.717289418098792,6,"6","female",506,43.5,"Parity group"
43.3590733590734,0.0640600938120549,0.718345864903088,6,"6","female",506,43.5,"Parity group"
43.5521235521236,0.0641096577272971,0.718901656058611,6,"6","female",506,43.5,"Parity group"
43.7451737451737,0.0641343451237808,0.719178491263243,6,"6","female",506,43.5,"Parity group"
43.9382239382239,0.0641472737864062,0.719323468436754,6,"6","female",506,43.5,"Parity group"
44.1312741312741,0.0641586453546294,0.719450984937659,6,"6","female",506,43.5,"Parity group"
44.3243243243243,0.064173177828062,0.719613946644018,6,"6","female",506,43.5,"Parity group"
44.5173745173745,0.0641910821784966,0.719814719314384,6,"6","female",506,43.5,"Parity group"
44.7104247104247,0.0642062543211622,0.7199848540316,6,"6","female",506,43.5,"Parity group"
44.9034749034749,0.0642076049966571,0.72,6,"6","female",506,43.5,"Parity group"
45.0965250965251,0.0641803884711839,0.719694804091482,6,"6","female",506,43.5,"Parity group"
45.2895752895753,0.0641080612202235,0.718883753427091,6,"6","female",506,43.5,"Parity group"
45.4826254826255,0.063966734519929,0.717298968817583,6,"6","female",506,43.5,"Parity group"
45.6756756756757,0.0637469102181062,0.714833941546738,6,"6","female",506,43.5,"Parity group"
45.8687258687259,0.063413931437388,0.711100042390562,6,"6","female",506,43.5,"Parity group"
46.0617760617761,0.0629714920178982,0.70613869268675,6,"6","female",506,43.5,"Parity group"
46.2548262548263,0.0623949536992681,0.699673608224632,6,"6","female",506,43.5,"Parity group"
46.4478764478765,0.0616866026983877,0.691730425782919,6,"6","female",506,43.5,"Parity group"
46.6409266409266,0.0608448532331813,0.682291362996196,6,"6","female",506,43.5,"Parity group"
46.8339768339768,0.059867944293763,0.671336672560105,6,"6","female",506,43.5,"Parity group"
47.027027027027,0.0587777159328082,0.65911126063377,6,"6","female",506,43.5,"Parity group"
47.2200772200772,0.0575691145997838,0.645558458596958,6,"6","female",506,43.5,"Parity group"
47.4131274131274,0.0562755471929067,0.6310528788763,6,"6","female",506,43.5,"Parity group"
47.6061776061776,0.0549035019987019,0.615667278683319,6,"6","female",506,43.5,"Parity group"
47.7992277992278,0.0534772221782781,0.599673511733772,6,"6","female",506,43.5,"Parity group"
47.992277992278,0.0520125525412173,0.583249255779376,6,"6","female",506,43.5,"Parity group"
48.1853281853282,0.0505259674596821,0.5665792482505,6,"6","female",506,43.5,"Parity group"
48.3783783783784,0.0490324795753014,0.549831835279559,6,"6","female",506,43.5,"Parity group"
48.5714285714286,0.0475446690341122,0.533148085905759,6,"6","female",506,43.5,"Parity group"
48.7644787644788,0.0460705612698632,0.516617994333046,6,"6","female",506,43.5,"Parity group"
48.957528957529,0.0446188214121765,0.500338728074963,6,"6","female",506,43.5,"Parity group"
49.1505791505791,0.0431921396508165,0.484340453910514,6,"6","female",506,43.5,"Parity group"
49.3436293436293,0.0417931241092851,0.468652418358415,6,"6","female",506,43.5,"Parity group"
49.5366795366795,0.0404232960966549,0.453291680808011,6,"6","female",506,43.5,"Parity group"
49.7297297297297,0.0390794938503616,0.438222786439789,6,"6","female",506,43.5,"Parity group"
49.9227799227799,0.0377642656454582,0.423474310654408,6,"6","female",506,43.5,"Parity group"
50.1158301158301,0.0364717960449127,0.408981041322197,6,"6","female",506,43.5,"Parity group"
50.3088803088803,0.0352036185683519,0.394760174757071,6,"6","female",506,43.5,"Parity group"
50.5019305019305,0.0339563188350421,0.380773423374119,6,"6","female",506,43.5,"Parity group"
50.6949806949807,0.0327296074768014,0.367017542307082,6,"6","female",506,43.5,"Parity group"
50.8880308880309,0.0315233782309565,0.353491339966198,6,"6","female",506,43.5,"Parity group"
51.0810810810811,0.0303357223854302,0.340173412770136,6,"6","female",506,43.5,"Parity group"
51.2741312741313,0.0291693363867118,0.327093997658469,6,"6","female",506,43.5,"Parity group"
51.4671814671815,0.028021109990619,0.314218217519499,6,"6","female",506,43.5,"Parity group"
51.6602316602317,0.0268935309506314,0.301573969087661,6,"6","female",506,43.5,"Parity group"
51.8532818532819,0.0257843231002042,0.289135728285046,6,"6","female",506,43.5,"Parity group"
52.046332046332,0.0246934467249616,0.27690304976954,6,"6","female",506,43.5,"Parity group"
52.2393822393822,0.0236199292688608,0.264865027662459,6,"6","female",506,43.5,"Parity group"
52.4324324324324,0.0225610433942257,0.252991078622045,6,"6","female",506,43.5,"Parity group"
52.6254826254826,0.0215167013649228,0.241280218808207,6,"6","female",506,43.5,"Parity group"
52.8185328185328,0.0204829546667104,0.229688171063215,6,"6","female",506,43.5,"Parity group"
53.011583011583,0.0194593836139369,0.218210229189579,6,"6","female",506,43.5,"Parity group"
53.2046332046332,0.0184434212012069,0.20681760775161,6,"6","female",506,43.5,"Parity group"
53.3976833976834,0.0174344999966309,0.195503943780924,6,"6","female",506,43.5,"Parity group"
53.5907335907336,0.0164325330135466,0.184268261841717,6,"6","female",506,43.5,"Parity group"
53.7837837837838,0.0154378000355125,0.173113699321875,6,"6","female",506,43.5,"Parity group"
53.976833976834,0.0144534695006404,0.162075785897992,6,"6","female",506,43.5,"Parity group"
54.1698841698842,0.0134809758568553,0.151170606931082,6,"6","female",506,43.5,"Parity group"
54.3629343629344,0.0125265968386706,0.140468558581377,6,"6","female",506,43.5,"Parity group"
54.5559845559846,0.0115936763704528,0.130007138362513,6,"6","female",506,43.5,"Parity group"
54.7490347490347,0.0106890267615299,0.119862736956194,6,"6","female",506,43.5,"Parity group"
54.9420849420849,0.00981955400102681,0.110112795534227,6,"6","female",506,43.5,"Parity group"
55.1351351351351,0.00898892878236229,0.100798475875837,6,"6","female",506,43.5,"Parity group"
55.3281853281853,0.0082088668522935,0.0920511539709203,6,"6","female",506,43.5,"Parity group"
55.5212355212355,0.00747756701982874,0.0838506319392694,6,"6","female",506,43.5,"Parity group"
55.7142857142857,0.00680759662260093,0.0763378351914521,6,"6","female",506,43.5,"Parity group"
55.9073359073359,0.00619561041337756,0.0694752513797094,6,"6","female",506,43.5,"Parity group"
56.1003861003861,0.00564715350166466,0.0633250612822304,6,"6","female",506,43.5,"Parity group"
56.2934362934363,0.00516247816613715,0.057890093857453,6,"6","female",506,43.5,"Parity group"
56.4864864864865,0.00473724407807458,0.053121678287039,6,"6","female",506,43.5,"Parity group"
56.6795366795367,0.00437540905650043,0.0490641960690532,6,"6","female",506,43.5,"Parity group"
56.8725868725869,0.00406495839067467,0.0455829187436307,6,"6","female",506,43.5,"Parity group"
57.0656370656371,0.00380880372010855,0.0427104963441781,6,"6","female",506,43.5,"Parity group"
57.2586872586873,0.00359478679354755,0.0403105908013387,6,"6","female",506,43.5,"Parity group"
57.4517374517375,0.00341974846845307,0.0383477766755885,6,"6","female",506,43.5,"Parity group"
57.6447876447876,0.00327616544529263,0.0367376905077444,6,"6","female",506,43.5,"Parity group"
57.8378378378378,0.00315662964838293,0.0353972609156507,6,"6","female",506,43.5,"Parity group"
58.030888030888,0.00305669284617616,0.0342766070991344,6,"6","female",506,43.5,"Parity group"
58.2239382239382,0.00296860275643002,0.0332887978727893,6,"6","female",506,43.5,"Parity group"
58.4169884169884,0.00288891420995608,0.0323952004015205,6,"6","female",506,43.5,"Parity group"
58.6100386100386,0.00281247644845146,0.0315380560136214,6,"6","female",506,43.5,"Parity group"
58.8030888030888,0.00273638763118906,0.0306848245555756,6,"6","female",506,43.5,"Parity group"
58.996138996139,0.00265806029250321,0.0298064911578924,6,"6","female",506,43.5,"Parity group"
59.1891891891892,0.00257608729032425,0.0288872766571814,6,"6","female",506,43.5,"Parity group"
59.3822393822394,0.00248904495310581,0.0279112165347,6,"6","female",506,43.5,"Parity group"
59.5752895752896,0.00239722144571313,0.0268815421631646,6,"6","female",506,43.5,"Parity group"
59.7683397683398,0.00229984474490179,0.0257895963634759,6,"6","female",506,43.5,"Parity group"
59.96138996139,0.00219796183544384,0.024647119630174,6,"6","female",506,43.5,"Parity group"
60.1544401544402,0.00209168012661913,0.0234553164106368,6,"6","female",506,43.5,"Parity group"
60.3474903474903,0.00198176277197985,0.0222227444225614,6,"6","female",506,43.5,"Parity group"
60.5405405405405,0.00186891905735586,0.0209573573312114,6,"6","female",506,43.5,"Parity group"
60.7335907335907,0.00175362592575079,0.0196645033965417,6,"6","female",506,43.5,"Parity group"
60.9266409266409,0.00163678893536361,0.0183543372085464,6,"6","female",506,43.5,"Parity group"
61.1196911196911,0.00151889617769418,0.0170323320422363,6,"6","female",506,43.5,"Parity group"
61.3127413127413,0.00140079540240286,0.0157079942443355,6,"6","female",506,43.5,"Parity group"
61.5057915057915,0.00128321721513513,0.0143895165525236,6,"6","female",506,43.5,"Parity group"
61.6988416988417,0.00116702046629624,0.0130865297931147,6,"6","female",506,43.5,"Parity group"
61.8918918918919,0.00105298891194501,0.011807822712588,6,"6","female",506,43.5,"Parity group"
62.0849420849421,0.000942338592174269,0.0105670315284427,6,"6","female",506,43.5,"Parity group"
62.2779922779923,0.00083550962158184,0.00936909152070451,6,"6","female",506,43.5,"Parity group"
62.4710424710425,0.00073421371967533,0.00823319726991468,6,"6","female",506,43.5,"Parity group"
62.6640926640927,0.000638495020849925,0.00715984368262732,6,"6","female",506,43.5,"Parity group"
62.8571428571429,0.000549660439958768,0.00616368601181927,6,"6","female",506,43.5,"Parity group"
63.0501930501931,0.00046804491862715,0.00524848016724955,6,"6","female",506,43.5,"Parity group"
63.2432432432432,0.000393902105242708,0.00441707046680086,6,"6","female",506,43.5,"Parity group"
63.4362934362934,0.000328004902470211,0.0036781239510623,6,"6","female",506,43.5,"Parity group"
63.6293436293436,0.000269381029252616,0.00302073782493493,6,"6","female",506,43.5,"Parity group"
63.8223938223938,0.00021913399250204,0.00245728640103743,6,"6","female",506,43.5,"Parity group"
64.015444015444,0.000175662196155238,0.00196980998182935,6,"6","female",506,43.5,"Parity group"
64.2084942084942,0.000139237935947064,0.00156136198955101,6,"6","female",506,43.5,"Parity group"
64.4015444015444,0.000108898004419718,0.00122114137704216,6,"6","female",506,43.5,"Parity group"
64.5945945945946,8.39789503995502e-05,0.000941708451683008,6,"6","female",506,43.5,"Parity group"
64.7876447876448,6.40748045139604e-05,0.000718510825196693,6,"6","female",506,43.5,"Parity group"
64.980694980695,4.80038600669023e-05,0.00053829728191807,6,"6","female",506,43.5,"Parity group"
65.1737451737452,3.57343250126142e-05,0.000400711317770251,6,"6","female",506,43.5,"Parity group"
65.3667953667954,2.60929744696525e-05,0.000292596828975756,6,"6","female",506,43.5,"Parity group"
65.5598455598456,1.88663871128845e-05,0.000211560588842771,6,"6","female",506,43.5,"Parity group"
65.7528957528958,1.34322862094701e-05,0.000150624619487396,6,"6","female",506,43.5,"Parity group"
65.9459459459459,9.41893733269314e-06,0.000105620430475364,6,"6","female",506,43.5,"Parity group"
66.1389961389961,6.54299844965317e-06,7.33707305232074e-05,6,"6","female",506,43.5,"Parity group"
66.3320463320463,4.44145878533108e-06,4.98048529547998e-05,6,"6","female",506,43.5,"Parity group"
66.5250965250965,3.01324753000165e-06,3.37894276186464e-05,6,"6","female",506,43.5,"Parity group"
66.7181467181467,1.99372556661076e-06,2.2356890714651e-05,6,"6","female",506,43.5,"Parity group"
66.9111969111969,1.31080643442004e-06,1.46988917096591e-05,6,"6","female",506,43.5,"Parity group"
67.1042471042471,8.46366144806507e-07,9.49083250017519e-06,6,"6","female",506,43.5,"Parity group"
67.2972972972973,5.3809739460543e-07,6.03402235819387e-06,6,"6","female",506,43.5,"Parity group"
67.4903474903475,3.39471848474188e-07,3.80670998262808e-06,6,"6","female",506,43.5,"Parity group"
67.6833976833977,2.08210458829752e-07,2.33479399154082e-06,6,"6","female",506,43.5,"Parity group"
67.8764478764479,1.28548046537664e-07,1.44148957918516e-06,6,"6","female",506,43.5,"Parity group"
68.0694980694981,7.68608565326974e-08,8.61888816853133e-07,6,"6","female",506,43.5,"Parity group"
68.2625482625483,4.5914399845492e-08,5.14866858691823e-07,6,"6","female",506,43.5,"Parity group"
68.4555984555984,2.68327992167393e-08,3.00892946202527e-07,6,"6","female",506,43.5,"Parity group"
68.6486486486486,1.54516383127014e-08,1.7326887657193e-07,6,"6","female",506,43.5,"Parity group"
68.8416988416988,8.84186524936181e-09,9.91493605760867e-08,6,"6","female",506,43.5,"Parity group"
69.034749034749,4.89260814420776e-09,5.48638726520479e-08,6,"6","female",506,43.5,"Parity group"
69.2277992277992,2.74767767703692e-09,3.08114268951408e-08,6,"6","female",506,43.5,"Parity group"
69.4208494208494,1.48180447665197e-09,1.66163996187829e-08,6,"6","female",506,43.5,"Parity group"
69.6138996138996,8.04397072777586e-10,9.02020706783901e-09,6,"6","female",506,43.5,"Parity group"
69.8069498069498,4.24877743896677e-10,4.76441966059214e-09,6,"6","female",506,43.5,"Parity group"
70,2.21550776882862e-10,2.48438731461741e-09,6,"6","female",506,43.5,"Parity group"
20,5.36035996254435e-05,0.000602847998881811,7,">=7","female",416,43.2,"Parity group"
20.1930501930502,6.96611754276927e-05,0.000783438061991753,7,">=7","female",416,43.2,"Parity group"
20.3861003861004,8.90173097690913e-05,0.00100112506315092,7,">=7","female",416,43.2,"Parity group"
20.5791505791506,0.000112821221328459,0.00126883358551503,7,">=7","female",416,43.2,"Parity group"
20.7722007722008,0.000140759413166982,0.00158303791432721,7,">=7","female",416,43.2,"Parity group"
20.965250965251,0.000173745752470084,0.0019540157736177,7,">=7","female",416,43.2,"Parity group"
21.1583011583012,0.0002117270663073,0.00238116915886908,7,">=7","female",416,43.2,"Parity group"
21.3513513513514,0.000254965131898183,0.00286744212372817,7,">=7","female",416,43.2,"Parity group"
21.5444015444015,0.000303716250162305,0.00341571713313308,7,">=7","female",416,43.2,"Parity group"
21.7374517374517,0.000357464274859385,0.00402018939542318,7,">=7","female",416,43.2,"Parity group"
21.9305019305019,0.000416761076566198,0.0046870654727543,7,">=7","female",416,43.2,"Parity group"
22.1235521235521,0.000480533819762894,0.00540427981820814,7,">=7","female",416,43.2,"Parity group"
22.3166023166023,0.000549103007430842,0.00617543693936074,7,">=7","female",416,43.2,"Parity group"
22.5096525096525,0.000621566554609776,0.00699039161990355,7,">=7","female",416,43.2,"Parity group"
22.7027027027027,0.000697752053421719,0.00784720489034654,7,">=7","female",416,43.2,"Parity group"
22.8957528957529,0.000777228338020631,0.00874102768328959,7,">=7","female",416,43.2,"Parity group"
23.0888030888031,0.000859542614673728,0.00966676769527508,7,">=7","female",416,43.2,"Parity group"
23.2818532818533,0.000944756459434438,0.0106251174357771,7,">=7","female",416,43.2,"Parity group"
23.4749034749035,0.00103241686191188,0.0116109821647125,7,">=7","female",416,43.2,"Parity group"
23.6679536679537,0.00112304792549852,0.0126302561631289,7,">=7","female",416,43.2,"Parity group"
23.8610038610039,0.00121649660843407,0.0136812182608141,7,">=7","female",416,43.2,"Parity group"
24.0540540540541,0.00131347774624339,0.0147719077903635,7,">=7","female",416,43.2,"Parity group"
24.2471042471042,0.00141448314396579,0.0159078557923389,7,">=7","female",416,43.2,"Parity group"
24.4401544401544,0.0015201800400197,0.0170965663028151,7,">=7","female",416,43.2,"Parity group"
24.6332046332046,0.00163187627917682,0.0183527478788474,7,">=7","female",416,43.2,"Parity group"
24.8262548262548,0.0017498114945326,0.0196790955322087,7,">=7","female",416,43.2,"Parity group"
25.019305019305,0.00187639591116949,0.0211027156396716,7,">=7","female",416,43.2,"Parity group"
25.2123552123552,0.00201136615807737,0.0226206462231688,7,">=7","female",416,43.2,"Parity group"
25.4054054054054,0.00215706978795421,0.0242592888202114,7,">=7","female",416,43.2,"Parity group"
25.5984555984556,0.00231380270484861,0.0260219712887195,7,">=7","female",416,43.2,"Parity group"
25.7915057915058,0.00248278370514654,0.0279224007111925,7,">=7","female",416,43.2,"Parity group"
25.984555984556,0.00266511567337011,0.0299729805779144,7,">=7","female",416,43.2,"Parity group"
26.1776061776062,0.002860173543936,0.032166681145758,7,">=7","female",416,43.2,"Parity group"
26.3706563706564,0.00306975472073969,0.034523716753856,7,">=7","female",416,43.2,"Parity group"
26.5637065637066,0.00329138447337601,0.0370162555722017,7,">=7","female",416,43.2,"Parity group"
26.7567567567568,0.00352599300091319,0.039654758999857,7,">=7","female",416,43.2,"Parity group"
26.9498069498069,0.00377066156904966,0.0424064017574516,7,">=7","female",416,43.2,"Parity group"
27.1428571428571,0.0040241879069499,0.0452576626155833,7,">=7","female",416,43.2,"Parity group"
27.3359073359073,0.00428392637073337,0.0481787875814182,7,">=7","female",416,43.2,"Parity group"
27.5289575289575,0.00454722131829727,0.0511399102180265,7,">=7","female",416,43.2,"Parity group"
27.7220077220077,0.00481138136700624,0.0541107621358356,7,">=7","female",416,43.2,"Parity group"
27.9150579150579,0.00507398754285423,0.0570641385641011,7,">=7","female",416,43.2,"Parity group"
28.1081081081081,0.00533233615506672,0.0599696326908849,7,">=7","female",416,43.2,"Parity group"
28.3011583011583,0.00558555665053611,0.0628174539199862,7,">=7","female",416,43.2,"Parity group"
28.4942084942085,0.00583242051444832,0.0655937858714895,7,">=7","female",416,43.2,"Parity group"
28.6872586872587,0.00607360121521673,0.06830620264654,7,">=7","female",416,43.2,"Parity group"
28.8803088803089,0.00631043307865313,0.0709697106187979,7,">=7","female",416,43.2,"Parity group"
29.0733590733591,0.00654543170218754,0.0736126012255409,7,">=7","female",416,43.2,"Parity group"
29.2664092664093,0.00678185206421689,0.0762714812847198,7,">=7","female",416,43.2,"Parity group"
29.4594594594595,0.00702472915781203,0.0790029763871226,7,">=7","female",416,43.2,"Parity group"
29.6525096525097,0.00727746480343692,0.0818453447966268,7,">=7","female",416,43.2,"Parity group"
29.8455598455598,0.00754635500646306,0.0848693939639572,7,">=7","female",416,43.2,"Parity group"
30.03861003861,0.00783453154483578,0.0881103451444115,7,">=7","female",416,43.2,"Parity group"
30.2316602316602,0.00814630902082368,0.0916167221192613,7,">=7","female",416,43.2,"Parity group"
30.4247104247104,0.00848500624334018,0.0954258495705451,7,">=7","female",416,43.2,"Parity group"
30.6177606177606,0.00885019128094096,0.0995328698206313,7,">=7","female",416,43.2,"Parity group"
30.8108108108108,0.00924536674981401,0.103977174723323,7,">=7","female",416,43.2,"Parity group"
31.003861003861,0.00966521887453949,0.108699003387548,7,">=7","female",416,43.2,"Parity group"
31.1969111969112,0.0101111813562195,0.113714479802112,7,">=7","female",416,43.2,"Parity group"
31.3899613899614,0.0105767252746107,0.118950177060408,7,">=7","female",416,43.2,"Parity group"
31.5830115830116,0.0110595510831727,0.124380233521801,7,">=7","female",416,43.2,"Parity group"
31.7760617760618,0.0115549389738573,0.129951568295143,7,">=7","female",416,43.2,"Parity group"
31.969111969112,0.0120591164683143,0.135621754546411,7,">=7","female",416,43.2,"Parity group"
32.1621621621622,0.0125696767865651,0.141363724643879,7,">=7","female",416,43.2,"Parity group"
32.3552123552124,0.0130844189115301,0.147152725049516,7,">=7","female",416,43.2,"Parity group"
32.5482625482625,0.0136041793749976,0.152998163741856,7,">=7","female",416,43.2,"Parity group"
32.7413127413127,0.014129978323751,0.158911513708744,7,">=7","female",416,43.2,"Parity group"
32.9343629343629,0.0146662697844003,0.164942866754601,7,">=7","female",416,43.2,"Parity group"
33.1274131274131,0.0152180433770742,0.171148338187556,7,">=7","female",416,43.2,"Parity group"
33.3204633204633,0.015791866557191,0.177601788296553,7,">=7","female",416,43.2,"Parity group"
33.5135135135135,0.0163973718236291,0.184411548102521,7,">=7","female",416,43.2,"Parity group"
33.7065637065637,0.0170391280257889,0.191629000753936,7,">=7","female",416,43.2,"Parity group"
33.8996138996139,0.0177324399294546,0.199426269904633,7,">=7","female",416,43.2,"Parity group"
34.0926640926641,0.018476758254601,0.207797178126861,7,">=7","female",416,43.2,"Parity group"
34.2857142857143,0.0192863870030915,0.216902594074207,7,">=7","female",416,43.2,"Parity group"
34.4787644787645,0.0201597249778024,0.22672451002912,7,">=7","female",416,43.2,"Parity group"
34.6718146718147,0.021102015776179,0.23732189763248,7,">=7","female",416,43.2,"Parity group"
34.8648648648649,0.0221131825403428,0.248693892509155,7,">=7","female",416,43.2,"Parity group"
35.0579150579151,0.0231864574905719,0.26076438144118,7,">=7","female",416,43.2,"Parity group"
35.2509652509653,0.0243225804160285,0.273541684399957,7,">=7","female",416,43.2,"Parity group"
35.4440154440154,0.0255057119701149,0.286847665617239,7,">=7","female",416,43.2,"Parity group"
35.6370656370656,0.026733188239239,0.300652365631549,7,">=7","female",416,43.2,"Parity group"
35.8301158301158,0.0279885982820194,0.314771220285987,7,">=7","female",416,43.2,"Parity group"
36.023166023166,0.0292637577410019,0.329112184950193,7,">=7","female",416,43.2,"Parity group"
36.2162162162162,0.0305473570328831,0.343548067426068,7,">=7","female",416,43.2,"Parity group"
36.4092664092664,0.0318315510752468,0.357990638709049,7,">=7","female",416,43.2,"Parity group"
36.6023166023166,0.0331101519942427,0.372370307439715,7,">=7","female",416,43.2,"Parity group"
36.7953667953668,0.0343817413772308,0.386671121569554,7,">=7","female",416,43.2,"Parity group"
36.988416988417,0.0356466152395739,0.400896410208369,7,">=7","female",416,43.2,"Parity group"
37.1814671814672,0.0369108319381632,0.415114308114908,7,">=7","female",416,43.2,"Parity group"
37.3745173745174,0.0381829105652362,0.429420624483767,7,">=7","female",416,43.2,"Parity group"
37.5675675675676,0.0394736896452419,0.443937253792568,7,">=7","female",416,43.2,"Parity group"
37.7606177606178,0.0407951893782019,0.458799380125585,7,">=7","female",416,43.2,"Parity group"
37.953667953668,0.0421618233410388,0.474169104462327,7,">=7","female",416,43.2,"Parity group"
38.1467181467181,0.0435792753449776,0.490110349267833,7,">=7","female",416,43.2,"Parity group"
38.3397683397683,0.0450632347124956,0.506799563077748,7,">=7","female",416,43.2,"Parity group"
38.5328185328185,0.0466061630729134,0.524151966293117,7,">=7","female",416,43.2,"Parity group"
38.7258687258687,0.0482133822379287,0.542227410184278,7,">=7","female",416,43.2,"Parity group"
38.9189189189189,0.0498678433882043,0.560834156758027,7,">=7","female",416,43.2,"Parity group"
39.1119691119691,0.0515558222198446,0.579817856881147,7,">=7","female",416,43.2,"Parity group"
39.3050193050193,0.0532519429783596,0.59889312444298,7,">=7","female",416,43.2,"Parity group"
39.4980694980695,0.054929499616531,0.617759612316911,7,">=7","female",416,43.2,"Parity group"
39.6911196911197,0.0565498643585645,0.635982896742196,7,">=7","female",416,43.2,"Parity group"
39.8841698841699,0.0580892316411246,0.65329525061992,7,">=7","female",416,43.2,"Parity group"
40.0772200772201,0.0594953395934639,0.66910891558277,7,">=7","female",416,43.2,"Parity group"
40.2702702702703,0.060755246247872,0.683278340970152,7,">=7","female",416,43.2,"Parity group"
40.4633204633205,0.0618273262465096,0.695335390987985,7,">=7","female",416,43.2,"Parity group"
40.6563706563707,0.062697678257452,0.705123725573455,7,">=7","female",416,43.2,"Parity group"
40.8494208494209,0.0633563418558342,0.7125313257159,7,">=7","female",416,43.2,"Parity group"
41.042471042471,0.0637851296670452,0.717353648763973,7,">=7","female",416,43.2,"Parity group"
41.2355212355212,0.0640135439482905,0.71992248916512,7,">=7","female",416,43.2,"Parity group"
41.4285714285714,0.0640204360002957,0.72,7,">=7","female",416,43.2,"Parity group"
41.6216216216216,0.0638609229897875,0.718206051461983,7,">=7","female",416,43.2,"Parity group"
41.8146718146718,0.0635397292578532,0.714593775422632,7,">=7","female",416,43.2,"Parity group"
42.007722007722,0.0631025749368509,0.709677359184539,7,">=7","female",416,43.2,"Parity group"
42.2007722007722,0.0625794114942578,0.703793649197539,7,">=7","female",416,43.2,"Parity group"
42.3938223938224,0.0620074569612714,0.697361214658225,7,">=7","female",416,43.2,"Parity group"
42.5868725868726,0.0614220733490988,0.690777751203489,7,">=7","female",416,43.2,"Parity group"
42.7799227799228,0.0608580161024307,0.684434132775162,7,">=7","female",416,43.2,"Parity group"
42.972972972973,0.0603381302869898,0.678587284323274,7,">=7","female",416,43.2,"Parity group"
43.1660231660232,0.0598932423822197,0.673583893040013,7,">=7","female",416,43.2,"Parity group"
43.3590733590734,0.0595306264733156,0.669505766261718,7,">=7","female",416,43.2,"Parity group"
43.5521235521236,0.0592642463702154,0.666509946704486,7,">=7","female",416,43.2,"Parity group"
43.7451737451737,0.059094025358456,0.6645955716061,7,">=7","female",416,43.2,"Parity group"
43.9382239382239,0.059010926737736,0.663661010540035,7,">=7","female",416,43.2,"Parity group"
44.1312741312741,0.0590093953146605,0.663643787529958,7,">=7","female",416,43.2,"Parity group"
44.3243243243243,0.0590630310918379,0.664246997410746,7,">=7","female",416,43.2,"Parity group"
44.5173745173745,0.0591569975044262,0.665303782107796,7,">=7","female",416,43.2,"Parity group"
44.7104247104247,0.0592609175876419,0.666472509854589,7,">=7","female",416,43.2,"Parity group"
44.9034749034749,0.0593496353657785,0.667470266262528,7,">=7","female",416,43.2,"Parity group"
45.0965250965251,0.0593965492827197,0.667997879354658,7,">=7","female",416,43.2,"Parity group"
45.2895752895753,0.0593789048872919,0.667799443269219,7,">=7","female",416,43.2,"Parity group"
45.4826254826255,0.0592699553482113,0.666574152205322,7,">=7","female",416,43.2,"Parity group"
45.6756756756757,0.0590639900630731,0.664257782393362,7,">=7","female",416,43.2,"Parity group"
45.8687258687259,0.0587313733974685,0.660517039371334,7,">=7","female",416,43.2,"Parity group"
46.0617760617761,0.0582861577135043,0.655509961749233,7,">=7","female",416,43.2,"Parity group"
46.2548262548263,0.0577120338062891,0.649053129540327,7,">=7","female",416,43.2,"Parity group"
46.4478764478765,0.057025735076777,0.641334733413714,7,">=7","female",416,43.2,"Parity group"
46.6409266409266,0.0562325638655692,0.632414405659825,7,">=7","female",416,43.2,"Parity group"
46.8339768339768,0.0553460938108939,0.622444800964172,7,">=7","female",416,43.2,"Parity group"
47.027027027027,0.0543873495459129,0.61166237094787,7,">=7","female",416,43.2,"Parity group"
47.2200772200772,0.0533670355733715,0.60018750282566,7,">=7","female",416,43.2,"Parity group"
47.4131274131274,0.0523096237558236,0.588295417169902,7,">=7","female",416,43.2,"Parity group"
47.6061776061776,0.0512259475356578,0.576107951303287,7,">=7","female",416,43.2,"Parity group"
47.7992277992278,0.0501322482131944,0.563807761529979,7,">=7","female",416,43.2,"Parity group"
47.992277992278,0.0490371333411396,0.551491651907173,7,">=7","female",416,43.2,"Parity group"
48.1853281853282,0.0479468376404928,0.539229740656489,7,">=7","female",416,43.2,"Parity group"
48.3783783783784,0.0468629613732014,0.527040024978105,7,">=7","female",416,43.2,"Parity group"
48.5714285714286,0.0457840285144611,0.514905904893552,7,">=7","female",416,43.2,"Parity group"
48.7644787644788,0.0447050879369817,0.502771698000904,7,">=7","female",416,43.2,"Parity group"
48.957528957529,0.0436180417653497,0.490546332282191,7,">=7","female",416,43.2,"Parity group"
49.1505791505791,0.0425160629359067,0.478153027788055,7,">=7","female",416,43.2,"Parity group"
49.3436293436293,0.0413888871306608,0.465476347801476,7,">=7","female",416,43.2,"Parity group"
49.5366795366795,0.0402303431024298,0.452446887953335,7,">=7","female",416,43.2,"Parity group"
49.7297297297297,0.0390350140987744,0.439003729230894,7,">=7","female",416,43.2,"Parity group"
49.9227799227799,0.0377983109955325,0.425095260467418,7,">=7","female",416,43.2,"Parity group"
50.1158301158301,0.0365244187346824,0.410768547231541,7,">=7","female",416,43.2,"Parity group"
50.3088803088803,0.0352117090239024,0.396005277082034,7,">=7","female",416,43.2,"Parity group"
50.5019305019305,0.0338725006025839,0.380943991598991,7,">=7","female",416,43.2,"Parity group"
50.6949806949807,0.0325128051681095,0.365652300789246,7,">=7","female",416,43.2,"Parity group"
50.8880308880309,0.0311462733205604,0.350283724882785,7,">=7","female",416,43.2,"Parity group"
51.0810810810811,0.0297846400017013,0.334970239832885,7,">=7","female",416,43.2,"Parity group"
51.2741312741313,0.0284416096193297,0.319865971013112,7,">=7","female",416,43.2,"Parity group"
51.4671814671815,0.0271269292233785,0.305080537732394,7,">=7","female",416,43.2,"Parity group"
51.6602316602317,0.0258553431375859,0.290779760684164,7,">=7","female",416,43.2,"Parity group"
51.8532818532819,0.0246282421763777,0.276979281536134,7,">=7","female",416,43.2,"Parity group"
52.046332046332,0.0234588867255658,0.263828232009063,7,">=7","female",416,43.2,"Parity group"
52.2393822393822,0.0223420375907967,0.251267689981045,7,">=7","female",416,43.2,"Parity group"
52.4324324324324,0.0212819808207337,0.239345858107831,7,">=7","female",416,43.2,"Parity group"
52.6254826254826,0.0202737296813022,0.228006653539038,7,">=7","female",416,43.2,"Parity group"
52.8185328185328,0.0193118283377455,0.217188717726205,7,">=7","female",416,43.2,"Parity group"
53.011583011583,0.0183929550334895,0.206854692836695,7,">=7","female",416,43.2,"Parity group"
53.2046332046332,0.0175061538458684,0.196881364084541,7,">=7","female",416,43.2,"Parity group"
53.3976833976834,0.0166502234319996,0.187255220676478,7,">=7","female",416,43.2,"Parity group"
53.5907335907336,0.0158147540060449,0.177859189904607,7,">=7","female",416,43.2,"Parity group"
53.7837837837838,0.014998135124073,0.168675160057996,7,">=7","female",416,43.2,"Parity group"
53.976833976834,0.0141961587409675,0.159655805740677,7,">=7","female",416,43.2,"Parity group"
54.1698841698842,0.0134081041283556,0.150793021346675,7,">=7","female",416,43.2,"Parity group"
54.3629343629344,0.0126351243204978,0.14209977437074,7,">=7","female",416,43.2,"Parity group"
54.5559845559846,0.0118779094553445,0.133583826386446,7,">=7","female",416,43.2,"Parity group"
54.7490347490347,0.011142734685677,0.125315750327761,7,">=7","female",416,43.2,"Parity group"
54.9420849420849,0.0104304986700442,0.117305652876171,7,">=7","female",416,43.2,"Parity group"
55.1351351351351,0.00975006045811315,0.10965316652653,7,">=7","female",416,43.2,"Parity group"
55.3281853281853,0.00910330872169087,0.10237953205422,7,">=7","female",416,43.2,"Parity group"
55.5212355212355,0.00849706432906167,0.0955614597328913,7,">=7","female",416,43.2,"Parity group"
55.7142857142857,0.00793586356048795,0.0892499664251729,7,">=7","female",416,43.2,"Parity group"
55.9073359073359,0.00742090991226427,0.0834585871424805,7,">=7","female",416,43.2,"Parity group"
56.1003861003861,0.00695999550260473,0.0782749552322989,7,">=7","female",416,43.2,"Parity group"
56.2934362934363,0.00654741370812163,0.0736348916746802,7,">=7","female",416,43.2,"Parity group"
56.4864864864865,0.00619204453223553,0.0696382646189568,7,">=7","female",416,43.2,"Parity group"
56.6795366795367,0.00588505933394453,0.0661857835585577,7,">=7","female",416,43.2,"Parity group"
56.8725868725869,0.00562926278572794,0.0633089909869623,7,">=7","female",416,43.2,"Parity group"
57.0656370656371,0.0054189497648241,0.0609437247608768,7,">=7","female",416,43.2,"Parity group"
57.2586872586873,0.00524959011663527,0.0590390369094008,7,">=7","female",416,43.2,"Parity group"
57.4517374517375,0.00511783975921684,0.0575573185196536,7,">=7","female",416,43.2,"Parity group"
57.6447876447876,0.00501412224760269,0.0563908689759199,7,">=7","female",416,43.2,"Parity group"
57.8378378378378,0.00493582447620293,0.0555103002242862,7,">=7","female",416,43.2,"Parity group"
58.030888030888,0.00487219153206834,0.0547946581162459,7,">=7","female",416,43.2,"Parity group"
58.2239382239382,0.00481796146114509,0.0541847645649967,7,">=7","female",416,43.2,"Parity group"
58.4169884169884,0.00476513677381799,0.0535906765323045,7,">=7","female",416,43.2,"Parity group"
58.6100386100386,0.00470742495601958,0.0529416258320772,7,">=7","female",416,43.2,"Parity group"
58.8030888030888,0.00463813809216366,0.0521623974310704,7,">=7","female",416,43.2,"Parity group"
58.996138996139,0.00455346327623112,0.0512101098291687,7,">=7","female",416,43.2,"Parity group"
59.1891891891892,0.00444666258031992,0.0500089855341746,7,">=7","female",416,43.2,"Parity group"
59.3822393822394,0.00431823225090484,0.0485646055368496,7,">=7","female",416,43.2,"Parity group"
59.5752895752896,0.00416304677150649,0.0468193261831398,7,">=7","female",416,43.2,"Parity group"
59.7683397683398,0.00398395594562422,0.0448051975284296,7,">=7","female",416,43.2,"Parity group"
59.96138996139,0.00378038899383987,0.0425158003540016,7,">=7","female",416,43.2,"Parity group"
60.1544401544402,0.00355524402540424,0.0399837279814719,7,">=7","female",416,43.2,"Parity group"
60.3474903474903,0.00331246485156502,0.0372533341246816,7,">=7","female",416,43.2,"Parity group"
60.5405405405405,0.00305514096015712,0.0343593644270552,7,">=7","female",416,43.2,"Parity group"
60.7335907335907,0.0027894306502403,0.0313710776378302,7,">=7","female",416,43.2,"Parity group"
60.9266409266409,0.00251950359337496,0.0283353675882744,7,">=7","female",416,43.2,"Parity group"
61.1196911196911,0.00225093607884177,0.0253149475076769,7,">=7","female",416,43.2,"Parity group"
61.3127413127413,0.00198867375323597,0.0223654381598289,7,">=7","female",416,43.2,"Parity group"
61.5057915057915,0.00173693429539886,0.0195342732855084,7,">=7","female",416,43.2,"Parity group"
61.6988416988417,0.00149917374445448,0.0168603209138132,7,">=7","female",416,43.2,"Parity group"
61.8918918918919,0.00127934333335165,0.0143880182260698,7,">=7","female",416,43.2,"Parity group"
62.0849420849421,0.00107749860608322,0.0121179898927327,7,">=7","female",416,43.2,"Parity group"
62.2779922779923,0.000898101550679719,0.0101004172556152,7,">=7","female",416,43.2,"Parity group"
62.4710424710425,0.000738124148615582,0.00830124598027986,7,">=7","female",416,43.2,"Parity group"
62.6640926640927,0.000600131706869945,0.00674932655791917,7,">=7","female",416,43.2,"Parity group"
62.8571428571429,0.0004813447930422,0.00541340035529878,7,">=7","female",416,43.2,"Parity group"
63.0501930501931,0.000381296520701234,0.00428821657671341,7,">=7","female",416,43.2,"Parity group"
63.2432432432432,0.000298475233101978,0.00335677451232027,7,">=7","female",416,43.2,"Parity group"
63.4362934362934,0.00023010409483459,0.002587844735705,7,">=7","female",416,43.2,"Parity group"
63.6293436293436,0.000175840002398802,0.0019775685646151,7,">=7","female",416,43.2,"Parity group"
63.8223938223938,0.00013198805055911,0.00148439158399546,7,">=7","female",416,43.2,"Parity group"
64.015444015444,9.83414624251545e-05,0.00110598829638999,7,">=7","female",416,43.2,"Parity group"
64.2084942084942,7.2014140184316e-05,0.00080990046572735,7,">=7","female",416,43.2,"Parity group"
64.4015444015444,5.21700853123179e-05,0.000586726110779617,7,">=7","female",416,43.2,"Parity group"
64.5945945945946,3.7288915326092e-05,0.000419366388486674,7,">=7","female",416,43.2,"Parity group"
64.7876447876448,2.6231126597491e-05,0.000295005975124978,7,">=7","female",416,43.2,"Parity group"
64.980694980695,1.831257913593e-05,0.000205950752628562,7,">=7","female",416,43.2,"Parity group"
65.1737451737452,1.24965505654852e-05,0.000140541317261691,7,">=7","female",416,43.2,"Parity group"
65.3667953667954,8.5240015821686e-06,9.58644070954632e-05,7,">=7","female",416,43.2,"Parity group"
65.5598455598456,5.67702283287715e-06,6.38461200053787e-05,7,">=7","female",416,43.2,"Parity group"
65.7528957528958,3.75797085673526e-06,4.22636768177725e-05,7,">=7","female",416,43.2,"Parity group"
65.9459459459459,2.4447240386589e-06,2.74943661399976e-05,7,">=7","female",416,43.2,"Parity group"
66.1389961389961,1.56794716512522e-06,1.76337749228222e-05,7,">=7","female",416,43.2,"Parity group"
66.3320463320463,9.97407310732354e-07,1.12172504374069e-05,7,">=7","female",416,43.2,"Parity group"
66.5250965250965,6.18545820033329e-07,6.95641920373581e-06,7,">=7","female",416,43.2,"Parity group"
66.7181467181467,3.85276986396846e-07,4.33298252146312e-06,7,">=7","female",416,43.2,"Parity group"
66.9111969111969,2.32634378837187e-07,2.6163013441833e-06,7,">=7","female",416,43.2,"Parity group"
67.1042471042471,1.40803171310268e-07,1.58353003629848e-06,7,">=7","female",416,43.2,"Parity group"
67.2972972972973,8.31375090598531e-08,9.34998420235966e-07,7,">=7","female",416,43.2,"Parity group"
67.4903474903475,4.86420033214945e-08,5.47047858145082e-07,7,">=7","female",416,43.2,"Parity group"
67.6833976833977,2.81263473098438e-08,3.16320402175861e-07,7,">=7","female",416,43.2,"Parity group"
67.8764478764479,1.58674533937951e-08,1.78451868767024e-07,7,">=7","female",416,43.2,"Parity group"
68.0694980694981,9.00183674680875e-09,1.01238336734732e-07,7,">=7","female",416,43.2,"Parity group"
68.2625482625483,4.91345440143063e-09,5.5258717216698e-08,7,">=7","female",416,43.2,"Parity group"
68.4555984555984,2.72333169179057e-09,3.06277017244955e-08,7,">=7","female",416,43.2,"Parity group"
68.6486486486486,1.455503177493e-09,1.63691838616987e-08,7,">=7","female",416,43.2,"Parity group"
68.8416988416988,7.78023090779854e-10,8.74996579777913e-09,7,">=7","female",416,43.2,"Parity group"
69.034749034749,4.07912908404026e-10,4.58755535575456e-09,7,">=7","female",416,43.2,"Parity group"
69.2277992277992,2.09637143120736e-10,2.35766502818308e-09,7,">=7","female",416,43.2,"Parity group"
69.4208494208494,1.08076749443452e-10,1.21547531477177e-09,7,">=7","female",416,43.2,"Parity group"
69.6138996138996,5.31904614521484e-11,5.9820167806058e-10,7,">=7","female",416,43.2,"Parity group"
69.8069498069498,2.70469620644551e-11,3.04181194366088e-10,7,">=7","female",416,43.2,"Parity group"
70,1.30485964875764e-11,1.46749851422624e-10,7,">=7","female",416,43.2,"Parity group"
20,0.000531127258356654,0.00564765037616863,1,"1","male",1001,44,"Parity group"
20.1930501930502,0.000595893065764289,0.00633632645297239,1,"1","male",1001,44,"Parity group"
20.3861003861004,0.000671726299214417,0.00714268610159187,1,"1","male",1001,44,"Parity group"
20.5791505791506,0.000761345974592431,0.00809564150991865,1,"1","male",1001,44,"Parity group"
20.7722007722008,0.000864285941464533,0.00919023594746797,1,"1","male",1001,44,"Parity group"
20.965250965251,0.00098260358035824,0.0104483462163194,1,"1","male",1001,44,"Parity group"
21.1583011583012,0.0011150798140368,0.0118570094682924,1,"1","male",1001,44,"Parity group"
21.3513513513514,0.00126046507069406,0.0134029385964456,1,"1","male",1001,44,"Parity group"
21.5444015444015,0.00141792800384602,0.0150772936208889,1,"1","male",1001,44,"Parity group"
21.7374517374517,0.00158354300431448,0.0168383322514214,1,"1","male",1001,44,"Parity group"
21.9305019305019,0.00175500854683138,0.0186615816148447,1,"1","male",1001,44,"Parity group"
22.1235521235521,0.00192848261201484,0.020506188258684,1,"1","male",1001,44,"Parity group"
22.3166023166023,0.00210088719718785,0.0223394227707259,1,"1","male",1001,44,"Parity group"
22.5096525096525,0.00226862159395167,0.0241229976373419,1,"1","male",1001,44,"Parity group"
22.7027027027027,0.00242989156608008,0.0258378341561336,1,"1","male",1001,44,"Parity group"
22.8957528957529,0.00258235910992864,0.0274590715673598,1,"1","male",1001,44,"Parity group"
23.0888030888031,0.00272529397018462,0.0289789448267176,1,"1","male",1001,44,"Parity group"
23.2818532818533,0.00285914172429294,0.030402191905352,1,"1","male",1001,44,"Parity group"
23.4749034749035,0.00298335841421788,0.0317230287190218,1,"1","male",1001,44,"Parity group"
23.6679536679537,0.00310044269247531,0.0329680242596197,1,"1","male",1001,44,"Parity group"
23.8610038610039,0.00321133344231427,0.0341471619807364,1,"1","male",1001,44,"Parity group"
24.0540540540541,0.00331797500857401,0.0352811167388965,1,"1","male",1001,44,"Parity group"
24.2471042471042,0.00342217182169028,0.0363890756348726,1,"1","male",1001,44,"Parity group"
24.4401544401544,0.00352526447883639,0.037485293678196,1,"1","male",1001,44,"Parity group"
24.6332046332046,0.00362861912007728,0.0385842974843439,1,"1","male",1001,44,"Parity group"
24.8262548262548,0.00373312742458015,0.0396955685704196,1,"1","male",1001,44,"Parity group"
25.019305019305,0.0038395093589598,0.0408267625776256,1,"1","male",1001,44,"Parity group"
25.2123552123552,0.00394800627680615,0.0419804458978603,1,"1","male",1001,44,"Parity group"
25.4054054054054,0.00405928304081853,0.0431636882343162,1,"1","male",1001,44,"Parity group"
25.5984555984556,0.0041732198407332,0.0443752156051548,1,"1","male",1001,44,"Parity group"
25.7915057915058,0.0042901540171672,0.0456186150638227,1,"1","male",1001,44,"Parity group"
25.984555984556,0.00441036239647328,0.0468968301957426,1,"1","male",1001,44,"Parity group"
26.1776061776062,0.00453368439186975,0.0482081534289837,1,"1","male",1001,44,"Parity group"
26.3706563706564,0.00466063699917249,0.0495580821496585,1,"1","male",1001,44,"Parity group"
26.5637065637066,0.00479075358631956,0.0509416545059722,1,"1","male",1001,44,"Parity group"
26.7567567567568,0.00492393443123152,0.0523578101203398,1,"1","male",1001,44,"Parity group"
26.9498069498069,0.00505984387402331,0.0538029798110894,1,"1","male",1001,44,"Parity group"
27.1428571428571,0.00519764860981664,0.0552683027740815,1,"1","male",1001,44,"Parity group"
27.3359073359073,0.00533673531309019,0.0567472573178444,1,"1","male",1001,44,"Parity group"
27.5289575289575,0.0054759996184736,0.0582281003631044,1,"1","male",1001,44,"Parity group"
27.7220077220077,0.00561445248508845,0.0597003151137432,1,"1","male",1001,44,"Parity group"
27.9150579150579,0.0057507254896303,0.0611493506758487,1,"1","male",1001,44,"Parity group"
28.1081081081081,0.00588386753916517,0.0625650937662448,1,"1","male",1001,44,"Parity group"
28.3011583011583,0.00601204994502823,0.0639280993384509,1,"1","male",1001,44,"Parity group"
28.4942084942085,0.00613414313872831,0.0652263563201419,1,"1","male",1001,44,"Parity group"
28.6872586872587,0.00624874986396757,0.0664450072267281,1,"1","male",1001,44,"Parity group"
28.8803088803089,0.00635348744620083,0.0675587162981263,1,"1","male",1001,44,"Parity group"
29.0733590733591,0.00644804987466798,0.0685642296215365,1,"1","male",1001,44,"Parity group"
29.2664092664093,0.00652995355813829,0.0694351383566518,1,"1","male",1001,44,"Parity group"
29.4594594594595,0.00659910769638801,0.070170476994906,1,"1","male",1001,44,"Parity group"
29.6525096525097,0.00665562264370129,0.0707714189696044,1,"1","male",1001,44,"Parity group"
29.8455598455598,0.00669911188160726,0.0712338543030476,1,"1","male",1001,44,"Parity group"
30.03861003861,0.00673300815219862,0.0715942844680297,1,"1","male",1001,44,"Parity group"
30.2316602316602,0.00675960262916185,0.0718770722659863,1,"1","male",1001,44,"Parity group"
30.4247104247104,0.00678408513886098,0.0721374028231859,1,"1","male",1001,44,"Parity group"
30.6177606177606,0.0068117150756135,0.0724312010047679,1,"1","male",1001,44,"Parity group"
30.8108108108108,0.00685058807921305,0.07284455040446,1,"1","male",1001,44,"Parity group"
31.003861003861,0.00690643359671438,0.0734383741123592,1,"1","male",1001,44,"Parity group"
31.1969111969112,0.00698843241708938,0.0743102944693922,1,"1","male",1001,44,"Parity group"
31.3899613899614,0.00710381203918005,0.0755371638417507,1,"1","male",1001,44,"Parity group"
31.5830115830116,0.00725678392780737,0.0771637641164615,1,"1","male",1001,44,"Parity group"
31.7760617760618,0.00745939893936745,0.0793182360029078,1,"1","male",1001,44,"Parity group"
31.969111969112,0.00770959131554961,0.0819786136152933,1,"1","male",1001,44,"Parity group"
32.1621621621622,0.00801483047062005,0.0852243216858766,1,"1","male",1001,44,"Parity group"
32.3552123552124,0.00837715617349258,0.0890770497466712,1,"1","male",1001,44,"Parity group"
32.5482625482625,0.00879371889762864,0.0935064978471961,1,"1","male",1001,44,"Parity group"
32.7413127413127,0.0092741612140985,0.0986151986089187,1,"1","male",1001,44,"Parity group"
32.9343629343629,0.0098097130716155,0.104309897199464,1,"1","male",1001,44,"Parity group"
33.1274131274131,0.0104045816014843,0.110635329426157,1,"1","male",1001,44,"Parity group"
33.3204633204633,0.0110591472472848,0.117595540670389,1,"1","male",1001,44,"Parity group"
33.5135135135135,0.0117684711904476,0.125138014854117,1,"1","male",1001,44,"Parity group"
33.7065637065637,0.0125405558661594,0.133347844495904,1,"1","male",1001,44,"Parity group"
33.8996138996139,0.0133667983262281,0.1421335516254,1,"1","male",1001,44,"Parity group"
34.0926640926641,0.0142489943388512,0.151514231234955,1,"1","male",1001,44,"Parity group"
34.2857142857143,0.0151861031255287,0.161478816385349,1,"1","male",1001,44,"Parity group"
34.4787644787645,0.0161701439722159,0.171942445526044,1,"1","male",1001,44,"Parity group"
34.6718146718147,0.017202528946925,0.182920133639448,1,"1","male",1001,44,"Parity group"
34.8648648648649,0.0182716128500052,0.194288053497427,1,"1","male",1001,44,"Parity group"
35.0579150579151,0.0193718303494967,0.205987027099528,1,"1","male",1001,44,"Parity group"
35.2509652509653,0.020495329160709,0.217933558526668,1,"1","male",1001,44,"Parity group"
35.4440154440154,0.0216318822224878,0.230018900082571,1,"1","male",1001,44,"Parity group"
35.6370656370656,0.0227740654615566,0.242164109160597,1,"1","male",1001,44,"Parity group"
35.8301158301158,0.0239135799829858,0.25428094088848,1,"1","male",1001,44,"Parity group"
36.023166023166,0.0250448269521394,0.266309861020818,1,"1","male",1001,44,"Parity group"
36.2162162162162,0.0261628279315575,0.278197932198907,1,"1","male",1001,44,"Parity group"
36.4092664092664,0.0272675147677365,0.289944429724187,1,"1","male",1001,44,"Parity group"
36.6023166023166,0.0283582164797923,0.301542218836797,1,"1","male",1001,44,"Parity group"
36.7953667953668,0.0294394832577801,0.313039683200302,1,"1","male",1001,44,"Parity group"
36.988416988417,0.030516163699931,0.32448837955029,1,"1","male",1001,44,"Parity group"
37.1814671814672,0.0315954297362266,0.335964569371031,1,"1","male",1001,44,"Parity group"
37.3745173745174,0.0326839630190401,0.347539300864148,1,"1","male",1001,44,"Parity group"
37.5675675675676,0.0337904076135264,0.359304489210148,1,"1","male",1001,44,"Parity group"
37.7606177606178,0.0349204384187932,0.371320477472911,1,"1","male",1001,44,"Parity group"
37.953667953668,0.0360780358757373,0.383629590986291,1,"1","male",1001,44,"Parity group"
38.1467181467181,0.0372691531970094,0.396295132213373,1,"1","male",1001,44,"Parity group"
38.3397683397683,0.0384899712407454,0.409276490965835,1,"1","male",1001,44,"Parity group"
38.5328185328185,0.0397410405092813,0.422579520915608,1,"1","male",1001,44,"Parity group"
38.7258687258687,0.0410153990151346,0.43613019296589,1,"1","male",1001,44,"Parity group"
38.9189189189189,0.0423051898277295,0.449844961796374,1,"1","male",1001,44,"Parity group"
39.1119691119691,0.0436009627262181,0.463623340108609,1,"1","male",1001,44,"Parity group"
39.3050193050193,0.0448908647125075,0.477339291085458,1,"1","male",1001,44,"Parity group"
39.4980694980695,0.0461621988404977,0.490857803933764,1,"1","male",1001,44,"Parity group"
39.6911196911197,0.0474025137833527,0.50404647961058,1,"1","male",1001,44,"Parity group"
39.8841698841699,0.0486037318758239,0.516819425651415,1,"1","male",1001,44,"Parity group"
40.0772200772201,0.0497500546982389,0.529008652277165,1,"1","male",1001,44,"Parity group"
40.2702702702703,0.050843014985047,0.54063045755605,1,"1","male",1001,44,"Parity group"
40.4633204633205,0.0518756721306935,0.551611039752318,1,"1","male",1001,44,"Parity group"
40.6563706563707,0.0528500862096692,0.561972304313844,1,"1","male",1001,44,"Parity group"
40.8494208494209,0.0537749114535583,0.571806274524111,1,"1","male",1001,44,"Parity group"
41.042471042471,0.0546516547059564,0.581128973145398,1,"1","male",1001,44,"Parity group"
41.2355212355212,0.0554976972032047,0.590125220565692,1,"1","male",1001,44,"Parity group"
41.4285714285714,0.0563219031051288,0.598889272304337,1,"1","male",1001,44,"Parity group"
41.6216216216216,0.0571366310197143,0.607552541494324,1,"1","male",1001,44,"Parity group"
41.8146718146718,0.0579514200676452,0.616216460735229,1,"1","male",1001,44,"Parity group"
42.007722007722,0.0587740961319724,0.624964245208837,1,"1","male",1001,44,"Parity group"
42.2007722007722,0.0596067162038636,0.633817767577039,1,"1","male",1001,44,"Parity group"
42.3938223938224,0.060448744146732,0.642771326923623,1,"1","male",1001,44,"Parity group"
42.5868725868726,0.0612946684066211,0.651766317087289,1,"1","male",1001,44,"Parity group"
42.7799227799228,0.0621361829177898,0.660714416946177,1,"1","male",1001,44,"Parity group"
42.972972972973,0.0629600240653569,0.669474590132085,1,"1","male",1001,44,"Parity group"
43.1660231660232,0.0637549304068246,0.677927090032579,1,"1","male",1001,44,"Parity group"
43.3590733590734,0.0645073861052398,0.68592819831942,1,"1","male",1001,44,"Parity group"
43.5521235521236,0.0652012932585586,0.693306740719206,1,"1","male",1001,44,"Parity group"
43.7451737451737,0.0658317379762397,0.700010466221795,1,"1","male",1001,44,"Parity group"
43.9382239382239,0.0663795058878346,0.705835062122867,1,"1","male",1001,44,"Parity group"
44.1312741312741,0.0668438345182803,0.710772420774946,1,"1","male",1001,44,"Parity group"
44.3243243243243,0.0672168113238859,0.714738405505232,1,"1","male",1001,44,"Parity group"
44.5173745173745,0.0674858639330047,0.717599330161594,1,"1","male",1001,44,"Parity group"
44.7104247104247,0.0676567000873416,0.719415887034027,1,"1","male",1001,44,"Parity group"
44.9034749034749,0.0677116323684716,0.72,1,"1","male",1001,44,"Parity group"
45.0965250965251,0.0676546250464969,0.719393822444002,1,"1","male",1001,44,"Parity group"
45.2895752895753,0.0674819082692916,0.717557268291665,1,"1","male",1001,44,"Parity group"
45.4826254826255,0.0671804868413091,0.714352155365626,1,"1","male",1001,44,"Parity group"
45.6756756756757,0.0667635829937142,0.709919079987456,1,"1","male",1001,44,"Parity group"
45.8687258687259,0.0662191866828056,0.704130335422546,1,"1","male",1001,44,"Parity group"
46.0617760617761,0.0655594174325964,0.697114792545576,1,"1","male",1001,44,"Parity group"
46.2548262548263,0.0647929524512154,0.688964718957167,1,"1","male",1001,44,"Parity group"
46.4478764478765,0.0639203208552001,0.679685740927042,1,"1","male",1001,44,"Parity group"
46.6409266409266,0.0629660504320034,0.669538670465607,1,"1","male",1001,44,"Parity group"
46.8339768339768,0.0619356567204652,0.65858215610674,1,"1","male",1001,44,"Parity group"
47.027027027027,0.0608476683634592,0.647013218988498,1,"1","male",1001,44,"Parity group"
47.2200772200772,0.0597163674120087,0.634983724844688,1,"1","male",1001,44,"Parity group"
47.4131274131274,0.0585499448450755,0.622580771041688,1,"1","male",1001,44,"Parity group"
47.6061776061776,0.0573617442805138,0.609946244645559,1,"1","male",1001,44,"Parity group"
47.7992277992278,0.0561558948666781,0.597124052245336,1,"1","male",1001,44,"Parity group"
47.992277992278,0.0549363594137167,0.58415633170134,1,"1","male",1001,44,"Parity group"
48.1853281853282,0.0537043832340568,0.571056324829135,1,"1","male",1001,44,"Parity group"
48.3783783783784,0.0524564209644163,0.557786332617877,1,"1","male",1001,44,"Parity group"
48.5714285714286,0.0511917557640588,0.544338732664854,1,"1","male",1001,44,"Parity group"
48.7644787644788,0.0499056466678094,0.530663112732071,1,"1","male",1001,44,"Parity group"
48.957528957529,0.0485949653816467,0.51672620864295,1,"1","male",1001,44,"Parity group"
49.1505791505791,0.0472596043475877,0.502526876698176,1,"1","male",1001,44,"Parity group"
49.3436293436293,0.0458947792604592,0.488014243811333,1,"1","male",1001,44,"Parity group"
49.5366795366795,0.044505734513029,0.473244075331161,1,"1","male",1001,44,"Parity group"
49.7297297297297,0.043093346435056,0.458225689559472,1,"1","male",1001,44,"Parity group"
49.9227799227799,0.0416623082455271,0.443008991033376,1,"1","male",1001,44,"Parity group"
50.1158301158301,0.0402193176508728,0.427665198662557,1,"1","male",1001,44,"Parity group"
50.3088803088803,0.038770221157462,0.412256480267199,1,"1","male",1001,44,"Parity group"
50.5019305019305,0.0373231667189256,0.396869475711223,1,"1","male",1001,44,"Parity group"
50.6949806949807,0.035885247106958,0.381579604762864,1,"1","male",1001,44,"Parity group"
50.8880308880309,0.0344644745025366,0.366472063570876,1,"1","male",1001,44,"Parity group"
51.0810810810811,0.0330650242964681,0.351591250435459,1,"1","male",1001,44,"Parity group"
51.2741312741313,0.031695704537027,0.337030824223424,1,"1","male",1001,44,"Parity group"
51.4671814671815,0.0303571356682754,0.322797382320022,1,"1","male",1001,44,"Parity group"
51.6602316602317,0.029052755109421,0.308927475931345,1,"1","male",1001,44,"Parity group"
51.8532818532819,0.0277853491844145,0.295450732954026,1,"1","male",1001,44,"Parity group"
52.046332046332,0.026551287251019,0.282328547578112,1,"1","male",1001,44,"Parity group"
52.2393822393822,0.0253539347873582,0.269596706036552,1,"1","male",1001,44,"Parity group"
52.4324324324324,0.024188145921999,0.257200490590276,1,"1","male",1001,44,"Parity group"
52.6254826254826,0.0230526888314274,0.245126802855755,1,"1","male",1001,44,"Parity group"
52.8185328185328,0.021947305868953,0.233372903191211,1,"1","male",1001,44,"Parity group"
53.011583011583,0.0208672726202789,0.221888555349562,1,"1","male",1001,44,"Parity group"
53.2046332046332,0.0198143214188209,0.210692179800318,1,"1","male",1001,44,"Parity group"
53.3976833976834,0.0187854261357625,0.19975159872304,1,"1","male",1001,44,"Parity group"
53.5907335907336,0.0177801470536888,0.189062136458207,1,"1","male",1001,44,"Parity group"
53.7837837837838,0.0168003170170995,0.178643282242654,1,"1","male",1001,44,"Parity group"
53.976833976834,0.0158432671256262,0.16846665678322,1,"1","male",1001,44,"Parity group"
54.1698841698842,0.0149120219654237,0.158564421496717,1,"1","male",1001,44,"Parity group"
54.3629343629344,0.0140056180288459,0.148926331090261,1,"1","male",1001,44,"Parity group"
54.5559845559846,0.0131242672824238,0.139554639473514,1,"1","male",1001,44,"Parity group"
54.7490347490347,0.0122716243165789,0.130488207105326,1,"1","male",1001,44,"Parity group"
54.9420849420849,0.0114454357882227,0.121703073449422,1,"1","male",1001,44,"Parity group"
55.1351351351351,0.0106500164024004,0.11324511818,1,"1","male",1001,44,"Parity group"
55.3281853281853,0.00988593271813,0.105120365704961,1,"1","male",1001,44,"Parity group"
55.5212355212355,0.00915386824189466,0.097336083972966,1,"1","male",1001,44,"Parity group"
55.7142857142857,0.00846024327270754,0.0899605421296229,1,"1","male",1001,44,"Parity group"
55.9073359073359,0.00780232091885547,0.082964637907499,1,"1","male",1001,44,"Parity group"
56.1003861003861,0.00718552183242677,0.0764060108785124,1,"1","male",1001,44,"Parity group"
56.2934362934363,0.00661051788128935,0.070291805234111,1,"1","male",1001,44,"Parity group"
56.4864864864865,0.00607602593684994,0.0646083770470279,1,"1","male",1001,44,"Parity group"
56.6795366795367,0.00558831933667539,0.0594224327736009,1,"1","male",1001,44,"Parity group"
56.8725868725869,0.00514080897977138,0.0546639083413806,1,"1","male",1001,44,"Parity group"
57.0656370656371,0.00473587451068858,0.0503581072915248,1,"1","male",1001,44,"Parity group"
57.2586872586873,0.00437113572955332,0.0464797201779442,1,"1","male",1001,44,"Parity group"
57.4517374517375,0.00404154226745564,0.0429750447712289,1,"1","male",1001,44,"Parity group"
57.6447876447876,0.0037494316996743,0.0398689372761673,1,"1","male",1001,44,"Parity group"
57.8378378378378,0.00348629083725262,0.0370708741618031,1,"1","male",1001,44,"Parity group"
58.030888030888,0.0032511021255434,0.0345700354357604,1,"1","male",1001,44,"Parity group"
58.2239382239382,0.00304041534710789,0.0323297338041578,1,"1","male",1001,44,"Parity group"
58.4169884169884,0.00284940398881198,0.0302986473694864,1,"1","male",1001,44,"Parity group"
58.6100386100386,0.0026777883339733,0.0284738018125008,1,"1","male",1001,44,"Parity group"
58.8030888030888,0.00252059213196472,0.0268022830278071,1,"1","male",1001,44,"Parity group"
58.996138996139,0.00237665310582157,0.025271732143151,1,"1","male",1001,44,"Parity group"
59.1891891891892,0.0022444866684407,0.0238663630568412,1,"1","male",1001,44,"Parity group"
59.3822393822394,0.00212194079945736,0.0225632926303618,1,"1","male",1001,44,"Parity group"
59.5752895752896,0.00200947153351181,0.0213673700296462,1,"1","male",1001,44,"Parity group"
59.7683397683398,0.00190546916252351,0.0202614787006041,1,"1","male",1001,44,"Parity group"
59.96138996139,0.0018100228271709,0.0192465665053123,1,"1","male",1001,44,"Parity group"
60.1544401544402,0.00172342169020838,0.0183257082061991,1,"1","male",1001,44,"Parity group"
60.3474903474903,0.00164479740688037,0.0174896704086149,1,"1","male",1001,44,"Parity group"
60.5405405405405,0.00157516507891572,0.0167492470222501,1,"1","male",1001,44,"Parity group"
60.7335907335907,0.00151351173977968,0.0160936668416338,1,"1","male",1001,44,"Parity group"
60.9266409266409,0.00145966572507551,0.0155211045029203,1,"1","male",1001,44,"Parity group"
61.1196911196911,0.00141349310783074,0.0150301359166761,1,"1","male",1001,44,"Parity group"
61.3127413127413,0.00137345021536962,0.0146043467049331,1,"1","male",1001,44,"Parity group"
61.5057915057915,0.00133921316623366,0.0142402929298927,1,"1","male",1001,44,"Parity group"
61.6988416988417,0.00130906734474668,0.0139197425205846,1,"1","male",1001,44,"Parity group"
61.8918918918919,0.00128178381857098,0.0136296278363069,1,"1","male",1001,44,"Parity group"
62.0849420849421,0.0012560206743898,0.0133556798725434,1,"1","male",1001,44,"Parity group"
62.2779922779923,0.001230309557934,0.0130822851366517,1,"1","male",1001,44,"Parity group"
62.4710424710425,0.00120332614212637,0.0127953616243699,1,"1","male",1001,44,"Parity group"
62.6640926640927,0.00117397078001919,0.0124832164289601,1,"1","male",1001,44,"Parity group"
62.8571428571429,0.00114146867960992,0.0121376109328864,1,"1","male",1001,44,"Parity group"
63.0501930501931,0.00110474947089785,0.0117471635407925,1,"1","male",1001,44,"Parity group"
63.2432432432432,0.0010639427548072,0.0113132523418218,1,"1","male",1001,44,"Parity group"
63.4362934362934,0.00101848480015097,0.0108298829973289,1,"1","male",1001,44,"Parity group"
63.6293436293436,0.000968700144127651,0.0103005064178111,1,"1","male",1001,44,"Parity group"
63.8223938223938,0.000915042808485636,0.00972995036546228,1,"1","male",1001,44,"Parity group"
64.015444015444,0.000857623440714858,0.00911939139134117,1,"1","male",1001,44,"Parity group"
64.2084942084942,0.000797557597467345,0.00848069157529085,1,"1","male",1001,44,"Parity group"
64.4015444015444,0.000735357491782666,0.00781929744659426,1,"1","male",1001,44,"Parity group"
64.5945945945946,0.000671987164166464,0.0071454599642046,1,"1","male",1001,44,"Parity group"
64.7876447876448,0.00060829695754899,0.00646822110345704,1,"1","male",1001,44,"Parity group"
64.980694980695,0.000545265250111836,0.00579798428051667,1,"1","male",1001,44,"Parity group"
65.1737451737452,0.000483652566446076,0.00514283640285299,1,"1","male",1001,44,"Parity group"
65.3667953667954,0.000424369748358307,0.00451246275020024,1,"1","male",1001,44,"Parity group"
65.5598455598456,0.00036818665340977,0.00391504947056142,1,"1","male",1001,44,"Parity group"
65.7528957528958,0.000315431766977628,0.00335408945671263,1,"1","male",1001,44,"Parity group"
65.9459459459459,0.000267236231832218,0.002841610520806,1,"1","male",1001,44,"Parity group"
66.1389961389961,0.000223304742342112,0.00237447258118657,1,"1","male",1001,44,"Parity group"
66.3320463320463,0.000184152465172849,0.00195815357401114,1,"1","male",1001,44,"Parity group"
66.5250965250965,0.000149878894705068,0.00159371145566853,1,"1","male",1001,44,"Parity group"
66.7181467181467,0.0001200179111058,0.00127618982106259,1,"1","male",1001,44,"Parity group"
66.9111969111969,9.50131013073688e-05,0.00101030547556492,1,"1","male",1001,44,"Parity group"
67.1042471042471,7.39464995900124e-05,0.000786297388535557,1,"1","male",1001,44,"Parity group"
67.2972972972973,5.66829666535071e-05,0.000602728579462341,1,"1","male",1001,44,"Parity group"
67.4903474903475,4.28548037182263e-05,0.00045568918659669,1,"1","male",1001,44,"Parity group"
67.6833976833977,3.17561719254777e-05,0.000337673793801348,1,"1","male",1001,44,"Parity group"
67.8764478764479,2.3291228542423e-05,0.000247663273856517,1,"1","male",1001,44,"Parity group"
68.0694980694981,1.67459455493497e-05,0.000178065132589329,1,"1","male",1001,44,"Parity group"
68.2625482625483,1.18364239267744e-05,0.0001258605785916,1,"1","male",1001,44,"Parity group"
68.4555984555984,8.26127997100068e-06,8.78449000720014e-05,1,"1","male",1001,44,"Parity group"
68.6486486486486,5.6279612567629e-06,5.9843958314555e-05,1,"1","male",1001,44,"Parity group"
68.8416988416988,3.80349539078758e-06,4.04438142395484e-05,1,"1","male",1001,44,"Parity group"
69.034749034749,2.5140208341623e-06,2.67324082625378e-05,1,"1","male",1001,44,"Parity group"
69.2277992277992,1.62992459160147e-06,1.73315228846779e-05,1,"1","male",1001,44,"Parity group"
69.4208494208494,1.04684276762468e-06,1.11314225684024e-05,1,"1","male",1001,44,"Parity group"
69.6138996138996,6.5313552589115e-07,6.9450043100806e-06,1,"1","male",1001,44,"Parity group"
69.8069498069498,4.05407988701087e-07,4.31083613929674e-06,1,"1","male",1001,44,"Parity group"
70,2.45725261096424e-07,2.61287731222686e-06,1,"1","male",1001,44,"Parity group"
20,0.000116044629388284,0.00120296262814616,2,"2","male",796,46.35,"Parity group"
20.1930501930502,0.000140268015106009,0.00145407142912386,2,"2","male",796,46.35,"Parity group"
20.3861003861004,0.000166913201899674,0.00173028553831372,2,"2","male",796,46.35,"Parity group"
20.5791505791506,0.000195628414894648,0.00202795832398508,2,"2","male",796,46.35,"Parity group"
20.7722007722008,0.000226096847014048,0.00234380564385724,2,"2","male",796,46.35,"Parity group"
20.965250965251,0.000257612086556215,0.00267050456638513,2,"2","male",796,46.35,"Parity group"
21.1583011583012,0.000289710269414369,0.00300324650035747,2,"2","male",796,46.35,"Parity group"
21.3513513513514,0.000321773247303079,0.00333562348626811,2,"2","male",796,46.35,"Parity group"
21.5444015444015,0.00035336362364236,0.00366310130532403,2,"2","male",796,46.35,"Parity group"
21.7374517374517,0.000384078389414447,0.00398150221324071,2,"2","male",796,46.35,"Parity group"
21.9305019305019,0.000413886113753614,0.00429050038574658,2,"2","male",796,46.35,"Parity group"
22.1235521235521,0.000442765290458564,0.00458987288140463,2,"2","male",796,46.35,"Parity group"
22.3166023166023,0.000471179839754379,0.00488442887316976,2,"2","male",796,46.35,"Parity group"
22.5096525096525,0.000499693314992397,0.00518001036876088,2,"2","male",796,46.35,"Parity group"
22.7027027027027,0.00052924810186087,0.00548638649554085,2,"2","male",796,46.35,"Parity group"
22.8957528957529,0.000560671589677102,0.00581213428488877,2,"2","male",796,46.35,"Parity group"
23.0888030888031,0.000595530921858159,0.00617349933966982,2,"2","male",796,46.35,"Parity group"
23.2818532818533,0.000634579485332397,0.0065782915544403,2,"2","male",796,46.35,"Parity group"
23.4749034749035,0.000679130829333477,0.00704012767860646,2,"2","male",796,46.35,"Parity group"
23.6679536679537,0.000730313139163832,0.00757070290878019,2,"2","male",796,46.35,"Parity group"
23.8610038610039,0.000788208723118023,0.00817087048395125,2,"2","male",796,46.35,"Parity group"
24.0540540540541,0.000854461404927377,0.00885767090419681,2,"2","male",796,46.35,"Parity group"
24.2471042471042,0.000927952419062768,0.00961950662184668,2,"2","male",796,46.35,"Parity group"
24.4401544401544,0.00100907467594438,0.0104604506952939,2,"2","male",796,46.35,"Parity group"
24.6332046332046,0.00109708947632766,0.0113728454880814,2,"2","male",796,46.35,"Parity group"
24.8262548262548,0.00119074863349643,0.0123437518234424,2,"2","male",796,46.35,"Parity group"
25.019305019305,0.00128953444462967,0.0133678029976399,2,"2","male",796,46.35,"Parity group"
25.2123552123552,0.00139146040759527,0.0144244061763632,2,"2","male",796,46.35,"Parity group"
25.4054054054054,0.00149548126159166,0.0155027257898183,2,"2","male",796,46.35,"Parity group"
25.5984555984556,0.00160010736604067,0.0165873196589541,2,"2","male",796,46.35,"Parity group"
25.7915057915058,0.00170426065195608,0.017667012111895,2,"2","male",796,46.35,"Parity group"
25.984555984556,0.00180685424810575,0.0187305362293467,2,"2","male",796,46.35,"Parity group"
26.1776061776062,0.00190755042819381,0.0197743910124724,2,"2","male",796,46.35,"Parity group"
26.3706563706564,0.00200594365473009,0.0207943725058841,2,"2","male",796,46.35,"Parity group"
26.5637065637066,0.00210240446865145,0.0217943218774288,2,"2","male",796,46.35,"Parity group"
26.7567567567568,0.00219750524394631,0.022780172572894,2,"2","male",796,46.35,"Parity group"
26.9498069498069,0.00229216063532234,0.0237614062497833,2,"2","male",796,46.35,"Parity group"
27.1428571428571,0.00238750285556062,0.0247497598550791,2,"2","male",796,46.35,"Parity group"
27.3359073359073,0.00248498870800828,0.0257603351646449,2,"2","male",796,46.35,"Parity group"
27.5289575289575,0.00258581438224332,0.0268055323331976,2,"2","male",796,46.35,"Parity group"
27.7220077220077,0.00269118942509041,0.0278978899817382,2,"2","male",796,46.35,"Parity group"
27.9150579150579,0.00280264485853141,0.0290532792646385,2,"2","male",796,46.35,"Parity group"
28.1081081081081,0.00292038986528342,0.0302738686492584,2,"2","male",796,46.35,"Parity group"
28.3011583011583,0.00304613243364791,0.031577363789938,2,"2","male",796,46.35,"Parity group"
28.4942084942085,0.0031795956502571,0.0329608940977114,2,"2","male",796,46.35,"Parity group"
28.6872586872587,0.00332147610681367,0.0344316807062911,2,"2","male",796,46.35,"Parity group"
28.8803088803089,0.00347247447850898,0.035996987080381,2,"2","male",796,46.35,"Parity group"
29.0733590733591,0.00363206931671746,0.0376514076858141,2,"2","male",796,46.35,"Parity group"
29.2664092664093,0.00380216442753582,0.0394146780984432,2,"2","male",796,46.35,"Parity group"
29.4594594594595,0.00398207291539836,0.0412796776983883,2,"2","male",796,46.35,"Parity group"
29.6525096525097,0.00417323656371711,0.0432613525591704,2,"2","male",796,46.35,"Parity group"
29.8455598455598,0.00437686597482509,0.0453722522435899,2,"2","male",796,46.35,"Parity group"
30.03861003861,0.00459293635928342,0.0476121197749243,2,"2","male",796,46.35,"Parity group"
30.2316602316602,0.00482491242712721,0.0500168716510895,2,"2","male",796,46.35,"Parity group"
30.4247104247104,0.00507158837684417,0.0525740080764133,2,"2","male",796,46.35,"Parity group"
30.6177606177606,0.00533524614064816,0.0553071844254499,2,"2","male",796,46.35,"Parity group"
30.8108108108108,0.00561631823018605,0.0582208842779238,2,"2","male",796,46.35,"Parity group"
31.003861003861,0.0059139856204908,0.0613066173104822,2,"2","male",796,46.35,"Parity group"
31.1969111969112,0.00623026355561032,0.0645852743070328,2,"2","male",796,46.35,"Parity group"
31.3899613899614,0.00656187432231146,0.0680228772494111,2,"2","male",796,46.35,"Parity group"
31.5830115830116,0.00690918934606797,0.0716232764749092,2,"2","male",796,46.35,"Parity group"
31.7760617760618,0.00726981911186516,0.0753617013648672,2,"2","male",796,46.35,"Parity group"
31.969111969112,0.00764154254791897,0.0792151274470222,2,"2","male",796,46.35,"Parity group"
32.1621621621622,0.00802322286405995,0.0831717703234479,2,"2","male",796,46.35,"Parity group"
32.3552123552124,0.00841166188216547,0.0871984764670922,2,"2","male",796,46.35,"Parity group"
32.5482625482625,0.00880574862237513,0.0912837290394791,2,"2","male",796,46.35,"Parity group"
32.7413127413127,0.00920351618361191,0.0954071383982666,2,"2","male",796,46.35,"Parity group"
32.9343629343629,0.00960391762698049,0.0995578515779049,2,"2","male",796,46.35,"Parity group"
33.1274131274131,0.0100064858801863,0.103731026729892,2,"2","male",796,46.35,"Parity group"
33.3204633204633,0.0104108955898851,0.107923291118098,2,"2","male",796,46.35,"Parity group"
33.5135135135135,0.01081784988889,0.112141933683866,2,"2","male",796,46.35,"Parity group"
33.7065637065637,0.0112280685955316,0.116394416336943,2,"2","male",796,46.35,"Parity group"
33.8996138996139,0.0116428287035583,0.120693976878711,2,"2","male",796,46.35,"Parity group"
34.0926640926641,0.0120642184075823,0.125062262326289,2,"2","male",796,46.35,"Parity group"
34.2857142857143,0.0124932550746816,0.129509819092557,2,"2","male",796,46.35,"Parity group"
34.4787644787645,0.0129332375359847,0.134070844111788,2,"2","male",796,46.35,"Parity group"
34.6718146718147,0.0133849798847063,0.138753776582922,2,"2","male",796,46.35,"Parity group"
34.8648648648649,0.0138506901828817,0.143581506114232,2,"2","male",796,46.35,"Parity group"
35.0579150579151,0.0143324228020596,0.148575329100137,2,"2","male",796,46.35,"Parity group"
35.2509652509653,0.014829556379626,0.15372880426018,2,"2","male",796,46.35,"Parity group"
35.4440154440154,0.0153449175825285,0.159071233895711,2,"2","male",796,46.35,"Parity group"
35.6370656370656,0.0158756513863177,0.164573021740765,2,"2","male",796,46.35,"Parity group"
35.8301158301158,0.0164216015689619,0.170232548338529,2,"2","male",796,46.35,"Parity group"
36.023166023166,0.0169805960892459,0.176027297486205,2,"2","male",796,46.35,"Parity group"
36.2162162162162,0.0175492253857073,0.181921924376892,2,"2","male",796,46.35,"Parity group"
36.4092664092664,0.0181255856800121,0.187896693722538,2,"2","male",796,46.35,"Parity group"
36.6023166023166,0.0187056702374073,0.193910070191485,2,"2","male",796,46.35,"Parity group"
36.7953667953668,0.0192874918687213,0.199941453827309,2,"2","male",796,46.35,"Parity group"
36.988416988417,0.0198695484485753,0.205975273028784,2,"2","male",796,46.35,"Parity group"
37.1814671814672,0.0204519207686855,0.21201236531347,2,"2","male",796,46.35,"Parity group"
37.3745173745174,0.0210368864004125,0.218076340849666,2,"2","male",796,46.35,"Parity group"
37.5675675675676,0.0216279412490538,0.224203439517206,2,"2","male",796,46.35,"Parity group"
37.7606177606178,0.0222316893893049,0.230462121658407,2,"2","male",796,46.35,"Parity group"
37.953667953668,0.0228555427474669,0.236929222111642,2,"2","male",796,46.35,"Parity group"
38.1467181467181,0.0235066013212024,0.24367834214474,2,"2","male",796,46.35,"Parity group"
38.3397683397683,0.0241976360214776,0.250841869863044,2,"2","male",796,46.35,"Parity group"
38.5328185328185,0.0249312437772925,0.258446726017228,2,"2","male",796,46.35,"Parity group"
38.7258687258687,0.0257191822686634,0.266614795176427,2,"2","male",796,46.35,"Parity group"
38.9189189189189,0.026561807520878,0.275349768033764,2,"2","male",796,46.35,"Parity group"
39.1119691119691,0.0274594878326336,0.284655462513181,2,"2","male",796,46.35,"Parity group"
39.3050193050193,0.0284134421428283,0.294544514597474,2,"2","male",796,46.35,"Parity group"
39.4980694980695,0.0294114563480262,0.304890308259281,2,"2","male",796,46.35,"Parity group"
39.6911196911197,0.0304495120561446,0.315651187322645,2,"2","male",796,46.35,"Parity group"
39.8841698841699,0.031511928406312,0.326664598038159,2,"2","male",796,46.35,"Parity group"
40.0772200772201,0.0325870693634826,0.337809916854578,2,"2","male",796,46.35,"Parity group"
40.2702702702703,0.0336608969343899,0.348941620611002,2,"2","male",796,46.35,"Parity group"
40.4633204633205,0.0347224552078766,0.359946136178293,2,"2","male",796,46.35,"Parity group"
40.6563706563707,0.0357589065800998,0.370690384087462,2,"2","male",796,46.35,"Parity group"
40.8494208494209,0.0367661299708372,0.38113164365836,2,"2","male",796,46.35,"Parity group"
41.042471042471,0.0377398034113949,0.391225111724774,2,"2","male",796,46.35,"Parity group"
41.2355212355212,0.0386800521103431,0.400972086246215,2,"2","male",796,46.35,"Parity group"
41.4285714285714,0.0395943500566066,0.410450045425744,2,"2","male",796,46.35,"Parity group"
41.6216216216216,0.0404883178410791,0.41971725443969,2,"2","male",796,46.35,"Parity group"
41.8146718146718,0.0413765292187413,0.428924790358019,2,"2","male",796,46.35,"Parity group"
42.007722007722,0.0422722269738443,0.438209932903462,2,"2","male",796,46.35,"Parity group"
42.2007722007722,0.0431925589072346,0.447750442681417,2,"2","male",796,46.35,"Parity group"
42.3938223938224,0.044150164328468,0.457677343567105,2,"2","male",796,46.35,"Parity group"
42.5868725868726,0.0451692411056043,0.468241479835788,2,"2","male",796,46.35,"Parity group"
42.7799227799228,0.0462551816005617,0.479498750755696,2,"2","male",796,46.35,"Parity group"
42.972972972973,0.047426345129428,0.491639475958583,2,"2","male",796,46.35,"Parity group"
43.1660231660232,0.0486902515791654,0.504741609443965,2,"2","male",796,46.35,"Parity group"
43.3590733590734,0.0500464253843877,0.518800221320732,2,"2","male",796,46.35,"Parity group"
43.5521235521236,0.0515064985311801,0.533935893167071,2,"2","male",796,46.35,"Parity group"
43.7451737451737,0.0530508589246538,0.54994531857117,2,"2","male",796,46.35,"Parity group"
43.9382239382239,0.0546764551200111,0.566796865099258,2,"2","male",796,46.35,"Parity group"
44.1312741312741,0.0563596518549891,0.584245520661086,2,"2","male",796,46.35,"Parity group"
44.3243243243243,0.0580763530740556,0.602041496408658,2,"2","male",796,46.35,"Parity group"
44.5173745173745,0.0597953763320667,0.619861543292363,2,"2","male",796,46.35,"Parity group"
44.7104247104247,0.0614832903119214,0.637359099603192,2,"2","male",796,46.35,"Parity group"
44.9034749034749,0.0630964377239226,0.654081597322885,2,"2","male",796,46.35,"Parity group"
45.0965250965251,0.0645989780872941,0.669657500438308,2,"2","male",796,46.35,"Parity group"
45.2895752895753,0.0659556724000655,0.683721508093687,2,"2","male",796,46.35,"Parity group"
45.4826254826255,0.0671162648943571,0.69575264994402,2,"2","male",796,46.35,"Parity group"
45.6756756756757,0.0680753336206087,0.705694720004359,2,"2","male",796,46.35,"Parity group"
45.8687258687259,0.0687813654131482,0.713013713267426,2,"2","male",796,46.35,"Parity group"
46.0617760617761,0.0692445123521413,0.717814870045521,2,"2","male",796,46.35,"Parity group"
46.2548262548263,0.0694553024380507,0.72,2,"2","male",796,46.35,"Parity group"
46.4478764478765,0.0694084993078852,0.719514821006658,2,"2","male",796,46.35,"Parity group"
46.6409266409266,0.0691441396969248,0.716774369043883,2,"2","male",796,46.35,"Parity group"
46.8339768339768,0.0686553584326493,0.711707477130306,2,"2","male",796,46.35,"Parity group"
47.027027027027,0.0679985112805065,0.704898350498619,2,"2","male",796,46.35,"Parity group"
47.2200772200772,0.0671972135678302,0.696591794586037,2,"2","male",796,46.35,"Parity group"
47.4131274131274,0.0662880684717637,0.687167251805424,2,"2","male",796,46.35,"Parity group"
47.6061776061776,0.0653128939375839,0.677058222833364,2,"2","male",796,46.35,"Parity group"
47.7992277992278,0.0642992675687604,0.666550587563848,2,"2","male",796,46.35,"Parity group"
47.992277992278,0.063281840207635,0.656003549766933,2,"2","male",796,46.35,"Parity group"
48.1853281853282,0.0622833993252784,0.645653333007919,2,"2","male",796,46.35,"Parity group"
48.3783783783784,0.0613232197947898,0.635699747929682,2,"2","male",796,46.35,"Parity group"
48.5714285714286,0.0604084907287795,0.626217319599392,2,"2","male",796,46.35,"Parity group"
48.7644787644788,0.059551316502589,0.617331526561378,2,"2","male",796,46.35,"Parity group"
48.957528957529,0.0587418423851159,0.608940210936478,2,"2","male",796,46.35,"Parity group"
49.1505791505791,0.0579779304145614,0.601021209802045,2,"2","male",796,46.35,"Parity group"
49.3436293436293,0.0572466392355813,0.593440368161692,2,"2","male",796,46.35,"Parity group"
49.5366795366795,0.0565342820369086,0.586055803340284,2,"2","male",796,46.35,"Parity group"
49.7297297297297,0.0558264852356304,0.578718513327403,2,"2","male",796,46.35,"Parity group"
49.9227799227799,0.0551088126456301,0.571278847144089,2,"2","male",796,46.35,"Parity group"
50.1158301158301,0.0543668904760081,0.563587800623856,2,"2","male",796,46.35,"Parity group"
50.3088803088803,0.0535905515863625,0.555539977334291,2,"2","male",796,46.35,"Parity group"
50.5019305019305,0.0527732562040513,0.547067583512539,2,"2","male",796,46.35,"Parity group"
50.6949806949807,0.0519052789761564,0.538069802462751,2,"2","male",796,46.35,"Parity group"
50.8880308880309,0.0509905712211942,0.528587595050866,2,"2","male",796,46.35,"Parity group"
51.0810810810811,0.0500231719285871,0.518559167181037,2,"2","male",796,46.35,"Parity group"
51.2741312741313,0.0490086101666372,0.508041835271707,2,"2","male",796,46.35,"Parity group"
51.4671814671815,0.0479489326019937,0.497056815845382,2,"2","male",796,46.35,"Parity group"
51.6602316602317,0.0468438987674774,0.485601616128104,2,"2","male",796,46.35,"Parity group"
51.8532818532819,0.0457006665656383,0.473750437651726,2,"2","male",796,46.35,"Parity group"
52.046332046332,0.0445159022596325,0.461468721636092,2,"2","male",796,46.35,"Parity group"
52.2393822393822,0.0432950921754589,0.44881334141672,2,"2","male",796,46.35,"Parity group"
52.4324324324324,0.0420382873651284,0.435784826218114,2,"2","male",796,46.35,"Parity group"
52.6254826254826,0.0407455171345573,0.422383479836512,2,"2","male",796,46.35,"Parity group"
52.8185328185328,0.0394222861900495,0.408666366144647,2,"2","male",796,46.35,"Parity group"
53.011583011583,0.0380675808123768,0.394622976544633,2,"2","male",796,46.35,"Parity group"
53.2046332046332,0.0366899637147764,0.380342075368556,2,"2","male",796,46.35,"Parity group"
53.3976833976834,0.0352940837407518,0.365871854290848,2,"2","male",796,46.35,"Parity group"
53.5907335907336,0.0338879745663714,0.351295593443711,2,"2","male",796,46.35,"Parity group"
53.7837837837838,0.032480188405492,0.336701948318672,2,"2","male",796,46.35,"Parity group"
53.976833976834,0.0310808369551064,0.322195740600746,2,"2","male",796,46.35,"Parity group"
54.1698841698842,0.0296975430163241,0.307855991136527,2,"2","male",796,46.35,"Parity group"
54.3629343629344,0.0283394837607148,0.293777833966154,2,"2","male",796,46.35,"Parity group"
54.5559845559846,0.0270139274686287,0.280036614839605,2,"2","male",796,46.35,"Parity group"
54.7490347490347,0.0257234062057454,0.266658582109782,2,"2","male",796,46.35,"Parity group"
54.9420849420849,0.0244772293146483,0.25374023995167,2,"2","male",796,46.35,"Parity group"
55.1351351351351,0.0232710820581923,0.24123686016403,2,"2","male",796,46.35,"Parity group"
55.3281853281853,0.0221096003028573,0.229196499896546,2,"2","male",796,46.35,"Parity group"
55.5212355212355,0.0209910125844999,0.217600795480232,2,"2","male",796,46.35,"Parity group"
55.7142857142857,0.019912721807778,0.206422824440048,2,"2","male",796,46.35,"Parity group"
55.9073359073359,0.0188785462279073,0.195702168257303,2,"2","male",796,46.35,"Parity group"
56.1003861003861,0.0178821847050019,0.185373506926777,2,"2","male",796,46.35,"Parity group"
56.2934362934363,0.016927820580344,0.175480206550372,2,"2","male",796,46.35,"Parity group"
56.4864864864865,0.0160134761343503,0.166001765337008,2,"2","male",796,46.35,"Parity group"
56.6795366795367,0.0151390681804455,0.156937320943104,2,"2","male",796,46.35,"Parity group"
56.8725868725869,0.014309207366106,0.148334669088592,2,"2","male",796,46.35,"Parity group"
57.0656370656371,0.0135191762402605,0.140144906886979,2,"2","male",796,46.35,"Parity group"
57.2586872586873,0.0127742015405075,0.132422216682001,2,"2","male",796,46.35,"Parity group"
57.4517374517375,0.0120700162639582,0.125122365103819,2,"2","male",796,46.35,"Parity group"
57.6447876447876,0.0114054026826149,0.118232728722291,2,"2","male",796,46.35,"Parity group"
57.8378378378378,0.010779975903122,0.111749317586957,2,"2","male",796,46.35,"Parity group"
58.030888030888,0.0101862147569416,0.105594164412996,2,"2","male",796,46.35,"Parity group"
58.2239382239382,0.00962404334910994,0.0997664824444414,2,"2","male",796,46.35,"Parity group"
58.4169884169884,0.00908563326922484,0.0941851194108122,2,"2","male",796,46.35,"Parity group"
58.6100386100386,0.00856764412400394,0.0888154475287886,2,"2","male",796,46.35,"Parity group"
58.8030888030888,0.0080665354348062,0.0836207648543566,2,"2","male",796,46.35,"Parity group"
58.996138996139,0.00757789917146277,0.0785553760754212,2,"2","male",796,46.35,"Parity group"
59.1891891891892,0.00710152450853174,0.0736170956955141,2,"2","male",796,46.35,"Parity group"
59.3822393822394,0.006635270103982,0.0687837257512217,2,"2","male",796,46.35,"Parity group"
59.5752895752896,0.00618037234564804,0.0640680831076297,2,"2","male",796,46.35,"Parity group"
59.7683397683398,0.00573890853567906,0.0594917018664542,2,"2","male",796,46.35,"Parity group"
59.96138996139,0.00531203186474761,0.0550665364394548,2,"2","male",796,46.35,"Parity group"
60.1544401544402,0.00490580107288403,0.0508553940230403,2,"2","male",796,46.35,"Parity group"
60.3474903474903,0.00452041799639694,0.0468603669289147,2,"2","male",796,46.35,"Parity group"
60.5405405405405,0.00416059192179158,0.0431302734065816,2,"2","male",796,46.35,"Parity group"
60.7335907335907,0.00382856173837875,0.0396883226315422,2,"2","male",796,46.35,"Parity group"
60.9266409266409,0.00352386775017235,0.0365297492209048,2,"2","male",796,46.35,"Parity group"
61.1196911196911,0.0032508964125817,0.0337000248346268,2,"2","male",796,46.35,"Parity group"
61.3127413127413,0.00300457297209461,0.0311465426536386,2,"2","male",796,46.35,"Parity group"
61.5057915057915,0.00278590692674295,0.0288797675173037,2,"2","male",796,46.35,"Parity group"
61.6988416988417,0.00259110322693225,0.0268603585025809,2,"2","male",796,46.35,"Parity group"
61.8918918918919,0.0024162694076498,0.0250479648412669,2,"2","male",796,46.35,"Parity group"
62.0849420849421,0.00225955232513537,0.0234233761424986,2,"2","male",796,46.35,"Parity group"
62.2779922779923,0.0021150814825227,0.0219257366098812,2,"2","male",796,46.35,"Parity group"
62.4710424710425,0.00198065162547045,0.02053218574076,2,"2","male",796,46.35,"Parity group"
62.6640926640927,0.00185237073505269,0.0192023773912368,2,"2","male",796,46.35,"Parity group"
62.8571428571429,0.00172782159412557,0.0179112537718772,2,"2","male",796,46.35,"Parity group"
63.0501930501931,0.00160522860220956,0.0166404083348675,2,"2","male",796,46.35,"Parity group"
63.2432432432432,0.00148330515543815,0.0153765036566939,2,"2","male",796,46.35,"Parity group"
63.4362934362934,0.00136167584418147,0.0141156480987915,2,"2","male",796,46.35,"Parity group"
63.6293436293436,0.00124050387714851,0.0128595335445205,2,"2","male",796,46.35,"Parity group"
63.8223938223938,0.00112042136847962,0.0116147127287345,2,"2","male",796,46.35,"Parity group"
64.015444015444,0.00100264178305884,0.0103937648885231,2,"2","male",796,46.35,"Parity group"
64.2084942084942,0.000888052656665375,0.00920589055629508,2,"2","male",796,46.35,"Parity group"
64.4015444015444,0.000778531832189175,0.00807055616345737,2,"2","male",796,46.35,"Parity group"
64.5945945945946,0.000674813516795013,0.00699537277986469,2,"2","male",796,46.35,"Parity group"
64.7876447876448,0.000578138900201547,0.00599320704875468,2,"2","male",796,46.35,"Parity group"
64.980694980695,0.000489700854212462,0.00507642473153801,2,"2","male",796,46.35,"Parity group"
65.1737451737452,0.000409238961506942,0.00424232624352629,2,"2","male",796,46.35,"Parity group"
65.3667953667954,0.000338345774142564,0.00350742058318627,2,"2","male",796,46.35,"Parity group"
65.5598455598456,0.000275819891869332,0.00285925357999914,2,"2","male",796,46.35,"Parity group"
65.7528957528958,0.000221984827616737,0.00230117889165636,2,"2","male",796,46.35,"Parity group"
65.9459459459459,0.00017643830867282,0.00182902640669857,2,"2","male",796,46.35,"Parity group"
66.1389961389961,0.00013795296928628,0.00143007278637529,2,"2","male",796,46.35,"Parity group"
66.3320463320463,0.000106885494332276,0.00110801556134435,2,"2","male",796,46.35,"Parity group"
66.5250965250965,8.13825124532507e-05,0.000843641981382249,2,"2","male",796,46.35,"Parity group"
66.7181467181467,6.11845682185914e-05,0.000634262433119169,2,"2","male",796,46.35,"Parity group"
66.9111969111969,4.53688543503261e-05,0.000470310746416664,2,"2","male",796,46.35,"Parity group"
67.1042471042471,3.3018751332177e-05,0.000342284895820182,2,"2","male",796,46.35,"Parity group"
67.2972972972973,2.3852146419123e-05,0.000247260393647931,2,"2","male",796,46.35,"Parity group"
67.4903474903475,1.68695984003003e-05,0.000174876653356303,2,"2","male",796,46.35,"Parity group"
67.6833976833977,1.18014625376819e-05,0.000122338435351423,2,"2","male",796,46.35,"Parity group"
67.8764478764479,8.12527541289597e-06,8.42296857393007e-05,2,"2","male",796,46.35,"Parity group"
68.0694980694981,5.4827985433431e-06,5.68367685782958e-05,2,"2","male",796,46.35,"Parity group"
68.2625482625483,3.67822250730864e-06,3.81298491590953e-05,2,"2","male",796,46.35,"Parity group"
68.4555984555984,2.40536269999945e-06,2.49349017743361e-05,2,"2","male",796,46.35,"Parity group"
68.6486486486486,1.56184592955543e-06,1.61906871010015e-05,2,"2","male",796,46.35,"Parity group"
68.8416988416988,9.94558738041428e-07,1.03099729790756e-05,2,"2","male",796,46.35,"Parity group"
69.034749034749,6.20660274417066e-07,6.43399973643292e-06,2,"2","male",796,46.35,"Parity group"
69.2277992277992,3.85474619657278e-07,3.99597606533767e-06,2,"2","male",796,46.35,"Parity group"
69.4208494208494,2.32203152366265e-07,2.40710592042745e-06,2,"2","male",796,46.35,"Parity group"
69.6138996138996,1.39772376938485e-07,1.44893345595132e-06,2,"2","male",796,46.35,"Parity group"
69.8069498069498,8.20602330573782e-08,8.50667490131664e-07,2,"2","male",796,46.35,"Parity group"
70,4.73017376844585e-08,4.90347747937413e-07,2,"2","male",796,46.35,"Parity group"
20,0.000123265473845556,0.00126820382388909,3,"3","male",701,47.8,"Parity group"
20.1930501930502,0.00014922948830356,0.00153533184759188,3,"3","male",701,47.8,"Parity group"
20.3861003861004,0.000177798762429376,0.00182926381054764,3,"3","male",701,47.8,"Parity group"
20.5791505791506,0.000208876302853386,0.00214900180670526,3,"3","male",701,47.8,"Parity group"
20.7722007722008,0.000241946058602692,0.00248923650007037,3,"3","male",701,47.8,"Parity group"
20.965250965251,0.000276375312369667,0.00284345824537135,3,"3","male",701,47.8,"Parity group"
21.1583011583012,0.000311592535145668,0.00320578692669568,3,"3","male",701,47.8,"Parity group"
21.3513513513514,0.00034681237858016,0.00356814257038843,3,"3","male",701,47.8,"Parity group"
21.5444015444015,0.000381310790060985,0.00392307583753262,3,"3","male",701,47.8,"Parity group"
21.7374517374517,0.000414436524566218,0.00426388646242267,3,"3","male",701,47.8,"Parity group"
21.9305019305019,0.000445679045247002,0.00458532184054767,3,"3","male",701,47.8,"Parity group"
22.1235521235521,0.000474412418151739,0.00488094211647892,3,"3","male",701,47.8,"Parity group"
22.3166023166023,0.000500684522004679,0.00515123988541992,3,"3","male",701,47.8,"Parity group"
22.5096525096525,0.000524047348861689,0.00539160586489964,3,"3","male",701,47.8,"Parity group"
22.7027027027027,0.000544932766265589,0.00560648327857293,3,"3","male",701,47.8,"Parity group"
22.8957528957529,0.000563507455602338,0.00579758701029535,3,"3","male",701,47.8,"Parity group"
23.0888030888031,0.000580229344029733,0.00596962839532129,3,"3","male",701,47.8,"Parity group"
23.2818532818533,0.000595804056072325,0.00612986717713245,3,"3","male",701,47.8,"Parity group"
23.4749034749035,0.00061087880976958,0.00628496219025022,3,"3","male",701,47.8,"Parity group"
23.6679536679537,0.000626346054389909,0.00644409530482459,3,"3","male",701,47.8,"Parity group"
23.8610038610039,0.000643147107277964,0.00661695116505266,3,"3","male",701,47.8,"Parity group"
24.0540540540541,0.000662294493030169,0.00681394702342944,3,"3","male",701,47.8,"Parity group"
24.2471042471042,0.000684629874382457,0.00704374223822319,3,"3","male",701,47.8,"Parity group"
24.4401544401544,0.000711709666229461,0.00732234981988487,3,"3","male",701,47.8,"Parity group"
24.6332046332046,0.000743919123634411,0.00765373342449041,3,"3","male",701,47.8,"Parity group"
24.8262548262548,0.000782994243639551,0.00805575367447163,3,"3","male",701,47.8,"Parity group"
25.019305019305,0.000829356937962533,0.00853275136402641,3,"3","male",701,47.8,"Parity group"
25.2123552123552,0.000883844762308437,0.00909334359666937,3,"3","male",701,47.8,"Parity group"
25.4054054054054,0.000947585781777781,0.00974913635118305,3,"3","male",701,47.8,"Parity group"
25.5984555984556,0.00101995076535059,0.0104936558505985,3,"3","male",701,47.8,"Parity group"
25.7915057915058,0.00110246978789279,0.0113426441087602,3,"3","male",701,47.8,"Parity group"
25.984555984556,0.00119374596641802,0.0122817294424256,3,"3","male",701,47.8,"Parity group"
26.1776061776062,0.00129405643361415,0.0133137631020181,3,"3","male",701,47.8,"Parity group"
26.3706563706564,0.00140285656246707,0.0144331417499579,3,"3","male",701,47.8,"Parity group"
26.5637065637066,0.00151900013065016,0.0156280725987572,3,"3","male",701,47.8,"Parity group"
26.7567567567568,0.00164286733709272,0.0169024672849913,3,"3","male",701,47.8,"Parity group"
26.9498069498069,0.00177286558087314,0.0182399405020883,3,"3","male",701,47.8,"Parity group"
27.1428571428571,0.00190934207060513,0.0196440644692417,3,"3","male",701,47.8,"Parity group"
27.3359073359073,0.00205184213762554,0.0211101613758757,3,"3","male",701,47.8,"Parity group"
27.5289575289575,0.00220035291394028,0.0226380988309904,3,"3","male",701,47.8,"Parity group"
27.7220077220077,0.00235578158946319,0.0242372103623114,3,"3","male",701,47.8,"Parity group"
27.9150579150579,0.00251774733031299,0.0259035778006267,3,"3","male",701,47.8,"Parity group"
28.1081081081081,0.00268774568776737,0.0276525879674852,3,"3","male",701,47.8,"Parity group"
28.3011583011583,0.00286543888068746,0.0294807656372736,3,"3","male",701,47.8,"Parity group"
28.4942084942085,0.00305129241421831,0.0313929001105684,3,"3","male",701,47.8,"Parity group"
28.6872586872587,0.00324541098282884,0.0333900685253689,3,"3","male",701,47.8,"Parity group"
28.8803088803089,0.00344644239459806,0.0354583589977438,3,"3","male",701,47.8,"Parity group"
29.0733590733591,0.00365423402963788,0.0375962013140752,3,"3","male",701,47.8,"Parity group"
29.2664092664093,0.00386609706891029,0.0397759318433447,3,"3","male",701,47.8,"Parity group"
29.4594594594595,0.00408020117888704,0.0419787193921363,3,"3","male",701,47.8,"Parity group"
29.6525096525097,0.00429360002498882,0.0441742509079514,3,"3","male",701,47.8,"Parity group"
29.8455598455598,0.00450362627800804,0.046335083855625,3,"3","male",701,47.8,"Parity group"
30.03861003861,0.00470630809746244,0.0484203543733607,3,"3","male",701,47.8,"Parity group"
30.2316602316602,0.00489973568562392,0.0504104137087054,3,"3","male",701,47.8,"Parity group"
30.4247104247104,0.00507990973921364,0.0522641154517773,3,"3","male",701,47.8,"Parity group"
30.6177606177606,0.0052453665790443,0.053966400693667,3,"3","male",701,47.8,"Parity group"
30.8108108108108,0.00539458222069041,0.0555015900813845,3,"3","male",701,47.8,"Parity group"
31.003861003861,0.0055255345664387,0.0568488794759258,3,"3","male",701,47.8,"Parity group"
31.1969111969112,0.00564029064273685,0.058029535260839,3,"3","male",701,47.8,"Parity group"
31.3899613899614,0.00573744347823115,0.0590290819597785,3,"3","male",701,47.8,"Parity group"
31.5830115830116,0.0058209853143365,0.0598885933273839,3,"3","male",701,47.8,"Parity group"
31.7760617760618,0.00589284052379308,0.0606278680695827,3,"3","male",701,47.8,"Parity group"
31.969111969112,0.00595685345428592,0.0612864583519767,3,"3","male",701,47.8,"Parity group"
32.1621621621622,0.00601755658274894,0.061910996085351,3,"3","male",701,47.8,"Parity group"
32.3552123552124,0.00608015541622201,0.0625550375797359,3,"3","male",701,47.8,"Parity group"
32.5482625482625,0.0061496854686878,0.0632703901895251,3,"3","male",701,47.8,"Parity group"
32.7413127413127,0.00623262344496909,0.0641236888090343,3,"3","male",701,47.8,"Parity group"
32.9343629343629,0.00633475052156831,0.065174412462829,3,"3","male",701,47.8,"Parity group"
33.1274131274131,0.00646083216359258,0.0664715901359358,3,"3","male",701,47.8,"Parity group"
33.3204633204633,0.00661968677710183,0.0681059490688133,3,"3","male",701,47.8,"Parity group"
33.5135135135135,0.00681209460038485,0.0700855166607851,3,"3","male",701,47.8,"Parity group"
33.7065637065637,0.00704741817896664,0.0725066184737925,3,"3","male",701,47.8,"Parity group"
33.8996138996139,0.00732565967138083,0.0753692767156811,3,"3","male",701,47.8,"Parity group"
34.0926640926641,0.00765019374137163,0.0787082112583763,3,"3","male",701,47.8,"Parity group"
34.2857142857143,0.00802457893023126,0.0825600337785583,3,"3","male",701,47.8,"Parity group"
34.4787644787645,0.00844368605577772,0.0868719732264457,3,"3","male",701,47.8,"Parity group"
34.6718146718147,0.00891319339667966,0.0917024499730964,3,"3","male",701,47.8,"Parity group"
34.8648648648649,0.00942342995492691,0.0969519649757152,3,"3","male",701,47.8,"Parity group"
35.0579150579151,0.00997351830256105,0.102611490909316,3,"3","male",701,47.8,"Parity group"
35.2509652509653,0.010557313246964,0.108617803607927,3,"3","male",701,47.8,"Parity group"
35.4440154440154,0.0111670738900848,0.114891261658572,3,"3","male",701,47.8,"Parity group"
35.6370656370656,0.0117984729093162,0.12138734385911,3,"3","male",701,47.8,"Parity group"
35.8301158301158,0.0124416849824026,0.128004963418029,3,"3","male",701,47.8,"Parity group"
36.023166023166,0.0130909326818648,0.134684679882194,3,"3","male",701,47.8,"Parity group"
36.2162162162162,0.0137388896766722,0.141351117067678,3,"3","male",701,47.8,"Parity group"
36.4092664092664,0.0143801441084005,0.147948595640004,3,"3","male",701,47.8,"Parity group"
36.6023166023166,0.0150086749315097,0.154415168707317,3,"3","male",701,47.8,"Parity group"
36.7953667953668,0.0156225885088336,0.1607313537834,3,"3","male",701,47.8,"Parity group"
36.988416988417,0.0162172749400584,0.166849722395191,3,"3","male",701,47.8,"Parity group"
37.1814671814672,0.0167940049774682,0.172783348543509,3,"3","male",701,47.8,"Parity group"
37.3745173745174,0.0173527314186707,0.17853174659152,3,"3","male",701,47.8,"Parity group"
37.5675675675676,0.0178955768516211,0.184116754561482,3,"3","male",701,47.8,"Parity group"
37.7606177606178,0.0184273770208682,0.18958812450104,3,"3","male",701,47.8,"Parity group"
37.953667953668,0.0189522248587181,0.194987966112448,3,"3","male",701,47.8,"Parity group"
38.1467181467181,0.0194775088435605,0.200392294976177,3,"3","male",701,47.8,"Parity group"
38.3397683397683,0.0200106037343926,0.205876985522179,3,"3","male",701,47.8,"Parity group"
38.5328185328185,0.020560100017524,0.211530420062601,3,"3","male",701,47.8,"Parity group"
38.7258687258687,0.0211331256337678,0.217425933664547,3,"3","male",701,47.8,"Parity group"
38.9189189189189,0.0217421788652358,0.223692113585029,3,"3","male",701,47.8,"Parity group"
39.1119691119691,0.0223903478382492,0.230360731685924,3,"3","male",701,47.8,"Parity group"
39.3050193050193,0.0230903482006268,0.237562611568391,3,"3","male",701,47.8,"Parity group"
39.4980694980695,0.0238443581564872,0.245320163455715,3,"3","male",701,47.8,"Parity group"
39.6911196911197,0.0246568325137416,0.253679220169138,3,"3","male",701,47.8,"Parity group"
39.8841698841699,0.0255333517455678,0.262697195818241,3,"3","male",701,47.8,"Parity group"
40.0772200772201,0.0264666962184679,0.272299811965408,3,"3","male",701,47.8,"Parity group"
40.2702702702703,0.02746256453431,0.282545698074793,3,"3","male",701,47.8,"Parity group"
40.4633204633205,0.0285076509306169,0.293297959212827,3,"3","male",701,47.8,"Parity group"
40.6563706563707,0.0295977241965353,0.304513063013013,3,"3","male",701,47.8,"Parity group"
40.8494208494209,0.0307223296249342,0.316083447323942,3,"3","male",701,47.8,"Parity group"
41.042471042471,0.0318690038891281,0.327880884523819,3,"3","male",701,47.8,"Parity group"
41.2355212355212,0.0330274876634234,0.33979982262254,3,"3","male",701,47.8,"Parity group"
41.4285714285714,0.0341847765480802,0.35170646722527,3,"3","male",701,47.8,"Parity group"
41.6216216216216,0.0353298940492973,0.363487887833488,3,"3","male",701,47.8,"Parity group"
41.8146718146718,0.0364537753459267,0.375050821991098,3,"3","male",701,47.8,"Parity group"
42.007722007722,0.0375507288132156,0.386336712017265,3,"3","male",701,47.8,"Parity group"
42.2007722007722,0.0386140408714661,0.397276485955506,3,"3","male",701,47.8,"Parity group"
42.3938223938224,0.0396473366470936,0.40790744053652,3,"3","male",701,47.8,"Parity group"
42.5868725868726,0.0406495003957185,0.41821809654196,3,"3","male",701,47.8,"Parity group"
42.7799227799228,0.0416298031381371,0.428303837891253,3,"3","male",701,47.8,"Parity group"
42.972972972973,0.0425958790925316,0.4382432084328,3,"3","male",701,47.8,"Parity group"
43.1660231660232,0.0435592384734647,0.448154629794872,3,"3","male",701,47.8,"Parity group"
43.3590733590734,0.0445308913069884,0.458151377469013,3,"3","male",701,47.8,"Parity group"
43.5521235521236,0.0455261291056047,0.468390776568436,3,"3","male",701,47.8,"Parity group"
43.7451737451737,0.0465527447160763,0.478953002974961,3,"3","male",701,47.8,"Parity group"
43.9382239382239,0.0476226355235901,0.489960461680979,3,"3","male",701,47.8,"Parity group"
44.1312741312741,0.0487422808069344,0.50147981406278,3,"3","male",701,47.8,"Parity group"
44.3243243243243,0.0499121239055374,0.513515621371301,3,"3","male",701,47.8,"Parity group"
44.5173745173745,0.0511383047441657,0.526131053574776,3,"3","male",701,47.8,"Parity group"
44.7104247104247,0.0524096308017462,0.539210957600892,3,"3","male",701,47.8,"Parity group"
44.9034749034749,0.05372431183418,0.552736914712094,3,"3","male",701,47.8,"Parity group"
45.0965250965251,0.0550690275758393,0.56657188076068,3,"3","male",701,47.8,"Parity group"
45.2895752895753,0.0564325828346845,0.580600675194377,3,"3","male",701,47.8,"Parity group"
45.4826254826255,0.0578012481524058,0.59468204392974,3,"3","male",701,47.8,"Parity group"
45.6756756756757,0.0591615889275737,0.608677766487232,3,"3","male",701,47.8,"Parity group"
45.8687258687259,0.0604968613912202,0.622415576366194,3,"3","male",701,47.8,"Parity group"
46.0617760617761,0.061796022861734,0.635781862101802,3,"3","male",701,47.8,"Parity group"
46.2548262548263,0.0630445693589286,0.648627401023994,3,"3","male",701,47.8,"Parity group"
46.4478764478765,0.0642278897031536,0.660801867552328,3,"3","male",701,47.8,"Parity group"
46.6409266409266,0.0653405325484601,0.672249176089092,3,"3","male",701,47.8,"Parity group"
46.8339768339768,0.0663569578424694,0.682706560499712,3,"3","male",701,47.8,"Parity group"
47.027027027027,0.0672792755717485,0.692195729158391,3,"3","male",701,47.8,"Parity group"
47.2200772200772,0.0680850035568126,0.700485376533235,3,"3","male",701,47.8,"Parity group"
47.4131274131274,0.0687647573774052,0.707478952006436,3,"3","male",701,47.8,"Parity group"
47.6061776061776,0.0693110760997664,0.713099694548088,3,"3","male",701,47.8,"Parity group"
47.7992277992278,0.0696961869004934,0.71706186639448,3,"3","male",701,47.8,"Parity group"
47.992277992278,0.0699298384418464,0.719465765628849,3,"3","male",701,47.8,"Parity group"
48.1853281853282,0.0699817643638978,0.72,3,"3","male",701,47.8,"Parity group"
48.3783783783784,0.0698605961300865,0.718753373408958,3,"3","male",701,47.8,"Parity group"
48.5714285714286,0.0695595837591463,0.715656439385545,3,"3","male",701,47.8,"Parity group"
48.7644787644788,0.0690704500925496,0.710624039257444,3,"3","male",701,47.8,"Parity group"
48.957528957529,0.0684163360807392,0.703894256252052,3,"3","male",701,47.8,"Parity group"
49.1505791505791,0.0675793848745295,0.695283372060315,3,"3","male",701,47.8,"Parity group"
49.3436293436293,0.0665953936678088,0.685159682335162,3,"3","male",701,47.8,"Parity group"
49.5366795366795,0.0654671987826166,0.673552368276681,3,"3","male",701,47.8,"Parity group"
49.7297297297297,0.064213900731042,0.66065794348851,3,"3","male",701,47.8,"Parity group"
49.9227799227799,0.062859950103259,0.646727965288266,3,"3","male",701,47.8,"Parity group"
50.1158301158301,0.0614128729555032,0.631839864711572,3,"3","male",701,47.8,"Parity group"
50.3088803088803,0.0599033672907494,0.61630947492358,3,"3","male",701,47.8,"Parity group"
50.5019305019305,0.0583419641838232,0.600245143776668,3,"3","male",701,47.8,"Parity group"
50.6949806949807,0.056748652564397,0.583852525265056,3,"3","male",701,47.8,"Parity group"
50.8880308880309,0.0551371474964413,0.567272725377549,3,"3","male",701,47.8,"Parity group"
51.0810810810811,0.0535201882358001,0.550636810603982,3,"3","male",701,47.8,"Parity group"
51.2741312741313,0.0519083857822323,0.534053951095977,3,"3","male",701,47.8,"Parity group"
51.4671814671815,0.050312411193419,0.517633934904754,3,"3","male",701,47.8,"Parity group"
51.6602316602317,0.0487385319210169,0.501441244045504,3,"3","male",701,47.8,"Parity group"
51.8532818532819,0.0471939462825861,0.485549937649063,3,"3","male",701,47.8,"Parity group"
52.046332046332,0.0456857874575523,0.470033404679447,3,"3","male",701,47.8,"Parity group"
52.2393822393822,0.0442151524288142,0.454902931329483,3,"3","male",701,47.8,"Parity group"
52.4324324324324,0.0427938056072548,0.440279554499465,3,"3","male",701,47.8,"Parity group"
52.6254826254826,0.0414182703443552,0.426127505057873,3,"3","male",701,47.8,"Parity group"
52.8185328185328,0.0400963928843855,0.412527508261148,3,"3","male",701,47.8,"Parity group"
53.011583011583,0.0388296114468626,0.399494361079066,3,"3","male",701,47.8,"Parity group"
53.2046332046332,0.0376170652473331,0.387019207421585,3,"3","male",701,47.8,"Parity group"
53.3976833976834,0.0364658827565833,0.37517538780838,3,"3","male",701,47.8,"Parity group"
53.5907335907336,0.0353676910656892,0.363876758449277,3,"3","male",701,47.8,"Parity group"
53.7837837837838,0.034327671821802,0.353176630174359,3,"3","male",701,47.8,"Parity group"
53.976833976834,0.0333386302306966,0.343000980102249,3,"3","male",701,47.8,"Parity group"
54.1698841698842,0.0323975289978749,0.333318559348919,3,"3","male",701,47.8,"Parity group"
54.3629343629344,0.0315021015312719,0.324106048321021,3,"3","male",701,47.8,"Parity group"
54.5559845559846,0.0306426575850844,0.315263749946872,3,"3","male",701,47.8,"Parity group"
54.7490347490347,0.0298185689138305,0.306785200589107,3,"3","male",701,47.8,"Parity group"
54.9420849420849,0.0290196188847167,0.298565287499023,3,"3","male",701,47.8,"Parity group"
55.1351351351351,0.0282418201051269,0.290562986808337,3,"3","male",701,47.8,"Parity group"
55.3281853281853,0.027479104882621,0.282715871703483,3,"3","male",701,47.8,"Parity group"
55.5212355212355,0.0267255597065903,0.274963101654405,3,"3","male",701,47.8,"Parity group"
55.7142857142857,0.0259769580483141,0.267261192466232,3,"3","male",701,47.8,"Parity group"
55.9073359073359,0.0252284039841089,0.259559772944637,3,"3","male",701,47.8,"Parity group"
56.1003861003861,0.0244762171263801,0.251820977810114,3,"3","male",701,47.8,"Parity group"
56.2934362934363,0.0237173982775996,0.24401395013529,3,"3","male",701,47.8,"Parity group"
56.4864864864865,0.022950068240734,0.236119355999731,3,"3","male",701,47.8,"Parity group"
56.6795366795367,0.0221717975445159,0.228112200044599,3,"3","male",701,47.8,"Parity group"
56.8725868725869,0.0213833095045351,0.219999924026033,3,"3","male",701,47.8,"Parity group"
57.0656370656371,0.0205832867790986,0.211768974612997,3,"3","male",701,47.8,"Parity group"
57.2586872586873,0.01977363591531,0.203438967114235,3,"3","male",701,47.8,"Parity group"
57.4517374517375,0.0189553886281509,0.195020516220499,3,"3","male",701,47.8,"Parity group"
57.6447876447876,0.0181303136042003,0.186531818877068,3,"3","male",701,47.8,"Parity group"
57.8378378378378,0.0173011217667112,0.178000766131845,3,"3","male",701,47.8,"Parity group"
58.030888030888,0.0164700279901328,0.169450145486946,3,"3","male",701,47.8,"Parity group"
58.2239382239382,0.0156400301964336,0.160910800746279,3,"3","male",701,47.8,"Parity group"
58.4169884169884,0.0148140330359409,0.152412616098315,3,"3","male",701,47.8,"Parity group"
58.6100386100386,0.0139952329695482,0.143988477993748,3,"3","male",701,47.8,"Parity group"
58.8030888030888,0.0131860477556216,0.135663261284468,3,"3","male",701,47.8,"Parity group"
58.996138996139,0.0123914299505003,0.127487919823908,3,"3","male",701,47.8,"Parity group"
59.1891891891892,0.0116126334100325,0.119475353775686,3,"3","male",701,47.8,"Parity group"
59.3822393822394,0.0108551709513868,0.111682281177673,3,"3","male",701,47.8,"Parity group"
59.5752895752896,0.0101213714762946,0.104132662689647,3,"3","male",701,47.8,"Parity group"
59.7683397683398,0.00941439881383255,0.0968590490332974,3,"3","male",701,47.8,"Parity group"
59.96138996139,0.00873993729444744,0.0899199228427637,3,"3","male",701,47.8,"Parity group"
60.1544401544402,0.00809712390961476,0.0833064051458836,3,"3","male",701,47.8,"Parity group"
60.3474903474903,0.00749359915232008,0.0770971043487128,3,"3","male",701,47.8,"Parity group"
60.5405405405405,0.00692699988968184,0.0712677076078958,3,"3","male",701,47.8,"Parity group"
60.7335907335907,0.0064004856701217,0.0658507216040552,3,"3","male",701,47.8,"Parity group"
60.9266409266409,0.00591532315779278,0.0608591782777051,3,"3","male",701,47.8,"Parity group"
61.1196911196911,0.00546771856719054,0.0562540456669035,3,"3","male",701,47.8,"Parity group"
61.3127413127413,0.00506268382583606,0.0520868884592229,3,"3","male",701,47.8,"Parity group"
61.5057915057915,0.00469223554524527,0.0482755704044445,3,"3","male",701,47.8,"Parity group"
61.6988416988417,0.00435773568909748,0.044834103922204,3,"3","male",701,47.8,"Parity group"
61.8918918918919,0.00405503347862268,0.0417197841630084,3,"3","male",701,47.8,"Parity group"
62.0849420849421,0.00378028700183609,0.0388930840207012,3,"3","male",701,47.8,"Parity group"
62.2779922779923,0.00353295600266267,0.0363484451276479,3,"3","male",701,47.8,"Parity group"
62.4710424710425,0.00330670965293801,0.0340207334261436,3,"3","male",701,47.8,"Parity group"
62.6640926640927,0.00310131243735051,0.0319075258417505,3,"3","male",701,47.8,"Parity group"
62.8571428571429,0.00291226844182396,0.0299625666367876,3,"3","male",701,47.8,"Parity group"
63.0501930501931,0.00273767051020149,0.0281662342363283,3,"3","male",701,47.8,"Parity group"
63.2432432432432,0.00257599465040468,0.0265028492086458,3,"3","male",701,47.8,"Parity group"
63.4362934362934,0.00242439941079747,0.024943177578339,3,"3","male",701,47.8,"Parity group"
63.6293436293436,0.00228307043347235,0.0234891293044921,3,"3","male",701,47.8,"Parity group"
63.8223938223938,0.00214974817115022,0.0221174572732929,3,"3","male",701,47.8,"Parity group"
64.015444015444,0.00202447306701826,0.0208285775802061,3,"3","male",701,47.8,"Parity group"
64.2084942084942,0.00190693153239037,0.0196192639011166,3,"3","male",701,47.8,"Parity group"
64.4015444015444,0.00179662485152623,0.0184843852517416,3,"3","male",701,47.8,"Parity group"
64.5945945945946,0.00169487183050972,0.0174375100293489,3,"3","male",701,47.8,"Parity group"
64.7876447876448,0.00160089866636619,0.0164706770436654,3,"3","male",701,47.8,"Parity group"
64.980694980695,0.00151615646190278,0.0155988158128398,3,"3","male",701,47.8,"Parity group"
65.1737451737452,0.00144073048014752,0.0148228035565413,3,"3","male",701,47.8,"Parity group"
65.3667953667954,0.00137492295759109,0.0141457498030198,3,"3","male",701,47.8,"Parity group"
65.5598455598456,0.0013198862441148,0.0135795103824633,3,"3","male",701,47.8,"Parity group"
65.7528957528958,0.00127439873162275,0.0131115169088497,3,"3","male",701,47.8,"Parity group"
65.9459459459459,0.00123954008065438,0.012752877355741,3,"3","male",701,47.8,"Parity group"
66.1389961389961,0.00121354659158333,0.0124854460855913,3,"3","male",701,47.8,"Parity group"
66.3320463320463,0.00119576698884997,0.0123025225185109,3,"3","male",701,47.8,"Parity group"
66.5250965250965,0.00118485032028627,0.0121902075256366,3,"3","male",701,47.8,"Parity group"
66.7181467181467,0.00117857684060989,0.0121256634918008,3,"3","male",701,47.8,"Parity group"
66.9111969111969,0.00117543953035065,0.0120933856061661,3,"3","male",701,47.8,"Parity group"
67.1042471042471,0.00117286795197159,0.0120669281932993,3,"3","male",701,47.8,"Parity group"
67.2972972972973,0.00116883290567916,0.0120254140451928,3,"3","male",701,47.8,"Parity group"
67.4903474903475,0.00116122090988186,0.0119470988294524,3,"3","male",701,47.8,"Parity group"
67.6833976833977,0.00114862718944308,0.0118175296652803,3,"3","male",701,47.8,"Parity group"
67.8764478764479,0.00112891745949407,0.0116147481879586,3,"3","male",701,47.8,"Parity group"
68.0694980694981,0.00110218871614478,0.0113397523317322,3,"3","male",701,47.8,"Parity group"
68.2625482625483,0.0010671709951643,0.0109794762035848,3,"3","male",701,47.8,"Parity group"
68.4555984555984,0.0010246538508171,0.0105420430492734,3,"3","male",701,47.8,"Parity group"
68.6486486486486,0.000975231356295104,0.0100335649281616,3,"3","male",701,47.8,"Parity group"
68.8416988416988,0.000919756256108635,0.0094628152121847,3,"3","male",701,47.8,"Parity group"
69.034749034749,0.000860270585391778,0.00885080316439712,3,"3","male",701,47.8,"Parity group"
69.2277992277992,0.000798125252482251,0.00821142746271872,3,"3","male",701,47.8,"Parity group"
69.4208494208494,0.000735585313809033,0.00756799190126914,3,"3","male",701,47.8,"Parity group"
69.6138996138996,0.000674488370764853,0.0069394024481215,3,"3","male",701,47.8,"Parity group"
69.8069498069498,0.000616854679383835,0.00634644429435795,3,"3","male",701,47.8,"Parity group"
70,0.000563867239334814,0.00580128860727189,3,"3","male",701,47.8,"Parity group"
20,0.000110640395280442,0.00133188882045493,4,"4","male",604,47.55,"Parity group"
20.1930501930502,0.000138352664097738,0.00166548904787316,4,"4","male",604,47.55,"Parity group"
20.3861003861004,0.00017113482337626,0.00206012060484442,4,"4","male",604,47.55,"Parity group"
20.5791505791506,0.000208548122976689,0.00251050181821442,4,"4","male",604,47.55,"Parity group"
20.7722007722008,0.000250933717105447,0.00302073950152476,4,"4","male",604,47.55,"Parity group"
20.965250965251,0.000297920354906133,0.00358636453783156,4,"4","male",604,47.55,"Parity group"
21.1583011583012,0.000348975629206902,0.00420096781084132,4,"4","male",604,47.55,"Parity group"
21.3513513513514,0.000403623063174034,0.00485881349354052,4,"4","male",604,47.55,"Parity group"
21.5444015444015,0.000460617532533183,0.00554491278281729,4,"4","male",604,47.55,"Parity group"
21.7374517374517,0.000519081766969031,0.00624870510066096,4,"4","male",604,47.55,"Parity group"
21.9305019305019,0.000577536512921376,0.00695238319616233,4,"4","male",604,47.55,"Parity group"
22.1235521235521,0.000634532878356287,0.00763850531039471,4,"4","male",604,47.55,"Parity group"
22.3166023166023,0.000688746240654216,0.00829112563935198,4,"4","male",604,47.55,"Parity group"
22.5096525096525,0.000738753323239469,0.00889311078293395,4,"4","male",604,47.55,"Parity group"
22.7027027027027,0.000783260607923939,0.00942888937220776,4,"4","male",604,47.55,"Parity group"
22.8957528957529,0.000821721606288552,0.00989188278085855,4,"4","male",604,47.55,"Parity group"
23.0888030888031,0.000852841865250182,0.0102665083856894,4,"4","male",604,47.55,"Parity group"
23.2818532818533,0.000877449924560978,0.0105627401463051,4,"4","male",604,47.55,"Parity group"
23.4749034749035,0.000894659496154294,0.0107699089290255,4,"4","male",604,47.55,"Parity group"
23.6679536679537,0.000906282368794088,0.0109098250427674,4,"4","male",604,47.55,"Parity group"
23.8610038610039,0.000912847637484143,0.010988857731953,4,"4","male",604,47.55,"Parity group"
24.0540540540541,0.000916301895326361,0.0110304400798049,4,"4","male",604,47.55,"Parity group"
24.2471042471042,0.000918409233969264,0.0110558082174754,4,"4","male",604,47.55,"Parity group"
24.4401544401544,0.000921473600126551,0.011092697050133,4,"4","male",604,47.55,"Parity group"
24.6332046332046,0.000927486430606026,0.0111650794894275,4,"4","male",604,47.55,"Parity group"
24.8262548262548,0.000939521290372159,0.0113099551032358,4,"4","male",604,47.55,"Parity group"
25.019305019305,0.00095881025492271,0.0115421556135279,4,"4","male",604,47.55,"Parity group"
25.2123552123552,0.0009888751718817,0.0119040770137912,4,"4","male",604,47.55,"Parity group"
25.4054054054054,0.00103033690783438,0.0124031932945316,4,"4","male",604,47.55,"Parity group"
25.5984555984556,0.00108575562733574,0.0130703237106938,4,"4","male",604,47.55,"Parity group"
25.7915057915058,0.0011560906798639,0.0139170169090588,4,"4","male",604,47.55,"Parity group"
25.984555984556,0.00124192846996786,0.0149503320262205,4,"4","male",604,47.55,"Parity group"
26.1776061776062,0.00134493104941081,0.0161902768374294,4,"4","male",604,47.55,"Parity group"
26.3706563706564,0.00146329315118885,0.0176151195427011,4,"4","male",604,47.55,"Parity group"
26.5637065637066,0.0015994197109074,0.0192538107512472,4,"4","male",604,47.55,"Parity group"
26.7567567567568,0.00174981956224277,0.0210643238110019,4,"4","male",604,47.55,"Parity group"
26.9498069498069,0.00191549679905756,0.0230587460015424,4,"4","male",604,47.55,"Parity group"
27.1428571428571,0.0020935330859636,0.0252019464082692,4,"4","male",604,47.55,"Parity group"
27.3359073359073,0.00228280178331469,0.0274803625457479,4,"4","male",604,47.55,"Parity group"
27.5289575289575,0.00248105801633193,0.0298669706166236,4,"4","male",604,47.55,"Parity group"
27.7220077220077,0.00268575369418104,0.0323310967093732,4,"4","male",604,47.55,"Parity group"
27.9150579150579,0.00289483258135607,0.0348479878657699,4,"4","male",604,47.55,"Parity group"
28.1081081081081,0.00310550863406261,0.0373841056971116,4,"4","male",604,47.55,"Parity group"
28.3011583011583,0.0033153988840361,0.0399107640369846,4,"4","male",604,47.55,"Parity group"
28.4942084942085,0.00352247102764372,0.042403498018995,4,"4","male",604,47.55,"Parity group"
28.6872586872587,0.00372442397492748,0.044834607127593,4,"4","male",604,47.55,"Parity group"
28.8803088803089,0.00391992560055203,0.0471880552410971,4,"4","male",604,47.55,"Parity group"
29.0733590733591,0.00410774452795146,0.0494490190512775,4,"4","male",604,47.55,"Parity group"
29.2664092664093,0.00428685186156384,0.0516051127157584,4,"4","male",604,47.55,"Parity group"
29.4594594594595,0.00445772014008546,0.0536620246542641,4,"4","male",604,47.55,"Parity group"
29.6525096525097,0.00461950615079118,0.055609604273975,4,"4","male",604,47.55,"Parity group"
29.8455598455598,0.00477418254876116,0.0574715983921474,4,"4","male",604,47.55,"Parity group"
30.03861003861,0.00492177370034209,0.059248300330806,4,"4","male",604,47.55,"Parity group"
30.2316602316602,0.00506465289793074,0.0609682797782902,4,"4","male",604,47.55,"Parity group"
30.4247104247104,0.00520417262243198,0.06264781789658,4,"4","male",604,47.55,"Parity group"
30.6177606177606,0.00534257731594031,0.0643139332743766,4,"4","male",604,47.55,"Parity group"
30.8108108108108,0.0054818888475057,0.0659909651665899,4,"4","male",604,47.55,"Parity group"
31.003861003861,0.00562461100162839,0.067709054125197,4,"4","male",604,47.55,"Parity group"
31.1969111969112,0.00577233275780392,0.0694873282816609,4,"4","male",604,47.55,"Parity group"
31.3899613899614,0.00592830507939547,0.0713649227253687,4,"4","male",604,47.55,"Parity group"
31.5830115830116,0.00609303985900338,0.0733479996182498,4,"4","male",604,47.55,"Parity group"
31.7760617760618,0.00626961035387664,0.0754735548239032,4,"4","male",604,47.55,"Parity group"
31.969111969112,0.00645824013157415,0.0777442796480817,4,"4","male",604,47.55,"Parity group"
32.1621621621622,0.00666052265611079,0.0801793562068815,4,"4","male",604,47.55,"Parity group"
32.3552123552124,0.00687695988341661,0.0827848270446184,4,"4","male",604,47.55,"Parity group"
32.5482625482625,0.00710694696552608,0.0855534110028936,4,"4","male",604,47.55,"Parity group"
32.7413127413127,0.00735124568550435,0.0884942784244693,4,"4","male",604,47.55,"Parity group"
32.9343629343629,0.00760706346697932,0.0915738122814883,4,"4","male",604,47.55,"Parity group"
33.1274131274131,0.00787478867657337,0.0947966877304456,4,"4","male",604,47.55,"Parity group"
33.3204633204633,0.00815054325932258,0.0981162207547262,4,"4","male",604,47.55,"Parity group"
33.5135135135135,0.00843278983840153,0.10151390441569,4,"4","male",604,47.55,"Parity group"
33.7065637065637,0.00871807816899628,0.104948204674309,4,"4","male",604,47.55,"Parity group"
33.8996138996139,0.00900349597204338,0.108384063522008,4,"4","male",604,47.55,"Parity group"
34.0926640926641,0.00928553705877656,0.111779273466593,4,"4","male",604,47.55,"Parity group"
34.2857142857143,0.00956161134720025,0.115102655107037,4,"4","male",604,47.55,"Parity group"
34.4787644787645,0.00982769319213943,0.11830574773611,4,"4","male",604,47.55,"Parity group"
34.6718146718147,0.0100829968101049,0.121379092094001,4,"4","male",604,47.55,"Parity group"
34.8648648648649,0.0103237410268264,0.124277170413657,4,"4","male",604,47.55,"Parity group"
35.0579150579151,0.0105508408046249,0.127010997009368,4,"4","male",604,47.55,"Parity group"
35.2509652509653,0.0107630053391307,0.12956503318114,4,"4","male",604,47.55,"Parity group"
35.4440154440154,0.0109619032621019,0.131959365914185,4,"4","male",604,47.55,"Parity group"
35.6370656370656,0.0111496609586825,0.134219592627911,4,"4","male",604,47.55,"Parity group"
35.8301158301158,0.0113292372556533,0.136381331672207,4,"4","male",604,47.55,"Parity group"
36.023166023166,0.0115053799658491,0.13850173720691,4,"4","male",604,47.55,"Parity group"
36.2162162162162,0.0116836707414761,0.140648001148267,4,"4","male",604,47.55,"Parity group"
36.4092664092664,0.0118696863190285,0.142887256237193,4,"4","male",604,47.55,"Parity group"
36.6023166023166,0.0120719608716448,0.145322236830035,4,"4","male",604,47.55,"Parity group"
36.7953667953668,0.0122964316043385,0.148024414986903,4,"4","male",604,47.55,"Parity group"
36.988416988417,0.0125519286044464,0.151100087278573,4,"4","male",604,47.55,"Parity group"
37.1814671814672,0.0128464632496114,0.154645694650433,4,"4","male",604,47.55,"Parity group"
37.3745173745174,0.0131853373975078,0.158725060852808,4,"4","male",604,47.55,"Parity group"
37.5675675675676,0.0135804512119594,0.163481440030065,4,"4","male",604,47.55,"Parity group"
37.7606177606178,0.0140302003481647,0.168895519083224,4,"4","male",604,47.55,"Parity group"
37.953667953668,0.0145512566155087,0.175167993214796,4,"4","male",604,47.55,"Parity group"
38.1467181467181,0.0151365747678942,0.182214051768687,4,"4","male",604,47.55,"Parity group"
38.3397683397683,0.0157982290905826,0.190179044962725,4,"4","male",604,47.55,"Parity group"
38.5328185328185,0.016533115517126,0.199025606052246,4,"4","male",604,47.55,"Parity group"
38.7258687258687,0.0173444870333116,0.208792894472574,4,"4","male",604,47.55,"Parity group"
38.9189189189189,0.0182344693006307,0.219506498931785,4,"4","male",604,47.55,"Parity group"
39.1119691119691,0.0191970907733016,0.23109453397568,4,"4","male",604,47.55,"Parity group"
39.3050193050193,0.0202400923231534,0.243650184201293,4,"4","male",604,47.55,"Parity group"
39.4980694980695,0.021350264978139,0.257014440033914,4,"4","male",604,47.55,"Parity group"
39.6911196911197,0.022536376081652,0.271292842732875,4,"4","male",604,47.55,"Parity group"
39.8841698841699,0.023784983939143,0.286323581210529,4,"4","male",604,47.55,"Parity group"
40.0772200772201,0.0250982017809901,0.302132094529237,4,"4","male",604,47.55,"Parity group"
40.2702702702703,0.0264681551852602,0.318623590416129,4,"4","male",604,47.55,"Parity group"
40.4633204633205,0.0278893954463743,0.335732477366147,4,"4","male",604,47.55,"Parity group"
40.6563706563707,0.0293578537110512,0.353409774532976,4,"4","male",604,47.55,"Parity group"
40.8494208494209,0.030862676581537,0.371524828739757,4,"4","male",604,47.55,"Parity group"
41.042471042471,0.0324012301298151,0.390045932767168,4,"4","male",604,47.55,"Parity group"
41.2355212355212,0.0339608338553191,0.40882043877895,4,"4","male",604,47.55,"Parity group"
41.4285714285714,0.035535974247405,0.427781975146825,4,"4","male",604,47.55,"Parity group"
41.6216216216216,0.0371162820146535,0.446805716364862,4,"4","male",604,47.55,"Parity group"
41.8146718146718,0.0386935777249359,0.465793198448161,4,"4","male",604,47.55,"Parity group"
42.007722007722,0.0402585743036155,0.4846326236139,4,"4","male",604,47.55,"Parity group"
42.2007722007722,0.0418038359123899,0.503234479257926,4,"4","male",604,47.55,"Parity group"
42.3938223938224,0.0433184341227561,0.521467208983398,4,"4","male",604,47.55,"Parity group"
42.5868725868726,0.0447992517127551,0.539293287679643,4,"4","male",604,47.55,"Parity group"
42.7799227799228,0.0462312166529064,0.556531278290908,4,"4","male",604,47.55,"Parity group"
42.972972972973,0.047615608867736,0.573196588545655,4,"4","male",604,47.55,"Parity group"
43.1660231660232,0.0489392471160983,0.589130542693701,4,"4","male",604,47.55,"Parity group"
43.3590733590734,0.0502006918199115,0.604315811097455,4,"4","male",604,47.55,"Parity group"
43.5521235521236,0.0513928177763627,0.618666620582064,4,"4","male",604,47.55,"Parity group"
43.7451737451737,0.0525091744595299,0.632105319731517,4,"4","male",604,47.55,"Parity group"
43.9382239382239,0.0535509565897378,0.6446462905863,4,"4","male",604,47.55,"Parity group"
44.1312741312741,0.0545052099122395,0.656133589857968,4,"4","male",604,47.55,"Parity group"
44.3243243243243,0.0553817476470861,0.666685349066618,4,"4","male",604,47.55,"Parity group"
44.5173745173745,0.056164958968151,0.67611364512373,4,"4","male",604,47.55,"Parity group"
44.7104247104247,0.0568670407072673,0.684565303462481,4,"4","male",604,47.55,"Parity group"
44.9034749034749,0.057480188802074,0.691946378798359,4,"4","male",604,47.55,"Parity group"
45.0965250965251,0.0580106437567307,0.698331994305891,4,"4","male",604,47.55,"Parity group"
45.2895752895753,0.0584613605606547,0.703757722140791,4,"4","male",604,47.55,"Parity group"
45.4826254826255,0.0588330842443716,0.708232530978792,4,"4","male",604,47.55,"Parity group"
45.6756756756757,0.0591380311601132,0.711903481239581,4,"4","male",604,47.55,"Parity group"
45.8687258687259,0.0593725382585251,0.714726477143567,4,"4","male",604,47.55,"Parity group"
46.0617760617761,0.059553306253208,0.716902561842143,4,"4","male",604,47.55,"Parity group"
46.2548262548263,0.059678634536735,0.71841126342707,4,"4","male",604,47.55,"Parity group"
46.4478764478765,0.0597609562725248,0.719402252290593,4,"4","male",604,47.55,"Parity group"
46.6409266409266,0.0598029233279896,0.719907451606444,4,"4","male",604,47.55,"Parity group"
46.8339768339768,0.0598106113502092,0.72,4,"4","male",604,47.55,"Parity group"
47.027027027027,0.0597888171570158,0.719737641553145,4,"4","male",604,47.55,"Parity group"
47.2200772200772,0.0597383469605467,0.719130081445709,4,"4","male",604,47.55,"Parity group"
47.4131274131274,0.0596643364755962,0.718239143400413,4,"4","male",604,47.55,"Parity group"
47.6061776061776,0.0595630517789534,0.717019878458348,4,"4","male",604,47.55,"Parity group"
47.7992277992278,0.0594387785699315,0.715523877857854,4,"4","male",604,47.55,"Parity group"
47.992277992278,0.0592872953558986,0.713700323280472,4,"4","male",604,47.55,"Parity group"
48.1853281853282,0.0591094492507717,0.711559412281559,4,"4","male",604,47.55,"Parity group"
48.3783783783784,0.0589028086073006,0.709071872697186,4,"4","male",604,47.55,"Parity group"
48.5714285714286,0.0586653596342322,0.706213462512943,4,"4","male",604,47.55,"Parity group"
48.7644787644788,0.0583977751974441,0.702992281686696,4,"4","male",604,47.55,"Parity group"
48.957528957529,0.0580953444806255,0.699351621422677,4,"4","male",604,47.55,"Parity group"
49.1505791505791,0.0577621612826892,0.695340762862655,4,"4","male",604,47.55,"Parity group"
49.3436293436293,0.0573921325444436,0.690886357774286,4,"4","male",604,47.55,"Parity group"
49.5366795366795,0.0569901189470275,0.686046919025788,4,"4","male",604,47.55,"Parity group"
49.7297297297297,0.0565523611221501,0.680777191350438,4,"4","male",604,47.55,"Parity group"
49.9227799227799,0.0560803808946377,0.675095494471951,4,"4","male",604,47.55,"Parity group"
50.1158301158301,0.0555735438155186,0.668994190895082,4,"4","male",604,47.55,"Parity group"
50.3088803088803,0.0550294274692472,0.662444119587141,4,"4","male",604,47.55,"Parity group"
50.5019305019305,0.0544504440861327,0.655474318970966,4,"4","male",604,47.55,"Parity group"
50.6949806949807,0.0538297494604842,0.648002398514408,4,"4","male",604,47.55,"Parity group"
50.8880308880309,0.0531721330216398,0.640086013356671,4,"4","male",604,47.55,"Parity group"
51.0810810810811,0.0524698044135849,0.631631383210213,4,"4","male",604,47.55,"Parity group"
51.2741312741313,0.0517262580264563,0.622680573535356,4,"4","male",604,47.55,"Parity group"
51.4671814671815,0.0509371270155399,0.613181016265611,4,"4","male",604,47.55,"Parity group"
51.6602316602317,0.0501024925529085,0.6031336885502,4,"4","male",604,47.55,"Parity group"
51.8532818532819,0.0492232781215482,0.592549707275158,4,"4","male",604,47.55,"Parity group"
52.046332046332,0.0482964251415993,0.581392253263264,4,"4","male",604,47.55,"Parity group"
52.2393822393822,0.0473285839923748,0.569741383765185,4,"4","male",604,47.55,"Parity group"
52.4324324324324,0.0463142049267481,0.557530290937948,4,"4","male",604,47.55,"Parity group"
52.6254826254826,0.0452633513941319,0.544880118562122,4,"4","male",604,47.55,"Parity group"
52.8185328185328,0.0441741463456468,0.531768270727674,4,"4","male",604,47.55,"Parity group"
53.011583011583,0.0430539816276989,0.518283730464407,4,"4","male",604,47.55,"Parity group"
53.2046332046332,0.0419059745811043,0.504464024313798,4,"4","male",604,47.55,"Parity group"
53.3976833976834,0.040735336192223,0.490371882117502,4,"4","male",604,47.55,"Parity group"
53.5907335907336,0.0395482441560405,0.476081670953353,4,"4","male",604,47.55,"Parity group"
53.7837837837838,0.0383490680349643,0.461645991603423,4,"4","male",604,47.55,"Parity group"
53.976833976834,0.0371444400816267,0.447144683109441,4,"4","male",604,47.55,"Parity group"
54.1698841698842,0.0359393212815815,0.432637465803936,4,"4","male",604,47.55,"Parity group"
54.3629343629344,0.0347386805164102,0.418184155071804,4,"4","male",604,47.55,"Parity group"
54.5559845559846,0.033547528371029,0.403845068322587,4,"4","male",604,47.55,"Parity group"
54.7490347490347,0.0323693674545725,0.389662369956877,4,"4","male",604,47.55,"Parity group"
54.9420849420849,0.0312072687812973,0.375673028837139,4,"4","male",604,47.55,"Parity group"
55.1351351351351,0.0300644441335103,0.361915708391296,4,"4","male",604,47.55,"Parity group"
55.3281853281853,0.0289406454305416,0.34838742222482,4,"4","male",604,47.55,"Parity group"
55.5212355212355,0.0278396425784182,0.335133552457677,4,"4","male",604,47.55,"Parity group"
55.7142857142857,0.0267583453876478,0.322116899395964,4,"4","male",604,47.55,"Parity group"
55.9073359073359,0.0256999418347291,0.309375839893338,4,"4","male",604,47.55,"Parity group"
56.1003861003861,0.0246615099580803,0.296875199383089,4,"4","male",604,47.55,"Parity group"
56.2934362934363,0.0236444614593818,0.284631971926756,4,"4","male",604,47.55,"Parity group"
56.4864864864865,0.0226482733141075,0.272639861356314,4,"4","male",604,47.55,"Parity group"
56.6795366795367,0.0216728772897511,0.260898046289009,4,"4","male",604,47.55,"Parity group"
56.8725868725869,0.0207207771024672,0.249436666454074,4,"4","male",604,47.55,"Parity group"
57.0656370656371,0.0197905036513071,0.238238036817714,4,"4","male",604,47.55,"Parity group"
57.2586872586873,0.0188880852809789,0.227374726579471,4,"4","male",604,47.55,"Parity group"
57.4517374517375,0.0180110389524434,0.21681684492118,4,"4","male",604,47.55,"Parity group"
57.6447876447876,0.0171654345307809,0.206637460864527,4,"4","male",604,47.55,"Parity group"
57.8378378378378,0.0163506823419112,0.196829475914309,4,"4","male",604,47.55,"Parity group"
58.030888030888,0.0155701110697973,0.187432960760312,4,"4","male",604,47.55,"Parity group"
58.2239382239382,0.0148256050893979,0.178470599503898,4,"4","male",604,47.55,"Parity group"
58.4169884169884,0.0141163657931293,0.169932778508834,4,"4","male",604,47.55,"Parity group"
58.6100386100386,0.0134469769481142,0.16187467715306,4,"4","male",604,47.55,"Parity group"
58.8030888030888,0.0128123955831612,0.154235588161127,4,"4","male",604,47.55,"Parity group"
58.996138996139,0.0122190105840882,0.147092420925618,4,"4","male",604,47.55,"Parity group"
59.1891891891892,0.0116604027021504,0.140367900545109,4,"4","male",604,47.55,"Parity group"
59.3822393822394,0.0111402657955749,0.134106493676325,4,"4","male",604,47.55,"Parity group"
59.5752895752896,0.0106557074724767,0.128273381712498,4,"4","male",604,47.55,"Parity group"
59.7683397683398,0.0102067440120109,0.122868760622058,4,"4","male",604,47.55,"Parity group"
59.96138996139,0.00979415168043831,0.117901975096446,4,"4","male",604,47.55,"Parity group"
60.1544401544402,0.00941460308449258,0.113332969983276,4,"4","male",604,47.55,"Parity group"
60.3474903474903,0.0090723591211581,0.109213037950514,4,"4","male",604,47.55,"Parity group"
60.5405405405405,0.00876157119523361,0.105471773622761,4,"4","male",604,47.55,"Parity group"
60.7335907335907,0.00848686556972511,0.102164867943299,4,"4","male",604,47.55,"Parity group"
60.9266409266409,0.00824291093187722,0.0992281425816063,4,"4","male",604,47.55,"Parity group"
61.1196911196911,0.00803092062120595,0.0966762037159491,4,"4","male",604,47.55,"Parity group"
61.3127413127413,0.00784776395099101,0.0944713641468867,4,"4","male",604,47.55,"Parity group"
61.5057915057915,0.00769044534653167,0.092577563153155,4,"4","male",604,47.55,"Parity group"
61.6988416988417,0.00755697636996706,0.0909708639244205,4,"4","male",604,47.55,"Parity group"
61.8918918918919,0.00744110763303614,0.0895760363393658,4,"4","male",604,47.55,"Parity group"
62.0849420849421,0.00734064001879762,0.0883666074333782,4,"4","male",604,47.55,"Parity group"
62.2779922779923,0.00724828908870579,0.0872548871522262,4,"4","male",604,47.55,"Parity group"
62.4710424710425,0.00715968408039488,0.0861882602687404,4,"4","male",604,47.55,"Parity group"
62.6640926640927,0.00706890881587474,0.0850955078460674,4,"4","male",604,47.55,"Parity group"
62.8571428571429,0.00697074267592452,0.0839137840821969,4,"4","male",604,47.55,"Parity group"
63.0501930501931,0.00685993929754437,0.0825799332715677,4,"4","male",604,47.55,"Parity group"
63.2432432432432,0.00673322207921593,0.0810545116927402,4,"4","male",604,47.55,"Parity group"
63.4362934362934,0.00658519795059898,0.0792725975775314,4,"4","male",604,47.55,"Parity group"
63.6293436293436,0.00641654337176836,0.0772423341507454,4,"4","male",604,47.55,"Parity group"
63.8223938223938,0.00622200750271185,0.0749005118125559,4,"4","male",604,47.55,"Parity group"
64.015444015444,0.00600548273766338,0.072293987195677,4,"4","male",604,47.55,"Parity group"
64.2084942084942,0.00576535147084183,0.0694032875654865,4,"4","male",604,47.55,"Parity group"
64.4015444015444,0.0055054136240561,0.0662741563718614,4,"4","male",604,47.55,"Parity group"
64.5945945945946,0.0052282491322546,0.0629376508656961,4,"4","male",604,47.55,"Parity group"
64.7876447876448,0.00493752599875059,0.0594379264623248,4,"4","male",604,47.55,"Parity group"
64.980694980695,0.00463823172736046,0.0558350227210618,4,"4","male",604,47.55,"Parity group"
65.1737451737452,0.00433441304208643,0.0521776540960121,4,"4","male",604,47.55,"Parity group"
65.3667953667954,0.00403096537776517,0.0485247518203268,4,"4","male",604,47.55,"Parity group"
65.5598455598456,0.00373268467935003,0.0449340494681739,4,"4","male",604,47.55,"Parity group"
65.7528957528958,0.00344281821045472,0.0414446375913649,4,"4","male",604,47.55,"Parity group"
65.9459459459459,0.00316537357610956,0.0381047597299122,4,"4","male",604,47.55,"Parity group"
66.1389961389961,0.00290262252437277,0.0349417631816446,4,"4","male",604,47.55,"Parity group"
66.3320463320463,0.00265602791560488,0.0319732578561718,4,"4","male",604,47.55,"Parity group"
66.5250965250965,0.00242767854714594,0.0292243886910038,4,"4","male",604,47.55,"Parity group"
66.7181467181467,0.00221582800791795,0.026674132393655,4,"4","male",604,47.55,"Parity group"
66.9111969111969,0.00202279661257468,0.0243504209065182,4,"4","male",604,47.55,"Parity group"
67.1042471042471,0.00184471196110603,0.0222066382872995,4,"4","male",604,47.55,"Parity group"
67.2972972972973,0.00168245221621949,0.0202533558566242,4,"4","male",604,47.55,"Parity group"
67.4903474903475,0.00153286685764247,0.0184526476587957,4,"4","male",604,47.55,"Parity group"
67.6833976833977,0.00139507503441041,0.0167939100119561,4,"4","male",604,47.55,"Parity group"
67.8764478764479,0.00126731777545417,0.0152559684264757,4,"4","male",604,47.55,"Parity group"
68.0694980694981,0.00114786556576706,0.0138180030047359,4,"4","male",604,47.55,"Parity group"
68.2625482625483,0.00103623187010414,0.0124741568365923,4,"4","male",604,47.55,"Parity group"
68.4555984555984,0.000930630807081959,0.0112029314861144,4,"4","male",604,47.55,"Parity group"
68.6486486486486,0.000831580518118423,0.0100105643384829,4,"4","male",604,47.55,"Parity group"
68.8416988416988,0.000737783900117098,0.00888144086964683,4,"4","male",604,47.55,"Parity group"
69.034749034749,0.000649871539842044,0.00782315208160191,4,"4","male",604,47.55,"Parity group"
69.2277992277992,0.000567538519251073,0.0068320273716671,4,"4","male",604,47.55,"Parity group"
69.4208494208494,0.000491099952645811,0.0059118600850708,4,"4","male",604,47.55,"Parity group"
69.6138996138996,0.000420946366548264,0.00506735137917446,4,"4","male",604,47.55,"Parity group"
69.8069498069498,0.000356786514866629,0.00429499523420395,4,"4","male",604,47.55,"Parity group"
70,0.000299529437114678,0.00360573466570683,4,"4","male",604,47.55,"Parity group"
20,0.000835519427362238,0.00842197668956921,5,"5","male",614,46.6,"Parity group"
20.1930501930502,0.00080208448907501,0.00808495487816597,5,"5","male",614,46.6,"Parity group"
20.3861003861004,0.000762060060341175,0.00768151146946647,5,"5","male",614,46.6,"Parity group"
20.5791505791506,0.000717973591737103,0.00723712298638701,5,"5","male",614,46.6,"Parity group"
20.7722007722008,0.000673734018165895,0.00679119121607563,5,"5","male",614,46.6,"Parity group"
20.965250965251,0.000632630806841331,0.00637687375521803,5,"5","male",614,46.6,"Parity group"
21.1583011583012,0.000599306809053542,0.00604097021619675,5,"5","male",614,46.6,"Parity group"
21.3513513513514,0.000576083251196366,0.00580687839676476,5,"5","male",614,46.6,"Parity group"
21.5444015444015,0.00056655618751576,0.00571084626919184,5,"5","male",614,46.6,"Parity group"
21.7374517374517,0.00057323263148647,0.00577814435185648,5,"5","male",614,46.6,"Parity group"
21.9305019305019,0.000596140739357686,0.0060090564577576,5,"5","male",614,46.6,"Parity group"
22.1235521235521,0.000638099526597298,0.00643199806328103,5,"5","male",614,46.6,"Parity group"
22.3166023166023,0.000696126744174779,0.00701690830928328,5,"5","male",614,46.6,"Parity group"
22.5096525096525,0.000769138771283578,0.00775286437473322,5,"5","male",614,46.6,"Parity group"
22.7027027027027,0.000854464704560618,0.00861294374277815,5,"5","male",614,46.6,"Parity group"
22.8957528957529,0.000947238141456239,0.00954809342016248,5,"5","male",614,46.6,"Parity group"
23.0888030888031,0.0010432498340857,0.0105158844861395,5,"5","male",614,46.6,"Parity group"
23.2818532818533,0.00113670221567602,0.0114578778779905,5,"5","male",614,46.6,"Parity group"
23.4749034749035,0.00122261192241376,0.0123238416411997,5,"5","male",614,46.6,"Parity group"
23.6679536679537,0.0012943879379837,0.0130473387978232,5,"5","male",614,46.6,"Parity group"
23.8610038610039,0.00134923651275481,0.0136002085493221,5,"5","male",614,46.6,"Parity group"
24.0540540540541,0.00138174575224107,0.0139278993823328,5,"5","male",614,46.6,"Parity group"
24.2471042471042,0.0013904168614653,0.0140153035495701,5,"5","male",614,46.6,"Parity group"
24.4401544401544,0.00137549193366285,0.0138648613337109,5,"5","male",614,46.6,"Parity group"
24.6332046332046,0.00133463315525355,0.0134530077393382,5,"5","male",614,46.6,"Parity group"
24.8262548262548,0.0012733192554218,0.012834967968845,5,"5","male",614,46.6,"Parity group"
25.019305019305,0.00119325152704209,0.0120278909339882,5,"5","male",614,46.6,"Parity group"
25.2123552123552,0.00109933095413962,0.0110811782068494,5,"5","male",614,46.6,"Parity group"
25.4054054054054,0.000997115916224308,0.0100508578594652,5,"5","male",614,46.6,"Parity group"
25.5984555984556,0.00089145849023912,0.00898583848398946,5,"5","male",614,46.6,"Parity group"
25.7915057915058,0.000788164366891402,0.0079446410318244,5,"5","male",614,46.6,"Parity group"
25.984555984556,0.000692024014028103,0.0069755530797969,5,"5","male",614,46.6,"Parity group"
26.1776061776062,0.000608266930245364,0.00613128760361103,5,"5","male",614,46.6,"Parity group"
26.3706563706564,0.000539255970128136,0.00543566201023976,5,"5","male",614,46.6,"Parity group"
26.5637065637066,0.000490209810740082,0.00494128019510573,5,"5","male",614,46.6,"Parity group"
26.7567567567568,0.000461859489937568,0.0046555109680581,5,"5","male",614,46.6,"Parity group"
26.9498069498069,0.000455933096733243,0.00459577334402987,5,"5","male",614,46.6,"Parity group"
27.1428571428571,0.000475604300003014,0.00479405768065723,5,"5","male",614,46.6,"Parity group"
27.3359073359073,0.00051882066948047,0.00522967562612619,5,"5","male",614,46.6,"Parity group"
27.5289575289575,0.000588526631858221,0.00593230679309114,5,"5","male",614,46.6,"Parity group"
27.7220077220077,0.000683582873801544,0.00689046698377888,5,"5","male",614,46.6,"Parity group"
27.9150579150579,0.000803041231774134,0.00809459877685469,5,"5","male",614,46.6,"Parity group"
28.1081081081081,0.000949642941974902,0.00957233363917831,5,"5","male",614,46.6,"Parity group"
28.3011583011583,0.00111952664117616,0.0112847493027228,5,"5","male",614,46.6,"Parity group"
28.4942084942085,0.00131400706831843,0.013245098242951,5,"5","male",614,46.6,"Parity group"
28.6872586872587,0.00153184805144807,0.0154409199340668,5,"5","male",614,46.6,"Parity group"
28.8803088803089,0.00177037269478187,0.0178452314560467,5,"5","male",614,46.6,"Parity group"
29.0733590733591,0.00203104129565404,0.0204727525026594,5,"5","male",614,46.6,"Parity group"
29.2664092664093,0.00230912731407597,0.0232758398853651,5,"5","male",614,46.6,"Parity group"
29.4594594594595,0.00260352386723937,0.0262433363038018,5,"5","male",614,46.6,"Parity group"
29.6525096525097,0.00291184679306014,0.0293512095729131,5,"5","male",614,46.6,"Parity group"
29.8455598455598,0.00323018738372606,0.0325600601946111,5,"5","male",614,46.6,"Parity group"
30.03861003861,0.00355642245711267,0.0358484866433605,5,"5","male",614,46.6,"Parity group"
30.2316602316602,0.00388644819906425,0.0391751227629404,5,"5","male",614,46.6,"Parity group"
30.4247104247104,0.00421739744854222,0.0425110677730203,5,"5","male",614,46.6,"Parity group"
30.6177606177606,0.00454608741125245,0.0458242393323942,5,"5","male",614,46.6,"Parity group"
30.8108108108108,0.00487053632387185,0.049094661407035,5,"5","male",614,46.6,"Parity group"
31.003861003861,0.00518858048632715,0.0523005240533512,5,"5","male",614,46.6,"Parity group"
31.1969111969112,0.00549978804213639,0.0554374741885716,5,"5","male",614,46.6,"Parity group"
31.3899613899614,0.00580452925792337,0.0585092440740565,5,"5","male",614,46.6,"Parity group"
31.5830115830116,0.00610332102747204,0.0615210439625623,5,"5","male",614,46.6,"Parity group"
31.7760617760618,0.00639874910927955,0.0644989381167197,5,"5","male",614,46.6,"Parity group"
31.969111969112,0.00669291105432632,0.0674640697019464,5,"5","male",614,46.6,"Parity group"
32.1621621621622,0.00698863421724441,0.0704449382528126,5,"5","male",614,46.6,"Parity group"
32.3552123552124,0.00728792376765237,0.073461755737147,5,"5","male",614,46.6,"Parity group"
32.5482625482625,0.00759335605358063,0.076540491560742,5,"5","male",614,46.6,"Parity group"
32.7413127413127,0.00790483401462465,0.0796801673615896,5,"5","male",614,46.6,"Parity group"
32.9343629343629,0.00822225823773205,0.0828797810631584,5,"5","male",614,46.6,"Parity group"
33.1274131274131,0.00854369724073461,0.0861198634619034,5,"5","male",614,46.6,"Parity group"
33.3204633204633,0.00886588171693135,0.0893674601776811,5,"5","male",614,46.6,"Parity group"
33.5135135135135,0.00918417535272447,0.0925758374975847,5,"5","male",614,46.6,"Parity group"
33.7065637065637,0.00949374893126713,0.0956963172576112,5,"5","male",614,46.6,"Parity group"
33.8996138996139,0.00978953427803839,0.098677812617316,5,"5","male",614,46.6,"Parity group"
34.0926640926641,0.0100650559998988,0.101455052072183,5,"5","male",614,46.6,"Parity group"
34.2857142857143,0.0103186396022943,0.104011156835629,5,"5","male",614,46.6,"Parity group"
34.4787644787645,0.0105451426901427,0.106294291929204,5,"5","male",614,46.6,"Parity group"
34.6718146718147,0.0107456376250474,0.108315266681969,5,"5","male",614,46.6,"Parity group"
34.8648648648649,0.010922128512359,0.110094282334008,5,"5","male",614,46.6,"Parity group"
35.0579150579151,0.0110764488488707,0.11164982040322,5,"5","male",614,46.6,"Parity group"
35.2509652509653,0.0112172472645419,0.113069058467443,5,"5","male",614,46.6,"Parity group"
35.4440154440154,0.0113513925712715,0.114421233664445,5,"5","male",614,46.6,"Parity group"
35.6370656370656,0.0114895292635967,0.115813641745739,5,"5","male",614,46.6,"Parity group"
35.8301158301158,0.0116409666985074,0.117340120370865,5,"5","male",614,46.6,"Parity group"
36.023166023166,0.011820883010682,0.11915366406307,5,"5","male",614,46.6,"Parity group"
36.2162162162162,0.0120366930146781,0.121329013628273,5,"5","male",614,46.6,"Parity group"
36.4092664092664,0.0123012143914974,0.123995370383732,5,"5","male",614,46.6,"Parity group"
36.6023166023166,0.0126261929106087,0.127271130854326,5,"5","male",614,46.6,"Parity group"
36.7953667953668,0.0130144943885516,0.131185182267929,5,"5","male",614,46.6,"Parity group"
36.988416988417,0.013482666869862,0.13590432774219,5,"5","male",614,46.6,"Parity group"
37.1814671814672,0.014027488988692,0.141396096137371,5,"5","male",614,46.6,"Parity group"
37.3745173745174,0.014653834957626,0.147709619171326,5,"5","male",614,46.6,"Parity group"
37.5675675675676,0.0153672469644108,0.154900761704264,5,"5","male",614,46.6,"Parity group"
37.7606177606178,0.0161573887782125,0.16286533526098,5,"5","male",614,46.6,"Parity group"
37.953667953668,0.0170288332788509,0.171649434146389,5,"5","male",614,46.6,"Parity group"
38.1467181467181,0.0179690122571705,0.181126371701783,5,"5","male",614,46.6,"Parity group"
38.3397683397683,0.0189688720128915,0.191204887269166,5,"5","male",614,46.6,"Parity group"
38.5328185328185,0.0200221785217642,0.201822142325344,5,"5","male",614,46.6,"Parity group"
38.7258687258687,0.0211108817841371,0.212796194151415,5,"5","male",614,46.6,"Parity group"
38.9189189189189,0.0222253658987848,0.224030115143642,5,"5","male",614,46.6,"Parity group"
39.1119691119691,0.023351102517372,0.235377460579124,5,"5","male",614,46.6,"Parity group"
39.3050193050193,0.0244770392876858,0.246726823529844,5,"5","male",614,46.6,"Parity group"
39.4980694980695,0.0255919680523019,0.25796522656228,5,"5","male",614,46.6,"Parity group"
39.6911196911197,0.0266906504679785,0.269039867547326,5,"5","male",614,46.6,"Parity group"
39.8841698841699,0.0277688134691614,0.279907674286644,5,"5","male",614,46.6,"Parity group"
40.0772200772201,0.028827102547931,0.290575153294717,5,"5","male",614,46.6,"Parity group"
40.2702702702703,0.0298715411556564,0.301103020535003,5,"5","male",614,46.6,"Parity group"
40.4633204633205,0.0309101051662021,0.311571672251522,5,"5","male",614,46.6,"Parity group"
40.6563706563707,0.0319562442780233,0.322116680452732,5,"5","male",614,46.6,"Parity group"
40.8494208494209,0.0330244479447384,0.332884097805539,5,"5","male",614,46.6,"Parity group"
41.042471042471,0.0341349528678695,0.344077908828926,5,"5","male",614,46.6,"Parity group"
41.2355212355212,0.0353001704686679,0.355823219770625,5,"5","male",614,46.6,"Parity group"
41.4285714285714,0.0365449801970096,0.368370813724413,5,"5","male",614,46.6,"Parity group"
41.6216216216216,0.0378794412848537,0.381822087036443,5,"5","male",614,46.6,"Parity group"
41.8146718146718,0.0393140346368192,0.396282686483433,5,"5","male",614,46.6,"Parity group"
42.007722007722,0.040867468286111,0.411941187715933,5,"5","male",614,46.6,"Parity group"
42.2007722007722,0.042528999318127,0.428689302915135,5,"5","male",614,46.6,"Parity group"
42.3938223938224,0.0443066590373915,0.44660798706219,5,"5","male",614,46.6,"Parity group"
42.5868725868726,0.0461868618848516,0.465560298683431,5,"5","male",614,46.6,"Parity group"
42.7799227799228,0.0481516719598599,0.485365445169841,5,"5","male",614,46.6,"Parity group"
42.972972972973,0.0501897815884325,0.505909445968021,5,"5","male",614,46.6,"Parity group"
43.1660231660232,0.0522670328447808,0.526847991603728,5,"5","male",614,46.6,"Parity group"
43.3590733590734,0.0543590574322957,0.547935451371935,5,"5","male",614,46.6,"Parity group"
43.5521235521236,0.0564324793557865,0.568835397603479,5,"5","male",614,46.6,"Parity group"
43.7451737451737,0.0584606367967644,0.589279081055123,5,"5","male",614,46.6,"Parity group"
43.9382239382239,0.060402680037749,0.608854739466015,5,"5","male",614,46.6,"Parity group"
44.1312741312741,0.0622400930379141,0.627375732455198,5,"5","male",614,46.6,"Parity group"
44.3243243243243,0.0639452251461052,0.644563343416152,5,"5","male",614,46.6,"Parity group"
44.5173745173745,0.0654890601162661,0.660125090642408,5,"5","male",614,46.6,"Parity group"
44.7104247104247,0.0668719452008453,0.674064474414067,5,"5","male",614,46.6,"Parity group"
44.9034749034749,0.0680620200052732,0.686060344208953,5,"5","male",614,46.6,"Parity group"
45.0965250965251,0.0690688345812353,0.696208963872102,5,"5","male",614,46.6,"Parity group"
45.2895752895753,0.0698916869752052,0.704503257761652,5,"5","male",614,46.6,"Parity group"
45.4826254826255,0.0705188963672432,0.710825484039381,5,"5","male",614,46.6,"Parity group"
45.6756756756757,0.0709801050464309,0.715474434881145,5,"5","male",614,46.6,"Parity group"
45.8687258687259,0.0712703850204023,0.718400436472698,5,"5","male",614,46.6,"Parity group"
46.0617760617761,0.0714129759748395,0.719837743200808,5,"5","male",614,46.6,"Parity group"
46.2548262548263,0.0714290729925521,0.72,5,"5","male",614,46.6,"Parity group"
46.4478764478765,0.0713223621432744,0.718924362192297,5,"5","male",614,46.6,"Parity group"
46.6409266409266,0.0711255954255098,0.716940967604421,5,"5","male",614,46.6,"Parity group"
46.8339768339768,0.0708466767739264,0.714129487338381,5,"5","male",614,46.6,"Parity group"
47.027027027027,0.0704998384086568,0.710633381165756,5,"5","male",614,46.6,"Parity group"
47.2200772200772,0.0700980497264053,0.70658337968735,5,"5","male",614,46.6,"Parity group"
47.4131274131274,0.0696383118150646,0.701949254081382,5,"5","male",614,46.6,"Parity group"
47.6061776061776,0.069127780784402,0.696803137427798,5,"5","male",614,46.6,"Parity group"
47.7992277992278,0.0685601487312863,0.691081446509508,5,"5","male",614,46.6,"Parity group"
47.992277992278,0.067925370988569,0.684682931792621,5,"5","male",614,46.6,"Parity group"
48.1853281853282,0.0672211823224792,0.677584759881059,5,"5","male",614,46.6,"Parity group"
48.3783783783784,0.0664283155524725,0.66959271895867,5,"5","male",614,46.6,"Parity group"
48.5714285714286,0.0655455090117211,0.660694091513129,5,"5","male",614,46.6,"Parity group"
48.7644787644788,0.0645661721192734,0.65082244495493,5,"5","male",614,46.6,"Parity group"
48.957528957529,0.0634786584620257,0.63986038426432,5,"5","male",614,46.6,"Parity group"
49.1505791505791,0.0622948771370585,0.627927952296943,5,"5","male",614,46.6,"Parity group"
49.3436293436293,0.0610085538895872,0.614961905008665,5,"5","male",614,46.6,"Parity group"
49.5366795366795,0.0596326648886362,0.601093041264794,5,"5","male",614,46.6,"Parity group"
49.7297297297297,0.0581796819336782,0.586447075921259,5,"5","male",614,46.6,"Parity group"
49.9227799227799,0.0566547841844955,0.571076214542083,5,"5","male",614,46.6,"Parity group"
50.1158301158301,0.0550813352005759,0.555215960153226,5,"5","male",614,46.6,"Parity group"
50.3088803088803,0.05347070379644,0.538980909600368,5,"5","male",614,46.6,"Parity group"
50.5019305019305,0.0518410384149198,0.522553997902706,5,"5","male",614,46.6,"Parity group"
50.6949806949807,0.0502082445067291,0.506095550877642,5,"5","male",614,46.6,"Parity group"
50.8880308880309,0.0485901003825778,0.489784772638781,5,"5","male",614,46.6,"Parity group"
51.0810810810811,0.0469998760724504,0.473755424149111,5,"5","male",614,46.6,"Parity group"
51.2741312741313,0.0454521134690165,0.458154086657462,5,"5","male",614,46.6,"Parity group"
51.4671814671815,0.0439614244430289,0.443128046786792,5,"5","male",614,46.6,"Parity group"
51.6602316602317,0.0425317622931876,0.428717153508182,5,"5","male",614,46.6,"Parity group"
51.8532818532819,0.0411789682897239,0.415081085704314,5,"5","male",614,46.6,"Parity group"
52.046332046332,0.0399000820416957,0.402190002844029,5,"5","male",614,46.6,"Parity group"
52.2393822393822,0.0386969492942628,0.390062509907897,5,"5","male",614,46.6,"Parity group"
52.4324324324324,0.0375724954807589,0.378728095056857,5,"5","male",614,46.6,"Parity group"
52.6254826254826,0.0365134038920222,0.368052526805118,5,"5","male",614,46.6,"Parity group"
52.8185328185328,0.0355187812245456,0.358026800716557,5,"5","male",614,46.6,"Parity group"
53.011583011583,0.0345747535823088,0.348511068901286,5,"5","male",614,46.6,"Parity group"
53.2046332046332,0.0336702199107832,0.339393433515394,5,"5","male",614,46.6,"Parity group"
53.3976833976834,0.0327971947910574,0.33059340210146,5,"5","male",614,46.6,"Parity group"
53.5907335907336,0.0319417100927502,0.321970176893912,5,"5","male",614,46.6,"Parity group"
53.7837837837838,0.0310963232287128,0.313448737141076,5,"5","male",614,46.6,"Parity group"
53.976833976834,0.0302530028559781,0.304948127474305,5,"5","male",614,46.6,"Parity group"
54.1698841698842,0.0294070538220795,0.29642102108906,5,"5","male",614,46.6,"Parity group"
54.3629343629344,0.028554657903761,0.287828930565173,5,"5","male",614,46.6,"Parity group"
54.5559845559846,0.0276958083976825,0.279171788333452,5,"5","male",614,46.6,"Parity group"
54.7490347490347,0.0268308077720429,0.270452643251932,5,"5","male",614,46.6,"Parity group"
54.9420849420849,0.0259615847747982,0.261690936963493,5,"5","male",614,46.6,"Parity group"
55.1351351351351,0.0250907626015396,0.252913111094025,5,"5","male",614,46.6,"Parity group"
55.3281853281853,0.0242209452203252,0.244145413457242,5,"5","male",614,46.6,"Parity group"
55.5212355212355,0.0233543325459749,0.23541001903882,5,"5","male",614,46.6,"Parity group"
55.7142857142857,0.0224925204318373,0.226723013927556,5,"5","male",614,46.6,"Parity group"
55.9073359073359,0.0216369511590654,0.218098936215391,5,"5","male",614,46.6,"Parity group"
56.1003861003861,0.0207873815763065,0.209535334953896,5,"5","male",614,46.6,"Parity group"
56.2934362934363,0.0199445914108384,0.201040069738844,5,"5","male",614,46.6,"Parity group"
56.4864864864865,0.0191082534743424,0.19260984253514,5,"5","male",614,46.6,"Parity group"
56.6795366795367,0.0182786246474553,0.184247242681423,5,"5","male",614,46.6,"Parity group"
56.8725868725869,0.0174577193245665,0.175972575130557,5,"5","male",614,46.6,"Parity group"
57.0656370656371,0.0166465027442914,0.167795569419465,5,"5","male",614,46.6,"Parity group"
57.2586872586873,0.0158489788133761,0.159756584644751,5,"5","male",614,46.6,"Parity group"
57.4517374517375,0.0150692882211328,0.151897358661604,5,"5","male",614,46.6,"Parity group"
57.6447876447876,0.0143107215218027,0.144251060023869,5,"5","male",614,46.6,"Parity group"
57.8378378378378,0.0135828178158899,0.136913842189446,5,"5","male",614,46.6,"Parity group"
58.030888030888,0.0128868028117518,0.129898060211824,5,"5","male",614,46.6,"Parity group"
58.2239382239382,0.0122295824044435,0.123273325024356,5,"5","male",614,46.6,"Parity group"
58.4169884169884,0.0116160220492329,0.117088680071765,5,"5","male",614,46.6,"Parity group"
58.6100386100386,0.0110446256692617,0.111329045005212,5,"5","male",614,46.6,"Parity group"
58.8030888030888,0.0105216459770712,0.106057446724545,5,"5","male",614,46.6,"Parity group"
58.996138996139,0.0100400478752261,0.101202971945562,5,"5","male",614,46.6,"Parity group"
59.1891891891892,0.00959725846067129,0.0967396859875788,5,"5","male",614,46.6,"Parity group"
59.3822393822394,0.0091888354953962,0.0926228114058699,5,"5","male",614,46.6,"Parity group"
59.5752895752896,0.00880435617472966,0.088747287067079,5,"5","male",614,46.6,"Parity group"
59.7683397683398,0.00843785357327701,0.0850529667855681,5,"5","male",614,46.6,"Parity group"
59.96138996139,0.00807928057224818,0.0814385763150705,5,"5","male",614,46.6,"Parity group"
60.1544401544402,0.00772158710331371,0.0778330514658305,5,"5","male",614,46.6,"Parity group"
60.3474903474903,0.00735783130657864,0.0741664187814534,5,"5","male",614,46.6,"Parity group"
60.5405405405405,0.00698483866251804,0.070406679329821,5,"5","male",614,46.6,"Parity group"
60.7335907335907,0.00660010494132119,0.066528590651691,5,"5","male",614,46.6,"Parity group"
60.9266409266409,0.00620498385919104,0.062545798110573,5,"5","male",614,46.6,"Parity group"
61.1196911196911,0.0058029020242918,0.0584928416742262,5,"5","male",614,46.6,"Parity group"
61.3127413127413,0.00539867570644142,0.0544182690015188,5,"5","male",614,46.6,"Parity group"
61.5057915057915,0.00499881329207149,0.0503876841670164,5,"5","male",614,46.6,"Parity group"
61.6988416988417,0.00461004965534571,0.0464689742255931,5,"5","male",614,46.6,"Parity group"
61.8918918918919,0.00423946147981035,0.0427334716465063,5,"5","male",614,46.6,"Parity group"
62.0849420849421,0.00389046661393669,0.0392156281004304,5,"5","male",614,46.6,"Parity group"
62.2779922779923,0.00357050052273908,0.0359903925484262,5,"5","male",614,46.6,"Parity group"
62.4710424710425,0.00327847088084674,0.0330467544280714,5,"5","male",614,46.6,"Parity group"
62.6640926640927,0.0030156831560803,0.0303978727625965,5,"5","male",614,46.6,"Parity group"
62.8571428571429,0.00278224477129403,0.0280448303667693,5,"5","male",614,46.6,"Parity group"
63.0501930501931,0.0025729860969181,0.0259355177404332,5,"5","male",614,46.6,"Parity group"
63.2432432432432,0.00238732043041462,0.0240640209635333,5,"5","male",614,46.6,"Parity group"
63.4362934362934,0.00221966279451999,0.0223740438605585,5,"5","male",614,46.6,"Parity group"
63.6293436293436,0.00206665385779841,0.0208317246084099,5,"5","male",614,46.6,"Parity group"
63.8223938223938,0.001926126790908,0.0194152217206902,5,"5","male",614,46.6,"Parity group"
64.015444015444,0.00179431355698892,0.0180865536525545,5,"5","male",614,46.6,"Parity group"
64.2084942084942,0.00167035190334929,0.0168370289578991,5,"5","male",614,46.6,"Parity group"
64.4015444015444,0.00155289315628337,0.0156530531012297,5,"5","male",614,46.6,"Parity group"
64.5945945945946,0.00144126340385862,0.0145278330979657,5,"5","male",614,46.6,"Parity group"
64.7876447876448,0.00133625314728112,0.0134693371443127,5,"5","male",614,46.6,"Parity group"
64.980694980695,0.00123715997308899,0.0124704849622919,5,"5","male",614,46.6,"Parity group"
65.1737451737452,0.00114458796580873,0.0115373656811732,5,"5","male",614,46.6,"Parity group"
65.3667953667954,0.00105853334831905,0.0106699412278413,5,"5","male",614,46.6,"Parity group"
65.5598455598456,0.000978262678734343,0.00986081856000244,5,"5","male",614,46.6,"Parity group"
65.7528957528958,0.000904021891952998,0.00911247668402511,5,"5","male",614,46.6,"Parity group"
65.9459459459459,0.00083433070258352,0.00840999442793792,5,"5","male",614,46.6,"Parity group"
66.1389961389961,0.000768557443356827,0.00774700463037809,5,"5","male",614,46.6,"Parity group"
66.3320463320463,0.000705876606460932,0.00711518623103038,5,"5","male",614,46.6,"Parity group"
66.5250965250965,0.000645270055667113,0.0065042764887732,5,"5","male",614,46.6,"Parity group"
66.7181467181467,0.000586369956816792,0.00591056766132344,5,"5","male",614,46.6,"Parity group"
66.9111969111969,0.000528712867825117,0.00532938828526834,5,"5","male",614,46.6,"Parity group"
67.1042471042471,0.000472273907178997,0.00476048755671705,5,"5","male",614,46.6,"Parity group"
67.2972972972973,0.000417424042824526,0.004207604806309,5,"5","male",614,46.6,"Parity group"
67.4903474903475,0.000364411503180387,0.00367324215893487,5,"5","male",614,46.6,"Parity group"
67.6833976833977,0.000314010676191646,0.00316520539026958,5,"5","male",614,46.6,"Parity group"
67.8764478764479,0.000266761114622578,0.00268893315398736,5,"5","male",614,46.6,"Parity group"
68.0694980694981,0.000223042867075831,0.00224825631310297,5,"5","male",614,46.6,"Parity group"
68.2625482625483,0.000183846799370912,0.00185316272494337,5,"5","male",614,46.6,"Parity group"
68.4555984555984,0.000148883342129681,0.00150073355067267,5,"5","male",614,46.6,"Parity group"
68.6486486486486,0.000118610315874481,0.00119558358875147,5,"5","male",614,46.6,"Parity group"
68.8416988416988,9.2942387018126e-05,0.000936852682660859,5,"5","male",614,46.6,"Parity group"
69.034749034749,7.13513820110938e-05,0.000719216880405885,5,"5","male",614,46.6,"Parity group"
69.2277992277992,5.40615607106968e-05,0.000544936705475099,5,"5","male",614,46.6,"Parity group"
69.4208494208494,4.01079469585604e-05,0.000404285266493302,5,"5","male",614,46.6,"Parity group"
69.6138996138996,2.92147940814066e-05,0.000294483056511262,5,"5","male",614,46.6,"Parity group"
69.8069498069498,2.09585106890757e-05,0.000211260304298055,5,"5","male",614,46.6,"Parity group"
70,1.46742653806027e-05,0.000147915556388861,5,"5","male",614,46.6,"Parity group"
20,5.46088768691029e-05,0.000652306444787492,6,"6","male",496,47.6,"Parity group"
20.1930501930502,6.82916383232382e-05,0.000815747884911162,6,"6","male",496,47.6,"Parity group"
20.3861003861004,8.45367875536943e-05,0.00100979720705638,6,"6","male",496,47.6,"Parity group"
20.5791505791506,0.000103276572477109,0.00123364510835594,6,"6","male",496,47.6,"Parity group"
20.7722007722008,0.000124726004965833,0.0014898599190536,6,"6","male",496,47.6,"Parity group"
20.965250965251,0.00014884618966021,0.00177797703164906,6,"6","male",496,47.6,"Parity group"
21.1583011583012,0.000175495122284844,0.00209630019620386,6,"6","male",496,47.6,"Parity group"
21.3513513513514,0.000204608806270437,0.00244406496970085,6,"6","male",496,47.6,"Parity group"
21.5444015444015,0.000235689634824167,0.00281532740792184,6,"6","male",496,47.6,"Parity group"
21.7374517374517,0.000268555022133868,0.00320790651193716,6,"6","male",496,47.6,"Parity group"
21.9305019305019,0.000302489866339758,0.00361326034537016,6,"6","male",496,47.6,"Parity group"
22.1235521235521,0.000337066742962507,0.00402628329612054,6,"6","male",496,47.6,"Parity group"
22.3166023166023,0.000371589411170069,0.00443865872396594,6,"6","male",496,47.6,"Parity group"
22.5096525096525,0.000405393798742161,0.00484245424476057,6,"6","male",496,47.6,"Parity group"
22.7027027027027,0.000437930262616409,0.00523110433779656,6,"6","male",496,47.6,"Parity group"
22.8957528957529,0.000468560059361336,0.0055969791728923,6,"6","male",496,47.6,"Parity group"
23.0888030888031,0.000496848106937656,0.00593488166791558,6,"6","male",496,47.6,"Parity group"
23.2818532818533,0.000522480368471746,0.00624106063279786,6,"6","male",496,47.6,"Parity group"
23.4749034749035,0.000545118586780397,0.00651147556435991,6,"6","male",496,47.6,"Parity group"
23.6679536679537,0.000564945815370777,0.00674831304817744,6,"6","male",496,47.6,"Parity group"
23.8610038610039,0.000581736429107199,0.0069488779779133,6,"6","male",496,47.6,"Parity group"
24.0540540540541,0.000596147216532692,0.00712101573373355,6,"6","male",496,47.6,"Parity group"
24.2471042471042,0.000608120643745059,0.00726403906958318,6,"6","male",496,47.6,"Parity group"
24.4401544401544,0.000618537508954897,0.00738846917509785,6,"6","male",496,47.6,"Parity group"
24.6332046332046,0.000627727992751085,0.00749825007803307,6,"6","male",496,47.6,"Parity group"
24.8262548262548,0.000636453641705128,0.0076024784997477,6,"6","male",496,47.6,"Parity group"
25.019305019305,0.000645334795766418,0.00770856443968044,6,"6","male",496,47.6,"Parity group"
25.2123552123552,0.000655090463406158,0.00782509649892533,6,"6","male",496,47.6,"Parity group"
25.4054054054054,0.000666419531549431,0.00796042292545132,6,"6","male",496,47.6,"Parity group"
25.5984555984556,0.000680197730568483,0.00812500437324846,6,"6","male",496,47.6,"Parity group"
25.7915057915058,0.000697033312122164,0.00832610644636993,6,"6","male",496,47.6,"Parity group"
25.984555984556,0.000718274191024452,0.00857983007145243,6,"6","male",496,47.6,"Parity group"
26.1776061776062,0.000744270489992328,0.00889035748621716,6,"6","male",496,47.6,"Parity group"
26.3706563706564,0.00077726233314726,0.00928444711320154,6,"6","male",496,47.6,"Parity group"
26.5637065637066,0.00081731830512261,0.00976291820013449,6,"6","male",496,47.6,"Parity group"
26.7567567567568,0.000867278486897617,0.0103596956916897,6,"6","male",496,47.6,"Parity group"
26.9498069498069,0.000927488637514866,0.0110789097012252,6,"6","male",496,47.6,"Parity group"
27.1428571428571,0.00100071856603152,0.0119536457709166,6,"6","male",496,47.6,"Parity group"
27.3359073359073,0.00108797693566694,0.012995952445915,6,"6","male",496,47.6,"Parity group"
27.5289575289575,0.00119120767453109,0.0142290500689016,6,"6","male",496,47.6,"Parity group"
27.7220077220077,0.00131221742912656,0.0156745191451836,6,"6","male",496,47.6,"Parity group"
27.9150579150579,0.00145130041802703,0.0173358741339989,6,"6","male",496,47.6,"Parity group"
28.1081081081081,0.00161103567127059,0.0192439217102253,6,"6","male",496,47.6,"Parity group"
28.3011583011583,0.00178941773337056,0.0213747065828241,6,"6","male",496,47.6,"Parity group"
28.4942084942085,0.0019895457881,0.0237652486955233,6,"6","male",496,47.6,"Parity group"
28.6872586872587,0.00220733699584216,0.026366778274108,6,"6","male",496,47.6,"Parity group"
28.8803088803089,0.00244478379935095,0.0292030951717112,6,"6","male",496,47.6,"Parity group"
29.0733590733591,0.00269746677480184,0.0322214090947349,6,"6","male",496,47.6,"Parity group"
29.2664092664093,0.00296498184926341,0.0354168933667767,6,"6","male",496,47.6,"Parity group"
29.4594594594595,0.0032435617172195,0.03874454728816,6,"6","male",496,47.6,"Parity group"
29.6525096525097,0.00353084797126665,0.0421761995351565,6,"6","male",496,47.6,"Parity group"
29.8455598455598,0.00382352724960041,0.0456722717940768,6,"6","male",496,47.6,"Parity group"
30.03861003861,0.00411850315311245,0.0491957773841869,6,"6","male",496,47.6,"Parity group"
30.2316602316602,0.00441256017799967,0.0527083069117351,6,"6","male",496,47.6,"Parity group"
30.4247104247104,0.0047031665505092,0.056179618181122,6,"6","male",496,47.6,"Parity group"
30.6177606177606,0.00498679419506861,0.0595675681092899,6,"6","male",496,47.6,"Parity group"
30.8108108108108,0.00526239009543886,0.0628595783514972,6,"6","male",496,47.6,"Parity group"
31.003861003861,0.00552618463255902,0.0660106205726304,6,"6","male",496,47.6,"Parity group"
31.1969111969112,0.00577840538455799,0.0690234132076528,6,"6","male",496,47.6,"Parity group"
31.3899613899614,0.00601619323527657,0.0718638039354771,6,"6","male",496,47.6,"Parity group"
31.5830115830116,0.00623995421209845,0.0745366427785597,6,"6","male",496,47.6,"Parity group"
31.7760617760618,0.00644845490275043,0.0770271965502649,6,"6","male",496,47.6,"Parity group"
31.969111969112,0.00664193201389329,0.0793382927264392,6,"6","male",496,47.6,"Parity group"
32.1621621621622,0.00682101757103131,0.0814774808912041,6,"6","male",496,47.6,"Parity group"
32.3552123552124,0.00698580855657264,0.083445919505482,6,"6","male",496,47.6,"Parity group"
32.5482625482625,0.00713874095349109,0.085272706538034,6,"6","male",496,47.6,"Parity group"
32.7413127413127,0.00728021986362721,0.086962680955646,6,"6","male",496,47.6,"Parity group"
32.9343629343629,0.00741402076533674,0.0885609410830737,6,"6","male",496,47.6,"Parity group"
33.1274131274131,0.00754180060702961,0.0900872792725585,6,"6","male",496,47.6,"Parity group"
33.3204633204633,0.00766777401046359,0.0915920394442201,6,"6","male",496,47.6,"Parity group"
33.5135135135135,0.00779569102960869,0.0931200162269392,6,"6","male",496,47.6,"Parity group"
33.7065637065637,0.00792972499274121,0.0947210602876205,6,"6","male",496,47.6,"Parity group"
33.8996138996139,0.00807498339272919,0.0964561809475601,6,"6","male",496,47.6,"Parity group"
34.0926640926641,0.00823634627796348,0.0983836706895692,6,"6","male",496,47.6,"Parity group"
34.2857142857143,0.00841863096135544,0.100561072617238,6,"6","male",496,47.6,"Parity group"
34.4787644787645,0.00862829798281242,0.103065558283252,6,"6","male",496,47.6,"Parity group"
34.6718146718147,0.00886791591487875,0.105927809447073,6,"6","male",496,47.6,"Parity group"
34.8648648648649,0.00914639203897646,0.109254224141588,6,"6","male",496,47.6,"Parity group"
35.0579150579151,0.00946217395723624,0.113026258877295,6,"6","male",496,47.6,"Parity group"
35.2509652509653,0.00982732979367634,0.117388068149304,6,"6","male",496,47.6,"Parity group"
35.4440154440154,0.0102365334766789,0.1222760316995,6,"6","male",496,47.6,"Parity group"
35.6370656370656,0.0107001919892131,0.127814461589418,6,"6","male",496,47.6,"Parity group"
35.8301158301158,0.0112141217675982,0.133953384889605,6,"6","male",496,47.6,"Parity group"
36.023166023166,0.011784250449066,0.140763607597006,6,"6","male",496,47.6,"Parity group"
36.2162162162162,0.0124086444460956,0.148222032887923,6,"6","male",496,47.6,"Parity group"
36.4092664092664,0.0130879918445108,0.156336879990493,6,"6","male",496,47.6,"Parity group"
36.6023166023166,0.0138228846305888,0.165115220217771,6,"6","male",496,47.6,"Parity group"
36.7953667953668,0.014608681918859,0.174501617902965,6,"6","male",496,47.6,"Parity group"
36.988416988417,0.0154481292366533,0.184528868541525,6,"6","male",496,47.6,"Parity group"
37.1814671814672,0.0163317209976342,0.195083427310982,6,"6","male",496,47.6,"Parity group"
37.3745173745174,0.0172632793394147,0.206210949883833,6,"6","male",496,47.6,"Parity group"
37.5675675675676,0.0182304804080023,0.217764227054454,6,"6","male",496,47.6,"Parity group"
37.7606177606178,0.0192337876535278,0.2297487947636,6,"6","male",496,47.6,"Parity group"
37.953667953668,0.0202622970490879,0.242034403728907,6,"6","male",496,47.6,"Parity group"
38.1467181467181,0.0213115830433556,0.254568190463373,6,"6","male",496,47.6,"Parity group"
38.3397683397683,0.0223724614017161,0.267240448710927,6,"6","male",496,47.6,"Parity group"
38.5328185328185,0.0234376002658405,0.27996359896592,6,"6","male",496,47.6,"Parity group"
38.7258687258687,0.0244984519565355,0.292635538666543,6,"6","male",496,47.6,"Parity group"
38.9189189189189,0.0255480891790061,0.305173520843829,6,"6","male",496,47.6,"Parity group"
39.1119691119691,0.0265778055236122,0.317473546890869,6,"6","male",496,47.6,"Parity group"
39.3050193050193,0.0275844978654913,0.329498549787376,6,"6","male",496,47.6,"Parity group"
39.4980694980695,0.0285591587755114,0.34114093522981,6,"6","male",496,47.6,"Parity group"
39.6911196911197,0.0295042526472587,0.352430140553474,6,"6","male",496,47.6,"Parity group"
39.8841698841699,0.0304131276221912,0.36328670889264,6,"6","male",496,47.6,"Parity group"
40.0772200772201,0.0312917755106242,0.373782212795744,6,"6","male",496,47.6,"Parity group"
40.2702702702703,0.0321392642353788,0.38390551854267,6,"6","male",496,47.6,"Parity group"
40.4633204633205,0.0329624884592542,0.393738983311159,6,"6","male",496,47.6,"Parity group"
40.6563706563707,0.0337659690708819,0.403336609398267,6,"6","male",496,47.6,"Parity group"
40.8494208494209,0.0345569332889576,0.412784726382686,6,"6","male",496,47.6,"Parity group"
41.042471042471,0.0353423700409141,0.422166817439096,6,"6","male",496,47.6,"Parity group"
41.2355212355212,0.0361295602763799,0.431569853965537,6,"6","male",496,47.6,"Parity group"
41.4285714285714,0.0369240693286908,0.441060314216289,6,"6","male",496,47.6,"Parity group"
41.6216216216216,0.0377329017596181,0.450721868119177,6,"6","male",496,47.6,"Parity group"
41.8146718146718,0.0385573122782098,0.460569503252143,6,"6","male",496,47.6,"Parity group"
42.007722007722,0.0394026824044494,0.470667502207491,6,"6","male",496,47.6,"Parity group"
42.2007722007722,0.0402661013687519,0.480981095660736,6,"6","male",496,47.6,"Parity group"
42.3938223938224,0.0411486678164537,0.491523406999038,6,"6","male",496,47.6,"Parity group"
42.5868725868726,0.0420456843185578,0.50223832513965,6,"6","male",496,47.6,"Parity group"
42.7799227799228,0.0429539189636135,0.513087244698447,6,"6","male",496,47.6,"Parity group"
42.972972972973,0.0438677811207309,0.524003385240285,6,"6","male",496,47.6,"Parity group"
43.1660231660232,0.0447819799610783,0.534923547484333,6,"6","male",496,47.6,"Parity group"
43.3590733590734,0.045690406542048,0.54577475972961,6,"6","male",496,47.6,"Parity group"
43.5521235521236,0.0465887318592126,0.556505311747863,6,"6","male",496,47.6,"Parity group"
43.7451737451737,0.0474703501562445,0.567036297367196,6,"6","male",496,47.6,"Parity group"
43.9382239382239,0.0483342516411389,0.577355654559048,6,"6","male",496,47.6,"Parity group"
44.1312741312741,0.0491734785697778,0.587380272635383,6,"6","male",496,47.6,"Parity group"
44.3243243243243,0.0499902491081688,0.597136647727697,6,"6","male",496,47.6,"Parity group"
44.5173745173745,0.0507798115368157,0.606568020249842,6,"6","male",496,47.6,"Parity group"
44.7104247104247,0.0515445632789105,0.615703027571575,6,"6","male",496,47.6,"Parity group"
44.9034749034749,0.0522826923643855,0.624520025597273,6,"6","male",496,47.6,"Parity group"
45.0965250965251,0.0529955535419851,0.633035196885297,6,"6","male",496,47.6,"Parity group"
45.2895752895753,0.0536835746527283,0.64125365202334,6,"6","male",496,47.6,"Parity group"
45.4826254826255,0.0543461664782161,0.649168352760827,6,"6","male",496,47.6,"Parity group"
45.6756756756757,0.0549851510418822,0.656801063281467,6,"6","male",496,47.6,"Parity group"
45.8687258687259,0.0555973032542106,0.664113259689568,6,"6","male",496,47.6,"Parity group"
46.0617760617761,0.0561854981404742,0.671139284341576,6,"6","male",496,47.6,"Parity group"
46.2548262548263,0.056743238824375,0.67780153164435,6,"6","male",496,47.6,"Parity group"
46.4478764478765,0.0572738521818838,0.68413974133914,6,"6","male",496,47.6,"Parity group"
46.6409266409266,0.0577700480137962,0.690066831541141,6,"6","male",496,47.6,"Parity group"
46.8339768339768,0.0582330650369437,0.69559759880027,6,"6","male",496,47.6,"Parity group"
47.027027027027,0.058656698570668,0.70065792781855,6,"6","male",496,47.6,"Parity group"
47.2200772200772,0.0590395147923205,0.705230691494897,6,"6","male",496,47.6,"Parity group"
47.4131274131274,0.0593776478054924,0.709269711455262,6,"6","male",496,47.6,"Parity group"
47.6061776061776,0.0596664542914137,0.712719522966942,6,"6","male",496,47.6,"Parity group"
47.7992277992278,0.0599056437527675,0.715576656021341,6,"6","male",496,47.6,"Parity group"
47.992277992278,0.0600866539892793,0.717738834601431,6,"6","male",496,47.6,"Parity group"
48.1853281853282,0.0602139063848355,0.719258872413872,6,"6","male",496,47.6,"Parity group"
48.3783783783784,0.0602741926737746,0.719978995900417,6,"6","male",496,47.6,"Parity group"
48.5714285714286,0.0602759510655505,0.72,6,"6","male",496,47.6,"Parity group"
48.7644787644788,0.0602058231707954,0.719162317917327,6,"6","male",496,47.6,"Parity group"
48.957528957529,0.0600710355351,0.717552271190812,6,"6","male",496,47.6,"Parity group"
49.1505791505791,0.059862626236052,0.715062809097524,6,"6","male",496,47.6,"Parity group"
49.3436293436293,0.0595840423839532,0.711735107585307,6,"6","male",496,47.6,"Parity group"
49.5366795366795,0.0592324451299064,0.707535256426784,6,"6","male",496,47.6,"Parity group"
49.7297297297297,0.0588074282837329,0.702458403654904,6,"6","male",496,47.6,"Parity group"
49.9227799227799,0.0583128510328129,0.696550647503945,6,"6","male",496,47.6,"Parity group"
50.1158301158301,0.0577447860938271,0.689765076329382,6,"6","male",496,47.6,"Parity group"
50.3088803088803,0.0571135665501098,0.682225119456994,6,"6","male",496,47.6,"Parity group"
50.5019305019305,0.0564124177776362,0.673849853579695,6,"6","male",496,47.6,"Parity group"
50.6949806949807,0.0556559469720916,0.664813762562238,6,"6","male",496,47.6,"Parity group"
50.8880308880309,0.054838371874501,0.655047776960036,6,"6","male",496,47.6,"Parity group"
51.0810810810811,0.0539730096013707,0.644710970561473,6,"6","male",496,47.6,"Parity group"
51.2741312741313,0.0530586095264705,0.633788404558123,6,"6","male",496,47.6,"Parity group"
51.4671814671815,0.0521038795714585,0.622384095618045,6,"6","male",496,47.6,"Parity group"
51.6602316602317,0.0511112866522469,0.610527511205877,6,"6","male",496,47.6,"Parity group"
51.8532818532819,0.0500855890607598,0.598275489415833,6,"6","male",496,47.6,"Parity group"
52.046332046332,0.0490311544289432,0.585680201884289,6,"6","male",496,47.6,"Parity group"
52.2393822393822,0.0479496348788703,0.572761383312589,6,"6","male",496,47.6,"Parity group"
52.4324324324324,0.0468461849220683,0.559580604662851,6,"6","male",496,47.6,"Parity group"
52.6254826254826,0.0457203184893749,0.546132059808574,6,"6","male",496,47.6,"Parity group"
52.8185328185328,0.0445774429285177,0.532480339856079,6,"6","male",496,47.6,"Parity group"
53.011583011583,0.0434165236687342,0.518613086792995,6,"6","male",496,47.6,"Parity group"
53.2046332046332,0.0422424785141366,0.50458904409658,6,"6","male",496,47.6,"Parity group"
53.3976833976834,0.0410558481675495,0.490414670495846,6,"6","male",496,47.6,"Parity group"
53.5907335907336,0.0398605408701191,0.47613665017537,6,"6","male",496,47.6,"Parity group"
53.7837837837838,0.038659042484488,0.461784676919675,6,"6","male",496,47.6,"Parity group"
53.976833976834,0.0374552051910275,0.447404765263881,6,"6","male",496,47.6,"Parity group"
54.1698841698842,0.0362527093812761,0.433040877714775,6,"6","male",496,47.6,"Parity group"
54.3629343629344,0.0350561850360496,0.418748319682364,6,"6","male",496,47.6,"Parity group"
54.5559845559846,0.0338690949547313,0.404568454521553,6,"6","male",496,47.6,"Parity group"
54.7490347490347,0.0326975698511149,0.390574513991499,6,"6","male",496,47.6,"Parity group"
54.9420849420849,0.0315431148678151,0.376784477114737,6,"6","male",496,47.6,"Parity group"
55.1351351351351,0.0304137411831996,0.363294037917205,6,"6","male",496,47.6,"Parity group"
55.3281853281853,0.029308515384495,0.350092046725031,6,"6","male",496,47.6,"Parity group"
55.5212355212355,0.0282344104233584,0.337261795881253,6,"6","male",496,47.6,"Parity group"
55.7142857142857,0.0271903694308223,0.324790661020045,6,"6","male",496,47.6,"Parity group"
55.9073359073359,0.0261802895187932,0.312725193386527,6,"6","male",496,47.6,"Parity group"
56.1003861003861,0.0252036280130545,0.301058910703287,6,"6","male",496,47.6,"Parity group"
56.2934362934363,0.0242604501289346,0.289792591971495,6,"6","male",496,47.6,"Parity group"
56.4864864864865,0.0233510546821575,0.278929806563639,6,"6","male",496,47.6,"Parity group"
56.6795366795367,0.0224717970416389,0.268427019133792,6,"6","male",496,47.6,"Parity group"
56.8725868725869,0.0216237948109926,0.258297579526919,6,"6","male",496,47.6,"Parity group"
57.0656370656371,0.0208005910758099,0.248464359497143,6,"6","male",496,47.6,"Parity group"
57.2586872586873,0.0200038486726928,0.238947221731528,6,"6","male",496,47.6,"Parity group"
57.4517374517375,0.0192262782431563,0.229659094387715,6,"6","male",496,47.6,"Parity group"
57.6447876447876,0.0184680662057771,0.220602204247244,6,"6","male",496,47.6,"Parity group"
57.8378378378378,0.0177240672838262,0.211715090658243,6,"6","male",496,47.6,"Parity group"
58.030888030888,0.0169931453637185,0.20298418267298,6,"6","male",496,47.6,"Parity group"
58.2239382239382,0.0162724740967491,0.194375719379656,6,"6","male",496,47.6,"Parity group"
58.4169884169884,0.0155608606620054,0.185875452457974,6,"6","male",496,47.6,"Parity group"
58.6100386100386,0.0148576646305353,0.177475731944101,6,"6","male",496,47.6,"Parity group"
58.8030888030888,0.0141624246783485,0.169171047294163,6,"6","male",496,47.6,"Parity group"
58.996138996139,0.0134767409333783,0.160980512136259,6,"6","male",496,47.6,"Parity group"
59.1891891891892,0.0128007393301958,0.152905630766704,6,"6","male",496,47.6,"Parity group"
59.3822393822394,0.0121384821808915,0.144994927757132,6,"6","male",496,47.6,"Parity group"
59.5752895752896,0.0114900237889452,0.137249051765999,6,"6","male",496,47.6,"Parity group"
59.7683397683398,0.0108608600277454,0.129733651344175,6,"6","male",496,47.6,"Parity group"
59.96138996139,0.0102511622085926,0.122450772815845,6,"6","male",496,47.6,"Parity group"
60.1544401544402,0.00966580783795645,0.11545867830041,6,"6","male",496,47.6,"Parity group"
60.3474903474903,0.0091054978237456,0.108765740186616,6,"6","male",496,47.6,"Parity group"
60.5405405405405,0.00857278654605822,0.102402470704268,6,"6","male",496,47.6,"Parity group"
60.7335907335907,0.00806895793118154,0.0963842064330545,6,"6","male",496,47.6,"Parity group"
60.9266409266409,0.00759326640433972,0.0907020414357135,6,"6","male",496,47.6,"Parity group"
61.1196911196911,0.00714763384392049,0.0853789326696168,6,"6","male",496,47.6,"Parity group"
61.3127413127413,0.0067279950853346,0.0803663214898568,6,"6","male",496,47.6,"Parity group"
61.5057915057915,0.0063369170178569,0.0756948695491363,6,"6","male",496,47.6,"Parity group"
61.6988416988417,0.00596826240673027,0.0712912671949816,6,"6","male",496,47.6,"Parity group"
61.8918918918919,0.00562415709233824,0.0671809077235429,6,"6","male",496,47.6,"Parity group"
62.0849420849421,0.00529907529476647,0.063297785348632,6,"6","male",496,47.6,"Parity group"
62.2779922779923,0.00499365550705626,0.0596495269095041,6,"6","male",496,47.6,"Parity group"
62.4710424710425,0.00470472468054393,0.0561982301416996,6,"6","male",496,47.6,"Parity group"
62.6640926640927,0.00443200896978718,0.0529406239443072,6,"6","male",496,47.6,"Parity group"
62.8571428571429,0.00417457729419456,0.0498655865015115,6,"6","male",496,47.6,"Parity group"
63.0501930501931,0.00393182630576704,0.0469659107837823,6,"6","male",496,47.6,"Parity group"
63.2432432432432,0.00370485237177026,0.0442546929665808,6,"6","male",496,47.6,"Parity group"
63.4362934362934,0.00349258925448821,0.0417191967737979,6,"6","male",496,47.6,"Parity group"
63.6293436293436,0.00329788475736308,0.0393934393954092,6,"6","male",496,47.6,"Parity group"
63.8223938223938,0.00311870715868124,0.037253151788655,6,"6","male",496,47.6,"Parity group"
64.015444015444,0.00295882582712375,0.0353433592978454,6,"6","male",496,47.6,"Parity group"
64.2084942084942,0.00281549437820941,0.0336312561888278,6,"6","male",496,47.6,"Parity group"
64.4015444015444,0.00269114565023526,0.0321459028670025,6,"6","male",496,47.6,"Parity group"
64.5945945945946,0.00258347730184978,0.0308597977211337,6,"6","male",496,47.6,"Parity group"
64.7876447876448,0.00249262716203249,0.0297745871269896,6,"6","male",496,47.6,"Parity group"
64.980694980695,0.00241656024476162,0.0288659630494455,6,"6","male",496,47.6,"Parity group"
65.1737451737452,0.00235328150730891,0.0281100945785125,6,"6","male",496,47.6,"Parity group"
65.3667953667954,0.00230081620799053,0.027483393301445,6,"6","male",496,47.6,"Parity group"
65.5598455598456,0.00225590140169535,0.0269468831351042,6,"6","male",496,47.6,"Parity group"
65.7528957528958,0.002216393619177,0.0264749602054723,6,"6","male",496,47.6,"Parity group"
65.9459459459459,0.00217906181250087,0.0260290294431756,6,"6","male",496,47.6,"Parity group"
66.1389961389961,0.0021414305921262,0.0255795221655501,6,"6","male",496,47.6,"Parity group"
66.3320463320463,0.00210140699251269,0.0251014377685012,6,"6","male",496,47.6,"Parity group"
66.5250965250965,0.00205668467595048,0.0245672269040425,6,"6","male",496,47.6,"Parity group"
66.7181467181467,0.00200642992092995,0.0239669307166721,6,"6","male",496,47.6,"Parity group"
66.9111969111969,0.00194939066726186,0.0232855932692319,6,"6","male",496,47.6,"Parity group"
67.1042471042471,0.00188557453437704,0.0225233055762995,6,"6","male",496,47.6,"Parity group"
67.2972972972973,0.00181517460542321,0.021682374028133,6,"6","male",496,47.6,"Parity group"
67.4903474903475,0.00173872571077752,0.0207691872069904,6,"6","male",496,47.6,"Parity group"
67.6833976833977,0.00165756298737626,0.0197996934069614,6,"6","male",496,47.6,"Parity group"
67.8764478764479,0.0015725683052069,0.0187844266201232,6,"6","male",496,47.6,"Parity group"
68.0694980694981,0.00148546755013802,0.0177440026609658,6,"6","male",496,47.6,"Parity group"
68.2625482625483,0.00139740425760462,0.0166920811316797,6,"6","male",496,47.6,"Parity group"
68.4555984555984,0.001309721944499,0.0156447104254525,6,"6","male",496,47.6,"Parity group"
68.6486486486486,0.00122363746791672,0.014616425976289,6,"6","male",496,47.6,"Parity group"
68.8416988416988,0.00113981241977269,0.0136151305409326,6,"6","male",496,47.6,"Parity group"
69.034749034749,0.00105909069375522,0.0126509044821954,6,"6","male",496,47.6,"Parity group"
69.2277992277992,0.000981692105156996,0.0117263735074768,6,"6","male",496,47.6,"Parity group"
69.4208494208494,0.000907843345293055,0.010844245458693,6,"6","male",496,47.6,"Parity group"
69.6138996138996,0.000837586454771844,0.0100050225135377,6,"6","male",496,47.6,"Parity group"
69.8069498069498,0.000770611274060728,0.0092049997970224,6,"6","male",496,47.6,"Parity group"
70,0.000706992407426684,0.00844506846177564,6,"6","male",496,47.6,"Parity group"
20,0.000516621854934062,0.00659153318212119,7,">=7","male",439,47.1,"Parity group"
20.1930501930502,0.00051820070452601,0.00661167758634163,7,">=7","male",439,47.1,"Parity group"
20.3861003861004,0.000518571234264332,0.00661640514295152,7,">=7","male",439,47.1,"Parity group"
20.5791505791506,0.000518822029329494,0.00661960501531104,7,">=7","male",439,47.1,"Parity group"
20.7722007722008,0.000520060863801915,0.00663541119628099,7,">=7","male",439,47.1,"Parity group"
20.965250965251,0.000523326831914531,0.0066770813985391,7,">=7","male",439,47.1,"Parity group"
21.1583011583012,0.000530049874086236,0.00676286010715616,7,">=7","male",439,47.1,"Parity group"
21.3513513513514,0.000541112034277371,0.00690400124408137,7,">=7","male",439,47.1,"Parity group"
21.5444015444015,0.000557977537325763,0.00711918672629608,7,">=7","male",439,47.1,"Parity group"
21.7374517374517,0.00058128131997079,0.00741651765627239,7,">=7","male",439,47.1,"Parity group"
21.9305019305019,0.000612209089534005,0.00781112237029663,7,">=7","male",439,47.1,"Parity group"
22.1235521235521,0.000651076339475101,0.0083070262219005,7,">=7","male",439,47.1,"Parity group"
22.3166023166023,0.000698518246542249,0.00891233337580735,7,">=7","male",439,47.1,"Parity group"
22.5096525096525,0.000754472356490859,0.00962624698375836,7,">=7","male",439,47.1,"Parity group"
22.7027027027027,0.000818851744471702,0.0104476579791847,7,">=7","male",439,47.1,"Parity group"
22.8957528957529,0.000891168677245433,0.0113703434162305,7,">=7","male",439,47.1,"Parity group"
23.0888030888031,0.000970587237123391,0.0123836378940235,7,">=7","male",439,47.1,"Parity group"
23.2818532818533,0.00105616225106153,0.0134754820321422,7,">=7","male",439,47.1,"Parity group"
23.4749034749035,0.00114644795400749,0.0146274294403976,7,">=7","male",439,47.1,"Parity group"
23.6679536679537,0.00124003838359726,0.0158215415676297,7,">=7","male",439,47.1,"Parity group"
23.8610038610039,0.00133517500483485,0.017035381419222,7,">=7","male",439,47.1,"Parity group"
24.0540540540541,0.0014300384319926,0.0182457356113803,7,">=7","male",439,47.1,"Parity group"
24.2471042471042,0.001522969724917,0.0194314378713957,7,">=7","male",439,47.1,"Parity group"
24.4401544401544,0.00161185803415265,0.0205655560551961,7,">=7","male",439,47.1,"Parity group"
24.6332046332046,0.00169559395267337,0.0216339353353084,7,">=7","male",439,47.1,"Parity group"
24.8262548262548,0.00177198763570167,0.0226086356732368,7,">=7","male",439,47.1,"Parity group"
25.019305019305,0.00184086221364116,0.0234874004052296,7,">=7","male",439,47.1,"Parity group"
25.2123552123552,0.00190024909153886,0.0242451124000024,7,">=7","male",439,47.1,"Parity group"
25.4054054054054,0.00195110843286991,0.0248940222995791,7,">=7","male",439,47.1,"Parity group"
25.5984555984556,0.00199205186516065,0.0254164159806764,7,">=7","male",439,47.1,"Parity group"
25.7915057915058,0.0020251132759636,0.0258382436371608,7,">=7","male",439,47.1,"Parity group"
25.984555984556,0.00204984562366995,0.0261538015041406,7,">=7","male",439,47.1,"Parity group"
26.1776061776062,0.00206899002693644,0.0263980632754493,7,">=7","male",439,47.1,"Parity group"
26.3706563706564,0.00208332703390175,0.0265809878967009,7,">=7","male",439,47.1,"Parity group"
26.5637065637066,0.00209567758885866,0.0267385675500559,7,">=7","male",439,47.1,"Parity group"
26.7567567567568,0.00210817687062737,0.0268980447958291,7,">=7","male",439,47.1,"Parity group"
26.9498069498069,0.00212305125192111,0.027087825729262,7,">=7","male",439,47.1,"Parity group"
27.1428571428571,0.00214342338063148,0.0273477519424144,7,">=7","male",439,47.1,"Parity group"
27.3359073359073,0.00217056875466003,0.0276940974017507,7,">=7","male",439,47.1,"Parity group"
27.5289575289575,0.00220787549949632,0.0281700909048454,7,">=7","male",439,47.1,"Parity group"
27.7220077220077,0.00225551586838581,0.0287779302158317,7,">=7","male",439,47.1,"Parity group"
27.9150579150579,0.00231635497724006,0.0295541710987007,7,">=7","male",439,47.1,"Parity group"
28.1081081081081,0.00238947691861898,0.0304871275703192,7,">=7","male",439,47.1,"Parity group"
28.3011583011583,0.0024765988050837,0.0315987081200706,7,">=7","male",439,47.1,"Parity group"
28.4942084942085,0.00257589455861573,0.032865613977806,7,">=7","male",439,47.1,"Parity group"
28.6872586872587,0.00268765023693595,0.0342914949290333,7,">=7","male",439,47.1,"Parity group"
28.8803088803089,0.00280944873228416,0.0358455113066848,7,">=7","male",439,47.1,"Parity group"
29.0733590733591,0.00294029535380853,0.0375149719369487,7,">=7","male",439,47.1,"Parity group"
29.2664092664093,0.00307760821717696,0.03926693478285,7,">=7","male",439,47.1,"Parity group"
29.4594594594595,0.00321966482295879,0.0410794226244066,7,">=7","male",439,47.1,"Parity group"
29.6525096525097,0.00336420842005429,0.0429236417711939,7,">=7","male",439,47.1,"Parity group"
29.8455598455598,0.00350958773064713,0.0447785237135943,7,">=7","male",439,47.1,"Parity group"
30.03861003861,0.00365437281720954,0.0466258240034246,7,">=7","male",439,47.1,"Parity group"
30.2316602316602,0.00379778100411068,0.048455556550584,7,">=7","male",439,47.1,"Parity group"
30.4247104247104,0.00393966379457092,0.0502658266976145,7,">=7","male",439,47.1,"Parity group"
30.6177606177606,0.00408063265184031,0.0520644360507853,7,">=7","male",439,47.1,"Parity group"
30.8108108108108,0.00422216717642893,0.0538702627039391,7,">=7","male",439,47.1,"Parity group"
31.003861003861,0.00436631907029163,0.0557094841433473,7,">=7","male",439,47.1,"Parity group"
31.1969111969112,0.00451638096522328,0.0576241107708643,7,">=7","male",439,47.1,"Parity group"
31.3899613899614,0.00467533961882038,0.0596522503661285,7,">=7","male",439,47.1,"Parity group"
31.5830115830116,0.0048482889750929,0.0618588961164177,7,">=7","male",439,47.1,"Parity group"
31.7760617760618,0.0050381907982016,0.0642818369123043,7,">=7","male",439,47.1,"Parity group"
31.969111969112,0.0052517253727737,0.0670063059226247,7,">=7","male",439,47.1,"Parity group"
32.1621621621622,0.00549065503984686,0.0700547887029495,7,">=7","male",439,47.1,"Parity group"
32.3552123552124,0.00576285248115702,0.0735277321128124,7,">=7","male",439,47.1,"Parity group"
32.5482625482625,0.00606780149996787,0.0774185500430828,7,">=7","male",439,47.1,"Parity group"
32.7413127413127,0.00641404268400539,0.0818362111075601,7,">=7","male",439,47.1,"Parity group"
32.9343629343629,0.00679807868301921,0.086736092919474,7,">=7","male",439,47.1,"Parity group"
33.1274131274131,0.00722852140440429,0.0922280740540593,7,">=7","male",439,47.1,"Parity group"
33.3204633204633,0.00769873636491332,0.0982275057182901,7,">=7","male",439,47.1,"Parity group"
33.5135135135135,0.00821679090505421,0.104837318405992,7,">=7","male",439,47.1,"Parity group"
33.7065637065637,0.0087733266445344,0.111938109359344,7,">=7","male",439,47.1,"Parity group"
33.8996138996139,0.00937526834022535,0.119618230947224,7,">=7","male",439,47.1,"Parity group"
34.0926640926641,0.0100117217114704,0.127738683993039,7,">=7","male",439,47.1,"Parity group"
34.2857142857143,0.010686975978527,0.13635419428391,7,">=7","male",439,47.1,"Parity group"
34.4787644787645,0.0113906218353539,0.145331950392056,7,">=7","male",439,47.1,"Parity group"
34.6718146718147,0.0121237341390298,0.154685666325189,7,">=7","male",439,47.1,"Parity group"
34.8648648648649,0.0128771900169836,0.16429894414796,7,">=7","male",439,47.1,"Parity group"
35.0579150579151,0.0136492289586125,0.17414932165916,7,">=7","male",439,47.1,"Parity group"
35.2509652509653,0.0144322837461076,0.184140249386852,7,">=7","male",439,47.1,"Parity group"
35.4440154440154,0.0152225072883982,0.194222642631649,7,">=7","male",439,47.1,"Parity group"
35.6370656370656,0.0160139842877026,0.204321028625147,7,">=7","male",439,47.1,"Parity group"
35.8301158301158,0.0168017269428974,0.214371768447897,7,">=7","male",439,47.1,"Parity group"
36.023166023166,0.0175814769617324,0.224320530920531,7,">=7","male",439,47.1,"Parity group"
36.2162162162162,0.018348175749096,0.234102773869282,7,">=7","male",439,47.1,"Parity group"
36.4092664092664,0.0190992135129723,0.243685199185471,7,">=7","male",439,47.1,"Parity group"
36.6023166023166,0.0198305499228034,0.253016256643948,7,">=7","male",439,47.1,"Parity group"
36.7953667953668,0.0205412527829882,0.262084052442355,7,">=7","male",439,47.1,"Parity group"
36.988416988417,0.0212292541442064,0.270862201795702,7,">=7","male",439,47.1,"Parity group"
37.1814671814672,0.0218953807113483,0.279361252559571,7,">=7","male",439,47.1,"Parity group"
37.3745173745174,0.0225401653003355,0.287588002885826,7,">=7","male",439,47.1,"Parity group"
37.5675675675676,0.0231663052385703,0.295576867739507,7,">=7","male",439,47.1,"Parity group"
37.7606177606178,0.0237770526704869,0.303369340947764,7,">=7","male",439,47.1,"Parity group"
37.953667953668,0.0243770661884104,0.311024861083702,7,">=7","male",439,47.1,"Parity group"
38.1467181467181,0.0249718088456092,0.318613130767434,7,">=7","male",439,47.1,"Parity group"
38.3397683397683,0.0255678988460733,0.326218591086358,7,">=7","male",439,47.1,"Parity group"
38.5328185328185,0.0261718794385527,0.333924726780507,7,">=7","male",439,47.1,"Parity group"
38.7258687258687,0.0267921557420123,0.341838778029577,7,">=7","male",439,47.1,"Parity group"
38.9189189189189,0.0274347534582507,0.350037626237191,7,">=7","male",439,47.1,"Parity group"
39.1119691119691,0.0281094493160018,0.358646011832442,7,">=7","male",439,47.1,"Parity group"
39.3050193050193,0.0288199823019953,0.367711640220861,7,">=7","male",439,47.1,"Parity group"
39.4980694980695,0.029576795551034,0.37736775444844,7,">=7","male",439,47.1,"Parity group"
39.6911196911197,0.0303797860368526,0.387613040012049,7,">=7","male",439,47.1,"Parity group"
39.8841698841699,0.0312390624909632,0.398576473335265,7,">=7","male",439,47.1,"Parity group"
40.0772200772201,0.0321497322676451,0.410195629578122,7,">=7","male",439,47.1,"Parity group"
40.2702702702703,0.0331203226037953,0.422579307012358,7,">=7","male",439,47.1,"Parity group"
40.4633204633205,0.0341411209714614,0.435603584341054,7,">=7","male",439,47.1,"Parity group"
40.6563706563707,0.0352176893840799,0.449339426808469,7,">=7","male",439,47.1,"Parity group"
40.8494208494209,0.0363365273805205,0.463614583208691,7,">=7","male",439,47.1,"Parity group"
41.042471042471,0.0374988758999525,0.478444886576332,7,">=7","male",439,47.1,"Parity group"
41.2355212355212,0.0386894737674709,0.493635620912013,7,">=7","male",439,47.1,"Parity group"
41.4285714285714,0.0399041158419657,0.509133133187127,7,">=7","male",439,47.1,"Parity group"
41.6216216216216,0.0411285193804867,0.524755191130259,7,">=7","male",439,47.1,"Parity group"
41.8146718146718,0.0423523643174002,0.540370121924206,7,">=7","male",439,47.1,"Parity group"
42.007722007722,0.0435648313298329,0.555839882772201,7,">=7","male",439,47.1,"Parity group"
42.2007722007722,0.0447509878358103,0.570973950163402,7,">=7","male",439,47.1,"Parity group"
42.3938223938224,0.04590418848453,0.585687536646593,7,">=7","male",439,47.1,"Parity group"
42.5868725868726,0.0470075690663423,0.599765473241924,7,">=7","male",439,47.1,"Parity group"
42.7799227799228,0.0480588260980409,0.613178370008098,7,">=7","male",439,47.1,"Parity group"
42.972972972973,0.0490420488319575,0.62572322310351,7,">=7","male",439,47.1,"Parity group"
43.1660231660232,0.0499589999061889,0.637422521873884,7,">=7","male",439,47.1,"Parity group"
43.3590733590734,0.0507972337598927,0.648117474494057,7,">=7","male",439,47.1,"Parity group"
43.5521235521236,0.051561934459311,0.657874224013007,7,">=7","male",439,47.1,"Parity group"
43.7451737451737,0.0522457568083483,0.666599053714473,7,">=7","male",439,47.1,"Parity group"
43.9382239382239,0.0528563738521548,0.674389863312208,7,">=7","male",439,47.1,"Parity group"
44.1312741312741,0.0533919679947293,0.681223462257378,7,">=7","male",439,47.1,"Parity group"
44.3243243243243,0.0538615611651296,0.68721496055585,7,">=7","male",439,47.1,"Parity group"
44.5173745173745,0.0542680256050737,0.692401004889158,7,">=7","male",439,47.1,"Parity group"
44.7104247104247,0.0546204712764309,0.696897828466129,7,">=7","male",439,47.1,"Parity group"
44.9034749034749,0.0549246257619641,0.700778509015617,7,">=7","male",439,47.1,"Parity group"
45.0965250965251,0.055188413267238,0.704144150785194,7,">=7","male",439,47.1,"Parity group"
45.2895752895753,0.0554181399024508,0.707075212884794,7,">=7","male",439,47.1,"Parity group"
45.4826254826255,0.055619393288034,0.709642987276093,7,">=7","male",439,47.1,"Parity group"
45.6756756756757,0.055797037155796,0.711909529888975,7,">=7","male",439,47.1,"Parity group"
45.8687258687259,0.055953448744079,0.713905171700077,7,">=7","male",439,47.1,"Parity group"
46.0617760617761,0.0560909122592362,0.71565905669901,7,">=7","male",439,47.1,"Parity group"
46.2548262548263,0.0562081417759894,0.71715477787732,7,">=7","male",439,47.1,"Parity group"
46.4478764478765,0.0563049325733768,0.718389723218113,7,">=7","male",439,47.1,"Parity group"
46.6409266409266,0.0563763993293104,0.719301561323018,7,">=7","male",439,47.1,"Parity group"
46.8339768339768,0.0564210993324545,0.719871884763946,7,">=7","male",439,47.1,"Parity group"
47.027027027027,0.0564311405670302,0.72,7,">=7","male",439,47.1,"Parity group"
47.2200772200772,0.0564057909911002,0.719676566971956,7,">=7","male",439,47.1,"Parity group"
47.4131274131274,0.0563351848156952,0.718775708938948,7,">=7","male",439,47.1,"Parity group"
47.6061776061776,0.0562212495333429,0.717322018610002,7,">=7","male",439,47.1,"Parity group"
47.7992277992278,0.0560534350365836,0.715180888084327,7,">=7","male",439,47.1,"Parity group"
47.992277992278,0.055837590182098,0.712426942414117,7,">=7","male",439,47.1,"Parity group"
48.1853281853282,0.0555637781077747,0.708933398042483,7,">=7","male",439,47.1,"Parity group"
48.3783783783784,0.0552419042251798,0.70482663725155,7,">=7","male",439,47.1,"Parity group"
48.5714285714286,0.0548636855837262,0.700000978597298,7,">=7","male",439,47.1,"Parity group"
48.7644787644788,0.0544420075115699,0.694620824857682,7,">=7","male",439,47.1,"Parity group"
48.957528957529,0.0539709096263733,0.688610128034381,7,">=7","male",439,47.1,"Parity group"
49.1505791505791,0.0534639261826382,0.682141570499987,7,">=7","male",439,47.1,"Parity group"
49.3436293436293,0.052918456469821,0.675181970015537,7,">=7","male",439,47.1,"Parity group"
49.5366795366795,0.0523457642167956,0.667875039515195,7,">=7","male",439,47.1,"Parity group"
49.7297297297297,0.0517456217872534,0.660217874607158,7,">=7","male",439,47.1,"Parity group"
49.9227799227799,0.0511262057748006,0.652314799736001,7,">=7","male",439,47.1,"Parity group"
50.1158301158301,0.0504878420128837,0.644169972182246,7,">=7","male",439,47.1,"Parity group"
50.3088803088803,0.0498353994665136,0.635845514645746,7,">=7","male",439,47.1,"Parity group"
50.5019305019305,0.0491682387844009,0.627333269699172,7,">=7","male",439,47.1,"Parity group"
50.6949806949807,0.0484882524565526,0.61865738345744,7,">=7","male",439,47.1,"Parity group"
50.8880308880309,0.047793057935092,0.60978745720002,7,">=7","male",439,47.1,"Parity group"
51.0810810810811,0.0470823045374614,0.60071901659875,7,">=7","male",439,47.1,"Parity group"
51.2741312741313,0.0463519944088362,0.591401053372656,7,">=7","male",439,47.1,"Parity group"
51.4671814671815,0.0456004742303157,0.581812472970102,7,">=7","male",439,47.1,"Parity group"
51.6602316602317,0.0448230353657142,0.571893198312732,7,">=7","male",439,47.1,"Parity group"
51.8532818532819,0.0440176846666178,0.561617798993792,7,">=7","male",439,47.1,"Parity group"
52.046332046332,0.0431803312291257,0.550934079527265,7,">=7","male",439,47.1,"Parity group"
52.2393822393822,0.0423094897212472,0.539823088691847,7,">=7","male",439,47.1,"Parity group"
52.4324324324324,0.0414029911284357,0.528257152220138,7,">=7","male",439,47.1,"Parity group"
52.6254826254826,0.0404605140741845,0.516232169697327,7,">=7","male",439,47.1,"Parity group"
52.8185328185328,0.0394826837596339,0.503756118010224,7,">=7","male",439,47.1,"Parity group"
53.011583011583,0.0384707833521466,0.49084536897928,7,">=7","male",439,47.1,"Parity group"
53.2046332046332,0.0374284100701004,0.477545819199991,7,">=7","male",439,47.1,"Parity group"
53.3976833976834,0.0363586824790389,0.463897258178095,7,">=7","male",439,47.1,"Parity group"
53.5907335907336,0.0352675849396675,0.449976039849817,7,">=7","male",439,47.1,"Parity group"
53.7837837837838,0.0341601047932616,0.435845797267442,7,">=7","male",439,47.1,"Parity group"
53.976833976834,0.0330433888865496,0.421597716424957,7,">=7","male",439,47.1,"Parity group"
54.1698841698842,0.0319241353322642,0.407317257958444,7,">=7","male",439,47.1,"Parity group"
54.3629343629344,0.0308090607479503,0.393090118605264,7,">=7","male",439,47.1,"Parity group"
54.5559845559846,0.0297062284408137,0.379019177398694,7,">=7","male",439,47.1,"Parity group"
54.7490347490347,0.0286203195073478,0.365164160040561,7,">=7","male",439,47.1,"Parity group"
54.9420849420849,0.0275602476625489,0.351638795842959,7,">=7","male",439,47.1,"Parity group"
55.1351351351351,0.0265274024378071,0.338460813715683,7,">=7","male",439,47.1,"Parity group"
55.3281853281853,0.0255309152637574,0.32574672078567,7,">=7","male",439,47.1,"Parity group"
55.5212355212355,0.0245682635683162,0.313464331775752,7,">=7","male",439,47.1,"Parity group"
55.7142857142857,0.023648136476994,0.301724510480362,7,">=7","male",439,47.1,"Parity group"
55.9073359073359,0.022764251467947,0.290447098751319,7,">=7","male",439,47.1,"Parity group"
56.1003861003861,0.0219242839563651,0.279730026541507,7,">=7","male",439,47.1,"Parity group"
56.2934362934363,0.0211191518382855,0.269457416078694,7,">=7","male",439,47.1,"Parity group"
56.4864864864865,0.0203548700551803,0.259706011476441,7,">=7","male",439,47.1,"Parity group"
56.6795366795367,0.0196214248409073,0.250348047966041,7,">=7","male",439,47.1,"Parity group"
56.8725868725869,0.0189222267756391,0.241427040842409,7,">=7","male",439,47.1,"Parity group"
57.0656370656371,0.0182483859897235,0.23282956503412,7,">=7","male",439,47.1,"Parity group"
57.2586872586873,0.0176010885066162,0.224570752910987,7,">=7","male",439,47.1,"Parity group"
57.4517374517375,0.016973182669705,0.216559357110133,7,">=7","male",439,47.1,"Parity group"
57.6447876447876,0.0163645840063067,0.208794299851964,7,">=7","male",439,47.1,"Parity group"
57.8378378378378,0.015770094691816,0.201209262545747,7,">=7","male",439,47.1,"Parity group"
58.030888030888,0.0151892390656129,0.193798176279123,7,">=7","male",439,47.1,"Parity group"
58.2239382239382,0.0146186645145659,0.186518265353597,7,">=7","male",439,47.1,"Parity group"
58.4169884169884,0.0140581210243013,0.179366339857582,7,">=7","male",439,47.1,"Parity group"
58.6100386100386,0.0135058001880624,0.172319326487019,7,">=7","male",439,47.1,"Parity group"
58.8030888030888,0.0129619827151102,0.165380806786881,7,">=7","male",439,47.1,"Parity group"
58.996138996139,0.012426053085062,0.158542927386298,7,">=7","male",439,47.1,"Parity group"
59.1891891891892,0.0118988709647507,0.151816656699401,7,">=7","male",439,47.1,"Parity group"
59.3822393822394,0.0113807192758242,0.145205604498818,7,">=7","male",439,47.1,"Parity group"
59.5752895752896,0.010872918169038,0.138726614472881,7,">=7","male",439,47.1,"Parity group"
59.7683397683398,0.0103764563030164,0.132392300830736,7,">=7","male",439,47.1,"Parity group"
59.96138996139,0.00989289436213761,0.126222576208226,7,">=7","male",439,47.1,"Parity group"
60.1544401544402,0.00942381659902388,0.120237653946364,7,">=7","male",439,47.1,"Parity group"
60.3474903474903,0.00897072406455459,0.114456685822383,7,">=7","male",439,47.1,"Parity group"
60.5405405405405,0.00853570771772865,0.108906350199756,7,">=7","male",439,47.1,"Parity group"
60.7335907335907,0.00811983140533606,0.103600220606876,7,">=7","male",439,47.1,"Parity group"
60.9266409266409,0.00772555670629451,0.0985697041144313,7,">=7","male",439,47.1,"Parity group"
61.1196911196911,0.00735308513496959,0.0938173718266337,7,">=7","male",439,47.1,"Parity group"
61.3127413127413,0.00700502389760479,0.0893764888605171,7,">=7","male",439,47.1,"Parity group"
61.5057915057915,0.00668032582920948,0.0852336945293103,7,">=7","male",439,47.1,"Parity group"
61.6988416988417,0.00638143542467718,0.0814201779301263,7,">=7","male",439,47.1,"Parity group"
61.8918918918919,0.00610584056402148,0.0779038871431909,7,">=7","male",439,47.1,"Parity group"
62.0849420849421,0.00585548488520454,0.0747096208757197,7,">=7","male",439,47.1,"Parity group"
62.2779922779923,0.00562646956507367,0.071787634383202,7,">=7","male",439,47.1,"Parity group"
62.4710424710425,0.00541995273963823,0.0691527042219572,7,">=7","male",439,47.1,"Parity group"
62.6640926640927,0.0052310732044744,0.066742806708785,7,">=7","male",439,47.1,"Parity group"
62.8571428571429,0.00506005562995578,0.0645608083933841,7,">=7","male",439,47.1,"Parity group"
63.0501930501931,0.00490178154672781,0.0625414031717446,7,">=7","male",439,47.1,"Parity group"
63.2432432432432,0.00475558321990231,0.0606760714726744,7,">=7","male",439,47.1,"Parity group"
63.4362934362934,0.0046168939200853,0.0589065467941924,7,">=7","male",439,47.1,"Parity group"
63.6293436293436,0.00448438446977719,0.0572158702765255,7,">=7","male",439,47.1,"Parity group"
63.8223938223938,0.00435472568815279,0.0555615651919299,7,">=7","male",439,47.1,"Parity group"
64.015444015444,0.00422628087817944,0.0539227490657352,7,">=7","male",439,47.1,"Parity group"
64.2084942084942,0.00409728810679219,0.0522769415476592,7,">=7","male",439,47.1,"Parity group"
64.4015444015444,0.00396632042504683,0.0506059363205957,7,">=7","male",439,47.1,"Parity group"
64.5945945945946,0.00383298767608085,0.0489047554071695,7,">=7","male",439,47.1,"Parity group"
64.7876447876448,0.0036965147058177,0.0471635086841345,7,">=7","male",439,47.1,"Parity group"
64.980694980695,0.00355742614633911,0.0453888898864578,7,">=7","male",439,47.1,"Parity group"
65.1737451737452,0.00341572965839248,0.0435809967569474,7,">=7","male",439,47.1,"Parity group"
65.3667953667954,0.00327238381794976,0.0417520596828126,7,">=7","male",439,47.1,"Parity group"
65.5598455598456,0.00312801504137181,0.0399100710557591,7,">=7","male",439,47.1,"Parity group"
65.7528957528958,0.00298361844888567,0.0380677275279594,7,">=7","male",439,47.1,"Parity group"
65.9459459459459,0.00284012325714516,0.036236884893644,7,">=7","male",439,47.1,"Parity group"
66.1389961389961,0.00269831620785341,0.0344275811215753,7,">=7","male",439,47.1,"Parity group"
66.3320463320463,0.00255912255104123,0.0326516213961871,7,">=7","male",439,47.1,"Parity group"
66.5250965250965,0.00242304658449673,0.0309154400089677,7,">=7","male",439,47.1,"Parity group"
66.7181467181467,0.00229082505056733,0.0292284369912617,7,">=7","male",439,47.1,"Parity group"
66.9111969111969,0.0021627482265192,0.0275943159653874,7,">=7","male",439,47.1,"Parity group"
67.1042471042471,0.00203933111374731,0.0260196477892195,7,">=7","male",439,47.1,"Parity group"
67.2972972972973,0.00192080155082944,0.0245073394352975,7,">=7","male",439,47.1,"Parity group"
67.4903474903475,0.00180752079820322,0.0230620001940324,7,">=7","male",439,47.1,"Parity group"
67.6833976833977,0.00169981936753965,0.0216878470350038,7,">=7","male",439,47.1,"Parity group"
67.8764478764479,0.00159798261015053,0.0203885207307078,7,">=7","male",439,47.1,"Parity group"
68.0694980694981,0.00150256133069919,0.0191710489497971,7,">=7","male",439,47.1,"Parity group"
68.2625482625483,0.00141377039527562,0.0180381731499711,7,">=7","male",439,47.1,"Parity group"
68.4555984555984,0.00133241149438704,0.0170001220304798,7,">=7","male",439,47.1,"Parity group"
68.6486486486486,0.00125852919267987,0.0160574641877595,7,">=7","male",439,47.1,"Parity group"
68.8416988416988,0.00119310708172872,0.0152227491809118,7,">=7","male",439,47.1,"Parity group"
69.034749034749,0.00113584523387835,0.0144921502591464,7,">=7","male",439,47.1,"Parity group"
69.2277992277992,0.00108775401813879,0.0138785586325275,7,">=7","male",439,47.1,"Parity group"
69.4208494208494,0.00104802013304955,0.0133715974586651,7,">=7","male",439,47.1,"Parity group"
69.6138996138996,0.00101747333142061,0.0129818534812825,7,">=7","male",439,47.1,"Parity group"
69.8069498069498,0.000994716586330507,0.0126915021557512,7,">=7","male",439,47.1,"Parity group"
70,0.000980185455826137,0.0125061007291981,7,">=7","male",439,47.1,"Parity group"
