"dam_id","dam_age_month","parity","calving_date","service_sire","birth_weight","calf_id","maternal_grandsire","maternal_granddam","row_id","calf_birth_year","calf_birth_month","calf_birth_season","dam_birth_date_estimated","dam_birth_date_export_based","dam_age_month_export_based_at_calving","export_based_impossible_age_flag","dam_birth_year","dam_birth_month","dam_birth_season","calf_sex_code","calf_sex","parity_group","dam_age_month_cont","dam_age_group","extreme_low_flag","extreme_high_flag","implausible_flag","exact_duplicate_record_flag","exact_duplicate_exclude_flag","duplicate_dam_date_calf_id_flag","duplicate_dam_date_calf_id_exclude_flag","duplicate_calf_id_flag","same_dam_date_same_birth_weight_flag","obvious_duplicate_exclude_flag","dam_date_record_n","dam_date_unique_calf_n","birth_type","lower_tail","upper_tail","lower_tail_p5","upper_tail_p95","lower_tail_p15","upper_tail_p85","lower_tail_overall","upper_tail_overall","low_absolute_30","high_absolute_55","high_absolute_60","calf_birth_month_num"
"240448",17.59,1,2026-04-13,"41421125",34.2,"261383","427151","62033",438,"2026",4,"Spring",2024-10-13,2025-01-02,15.3666666666667,FALSE,"2024",10,"Autumn","non-G-coded","female","1",17.59,"<=30",FALSE,FALSE,FALSE,FALSE,FALSE,FALSE,FALSE,FALSE,FALSE,FALSE,1,1,"singleton",1,0,0,0,1,0,1,0,0,0,0,4
"224605",22.19,1,2024-02-16,"862025瓦特罗",41.8,"240280","180781","60174",6469,"2024",2,"Winter",2022-04-16,2024-09-02,-6.51724137931035,TRUE,"2022",4,"Spring","non-G-coded","female","1",22.19,"<=30",FALSE,FALSE,FALSE,FALSE,FALSE,FALSE,FALSE,FALSE,FALSE,FALSE,1,1,"singleton",0,0,0,0,0,0,0,0,0,0,0,2
"212556",22.52,1,2023-02-12,"13218239",46.3,"234200","62544424506","60044",9210,"2023",2,"Winter",2021-03-12,2024-08-02,-17.6428571428571,TRUE,"2021",3,"Spring","non-G-coded","female","1",22.52,"<=30",FALSE,FALSE,FALSE,FALSE,FALSE,FALSE,FALSE,FALSE,FALSE,FALSE,1,1,"singleton",0,0,0,0,0,0,0,0,0,0,0,2
"212559",22.85,1,2023-12-11,"865530狼血",43.2,"235848","6868671111","70505",7170,"2023",12,"Winter",2022-01-11,2024-08-02,-7.70967741935484,TRUE,"2022",1,"Winter","non-G-coded","female","1",22.85,"<=30",FALSE,FALSE,FALSE,FALSE,FALSE,FALSE,FALSE,FALSE,FALSE,FALSE,1,1,"singleton",0,0,0,0,0,0,0,0,0,0,0,12
"235137",23.04,1,2025-06-28,"22218621",47.2,"250857","854773威吉吉","212439",2648,"2025",6,"Summer",2023-07-28,2024-08-02,10.8666666666667,TRUE,"2023",7,"Summer","non-G-coded","female","1",23.04,"<=30",FALSE,FALSE,FALSE,FALSE,FALSE,FALSE,FALSE,FALSE,FALSE,FALSE,1,1,"singleton",0,0,0,0,0,0,0,0,0,0,0,6
"212275",23.11,1,2023-01-13,"854282维利纳诺",43.5,"234069","7402563907","62033",9398,"2023",1,"Winter",2021-02-13,2024-08-02,-18.6451612903226,TRUE,"2021",2,"Winter","non-G-coded","female","1",23.11,"<=30",FALSE,FALSE,FALSE,FALSE,FALSE,FALSE,FALSE,FALSE,FALSE,FALSE,1,1,"singleton",0,0,0,0,0,0,0,0,0,0,0,1
"L212087",23.18,1,2024-05-09,"22220785",39.6,"240720","606045","62529",5703,"2024",5,"Spring",2022-06-09,2024-08-02,-2.7741935483871,TRUE,"2022",6,"Summer","non-G-coded","female","1",23.18,"<=30",FALSE,FALSE,FALSE,FALSE,FALSE,FALSE,FALSE,FALSE,FALSE,FALSE,1,1,"singleton",0,0,0,0,0,0,0,0,0,0,0,5
"234638",23.24,1,2025-03-29,"22220783",46.4,"250486",NA,NA,3404,"2025",3,"Spring",2023-04-29,2024-08-02,7.87096774193548,TRUE,"2023",4,"Spring","non-G-coded","female","1",23.24,"<=30",FALSE,FALSE,FALSE,FALSE,FALSE,FALSE,FALSE,FALSE,FALSE,FALSE,1,1,"singleton",0,0,0,0,0,0,0,0,0,0,0,3
"212720",23.31,1,2023-04-04,"65117533",46.3,"234536",NA,NA,8708,"2023",4,"Spring",2021-05-04,2024-08-02,-15.9333333333333,TRUE,"2021",5,"Spring","non-G-coded","female","1",23.31,"<=30",FALSE,FALSE,FALSE,FALSE,FALSE,FALSE,FALSE,FALSE,FALSE,FALSE,1,1,"singleton",0,0,0,0,0,0,0,0,0,0,0,4
"235537",23.41,1,2025-10-01,"15618075",47.1,"251139","854282维利纳诺","800735",2041,"2025",10,"Autumn",2023-11-01,2024-08-02,13.9666666666667,TRUE,"2023",11,"Autumn","non-G-coded","female","1",23.41,"<=30",FALSE,FALSE,FALSE,FALSE,FALSE,FALSE,FALSE,FALSE,FALSE,FALSE,1,1,"singleton",0,0,0,0,0,0,0,0,0,0,0,10
"234740",23.47,1,2025-04-26,"22218621",44.5,"250610","871041文尼哥","00174",3133,"2025",4,"Spring",2023-05-26,2024-08-02,8.8,TRUE,"2023",5,"Spring","non-G-coded","female","1",23.47,"<=30",FALSE,FALSE,FALSE,FALSE,FALSE,FALSE,FALSE,FALSE,FALSE,FALSE,1,1,"singleton",0,0,0,0,0,0,0,0,0,0,0,4
"234788",23.5,1,2025-05-10,"22218621",51.2,"250676","871041文尼哥","91145",3005,"2025",5,"Spring",2023-05-10,2024-07-02,10.258064516129,TRUE,"2023",5,"Spring","non-G-coded","female","1",23.5,"<=30",FALSE,FALSE,FALSE,FALSE,FALSE,FALSE,FALSE,FALSE,FALSE,FALSE,1,1,"singleton",0,1,0,0,0,1,0,0,0,0,0,5
"212805",23.5,1,2023-04-13,"212119025",35.5,"232012",NA,NA,8641,"2023",4,"Spring",2021-04-13,2024-07-02,-14.6333333333333,TRUE,"2021",4,"Spring","non-G-coded","female","1",23.5,"<=30",FALSE,FALSE,FALSE,FALSE,FALSE,FALSE,FALSE,FALSE,FALSE,FALSE,1,1,"singleton",0,0,0,0,1,0,1,0,0,0,0,4
"213040",23.54,1,2023-06-01,"65117535",40.3,"234814",NA,NA,8334,"2023",6,"Summer",2021-06-01,2024-07-02,-13.0322580645161,TRUE,"2021",6,"Summer","non-G-coded","female","1",23.54,"<=30",FALSE,FALSE,FALSE,FALSE,FALSE,FALSE,FALSE,FALSE,FALSE,FALSE,1,1,"singleton",0,0,0,0,0,0,0,0,0,0,0,6
"224276",23.57,1,2024-02-06,"862025瓦特罗",42.8,"240226","180781","Z201101",6599,"2024",2,"Winter",2022-02-06,2024-07-02,-4.86206896551724,TRUE,"2022",2,"Winter","non-G-coded","female","1",23.57,"<=30",FALSE,FALSE,FALSE,FALSE,FALSE,FALSE,FALSE,FALSE,FALSE,FALSE,1,1,"singleton",0,0,0,0,0,0,0,0,0,0,0,2
"234831",23.6,1,2025-05-21,"427133",40.3,"250737","854773威吉吉","01033",2892,"2025",5,"Spring",2023-05-21,2024-07-02,10.6129032258065,TRUE,"2023",5,"Spring","non-G-coded","female","1",23.6,"<=30",FALSE,FALSE,FALSE,FALSE,FALSE,FALSE,FALSE,FALSE,FALSE,FALSE,1,1,"singleton",0,0,0,0,0,0,0,0,0,0,0,5
"235185",23.64,1,2025-07-29,"863302",41.2,"250955","7402563907","70564",2435,"2025",7,"Summer",2023-07-29,2024-07-02,12.8709677419355,TRUE,"2023",7,"Summer","non-G-coded","female","1",23.64,"<=30",FALSE,FALSE,FALSE,FALSE,FALSE,FALSE,FALSE,FALSE,FALSE,FALSE,1,1,"singleton",0,0,0,0,0,0,0,0,0,0,0,7
"234559",23.67,1,2025-03-25,"22220783",38.6,"250468",NA,NA,3442,"2025",3,"Spring",2023-03-25,2024-07-02,8.74193548387097,TRUE,"2023",3,"Spring","non-G-coded","female","1",23.67,"<=30",FALSE,FALSE,FALSE,FALSE,FALSE,FALSE,FALSE,FALSE,FALSE,FALSE,1,1,"singleton",0,0,0,0,0,0,0,0,0,0,0,3
"235064",23.7,1,2025-07-04,"22218621",37.2,"250879","854773威吉吉","70288",2599,"2025",7,"Summer",2023-07-04,2024-07-02,12.0645161290323,TRUE,"2023",7,"Summer","non-G-coded","female","1",23.7,"<=30",FALSE,FALSE,FALSE,FALSE,FALSE,FALSE,FALSE,FALSE,FALSE,FALSE,1,1,"singleton",0,0,0,0,0,0,0,0,0,0,0,7
"235124",23.73,1,2025-07-16,"22520578",40.2,"250914","7402563907","70169",2531,"2025",7,"Summer",2023-07-16,2024-07-02,12.4516129032258,TRUE,"2023",7,"Summer","non-G-coded","female","1",23.73,"<=30",FALSE,FALSE,FALSE,FALSE,FALSE,FALSE,FALSE,FALSE,FALSE,FALSE,1,1,"singleton",0,0,0,0,0,0,0,0,0,0,0,7
"213763L",23.73,1,2023-11-14,"865530狼血",36.3,"235679",NA,NA,7354,"2023",11,"Autumn",2021-11-14,2024-07-02,-7.6,TRUE,"2021",11,"Autumn","non-G-coded","female","1",23.73,"<=30",FALSE,FALSE,FALSE,FALSE,FALSE,FALSE,FALSE,FALSE,FALSE,FALSE,1,1,"singleton",0,0,0,0,1,0,0,0,0,0,0,11
"234735",23.8,1,2025-05-05,"22218621",46,"250647","871041文尼哥","70146",3065,"2025",5,"Spring",2023-05-05,2024-07-02,10.0967741935484,TRUE,"2023",5,"Spring","non-G-coded","female","1",23.8,"<=30",FALSE,FALSE,FALSE,FALSE,FALSE,FALSE,FALSE,FALSE,FALSE,FALSE,1,1,"singleton",0,0,0,0,0,0,0,0,0,0,0,5
"212566",23.8,1,2023-03-24,"65118599",42.3,"234470","62544424506","62457",8814,"2023",3,"Spring",2021-03-24,2024-07-02,-15.2903225806452,TRUE,"2021",3,"Spring","non-G-coded","female","1",23.8,"<=30",FALSE,FALSE,FALSE,FALSE,FALSE,FALSE,FALSE,FALSE,FALSE,FALSE,1,1,"singleton",0,0,0,0,0,0,0,0,0,0,0,3
"234648",23.83,1,2025-04-19,"22218621",41.2,"250564","871041文尼哥","201483",3227,"2025",4,"Spring",2023-04-19,2024-07-02,9.56666666666667,TRUE,"2023",4,"Spring","non-G-coded","female","1",23.83,"<=30",FALSE,FALSE,FALSE,FALSE,FALSE,FALSE,FALSE,FALSE,FALSE,FALSE,1,1,"singleton",0,0,0,0,0,0,0,0,0,0,0,4
"224015",23.87,1,2023-12-28,"854773威吉吉",50.4,"240001",NA,NA,6975,"2023",12,"Winter",2021-12-28,2024-07-02,-6.16129032258065,TRUE,"2021",12,"Winter","non-G-coded","female","1",23.87,"<=30",FALSE,FALSE,FALSE,FALSE,FALSE,FALSE,FALSE,FALSE,FALSE,FALSE,1,1,"singleton",0,1,0,0,0,1,0,0,0,0,0,12
"240802",23.9,1,2026-05-28,"41121286",27.4,"261533","22220785","50484",152,"2026",5,"Spring",2024-05-28,2024-07-02,22.8387096774194,FALSE,"2024",5,"Spring","non-G-coded","female","1",23.9,"<=30",FALSE,FALSE,FALSE,FALSE,FALSE,FALSE,FALSE,FALSE,FALSE,FALSE,1,1,"singleton",1,0,1,0,1,0,1,0,1,0,0,5
"224160",23.93,1,2024-01-24,"865530狼血",44.5,"240140","6868671111","Z00150",6758,"2024",1,"Winter",2022-01-24,2024-07-02,-5.29032258064516,TRUE,"2022",1,"Winter","non-G-coded","female","1",23.93,"<=30",FALSE,FALSE,FALSE,FALSE,FALSE,FALSE,FALSE,FALSE,FALSE,FALSE,1,1,"singleton",0,0,0,0,0,0,0,0,0,0,0,1
"213009",23.96,1,2023-06-06,"65118574",30.6,"234846","606306","800486",8290,"2023",6,"Summer",2021-06-06,2024-07-02,-12.8666666666667,TRUE,"2021",6,"Summer","non-G-coded","female","1",23.96,"<=30",FALSE,FALSE,FALSE,FALSE,FALSE,FALSE,FALSE,FALSE,FALSE,FALSE,1,1,"singleton",1,0,1,0,1,0,1,0,0,0,0,6
"213268",24,1,2023-08-24,"865530狼血",47,"HG9394",NA,NA,7849,"2023",8,"Summer",2021-08-24,2024-07-02,-10.2903225806452,TRUE,"2021",8,"Summer","non-G-coded","female","1",24,"<=30",FALSE,FALSE,FALSE,FALSE,FALSE,FALSE,FALSE,FALSE,FALSE,FALSE,1,1,"singleton",0,0,0,0,0,0,0,0,0,0,0,8
"234472",24.03,1,2025-03-24,"427151",45.6,"250459","871041文尼哥","201703",3453,"2025",3,"Spring",2023-03-24,2024-07-02,8.70967741935484,TRUE,"2023",3,"Spring","non-G-coded","female","1",24.03,"<=30",FALSE,FALSE,FALSE,FALSE,FALSE,FALSE,FALSE,FALSE,FALSE,FALSE,1,1,"singleton",0,0,0,0,0,0,0,0,0,0,0,3
"212710",24.03,1,2023-04-25,"21219022",33.4,"233064","606318","00520",8550,"2023",4,"Spring",2021-04-25,2024-07-02,-14.2333333333333,TRUE,"2021",4,"Spring","non-G-coded","female","1",24.03,"<=30",FALSE,FALSE,FALSE,FALSE,FALSE,FALSE,FALSE,FALSE,FALSE,FALSE,1,1,"singleton",1,0,0,0,1,0,1,0,0,0,0,4
"212174",24.06,1,2023-01-22,"871041文尼哥",42.5,"234109","180781","60735",9343,"2023",1,"Winter",2021-01-22,2024-07-02,-17.3548387096774,TRUE,"2021",1,"Winter","non-G-coded","female","1",24.06,"<=30",FALSE,FALSE,FALSE,FALSE,FALSE,FALSE,FALSE,FALSE,FALSE,FALSE,1,1,"singleton",0,0,0,0,0,0,0,0,0,0,0,1
"235500",24.13,1,2025-10-11,"15618075",40.7,"251181","7402563907","70079",1957,"2025",10,"Autumn",2023-10-11,2024-07-02,15.2903225806452,FALSE,"2023",10,"Autumn","non-G-coded","female","1",24.13,"<=30",FALSE,FALSE,FALSE,FALSE,FALSE,FALSE,FALSE,FALSE,FALSE,FALSE,1,1,"singleton",0,0,0,0,0,0,0,0,0,0,0,10
"234571",24.13,1,2025-04-11,"427133",41,"250533","871041文尼哥","201200",3280,"2025",4,"Spring",2023-04-11,2024-07-02,9.3,TRUE,"2023",4,"Spring","non-G-coded","female","1",24.13,"<=30",FALSE,FALSE,FALSE,FALSE,FALSE,FALSE,FALSE,FALSE,FALSE,FALSE,1,1,"singleton",0,0,0,0,0,0,0,0,0,0,0,4
"212143",24.13,1,2023-01-18,"854282维利纳诺",45.7,"234097",NA,NA,9367,"2023",1,"Winter",2021-01-18,2024-07-02,-17.4838709677419,TRUE,"2021",1,"Winter","non-G-coded","female","1",24.13,"<=30",FALSE,FALSE,FALSE,FALSE,FALSE,FALSE,FALSE,FALSE,FALSE,FALSE,1,1,"singleton",0,0,0,0,0,0,0,0,0,0,0,1
"224182",24.16,1,2024-02-06,"862025瓦特罗",44.2,"240228","871041","61302",6601,"2024",2,"Winter",2022-02-06,2024-07-02,-4.86206896551724,TRUE,"2022",2,"Winter","non-G-coded","female","1",24.16,"<=30",FALSE,FALSE,FALSE,FALSE,FALSE,FALSE,FALSE,FALSE,FALSE,FALSE,1,1,"singleton",0,0,0,0,0,0,0,0,0,0,0,2
"234952",24.19,1,2025-07-01,"22218621",47.2,"250873","7402563907","00428",2630,"2025",7,"Summer",2023-07-01,2024-07-02,11.9666666666667,TRUE,"2023",7,"Summer","non-G-coded","female","1",24.19,"<=30",FALSE,FALSE,FALSE,FALSE,FALSE,FALSE,FALSE,FALSE,FALSE,FALSE,1,1,"singleton",0,0,0,0,0,0,0,0,0,0,0,7
"212057",24.23,1,2023-01-11,"854282维利纳诺",40.5,"234061","740640209","61598",9409,"2023",1,"Winter",2021-01-11,2024-07-02,-17.7096774193548,TRUE,"2021",1,"Winter","non-G-coded","female","1",24.23,"<=30",FALSE,FALSE,FALSE,FALSE,FALSE,FALSE,FALSE,FALSE,FALSE,FALSE,1,1,"singleton",0,0,0,0,0,0,0,0,0,0,0,1
"L213218",24.26,1,2024-03-16,"61219009",39.4,"240507",NA,NA,6099,"2024",3,"Spring",2022-03-16,2024-07-02,-3.54838709677419,TRUE,"2022",3,"Spring","non-G-coded","female","1",24.26,"<=30",FALSE,FALSE,FALSE,FALSE,FALSE,FALSE,FALSE,FALSE,FALSE,FALSE,1,1,"singleton",0,0,0,0,0,0,0,0,0,0,0,3
"224444",24.33,1,2024-03-26,"41121216",40.5,"240982","2545109367","34022",6011,"2024",3,"Spring",2022-03-26,2024-07-02,-3.2258064516129,TRUE,"2022",3,"Spring","non-G-coded","female","1",24.33,"<=30",FALSE,FALSE,FALSE,FALSE,FALSE,FALSE,FALSE,FALSE,FALSE,FALSE,1,1,"singleton",0,0,0,0,0,0,0,0,0,0,0,3
"234987",24.36,1,2025-07-13,"22220619",37.8,"250906",NA,"201923",2544,"2025",7,"Summer",2023-07-13,2024-07-02,12.3548387096774,TRUE,"2023",7,"Summer","non-G-coded","female","1",24.36,"<=30",FALSE,FALSE,FALSE,FALSE,FALSE,FALSE,FALSE,FALSE,FALSE,FALSE,1,1,"singleton",0,0,0,0,0,0,0,0,0,0,0,7
"240497",24.39,1,2026-03-26,"41422157",39.4,"261289","862025瓦特罗","800811",619,"2026",3,"Spring",2024-03-26,2024-07-02,20.7741935483871,FALSE,"2024",3,"Spring","non-G-coded","female","1",24.39,"<=30",FALSE,FALSE,FALSE,FALSE,FALSE,FALSE,FALSE,FALSE,FALSE,FALSE,1,1,"singleton",0,0,0,0,0,0,0,0,0,0,0,3
"234964",24.42,1,2025-07-11,"41121918",36.8,"250901",NA,NA,2559,"2025",7,"Summer",2023-07-11,2024-07-02,12.2903225806452,TRUE,"2023",7,"Summer","non-G-coded","female","1",24.42,"<=30",FALSE,FALSE,FALSE,FALSE,FALSE,FALSE,FALSE,FALSE,FALSE,FALSE,1,1,"singleton",0,0,0,0,0,0,0,0,0,0,0,7
"212616",24.42,1,2024-02-02,"862025瓦特罗",31.8,"240196",NA,NA,6664,"2024",2,"Winter",2022-02-02,2024-07-02,-5,TRUE,"2022",2,"Winter","non-G-coded","female","1",24.42,"<=30",FALSE,FALSE,FALSE,FALSE,FALSE,FALSE,FALSE,FALSE,FALSE,FALSE,1,1,"singleton",1,0,1,0,1,0,1,0,0,0,0,2
"234651",24.46,1,2025-05-08,"22218621",46.3,"250663",NA,NA,3022,"2025",5,"Spring",2023-05-08,2024-07-02,10.1935483870968,TRUE,"2023",5,"Spring","non-G-coded","female","1",24.46,"<=30",FALSE,FALSE,FALSE,FALSE,FALSE,FALSE,FALSE,FALSE,FALSE,FALSE,1,1,"singleton",0,0,0,0,0,0,0,0,0,0,0,5
"234857",24.49,1,2025-06-20,"863302",42.2,"250821","65118574","212612",2710,"2025",6,"Summer",2023-06-20,2024-07-02,11.6,TRUE,"2023",6,"Summer","non-G-coded","female","1",24.49,"<=30",FALSE,FALSE,FALSE,FALSE,FALSE,FALSE,FALSE,FALSE,FALSE,FALSE,1,1,"singleton",0,0,0,0,0,0,0,0,0,0,0,6
"234476",24.49,1,2025-04-07,"427151",41,"250518","871041文尼哥","201545",3319,"2025",4,"Spring",2023-04-07,2024-07-02,9.16666666666667,TRUE,"2023",4,"Spring","non-G-coded","female","1",24.49,"<=30",FALSE,FALSE,FALSE,FALSE,FALSE,FALSE,FALSE,FALSE,FALSE,FALSE,1,1,"singleton",0,0,0,0,0,0,0,0,0,0,0,4
"240689",24.52,1,2026-05-13,"41120238",26.7,"261488","854062赫尔曼斯","212643",258,"2026",5,"Spring",2024-04-13,2024-06-02,23.3548387096774,FALSE,"2024",4,"Spring","non-G-coded","female","1",24.52,"<=30",FALSE,FALSE,FALSE,FALSE,FALSE,FALSE,FALSE,FALSE,FALSE,FALSE,1,1,"singleton",1,0,1,0,1,0,1,0,1,0,0,5
"234255",24.52,1,2025-03-05,"22220783",39.8,"250353","854773威吉吉","62327",3663,"2025",3,"Spring",2023-02-05,2024-06-02,9.09677419354839,TRUE,"2023",2,"Winter","non-G-coded","female","1",24.52,"<=30",FALSE,FALSE,FALSE,FALSE,FALSE,FALSE,FALSE,FALSE,FALSE,FALSE,1,1,"singleton",0,0,0,0,0,0,0,0,0,0,0,3
"217021",24.52,1,2023-12-16,"865530狼血",43.4,"10018","854282","01414",7117,"2023",12,"Winter",2021-11-16,2024-06-02,-5.54838709677419,TRUE,"2021",11,"Autumn","non-G-coded","female","1",24.52,"<=30",FALSE,FALSE,FALSE,FALSE,FALSE,FALSE,FALSE,FALSE,FALSE,FALSE,1,1,"singleton",0,0,0,0,0,0,0,0,0,0,0,12
"234441",24.56,1,2025-04-05,"22220783",45.4,"250511","871041文尼哥","201759",3342,"2025",4,"Spring",2023-03-05,2024-06-02,10.1,TRUE,"2023",3,"Spring","non-G-coded","female","1",24.56,"<=30",FALSE,FALSE,FALSE,FALSE,FALSE,FALSE,FALSE,FALSE,FALSE,FALSE,1,1,"singleton",0,0,0,0,0,0,0,0,0,0,0,4
"234949",24.59,1,2025-07-11,"22218621",47.6,"250897",NA,NA,2553,"2025",7,"Summer",2023-06-11,2024-06-02,13.2903225806452,TRUE,"2023",6,"Summer","non-G-coded","female","1",24.59,"<=30",FALSE,FALSE,FALSE,FALSE,FALSE,FALSE,FALSE,FALSE,FALSE,FALSE,1,1,"singleton",0,0,0,0,0,0,0,0,0,0,0,7
"224419",24.59,1,2024-03-30,"14120356",39.7,"240564",NA,NA,5970,"2024",3,"Spring",2022-02-28,2024-06-02,-2.09677419354839,TRUE,"2022",2,"Winter","non-G-coded","female","1",24.59,"<=30",FALSE,FALSE,FALSE,FALSE,FALSE,FALSE,FALSE,FALSE,FALSE,FALSE,1,1,"singleton",0,0,0,0,0,0,0,0,0,0,0,3
"212768",24.59,1,2023-05-19,"21214008",36.4,"233072",NA,NA,8411,"2023",5,"Spring",2021-04-19,2024-06-02,-12.4516129032258,TRUE,"2021",4,"Spring","non-G-coded","female","1",24.59,"<=30",FALSE,FALSE,FALSE,FALSE,FALSE,FALSE,FALSE,FALSE,FALSE,FALSE,1,1,"singleton",0,0,0,0,1,0,0,0,0,0,0,5
"235095",24.62,1,2025-08-07,"863302",34.8,"250982","7402563907","00413",2373,"2025",8,"Summer",2023-07-07,2024-06-02,14.1612903225806,TRUE,"2023",7,"Summer","non-G-coded","female","1",24.62,"<=30",FALSE,FALSE,FALSE,FALSE,FALSE,FALSE,FALSE,FALSE,FALSE,FALSE,1,1,"singleton",0,0,0,0,1,0,1,0,0,0,0,8
"234629",24.65,1,2025-05-10,"22218621",35.5,"250675","871041文尼哥","61752",2999,"2025",5,"Spring",2023-04-10,2024-06-02,11.258064516129,TRUE,"2023",4,"Spring","non-G-coded","female","1",24.65,"<=30",FALSE,FALSE,FALSE,FALSE,FALSE,FALSE,FALSE,FALSE,FALSE,FALSE,1,1,"singleton",0,0,0,0,1,0,1,0,0,0,0,5
"235084",24.69,1,2025-08-06,"22220783",42.3,"250980","7402563907","62665",2381,"2025",8,"Summer",2023-07-06,2024-06-02,14.1290322580645,TRUE,"2023",7,"Summer","non-G-coded","female","1",24.69,"<=30",FALSE,FALSE,FALSE,FALSE,FALSE,FALSE,FALSE,FALSE,FALSE,FALSE,1,1,"singleton",0,0,0,0,0,0,0,0,0,0,0,8
"212860",24.69,1,2023-05-31,"41418183",43.6,"234810","606306","61579",8338,"2023",5,"Spring",2021-04-30,2024-06-02,-12.0645161290323,TRUE,"2021",4,"Spring","non-G-coded","female","1",24.69,"<=30",FALSE,FALSE,FALSE,FALSE,FALSE,FALSE,FALSE,FALSE,FALSE,FALSE,1,1,"singleton",0,0,0,0,0,0,0,0,0,0,0,5
"224353",24.72,1,2024-03-24,"14120356",30.5,"240542","2545109367","70037",6043,"2024",3,"Spring",2022-02-24,2024-06-02,-2.29032258064516,TRUE,"2022",2,"Winter","non-G-coded","female","1",24.72,"<=30",FALSE,FALSE,FALSE,FALSE,FALSE,FALSE,FALSE,FALSE,FALSE,FALSE,1,1,"singleton",1,0,1,0,1,0,1,0,0,0,0,3
"235323",24.75,1,2025-09-23,"15618075",47.3,"251099","871041文尼哥","61929",2113,"2025",9,"Autumn",2023-08-23,2024-06-02,15.7,FALSE,"2023",8,"Summer","non-G-coded","female","1",24.75,"<=30",FALSE,FALSE,FALSE,FALSE,FALSE,FALSE,FALSE,FALSE,FALSE,FALSE,1,1,"singleton",0,0,0,0,0,0,0,0,0,0,0,9
"234554",24.75,1,2025-04-27,"22218621",33.2,"250619","871041文尼哥","70413",3129,"2025",4,"Spring",2023-03-27,2024-06-02,10.8333333333333,TRUE,"2023",3,"Spring","non-G-coded","female","1",24.75,"<=30",FALSE,FALSE,FALSE,FALSE,FALSE,FALSE,FALSE,FALSE,FALSE,FALSE,1,1,"singleton",1,0,0,0,1,0,1,0,0,0,0,4
"235386",24.79,1,2025-10-04,"41221179",42.6,"251151","7402563907","90021",2011,"2025",10,"Autumn",2023-09-04,2024-06-02,16.0645161290323,FALSE,"2023",9,"Autumn","non-G-coded","female","1",24.79,"<=30",FALSE,FALSE,FALSE,FALSE,FALSE,FALSE,FALSE,FALSE,FALSE,FALSE,1,1,"singleton",0,0,0,0,0,0,0,0,0,0,0,10
"234650",24.79,1,2025-05-18,"22218621",47.6,"250725","7029225762","61941",2916,"2025",5,"Spring",2023-04-18,2024-06-02,11.5161290322581,TRUE,"2023",4,"Spring","non-G-coded","female","1",24.79,"<=30",FALSE,FALSE,FALSE,FALSE,FALSE,FALSE,FALSE,FALSE,FALSE,FALSE,1,1,"singleton",0,0,0,0,0,0,0,0,0,0,0,5
"212292",24.79,1,2023-03-09,"22218325",46.3,"234365",NA,NA,8972,"2023",3,"Spring",2021-02-09,2024-06-02,-14.7741935483871,TRUE,"2021",2,"Winter","non-G-coded","female","1",24.79,"<=30",FALSE,FALSE,FALSE,FALSE,FALSE,FALSE,FALSE,FALSE,FALSE,FALSE,1,1,"singleton",0,0,0,0,0,0,0,0,0,0,0,3
"234284",24.82,1,2025-03-19,"22220783",39.2,"250421","854773威吉吉","201580",3515,"2025",3,"Spring",2023-02-19,2024-06-02,9.54838709677419,TRUE,"2023",2,"Winter","non-G-coded","female","1",24.82,"<=30",FALSE,FALSE,FALSE,FALSE,FALSE,FALSE,FALSE,FALSE,FALSE,FALSE,1,1,"singleton",0,0,0,0,0,0,0,0,0,0,0,3
"213506",24.82,1,2023-10-28,"854282维利纳诺",37.5,"9693","606306","00865",7454,"2023",10,"Autumn",2021-09-28,2024-06-02,-7.16129032258065,TRUE,"2021",9,"Autumn","non-G-coded","female","1",24.82,"<=30",FALSE,FALSE,FALSE,FALSE,FALSE,FALSE,FALSE,FALSE,FALSE,FALSE,1,1,"singleton",0,0,0,0,0,0,0,0,0,0,0,10
"235644",24.85,1,2025-12-01,"41121286",32.1,"251411","854282维利纳诺","00418",1471,"2025",12,"Winter",2023-11-01,2024-06-02,17.9666666666667,FALSE,"2023",11,"Autumn","non-G-coded","female","1",24.85,"<=30",FALSE,FALSE,FALSE,FALSE,FALSE,FALSE,FALSE,FALSE,FALSE,FALSE,1,1,"singleton",1,0,1,0,1,0,1,0,0,0,0,12
"213726",24.88,1,2023-12-13,"865530狼血",39.3,"235858","854282","60751",7166,"2023",12,"Winter",2021-11-13,2024-06-02,-5.64516129032258,TRUE,"2021",11,"Autumn","non-G-coded","female","1",24.88,"<=30",FALSE,FALSE,FALSE,FALSE,FALSE,FALSE,FALSE,FALSE,FALSE,FALSE,1,1,"singleton",0,0,0,0,0,0,0,0,0,0,0,12
"235202",24.92,1,2025-09-10,"863302",38.1,"251053",NA,NA,2221,"2025",9,"Autumn",2023-08-10,2024-06-02,15.2666666666667,FALSE,"2023",8,"Summer","non-G-coded","female","1",24.92,"<=30",FALSE,FALSE,FALSE,FALSE,FALSE,FALSE,FALSE,FALSE,FALSE,FALSE,1,1,"singleton",0,0,0,0,0,0,0,0,0,0,0,9
"212162",24.92,1,2023-02-15,"13219066",51.3,"234222","7402563907","60219",9176,"2023",2,"Winter",2021-01-15,2024-06-02,-15.5357142857143,TRUE,"2021",1,"Winter","non-G-coded","female","1",24.92,"<=30",FALSE,FALSE,FALSE,FALSE,FALSE,FALSE,FALSE,FALSE,FALSE,FALSE,1,1,"singleton",0,1,0,0,0,1,0,0,0,0,0,2
"224013",24.95,1,2024-01-30,"862025瓦特罗",38.4,"240168","854062","62128",6698,"2024",1,"Winter",2021-12-30,2024-06-02,-4.09677419354839,TRUE,"2021",12,"Winter","non-G-coded","female","1",24.95,"<=30",FALSE,FALSE,FALSE,FALSE,FALSE,FALSE,FALSE,FALSE,FALSE,FALSE,1,1,"singleton",0,0,0,0,0,0,0,0,0,0,0,1
"235379",24.98,1,2025-10-10,"41221179",34.2,"251171","865530狼血","800470",1967,"2025",10,"Autumn",2023-09-10,2024-06-02,16.258064516129,FALSE,"2023",9,"Autumn","non-G-coded","female","1",24.98,"<=30",FALSE,FALSE,FALSE,FALSE,FALSE,FALSE,FALSE,FALSE,FALSE,FALSE,1,1,"singleton",1,0,0,0,1,0,1,0,0,0,0,10
"240564",25.02,1,2026-04-29,"41221179",35.2,"261449","14120356","224419",321,"2026",4,"Spring",2024-03-29,2024-06-02,22.9,FALSE,"2024",3,"Spring","non-G-coded","female","1",25.02,"<=30",FALSE,FALSE,FALSE,FALSE,FALSE,FALSE,FALSE,FALSE,FALSE,FALSE,1,1,"singleton",0,0,0,0,1,0,1,0,0,0,0,4
"234183",25.02,1,2025-03-09,"427151",50,"250373","871041文尼哥","201415",3621,"2025",3,"Spring",2023-02-09,2024-06-02,9.2258064516129,TRUE,"2023",2,"Winter","non-G-coded","female","1",25.02,"<=30",FALSE,FALSE,FALSE,FALSE,FALSE,FALSE,FALSE,FALSE,FALSE,FALSE,1,1,"singleton",0,1,0,0,0,1,0,0,0,0,0,3
"234939",25.05,1,2025-07-23,"41221174",42.6,"250940","854773威吉吉","00742",2474,"2025",7,"Summer",2023-06-23,2024-06-02,13.6774193548387,TRUE,"2023",6,"Summer","non-G-coded","female","1",25.05,"<=30",FALSE,FALSE,FALSE,FALSE,FALSE,FALSE,FALSE,FALSE,FALSE,FALSE,1,1,"singleton",0,0,0,0,0,0,0,0,0,0,0,7
"212482",25.05,1,2023-04-20,"21219022",34.7,"233059",NA,NA,8583,"2023",4,"Spring",2021-03-20,2024-06-02,-13.4,TRUE,"2021",3,"Spring","non-G-coded","female","1",25.05,"<=30",FALSE,FALSE,FALSE,FALSE,FALSE,FALSE,FALSE,FALSE,FALSE,FALSE,1,1,"singleton",1,0,0,0,1,0,1,0,0,0,0,4
"234775",25.08,1,2025-06-25,"863302",29.3,"250841","7402563907","800557",2674,"2025",6,"Summer",2023-05-25,2024-06-02,12.7666666666667,TRUE,"2023",5,"Spring","non-G-coded","female","1",25.08,"<=30",FALSE,FALSE,FALSE,FALSE,FALSE,FALSE,FALSE,FALSE,FALSE,FALSE,1,1,"singleton",1,0,1,0,1,0,1,0,1,0,0,6
"224056",25.08,1,2024-02-06,"862025瓦特罗",46.3,"240917","871041","50974",6609,"2024",2,"Winter",2022-01-06,2024-06-02,-3.86206896551724,TRUE,"2022",1,"Winter","non-G-coded","female","1",25.08,"<=30",FALSE,FALSE,FALSE,FALSE,FALSE,FALSE,FALSE,TRUE,FALSE,FALSE,1,1,"singleton",0,0,0,0,0,0,0,0,0,0,0,2
"234545",25.12,1,2025-05-07,"427133",43.2,"250659","871041文尼哥","201319",3039,"2025",5,"Spring",2023-04-07,2024-06-02,11.1612903225806,TRUE,"2023",4,"Spring","non-G-coded","female","1",25.12,"<=30",FALSE,FALSE,FALSE,FALSE,FALSE,FALSE,FALSE,FALSE,FALSE,FALSE,1,1,"singleton",0,0,0,0,0,0,0,0,0,0,0,5
"213168L",25.12,1,2023-09-02,"854282维利纳诺",46.8,"235320",NA,NA,7768,"2023",9,"Autumn",2021-08-02,2024-06-02,-9,TRUE,"2021",8,"Summer","non-G-coded","female","1",25.12,"<=30",FALSE,FALSE,FALSE,FALSE,FALSE,FALSE,FALSE,FALSE,FALSE,FALSE,1,1,"singleton",0,0,0,0,0,0,0,0,0,0,0,9
"235466",25.15,1,2025-11-03,"21219011",41.4,"251274","854282维利纳诺","50332",1748,"2025",11,"Autumn",2023-10-03,2024-06-02,17.0333333333333,FALSE,"2023",10,"Autumn","non-G-coded","female","1",25.15,"<=30",FALSE,FALSE,FALSE,FALSE,FALSE,FALSE,FALSE,FALSE,FALSE,FALSE,1,1,"singleton",0,0,0,0,0,0,0,0,0,0,0,11
"213812",25.15,1,2024-01-06,"865530狼血",36.4,"240050","854282","62088",6903,"2024",1,"Winter",2021-12-06,2024-06-02,-4.87096774193548,TRUE,"2021",12,"Winter","non-G-coded","female","1",25.15,"<=30",FALSE,FALSE,FALSE,FALSE,FALSE,FALSE,FALSE,FALSE,FALSE,FALSE,1,1,"singleton",0,0,0,0,1,0,0,0,0,0,0,1
"240372",25.21,1,2026-03-31,"41422157",39.3,"261320","862025瓦特罗","213897",553,"2026",3,"Spring",2024-02-29,2024-06-02,21.9354838709677,FALSE,"2024",2,"Winter","non-G-coded","female","1",25.21,"<=30",FALSE,FALSE,FALSE,FALSE,FALSE,FALSE,FALSE,FALSE,FALSE,FALSE,1,1,"singleton",0,0,0,0,0,0,0,0,0,0,0,3
"212673",25.21,1,2024-02-17,"15620251",44.8,"240317","871041","01269",6466,"2024",2,"Winter",2022-01-17,2024-06-02,-3.48275862068966,TRUE,"2022",1,"Winter","non-G-coded","female","1",25.21,"<=30",FALSE,FALSE,FALSE,FALSE,FALSE,FALSE,FALSE,FALSE,FALSE,FALSE,1,1,"singleton",0,0,0,0,0,0,0,0,0,0,0,2
"234429",25.25,1,2025-04-24,"427133",45,"250597","871041文尼哥","34022",3163,"2025",4,"Spring",2023-03-24,2024-06-02,10.7333333333333,TRUE,"2023",3,"Spring","non-G-coded","female","1",25.25,"<=30",FALSE,FALSE,FALSE,FALSE,FALSE,FALSE,FALSE,FALSE,FALSE,FALSE,1,1,"singleton",0,0,0,0,0,0,0,0,0,0,0,4
"235248",25.28,1,2025-09-29,"15621515",45.6,"251126","854773威吉吉","61361",2064,"2025",9,"Autumn",2023-08-29,2024-06-02,15.9,FALSE,"2023",8,"Summer","non-G-coded","female","1",25.28,"<=30",FALSE,FALSE,FALSE,FALSE,FALSE,FALSE,FALSE,FALSE,FALSE,FALSE,1,1,"singleton",0,0,0,0,0,0,0,0,0,0,0,9
"224420",25.28,1,2024-04-21,"22220785",43.6,"240664","2545109367","910054",5821,"2024",4,"Spring",2022-03-21,2024-06-02,-1.36666666666667,TRUE,"2022",3,"Spring","non-G-coded","female","1",25.28,"<=30",FALSE,FALSE,FALSE,FALSE,FALSE,FALSE,FALSE,FALSE,FALSE,FALSE,1,1,"singleton",0,0,0,0,0,0,0,0,0,0,0,4
"234558",25.31,1,2025-05-14,"22218621",36.4,"250703","871041文尼哥","62450",2956,"2025",5,"Spring",2023-04-14,2024-06-02,11.3870967741935,TRUE,"2023",4,"Spring","non-G-coded","female","1",25.31,"<=30",FALSE,FALSE,FALSE,FALSE,FALSE,FALSE,FALSE,FALSE,FALSE,FALSE,1,1,"singleton",0,0,0,0,1,0,0,0,0,0,0,5
"224072",25.31,1,2024-02-16,"862025瓦特罗",42.6,"240306",NA,NA,6468,"2024",2,"Winter",2022-01-16,2024-06-02,-3.51724137931034,TRUE,"2022",1,"Winter","non-G-coded","female","1",25.31,"<=30",FALSE,FALSE,FALSE,FALSE,FALSE,FALSE,FALSE,FALSE,FALSE,FALSE,1,1,"singleton",0,0,0,0,0,0,0,0,0,0,0,2
"212099",25.31,1,2023-02-15,"13218239",41.6,"234219","180781","60797",9183,"2023",2,"Winter",2021-01-15,2024-06-02,-15.5357142857143,TRUE,"2021",1,"Winter","non-G-coded","female","1",25.31,"<=30",FALSE,FALSE,FALSE,FALSE,FALSE,FALSE,FALSE,FALSE,FALSE,FALSE,1,1,"singleton",0,0,0,0,0,0,0,0,0,0,0,2
"234966",25.35,1,2025-08-08,"22220607",48.2,"250991","854773威吉吉","91149",2369,"2025",8,"Summer",2023-07-08,2024-06-02,14.1935483870968,TRUE,"2023",7,"Summer","non-G-coded","female","1",25.35,"<=30",FALSE,FALSE,FALSE,FALSE,FALSE,FALSE,FALSE,FALSE,FALSE,FALSE,1,1,"singleton",0,0,0,0,0,0,0,0,0,0,0,8
"212362",25.35,1,2023-05-11,"21219025",34.6,"233070",NA,NA,8458,"2023",5,"Spring",2021-04-11,2024-06-02,-12.7096774193548,TRUE,"2021",4,"Spring","non-G-coded","female","1",25.35,"<=30",FALSE,FALSE,FALSE,FALSE,FALSE,FALSE,FALSE,FALSE,FALSE,FALSE,1,1,"singleton",1,0,0,0,1,0,1,0,0,0,0,5
"234306",25.38,1,2025-04-08,"22218621",42.2,"250521","22218119","212287",3306,"2025",4,"Spring",2023-03-08,2024-06-02,10.2,TRUE,"2023",3,"Spring","non-G-coded","female","1",25.38,"<=30",FALSE,FALSE,FALSE,FALSE,FALSE,FALSE,FALSE,FALSE,FALSE,FALSE,1,1,"singleton",0,0,0,0,0,0,0,0,0,0,0,4
"240299",25.41,1,2026-03-28,"41422157",46.8,"261303","862025瓦特罗","61385",583,"2026",3,"Spring",2024-02-28,2024-06-02,21.8387096774194,FALSE,"2024",2,"Winter","non-G-coded","female","1",25.41,"<=30",FALSE,FALSE,FALSE,FALSE,FALSE,FALSE,FALSE,FALSE,FALSE,FALSE,1,1,"singleton",0,0,0,0,0,0,0,0,0,0,0,3
"234365",25.41,1,2025-04-19,"427133",36.8,"250562",NA,"212292",3225,"2025",4,"Spring",2023-03-19,2024-06-02,10.5666666666667,TRUE,"2023",3,"Spring","non-G-coded","female","1",25.41,"<=30",FALSE,FALSE,FALSE,FALSE,FALSE,FALSE,FALSE,FALSE,FALSE,FALSE,1,1,"singleton",0,0,0,0,0,0,0,0,0,0,0,4
"240283",25.44,1,2026-03-27,"41422157",44.4,"261297",NA,NA,601,"2026",3,"Spring",2024-02-27,2024-06-02,21.8064516129032,FALSE,"2024",2,"Winter","non-G-coded","female","1",25.44,"<=30",FALSE,FALSE,FALSE,FALSE,FALSE,FALSE,FALSE,FALSE,FALSE,FALSE,1,1,"singleton",0,0,0,0,0,0,0,0,0,0,0,3
"235215",25.44,1,2025-09-28,"15618075",37.6,"251120",NA,NA,2071,"2025",9,"Autumn",2023-08-28,2024-06-02,15.8666666666667,FALSE,"2023",8,"Summer","non-G-coded","female","1",25.44,"<=30",FALSE,FALSE,FALSE,FALSE,FALSE,FALSE,FALSE,FALSE,FALSE,FALSE,1,1,"singleton",0,0,0,0,0,0,0,0,0,0,0,9
"H212902",25.44,1,2023-04-21,"21214008",39.5,"233061","180781","62150",8572,"2023",4,"Spring",2021-03-21,2024-06-02,-13.3666666666667,TRUE,"2021",3,"Spring","non-G-coded","female","1",25.44,"<=30",FALSE,FALSE,FALSE,FALSE,FALSE,FALSE,FALSE,FALSE,FALSE,FALSE,1,1,"singleton",0,0,0,0,0,0,0,0,0,0,0,4
"224367",25.48,1,2024-04-18,"22220785",40.6,"240646","2545109367","91147",5843,"2024",4,"Spring",2022-03-18,2024-06-02,-1.46666666666667,TRUE,"2022",3,"Spring","non-G-coded","female","1",25.48,"<=30",FALSE,FALSE,FALSE,FALSE,FALSE,FALSE,FALSE,FALSE,FALSE,FALSE,1,1,"singleton",0,0,0,0,0,0,0,0,0,0,0,4
"240710",25.51,1,2026-06-18,"41122272",42.4,"261609","862025瓦特罗","70702",23,"2026",6,"Summer",2024-04-18,2024-05-02,25.5333333333333,FALSE,"2024",4,"Spring","non-G-coded","female","1",25.51,"<=30",FALSE,FALSE,FALSE,FALSE,FALSE,FALSE,FALSE,FALSE,FALSE,FALSE,1,1,"singleton",0,0,0,0,0,0,0,0,0,0,0,6
"G8345",25.51,1,2025-04-03,"427133",35.2,"250507",NA,NA,3351,"2025",4,"Spring",2023-02-03,2024-05-02,11.0333333333333,TRUE,"2023",2,"Winter","non-G-coded","female","1",25.51,"<=30",FALSE,FALSE,FALSE,FALSE,FALSE,FALSE,FALSE,FALSE,FALSE,FALSE,1,1,"singleton",0,0,0,0,1,0,1,0,0,0,0,4
"213120",25.51,1,2023-08-27,"865530狼血",36.8,"235239",NA,NA,7823,"2023",8,"Summer",2021-06-27,2024-05-02,-8.19354838709677,TRUE,"2021",6,"Summer","non-G-coded","female","1",25.51,"<=30",FALSE,FALSE,FALSE,FALSE,FALSE,FALSE,FALSE,FALSE,FALSE,FALSE,1,1,"singleton",0,0,0,0,0,0,0,0,0,0,0,8
"234553",25.54,1,2025-05-20,"22218621",43.8,"250732","871041文尼哥","201399",2898,"2025",5,"Spring",2023-03-20,2024-05-02,12.5806451612903,TRUE,"2023",3,"Spring","non-G-coded","female","1",25.54,"<=30",FALSE,FALSE,FALSE,FALSE,FALSE,FALSE,FALSE,FALSE,FALSE,FALSE,1,1,"singleton",0,0,0,0,0,0,0,0,0,0,0,5
"212976",25.54,1,2023-07-14,"XM-22218621",43.5,"235057","7029225762","14250",8099,"2023",7,"Summer",2021-05-14,2024-05-02,-9.61290322580645,TRUE,"2021",5,"Spring","non-G-coded","female","1",25.54,"<=30",FALSE,FALSE,FALSE,FALSE,FALSE,FALSE,FALSE,FALSE,FALSE,FALSE,1,1,"singleton",0,0,0,0,0,0,0,0,0,0,0,7
"234837",25.58,1,2025-07-20,"863302",38.5,"250928",NA,"212859",2502,"2025",7,"Summer",2023-05-20,2024-05-02,14.5806451612903,TRUE,"2023",5,"Spring","non-G-coded","female","1",25.58,"<=30",FALSE,FALSE,FALSE,FALSE,FALSE,FALSE,FALSE,FALSE,FALSE,FALSE,1,1,"singleton",0,0,0,0,0,0,0,0,0,0,0,7
"240227",25.61,1,2026-03-25,"41421125",35.4,"261272","FR7045049997","202491",639,"2026",3,"Spring",2024-01-25,2024-05-02,22.741935483871,FALSE,"2024",1,"Winter","non-G-coded","female","1",25.61,"<=30",FALSE,FALSE,FALSE,FALSE,FALSE,FALSE,FALSE,FALSE,FALSE,FALSE,1,1,"singleton",0,0,0,0,1,0,1,0,0,0,0,3
"213697",25.61,1,2024-01-01,"865530狼血",25.3,"240022","854282","62298",6946,"2024",1,"Winter",2021-11-01,2024-05-02,-4.03225806451613,TRUE,"2021",11,"Autumn","non-G-coded","female","1",25.61,"<=30",FALSE,FALSE,FALSE,FALSE,FALSE,FALSE,FALSE,FALSE,FALSE,FALSE,1,1,"singleton",1,0,1,0,1,0,1,0,1,0,0,1
"235399",25.64,1,2025-11-03,"21219011",42.2,"251278","7402563907","800846",1753,"2025",11,"Autumn",2023-09-03,2024-05-02,18.0333333333333,FALSE,"2023",9,"Autumn","non-G-coded","female","1",25.64,"<=30",FALSE,FALSE,FALSE,FALSE,FALSE,FALSE,FALSE,FALSE,FALSE,FALSE,1,1,"singleton",0,0,0,0,0,0,0,0,0,0,0,11
"212367",25.64,1,2023-04-22,"21219022",38.1,"233062",NA,NA,8561,"2023",4,"Spring",2021-02-22,2024-05-02,-12.3333333333333,TRUE,"2021",2,"Winter","non-G-coded","female","1",25.64,"<=30",FALSE,FALSE,FALSE,FALSE,FALSE,FALSE,FALSE,FALSE,FALSE,FALSE,1,1,"singleton",0,0,0,0,0,0,0,0,0,0,0,4
"240257",25.71,1,2026-03-31,"41422157",41.4,"261321",NA,NA,558,"2026",3,"Spring",2024-01-31,2024-05-02,22.9354838709677,FALSE,"2024",1,"Winter","non-G-coded","female","1",25.71,"<=30",FALSE,FALSE,FALSE,FALSE,FALSE,FALSE,FALSE,FALSE,FALSE,FALSE,1,1,"singleton",0,0,0,0,0,0,0,0,0,0,0,3
"L217014",25.71,1,2024-01-09,"865530狼血",37.5,"240068",NA,NA,6867,"2024",1,"Winter",2021-11-09,2024-05-02,-3.7741935483871,TRUE,"2021",11,"Autumn","non-G-coded","female","1",25.71,"<=30",FALSE,FALSE,FALSE,FALSE,FALSE,FALSE,FALSE,FALSE,FALSE,FALSE,1,1,"singleton",0,0,0,0,0,0,0,0,0,0,0,1
"240200",25.74,1,2026-03-26,"21219011",41.4,"261280","862025瓦特罗","224023",626,"2026",3,"Spring",2024-01-26,2024-05-02,22.7741935483871,FALSE,"2024",1,"Winter","non-G-coded","female","1",25.74,"<=30",FALSE,FALSE,FALSE,FALSE,FALSE,FALSE,FALSE,FALSE,FALSE,FALSE,1,1,"singleton",0,0,0,0,0,0,0,0,0,0,0,3
"212007",25.74,1,2023-02-23,"22218707",47.5,"234278",NA,NA,9100,"2023",2,"Winter",2020-12-23,2024-05-02,-14.25,TRUE,"2020",12,"Winter","non-G-coded","female","1",25.74,"<=30",FALSE,FALSE,FALSE,FALSE,FALSE,FALSE,FALSE,FALSE,FALSE,FALSE,1,1,"singleton",0,0,0,0,0,0,0,0,0,0,0,2
"234305",25.77,1,2025-04-20,"22218621",49.6,"250569",NA,NA,3211,"2025",4,"Spring",2023-02-20,2024-05-02,11.6,TRUE,"2023",2,"Winter","non-G-coded","female","1",25.77,"<=30",FALSE,FALSE,FALSE,FALSE,FALSE,FALSE,FALSE,FALSE,FALSE,FALSE,1,1,"singleton",0,0,0,0,0,1,0,0,0,0,0,4
"212989",25.77,1,2023-07-24,"854773威吉吉",33.8,"235111","606306","70285",8028,"2023",7,"Summer",2021-05-24,2024-05-02,-9.29032258064516,TRUE,"2021",5,"Spring","non-G-coded","female","1",25.77,"<=30",FALSE,FALSE,FALSE,FALSE,FALSE,FALSE,FALSE,FALSE,FALSE,FALSE,1,1,"singleton",1,0,0,0,1,0,1,0,0,0,0,7
"234630",25.81,1,2025-06-14,"863302",34.2,"250801",NA,NA,2753,"2025",6,"Summer",2023-04-14,2024-05-02,13.4,TRUE,"2023",4,"Spring","non-G-coded","female","1",25.81,"<=30",FALSE,FALSE,FALSE,FALSE,FALSE,FALSE,FALSE,FALSE,FALSE,FALSE,1,1,"singleton",1,0,0,0,1,0,1,0,0,0,0,6
"213111",25.84,1,2023-09-04,"871041文尼哥",43.5,"9470","180781","5049",7753,"2023",9,"Autumn",2021-07-04,2024-05-02,-7.93333333333333,TRUE,"2021",7,"Summer","non-G-coded","female","1",25.84,"<=30",FALSE,FALSE,FALSE,FALSE,FALSE,FALSE,FALSE,FALSE,FALSE,FALSE,1,1,"singleton",0,0,0,0,0,0,0,0,0,0,0,9
"234480",25.87,1,2025-05-20,"427133",44.2,"250731","871041文尼哥","201430",2902,"2025",5,"Spring",2023-03-20,2024-05-02,12.5806451612903,TRUE,"2023",3,"Spring","non-G-coded","female","1",25.87,"<=30",FALSE,FALSE,FALSE,FALSE,FALSE,FALSE,FALSE,FALSE,FALSE,FALSE,1,1,"singleton",0,0,0,0,0,0,0,0,0,0,0,5
"212612L",25.87,1,2023-06-07,"65118574",40.3,"234857",NA,NA,8283,"2023",6,"Summer",2021-04-07,2024-05-02,-10.8333333333333,TRUE,"2021",4,"Spring","non-G-coded","female","1",25.87,"<=30",FALSE,FALSE,FALSE,FALSE,FALSE,FALSE,FALSE,FALSE,FALSE,FALSE,1,1,"singleton",0,0,0,0,0,0,0,0,0,0,0,6
"224029",25.9,1,2024-02-28,"862025瓦特罗",43.8,"240410","854062","01519",6288,"2024",2,"Winter",2021-12-28,2024-05-02,-2.10344827586207,TRUE,"2021",12,"Winter","non-G-coded","female","1",25.9,"<=30",FALSE,FALSE,FALSE,FALSE,FALSE,FALSE,FALSE,FALSE,FALSE,FALSE,1,1,"singleton",0,0,0,0,0,0,0,0,0,0,0,2
"234471",25.94,1,2025-05-20,"427133",40.6,"250734",NA,"212606",2901,"2025",5,"Spring",2023-03-20,2024-05-02,12.5806451612903,TRUE,"2023",3,"Spring","non-G-coded","female","1",25.94,"<=30",FALSE,FALSE,FALSE,FALSE,FALSE,FALSE,FALSE,FALSE,FALSE,FALSE,1,1,"singleton",0,0,0,0,0,0,0,0,0,0,0,5
"213564",25.97,1,2024-02-03,"862025瓦特罗",45.2,"240201",NA,NA,6655,"2024",2,"Winter",2021-12-03,2024-05-02,-2.96551724137931,TRUE,"2021",12,"Winter","non-G-coded","female","1",25.97,"<=30",FALSE,FALSE,FALSE,FALSE,FALSE,FALSE,FALSE,FALSE,FALSE,FALSE,1,1,"singleton",0,0,0,0,0,0,0,0,0,0,0,2
"202484",26,1,2023-01-15,"854282维利纳诺",46.8,"234077",NA,NA,9385,"2023",1,"Winter",2020-11-15,2024-05-02,-15.5806451612903,TRUE,"2020",11,"Autumn","non-G-coded","female","1",26,"<=30",FALSE,FALSE,FALSE,FALSE,FALSE,FALSE,FALSE,FALSE,FALSE,FALSE,1,1,"singleton",0,0,0,0,0,0,0,0,0,0,0,1
"61882",26.04,1,2023-10-26,"854282维利纳诺",40.2,"235568","7402563907","60945",7466,"2023",10,"Autumn",2021-08-26,2024-05-02,-6.2258064516129,TRUE,"2021",8,"Summer","non-G-coded","female","1",26.04,"<=30",FALSE,FALSE,FALSE,FALSE,FALSE,FALSE,FALSE,FALSE,FALSE,FALSE,1,1,"singleton",0,0,0,0,0,0,0,0,0,0,0,10
"G9167",26.07,1,2025-09-13,"15618075",45.3,"251062","公牛","01161",2198,"2025",9,"Autumn",2023-07-13,2024-05-02,16.3666666666667,FALSE,"2023",7,"Summer","non-G-coded","female","1",26.07,"<=30",FALSE,FALSE,FALSE,FALSE,FALSE,FALSE,FALSE,FALSE,FALSE,FALSE,1,1,"singleton",0,0,0,0,0,0,0,0,0,0,0,9
"234564",26.07,1,2025-06-09,"22218621",44.6,"250787","871041文尼哥","201789",2779,"2025",6,"Summer",2023-04-09,2024-05-02,13.2333333333333,TRUE,"2023",4,"Spring","non-G-coded","female","1",26.07,"<=30",FALSE,FALSE,FALSE,FALSE,FALSE,FALSE,FALSE,FALSE,FALSE,FALSE,1,1,"singleton",0,0,0,0,0,0,0,0,0,0,0,6
"213838",26.07,1,2024-02-10,"862025瓦特罗",43.4,"240261","854282","01333",6557,"2024",2,"Winter",2021-12-10,2024-05-02,-2.72413793103448,TRUE,"2021",12,"Winter","non-G-coded","female","1",26.07,"<=30",FALSE,FALSE,FALSE,FALSE,FALSE,FALSE,FALSE,FALSE,FALSE,FALSE,1,1,"singleton",0,0,0,0,0,0,0,0,0,0,0,2
"235133",26.1,1,2025-09-28,"15618075",31.5,"251121","公牛","60150",2067,"2025",9,"Autumn",2023-07-28,2024-05-02,16.8666666666667,FALSE,"2023",7,"Summer","non-G-coded","female","1",26.1,"<=30",FALSE,FALSE,FALSE,FALSE,FALSE,FALSE,FALSE,FALSE,FALSE,FALSE,1,1,"singleton",1,0,1,0,1,0,1,0,0,0,0,9
"201287",26.1,1,2023-02-01,"871041文尼哥",48.2,"234148",NA,NA,9281,"2023",2,"Winter",2020-12-01,2024-05-02,-15.0322580645161,TRUE,"2020",12,"Winter","non-G-coded","female","1",26.1,"<=30",FALSE,FALSE,FALSE,FALSE,FALSE,FALSE,FALSE,FALSE,FALSE,FALSE,1,1,"singleton",0,0,0,0,0,0,0,0,0,0,0,2
"H213008",26.13,1,2023-12-26,"865530狼血",42.5,"235964",NA,NA,6996,"2023",12,"Winter",2021-10-26,2024-05-02,-4.2258064516129,TRUE,"2021",10,"Autumn","non-G-coded","female","1",26.13,"<=30",FALSE,FALSE,FALSE,FALSE,FALSE,FALSE,FALSE,FALSE,FALSE,FALSE,1,1,"singleton",0,0,0,0,0,0,0,0,0,0,0,12
"202443",26.13,1,2023-01-09,"854282维利纳诺",43.5,"234044","606318","62622",9422,"2023",1,"Winter",2020-11-09,2024-05-02,-15.7741935483871,TRUE,"2020",11,"Autumn","non-G-coded","female","1",26.13,"<=30",FALSE,FALSE,FALSE,FALSE,FALSE,FALSE,FALSE,FALSE,FALSE,FALSE,1,1,"singleton",0,0,0,0,0,0,0,0,0,0,0,1
"234904",26.17,1,2025-08-16,"863302",44.3,"251004","7402563907","00685",2334,"2025",8,"Summer",2023-06-16,2024-05-02,15.4516129032258,FALSE,"2023",6,"Summer","non-G-coded","female","1",26.17,"<=30",FALSE,FALSE,FALSE,FALSE,FALSE,FALSE,FALSE,FALSE,FALSE,FALSE,1,1,"singleton",0,0,0,0,0,0,0,0,0,0,0,8
"240625",26.2,1,2026-06-19,"41122272",37.2,"261613","FR3917468802","01025",19,"2026",6,"Summer",2024-04-19,2024-05-02,25.5666666666667,FALSE,"2024",4,"Spring","non-G-coded","female","1",26.2,"<=30",FALSE,FALSE,FALSE,FALSE,FALSE,FALSE,FALSE,FALSE,FALSE,FALSE,1,1,"singleton",0,0,0,0,0,0,0,0,0,0,0,6
"234532",26.2,1,2025-06-07,"22218621",38.5,"250779","7402563907","801017",2787,"2025",6,"Summer",2023-04-07,2024-05-02,13.1666666666667,TRUE,"2023",4,"Spring","non-G-coded","female","1",26.2,"<=30",FALSE,FALSE,FALSE,FALSE,FALSE,FALSE,FALSE,FALSE,FALSE,FALSE,1,1,"singleton",0,0,0,0,0,0,0,0,0,0,0,6
"213058",26.23,1,2023-12-23,"865530狼血",39.3,"235949",NA,NA,7024,"2023",12,"Winter",2021-10-23,2024-05-02,-4.32258064516129,TRUE,"2021",10,"Autumn","non-G-coded","female","1",26.23,"<=30",FALSE,FALSE,FALSE,FALSE,FALSE,FALSE,FALSE,FALSE,FALSE,FALSE,1,1,"singleton",0,0,0,0,0,0,0,0,0,0,0,12
"240255",26.27,1,2026-04-17,"41221179",26.2,"261401","854773威吉吉","62288",411,"2026",4,"Spring",2024-02-17,2024-05-02,23.5,FALSE,"2024",2,"Winter","non-G-coded","female","1",26.27,"<=30",FALSE,FALSE,FALSE,FALSE,FALSE,FALSE,FALSE,FALSE,FALSE,FALSE,1,1,"singleton",1,0,1,0,1,0,1,0,1,0,0,4
"212203",26.27,1,2023-04-04,"65117533",37.8,"234540","180781","12032",8706,"2023",4,"Spring",2021-02-04,2024-05-02,-12.9333333333333,TRUE,"2021",2,"Winter","non-G-coded","female","1",26.27,"<=30",FALSE,FALSE,FALSE,FALSE,FALSE,FALSE,FALSE,FALSE,FALSE,FALSE,1,1,"singleton",0,0,0,0,0,0,0,0,0,0,0,4
"234854",26.3,1,2025-05-28,"427133",38.4,"250755",NA,NA,2850,"2025",5,"Spring",2023-03-28,2024-05-02,12.8387096774194,TRUE,"2023",3,"Spring","non-G-coded","female","1",26.3,"<=30",FALSE,FALSE,FALSE,FALSE,FALSE,FALSE,FALSE,FALSE,FALSE,FALSE,1,1,"singleton",0,0,0,0,0,0,0,0,0,0,0,5
"240501",26.33,1,2026-05-24,"41422157",36.2,"261522","862025瓦特罗","61590",185,"2026",5,"Spring",2024-03-24,2024-05-02,24.7096774193548,FALSE,"2024",3,"Spring","non-G-coded","female","1",26.33,"<=30",FALSE,FALSE,FALSE,FALSE,FALSE,FALSE,FALSE,FALSE,FALSE,FALSE,1,1,"singleton",0,0,0,0,1,0,0,0,0,0,0,5
"212382",26.33,1,2024-02-06,"862025瓦特罗",46.2,"240232","606306","140536",6598,"2024",2,"Winter",2021-12-06,2024-05-02,-2.86206896551724,TRUE,"2021",12,"Winter","non-G-coded","female","1",26.33,"<=30",FALSE,FALSE,FALSE,FALSE,FALSE,FALSE,FALSE,FALSE,FALSE,FALSE,1,1,"singleton",0,0,0,0,0,0,0,0,0,0,0,2
"234175",26.36,1,2025-04-18,"22218621",41.6,"250559","871041文尼哥","800853",3228,"2025",4,"Spring",2023-02-18,2024-05-02,11.5333333333333,TRUE,"2023",2,"Winter","non-G-coded","female","1",26.36,"<=30",FALSE,FALSE,FALSE,FALSE,FALSE,FALSE,FALSE,FALSE,FALSE,FALSE,1,1,"singleton",0,0,0,0,0,0,0,0,0,0,0,4
"202392",26.4,1,2023-01-12,"854282维利纳诺",40.6,"234063","163940","63042",9404,"2023",1,"Winter",2020-11-12,2024-05-02,-15.6774193548387,TRUE,"2020",11,"Autumn","non-G-coded","female","1",26.4,"<=30",FALSE,FALSE,FALSE,FALSE,FALSE,FALSE,FALSE,FALSE,FALSE,FALSE,1,1,"singleton",0,0,0,0,0,0,0,0,0,0,0,1
"213865",26.43,1,2024-02-27,"862025瓦特罗",39.8,"240399","6868671111","61433",6295,"2024",2,"Winter",2021-12-27,2024-05-02,-2.13793103448276,TRUE,"2021",12,"Winter","non-G-coded","female","1",26.43,"<=30",FALSE,FALSE,FALSE,FALSE,FALSE,FALSE,FALSE,FALSE,FALSE,FALSE,1,1,"singleton",0,0,0,0,0,0,0,0,0,0,0,2
"213293",26.43,1,2023-11-11,"854282维利纳诺",38.5,"235667","180781","65013",7369,"2023",11,"Autumn",2021-09-11,2024-05-02,-5.7,TRUE,"2021",9,"Autumn","non-G-coded","female","1",26.43,"<=30",FALSE,FALSE,FALSE,FALSE,FALSE,FALSE,FALSE,FALSE,FALSE,FALSE,1,1,"singleton",0,0,0,0,0,0,0,0,0,0,0,11
"234783",26.46,1,2025-08-07,"15221363",42.8,"250988","7402563907","00638",2375,"2025",8,"Summer",2023-06-07,2024-05-02,15.1612903225806,FALSE,"2023",6,"Summer","non-G-coded","female","1",26.46,"<=30",FALSE,FALSE,FALSE,FALSE,FALSE,FALSE,FALSE,FALSE,FALSE,FALSE,1,1,"singleton",0,0,0,0,0,0,0,0,0,0,0,8
"235052",26.5,1,2025-09-25,"15618075",41.3,"251109","7402563907","70714",2093,"2025",9,"Autumn",2023-07-25,2024-05-02,16.7666666666667,FALSE,"2023",7,"Summer","non-G-coded","female","1",26.5,"<=30",FALSE,FALSE,FALSE,FALSE,FALSE,FALSE,FALSE,FALSE,FALSE,FALSE,1,1,"singleton",0,0,0,0,0,0,0,0,0,0,0,9
"213014",26.5,1,2023-08-24,"854282维利纳诺",37.8,"235253","7029225762","62368",7845,"2023",8,"Summer",2021-06-24,2024-05-02,-8.29032258064516,TRUE,"2021",6,"Summer","non-G-coded","female","1",26.5,"<=30",FALSE,FALSE,FALSE,FALSE,FALSE,FALSE,FALSE,FALSE,FALSE,FALSE,1,1,"singleton",0,0,0,0,0,0,0,0,0,0,0,8
"202660",26.53,1,2023-03-03,"15618205",48.2,"234334",NA,NA,9029,"2023",3,"Spring",2020-12-03,2024-04-02,-12.9677419354839,TRUE,"2020",12,"Winter","non-G-coded","female","1",26.53,"<=30",FALSE,FALSE,FALSE,FALSE,FALSE,FALSE,FALSE,FALSE,FALSE,FALSE,1,1,"singleton",0,0,0,0,0,0,0,0,0,0,0,3
"202545",26.56,1,2023-02-13,"22218707",46.1,"234212","163940","61846",9196,"2023",2,"Winter",2020-11-13,2024-04-02,-13.6071428571429,TRUE,"2020",11,"Autumn","non-G-coded","female","1",26.56,"<=30",FALSE,FALSE,FALSE,FALSE,FALSE,FALSE,FALSE,FALSE,FALSE,FALSE,1,1,"singleton",0,0,0,0,0,0,0,0,0,0,0,2
"213900",26.59,1,2024-03-09,"41220100",30.6,"240466",NA,NA,6184,"2024",3,"Spring",2021-12-09,2024-04-02,-0.774193548387097,TRUE,"2021",12,"Winter","non-G-coded","female","1",26.59,"<=30",FALSE,FALSE,FALSE,FALSE,FALSE,FALSE,FALSE,FALSE,FALSE,FALSE,1,1,"singleton",1,0,1,0,1,0,1,0,0,0,0,3
"235032",26.63,1,2025-09-28,"15618075",47.6,"251123","854773威吉吉","201487",2070,"2025",9,"Autumn",2023-06-28,2024-04-02,17.8666666666667,FALSE,"2023",6,"Summer","non-G-coded","female","1",26.63,"<=30",FALSE,FALSE,FALSE,FALSE,FALSE,FALSE,FALSE,FALSE,FALSE,FALSE,1,1,"singleton",0,0,0,0,0,0,0,0,0,0,0,9
"235292",26.66,1,2025-11-16,"21219011",35.6,"251338","854282维利纳诺","800522",1633,"2025",11,"Autumn",2023-08-16,2024-04-02,19.4666666666667,FALSE,"2023",8,"Summer","non-G-coded","female","1",26.66,"<=30",FALSE,FALSE,FALSE,FALSE,FALSE,FALSE,FALSE,FALSE,FALSE,FALSE,1,1,"singleton",0,0,0,0,1,0,1,0,0,0,0,11
"240035",26.69,1,2026-03-23,"41122272",39.7,"261265","865530狼血","213339",653,"2026",3,"Spring",2023-12-23,2024-04-02,23.6774193548387,FALSE,"2023",12,"Winter","non-G-coded","female","1",26.69,"<=30",FALSE,FALSE,FALSE,FALSE,FALSE,FALSE,FALSE,FALSE,FALSE,FALSE,1,1,"singleton",0,0,0,0,0,0,0,0,0,0,0,3
"224304",26.69,1,2024-05-15,"22220785",40.4,"240743",NA,NA,5657,"2024",5,"Spring",2022-02-15,2024-04-02,1.41935483870968,TRUE,"2022",2,"Winter","non-G-coded","female","1",26.69,"<=30",FALSE,FALSE,FALSE,FALSE,FALSE,FALSE,FALSE,FALSE,FALSE,FALSE,1,1,"singleton",0,0,0,0,0,0,0,0,0,0,0,5
"234333",26.73,1,2025-05-23,"427133",36.6,"250745","7029225762","20101",2873,"2025",5,"Spring",2023-02-23,2024-04-02,13.6774193548387,TRUE,"2023",2,"Winter","non-G-coded","female","1",26.73,"<=30",FALSE,FALSE,FALSE,FALSE,FALSE,FALSE,FALSE,FALSE,FALSE,FALSE,1,1,"singleton",0,0,0,0,0,0,0,0,0,0,0,5
"213564L",26.73,1,2024-01-04,"865530狼血",48,"HG40032",NA,NA,6914,"2024",1,"Winter",2021-10-04,2024-04-02,-2.93548387096774,TRUE,"2021",10,"Autumn","non-G-coded","female","1",26.73,"<=30",FALSE,FALSE,FALSE,FALSE,FALSE,FALSE,FALSE,FALSE,FALSE,FALSE,1,1,"singleton",0,0,0,0,0,0,0,0,0,0,0,1
"202465",26.73,1,2023-02-01,"871041文尼哥",46.2,"234150","163940","30961",9284,"2023",2,"Winter",2020-11-01,2024-04-02,-14.0322580645161,TRUE,"2020",11,"Autumn","non-G-coded","female","1",26.73,"<=30",FALSE,FALSE,FALSE,FALSE,FALSE,FALSE,FALSE,FALSE,FALSE,FALSE,1,1,"singleton",0,0,0,0,0,0,0,0,0,0,0,2
"235131",26.76,1,2025-10-17,"41121286",46.4,"251206","854773威吉吉","212448",1906,"2025",10,"Autumn",2023-07-17,2024-04-02,18.4838709677419,FALSE,"2023",7,"Summer","non-G-coded","female","1",26.76,"<=30",FALSE,FALSE,FALSE,FALSE,FALSE,FALSE,FALSE,FALSE,FALSE,FALSE,1,1,"singleton",0,0,0,0,0,0,0,0,0,0,0,10
"234265",26.79,1,2025-05-15,"427133",39.2,"250712","13218239","202345",2944,"2025",5,"Spring",2023-02-15,2024-04-02,13.4193548387097,TRUE,"2023",2,"Winter","non-G-coded","female","1",26.79,"<=30",FALSE,FALSE,FALSE,FALSE,FALSE,FALSE,FALSE,FALSE,FALSE,FALSE,1,1,"singleton",0,0,0,0,0,0,0,0,0,0,0,5
"234542",26.82,1,2025-06-27,"22218621",34,"250856","871041文尼哥","62051",2653,"2025",6,"Summer",2023-03-27,2024-04-02,14.8333333333333,TRUE,"2023",3,"Spring","non-G-coded","female","1",26.82,"<=30",FALSE,FALSE,FALSE,FALSE,FALSE,FALSE,FALSE,FALSE,FALSE,FALSE,1,1,"singleton",1,0,0,0,1,0,1,0,0,0,0,6
"234318",26.86,1,2025-05-26,"22218621",35.8,"250750","854773威吉吉","60396",2864,"2025",5,"Spring",2023-02-26,2024-04-02,13.7741935483871,TRUE,"2023",2,"Winter","non-G-coded","female","1",26.86,"<=30",FALSE,FALSE,FALSE,FALSE,FALSE,FALSE,FALSE,FALSE,FALSE,FALSE,1,1,"singleton",0,0,0,0,1,0,1,0,0,0,0,5
"217024L",26.89,1,2024-03-06,"854400西部公园",42.5,"240447",NA,NA,6219,"2024",3,"Spring",2021-12-06,2024-04-02,-0.870967741935484,TRUE,"2021",12,"Winter","non-G-coded","female","1",26.89,"<=30",FALSE,FALSE,FALSE,FALSE,FALSE,FALSE,FALSE,FALSE,FALSE,FALSE,1,1,"singleton",0,0,0,0,0,0,0,0,0,0,0,3
"213478",26.92,1,2023-12-27,"865530狼血",44.6,"235968","2544424506","60167",6986,"2023",12,"Winter",2021-09-27,2024-04-02,-3.19354838709677,TRUE,"2021",9,"Autumn","non-G-coded","female","1",26.92,"<=30",FALSE,FALSE,FALSE,FALSE,FALSE,FALSE,FALSE,FALSE,FALSE,FALSE,1,1,"singleton",0,0,0,0,0,0,0,0,0,0,0,12
"234140",26.96,1,2025-04-28,"22218621",44.3,"250625",NA,NA,3112,"2025",4,"Spring",2023-01-28,2024-04-02,12.8666666666667,TRUE,"2023",1,"Winter","non-G-coded","female","1",26.96,"<=30",FALSE,FALSE,FALSE,FALSE,FALSE,FALSE,FALSE,FALSE,FALSE,FALSE,1,1,"singleton",0,0,0,0,0,0,0,0,0,0,0,4
"213503",26.96,1,2024-01-01,"865530狼血",43.1,"240021","180781","800828",6953,"2024",1,"Winter",2021-10-01,2024-04-02,-3.03225806451613,TRUE,"2021",10,"Autumn","non-G-coded","female","1",26.96,"<=30",FALSE,FALSE,FALSE,FALSE,FALSE,FALSE,FALSE,FALSE,FALSE,FALSE,1,1,"singleton",0,0,0,0,0,0,0,0,0,0,0,1
"213439L",26.99,1,2023-12-23,"854773威吉吉",45.4,"235954",NA,NA,7031,"2023",12,"Winter",2021-09-23,2024-04-02,-3.32258064516129,TRUE,"2021",9,"Autumn","non-G-coded","female","1",26.99,"<=30",FALSE,FALSE,FALSE,FALSE,FALSE,FALSE,FALSE,FALSE,FALSE,FALSE,1,1,"singleton",0,0,0,0,0,0,0,0,0,0,0,12
"234499",27.02,1,2025-06-26,"22218621",42.1,"250847","871041文尼哥","201256",2664,"2025",6,"Summer",2023-03-26,2024-04-02,14.8,TRUE,"2023",3,"Spring","non-G-coded","female","1",27.02,"<=30",FALSE,FALSE,FALSE,FALSE,FALSE,FALSE,FALSE,FALSE,FALSE,FALSE,1,1,"singleton",0,0,0,0,0,0,0,0,0,0,0,6
"213392",27.02,1,2023-12-15,"865530狼血",40.6,"235872",NA,NA,7139,"2023",12,"Winter",2021-09-15,2024-04-02,-3.58064516129032,TRUE,"2021",9,"Autumn","non-G-coded","female","1",27.02,"<=30",FALSE,FALSE,FALSE,FALSE,FALSE,FALSE,FALSE,FALSE,FALSE,FALSE,1,1,"singleton",0,0,0,0,0,0,0,0,0,0,0,12
"240026",27.09,1,2026-04-03,"41120238",39.7,"261336","FR7045049997","212247",516,"2026",4,"Spring",2024-01-03,2024-04-02,24.0333333333333,FALSE,"2024",1,"Winter","non-G-coded","female","1",27.09,"<=30",FALSE,FALSE,FALSE,FALSE,FALSE,FALSE,FALSE,FALSE,FALSE,FALSE,1,1,"singleton",0,0,0,0,0,0,0,0,0,0,0,4
"213363",27.09,1,2023-12-19,"854773威吉吉",36.4,"235911",NA,NA,7087,"2023",12,"Winter",2021-09-19,2024-04-02,-3.45161290322581,TRUE,"2021",9,"Autumn","non-G-coded","female","1",27.09,"<=30",FALSE,FALSE,FALSE,FALSE,FALSE,FALSE,FALSE,FALSE,FALSE,FALSE,1,1,"singleton",0,0,0,0,1,0,0,0,0,0,0,12
"240109",27.12,1,2026-04-21,"41120238",19.2,"261418","865530狼血","201025",380,"2026",4,"Spring",2024-01-21,2024-04-02,24.6333333333333,FALSE,"2024",1,"Winter","non-G-coded","female","1",27.12,"<=30",TRUE,FALSE,TRUE,FALSE,FALSE,FALSE,FALSE,FALSE,FALSE,FALSE,1,1,"singleton",1,0,1,0,1,0,1,0,1,0,0,4
"212404",27.12,1,2023-06-11,"65118598",43.5,"234888","180781","910092",8259,"2023",6,"Summer",2021-03-11,2024-04-02,-9.7,TRUE,"2021",3,"Spring","non-G-coded","female","1",27.12,"<=30",FALSE,FALSE,FALSE,FALSE,FALSE,FALSE,FALSE,FALSE,FALSE,FALSE,1,1,"singleton",0,0,0,0,0,0,0,0,0,0,0,6
"234974",27.19,1,2025-10-04,"15618075",51,"251148","XM-22218621","61424",2008,"2025",10,"Autumn",2023-07-04,2024-04-02,18.0645161290323,FALSE,"2023",7,"Summer","non-G-coded","female","1",27.19,"<=30",FALSE,FALSE,FALSE,FALSE,FALSE,FALSE,FALSE,FALSE,FALSE,FALSE,1,1,"singleton",0,1,0,0,0,1,0,0,0,0,0,10
"240459",27.22,1,2026-06-13,"41419139",34.4,"261590","862025瓦特罗","201628",54,"2026",6,"Summer",2024-03-13,2024-04-02,26.3666666666667,FALSE,"2024",3,"Spring","non-G-coded","female","1",27.22,"<=30",FALSE,FALSE,FALSE,FALSE,FALSE,FALSE,FALSE,FALSE,FALSE,FALSE,1,1,"singleton",1,0,0,0,1,0,1,0,0,0,0,6
"212674",27.22,1,2023-07-25,"854773威吉吉",33.8,"235117","606318","910401",8018,"2023",7,"Summer",2021-04-25,2024-04-02,-8.25806451612903,TRUE,"2021",4,"Spring","non-G-coded","female","1",27.22,"<=30",FALSE,FALSE,FALSE,FALSE,FALSE,FALSE,FALSE,FALSE,FALSE,FALSE,1,1,"singleton",1,0,0,0,1,0,1,0,0,0,0,7
"234550",27.25,1,2025-07-11,"22219919",33.2,"250899","7402563907","800848",2555,"2025",7,"Summer",2023-04-11,2024-04-02,15.2903225806452,FALSE,"2023",4,"Spring","non-G-coded","female","1",27.25,"<=30",FALSE,FALSE,FALSE,FALSE,FALSE,FALSE,FALSE,FALSE,FALSE,FALSE,1,1,"singleton",1,0,0,0,1,0,1,0,0,0,0,7
"202628",27.25,1,2023-03-21,"15618205",46.3,"234444","180600","70673",8857,"2023",3,"Spring",2020-12-21,2024-04-02,-12.3870967741935,TRUE,"2020",12,"Winter","non-G-coded","female","1",27.25,"<=30",FALSE,FALSE,FALSE,FALSE,FALSE,FALSE,FALSE,FALSE,FALSE,FALSE,1,1,"singleton",0,0,0,0,0,0,0,0,0,0,0,3
"213408",27.28,1,2023-12-27,"854773威吉吉",46.3,"235966","180781","x127",6988,"2023",12,"Winter",2021-09-27,2024-04-02,-3.19354838709677,TRUE,"2021",9,"Autumn","non-G-coded","female","1",27.28,"<=30",FALSE,FALSE,FALSE,FALSE,FALSE,FALSE,FALSE,FALSE,FALSE,FALSE,1,1,"singleton",0,0,0,0,0,0,0,0,0,0,0,12
"234416",27.32,1,2025-06-25,"863302",48.4,"250842","871041文尼哥","60467",2667,"2025",6,"Summer",2023-03-25,2024-04-02,14.7666666666667,TRUE,"2023",3,"Spring","non-G-coded","female","1",27.32,"<=30",FALSE,FALSE,FALSE,FALSE,FALSE,FALSE,FALSE,FALSE,FALSE,FALSE,1,1,"singleton",0,0,0,0,0,0,0,0,0,0,0,6
"213628",27.35,1,2024-02-07,"862025瓦特罗",45.5,"240235","2544424506","1545",6594,"2024",2,"Winter",2021-11-07,2024-04-02,-1.82758620689655,TRUE,"2021",11,"Autumn","non-G-coded","female","1",27.35,"<=30",FALSE,FALSE,FALSE,FALSE,FALSE,FALSE,FALSE,FALSE,FALSE,FALSE,1,1,"singleton",0,0,0,0,0,0,0,0,0,0,0,2
"235568",27.38,1,2026-02-04,"41120238",41.6,"260079","854282维利纳诺","202498",1043,"2026",2,"Winter",2023-11-04,2024-04-02,22.0714285714286,FALSE,"2023",11,"Autumn","non-G-coded","female","1",27.38,"<=30",FALSE,FALSE,FALSE,FALSE,FALSE,FALSE,FALSE,FALSE,FALSE,FALSE,1,1,"singleton",0,0,0,0,0,0,0,0,0,0,0,2
"234894",27.42,1,2025-09-21,"15618075",46.6,"251093",NA,NA,2132,"2025",9,"Autumn",2023-06-21,2024-04-02,17.6333333333333,FALSE,"2023",6,"Summer","non-G-coded","female","1",27.42,"<=30",FALSE,FALSE,FALSE,FALSE,FALSE,FALSE,FALSE,FALSE,FALSE,FALSE,1,1,"singleton",0,0,0,0,0,0,0,0,0,0,0,9
"212971",27.42,1,2023-09-08,"865530狼血",37.5,"235360",NA,NA,7727,"2023",9,"Autumn",2021-06-08,2024-04-02,-6.8,TRUE,"2021",6,"Summer","non-G-coded","female","1",27.42,"<=30",FALSE,FALSE,FALSE,FALSE,FALSE,FALSE,FALSE,FALSE,FALSE,FALSE,1,1,"singleton",0,0,0,0,0,0,0,0,0,0,0,9
"235722",27.48,1,2026-03-05,"41122940",42.5,"260188",NA,NA,835,"2026",3,"Spring",2023-12-05,2024-04-02,23.0967741935484,FALSE,"2023",12,"Winter","non-G-coded","female","1",27.48,"<=30",FALSE,FALSE,FALSE,FALSE,FALSE,FALSE,FALSE,FALSE,FALSE,FALSE,1,1,"singleton",0,0,0,0,0,0,0,0,0,0,0,3
"213655",27.51,1,2024-02-19,"862025瓦特罗",40.2,"240332","606306","800966",6436,"2024",2,"Winter",2021-10-19,2024-03-02,-0.413793103448276,TRUE,"2021",10,"Autumn","non-G-coded","female","1",27.51,"<=30",FALSE,FALSE,FALSE,FALSE,FALSE,FALSE,FALSE,FALSE,FALSE,FALSE,1,1,"singleton",0,0,0,0,0,0,0,0,0,0,0,2
"234344",27.55,1,2025-06-20,"22218621",39.8,"250822","854773威吉吉","70469",2704,"2025",6,"Summer",2023-02-20,2024-03-02,15.6,FALSE,"2023",2,"Winter","non-G-coded","female","1",27.55,"<=30",FALSE,FALSE,FALSE,FALSE,FALSE,FALSE,FALSE,FALSE,FALSE,FALSE,1,1,"singleton",0,0,0,0,0,0,0,0,0,0,0,6
"234032",27.58,1,2025-04-23,"22218621",44.3,"250588","854282维利纳诺","40381",3186,"2025",4,"Spring",2022-12-23,2024-03-02,13.7,TRUE,"2022",12,"Winter","non-G-coded","female","1",27.58,"<=30",FALSE,FALSE,FALSE,FALSE,FALSE,FALSE,FALSE,FALSE,FALSE,FALSE,1,1,"singleton",0,0,0,0,0,0,0,0,0,0,0,4
"225607",27.61,1,2025-04-09,"427133",44.4,"250523","606045","61510",3300,"2025",4,"Spring",2022-12-09,2024-03-02,13.2333333333333,TRUE,"2022",12,"Winter","non-G-coded","female","1",27.61,"<=30",FALSE,FALSE,FALSE,FALSE,FALSE,FALSE,FALSE,FALSE,FALSE,FALSE,1,1,"singleton",0,0,0,0,0,0,0,0,0,0,0,4
"235877",27.68,1,2026-04-04,"41422157",46.4,"261348",NA,NA,502,"2026",4,"Spring",2023-12-04,2024-03-02,25.0666666666667,FALSE,"2023",12,"Winter","non-G-coded","female","1",27.68,"<=30",FALSE,FALSE,FALSE,FALSE,FALSE,FALSE,FALSE,FALSE,FALSE,FALSE,1,1,"singleton",0,0,0,0,0,0,0,0,0,0,0,4
"240004",27.71,1,2026-04-18,"41221179",27,"261404",NA,NA,403,"2026",4,"Spring",2023-12-18,2024-03-02,25.5333333333333,FALSE,"2023",12,"Winter","non-G-coded","female","1",27.71,"<=30",FALSE,FALSE,FALSE,FALSE,FALSE,FALSE,FALSE,FALSE,FALSE,FALSE,1,1,"singleton",1,0,1,0,1,0,1,0,1,0,0,4
"240317",27.74,1,2026-06-09,"41120238",41.8,"261579","15620251","227003",72,"2026",6,"Summer",2024-02-09,2024-03-02,27.2333333333333,FALSE,"2024",2,"Winter","non-G-coded","female","1",27.74,"<=30",FALSE,FALSE,FALSE,FALSE,FALSE,FALSE,FALSE,FALSE,FALSE,FALSE,1,1,"singleton",0,0,0,0,0,0,0,0,0,0,0,6
"212533",27.74,1,2023-07-18,"XM-22218621",34.7,"235083","180600","61779",8067,"2023",7,"Summer",2021-03-18,2024-03-02,-7.48387096774194,TRUE,"2021",3,"Spring","non-G-coded","female","1",27.74,"<=30",FALSE,FALSE,FALSE,FALSE,FALSE,FALSE,FALSE,FALSE,FALSE,FALSE,1,1,"singleton",1,0,0,0,1,0,1,0,0,0,0,7
"213620",27.78,1,2024-02-18,"862025瓦特罗",36.8,"240324","606306","800573",6448,"2024",2,"Winter",2021-10-18,2024-03-02,-0.448275862068966,TRUE,"2021",10,"Autumn","non-G-coded","female","1",27.78,"<=30",FALSE,FALSE,FALSE,FALSE,FALSE,FALSE,FALSE,FALSE,FALSE,FALSE,1,1,"singleton",0,0,0,0,0,0,0,0,0,0,0,2
"240199",27.84,1,2026-05-29,"41221179",25.3,"261538","862025瓦特罗","224176",143,"2026",5,"Spring",2024-01-29,2024-03-02,26.8709677419355,FALSE,"2024",1,"Winter","non-G-coded","female","1",27.84,"<=30",FALSE,FALSE,FALSE,FALSE,FALSE,FALSE,FALSE,FALSE,FALSE,FALSE,1,1,"singleton",1,0,1,0,1,0,1,0,1,0,0,5
"202345",27.84,1,2023-02-21,"13218239",49.2,"234265",NA,NA,9119,"2023",2,"Winter",2020-10-21,2024-03-02,-12.3214285714286,TRUE,"2020",10,"Autumn","non-G-coded","female","1",27.84,"<=30",FALSE,FALSE,FALSE,FALSE,FALSE,FALSE,FALSE,FALSE,FALSE,FALSE,1,1,"singleton",0,0,0,0,0,1,0,0,0,0,0,2
"213277",27.88,1,2023-12-23,"865530狼血",39.8,"235951","2544424506","70371",7029,"2023",12,"Winter",2021-08-23,2024-03-02,-2.32258064516129,TRUE,"2021",8,"Summer","non-G-coded","female","1",27.88,"<=30",FALSE,FALSE,FALSE,FALSE,FALSE,FALSE,FALSE,FALSE,FALSE,FALSE,1,1,"singleton",0,0,0,0,0,0,0,0,0,0,0,12
"235646",27.94,1,2026-03-05,"41121920",42.4,"260181","7402563907","70008",830,"2026",3,"Spring",2023-11-05,2024-03-02,24.0967741935484,FALSE,"2023",11,"Autumn","non-G-coded","female","1",27.94,"<=30",FALSE,FALSE,FALSE,FALSE,FALSE,FALSE,FALSE,FALSE,FALSE,FALSE,1,1,"singleton",0,0,0,0,0,0,0,0,0,0,0,3
"213372",27.98,1,2024-01-10,"865530狼血",44.3,"240080","180781","800955",6862,"2024",1,"Winter",2021-09-10,2024-03-02,-1.74193548387097,TRUE,"2021",9,"Autumn","non-G-coded","female","1",27.98,"<=30",FALSE,FALSE,FALSE,FALSE,FALSE,FALSE,FALSE,FALSE,FALSE,FALSE,1,1,"singleton",0,0,0,0,0,0,0,0,0,0,0,1
"235730",28.01,1,2026-03-24,"41121286",38.3,"261267",NA,NA,645,"2026",3,"Spring",2023-11-24,2024-03-02,24.7096774193548,FALSE,"2023",11,"Autumn","non-G-coded","female","1",28.01,"<=30",FALSE,FALSE,FALSE,FALSE,FALSE,FALSE,FALSE,FALSE,FALSE,FALSE,1,1,"singleton",0,0,0,0,0,0,0,0,0,0,0,3
"240156",28.07,1,2026-05-28,"41221179",24.4,"261536","865530狼血","202454",153,"2026",5,"Spring",2024-01-28,2024-03-02,26.8387096774194,FALSE,"2024",1,"Winter","non-G-coded","female","1",28.07,"<=30",TRUE,FALSE,FALSE,FALSE,FALSE,FALSE,FALSE,FALSE,FALSE,FALSE,1,1,"singleton",1,0,1,0,1,0,1,0,1,0,0,5
"213598",28.11,1,2024-02-24,"862025瓦特罗",46.3,"240815",NA,NA,6352,"2024",2,"Winter",2021-10-24,2024-03-02,-0.241379310344828,TRUE,"2021",10,"Autumn","non-G-coded","female","1",28.11,"<=30",FALSE,FALSE,FALSE,FALSE,FALSE,FALSE,FALSE,FALSE,FALSE,FALSE,1,1,"singleton",0,0,0,0,0,0,0,0,0,0,0,2
"235102",28.14,1,2025-11-22,"41121286",44.5,"251367","公牛","62089",1563,"2025",11,"Autumn",2023-07-22,2024-03-02,20.6666666666667,FALSE,"2023",7,"Summer","non-G-coded","female","1",28.14,"<=30",FALSE,FALSE,FALSE,FALSE,FALSE,FALSE,FALSE,FALSE,FALSE,FALSE,1,1,"singleton",0,0,0,0,0,0,0,0,0,0,0,11
"212241",28.17,1,2023-06-09,"65117535",43.7,"234879","740640209","60307",8267,"2023",6,"Summer",2021-02-09,2024-03-02,-8.76666666666667,TRUE,"2021",2,"Winter","non-G-coded","female","1",28.17,"<=30",FALSE,FALSE,FALSE,FALSE,FALSE,FALSE,FALSE,FALSE,FALSE,FALSE,1,1,"singleton",0,0,0,0,0,0,0,0,0,0,0,6
"202630",28.27,1,2023-04-22,"871041文尼哥",33.6,"234634","180600","50706",8565,"2023",4,"Spring",2020-12-22,2024-03-02,-10.3333333333333,TRUE,"2020",12,"Winter","non-G-coded","female","1",28.27,"<=30",FALSE,FALSE,FALSE,FALSE,FALSE,FALSE,FALSE,FALSE,FALSE,FALSE,1,1,"singleton",1,0,0,0,1,0,1,0,0,0,0,4
"234840",28.3,1,2025-10-11,"15618075",40.2,"251178",NA,NA,1958,"2025",10,"Autumn",2023-06-11,2024-03-02,19.2903225806452,FALSE,"2023",6,"Summer","non-G-coded","female","1",28.3,"<=30",FALSE,FALSE,FALSE,FALSE,FALSE,FALSE,FALSE,FALSE,FALSE,FALSE,1,1,"singleton",0,0,0,0,0,0,0,0,0,0,0,10
"235067",28.37,1,2025-11-23,"22219929",37.8,"251373",NA,"212881",1547,"2025",11,"Autumn",2023-07-23,2024-03-02,20.7,FALSE,"2023",7,"Summer","non-G-coded","female","1",28.37,"<=30",FALSE,FALSE,FALSE,FALSE,FALSE,FALSE,FALSE,FALSE,FALSE,FALSE,1,1,"singleton",0,0,0,0,0,0,0,0,0,0,0,11
"213295",28.4,1,2024-01-10,"865530狼血",37.3,"240073","2544424506","60482",6856,"2024",1,"Winter",2021-09-10,2024-03-02,-1.74193548387097,TRUE,"2021",9,"Autumn","non-G-coded","female","1",28.4,"<=30",FALSE,FALSE,FALSE,FALSE,FALSE,FALSE,FALSE,FALSE,FALSE,FALSE,1,1,"singleton",0,0,0,0,0,0,0,0,0,0,0,1
"213260",28.44,1,2024-01-05,"865530狼血",48.9,"240049",NA,NA,6912,"2024",1,"Winter",2021-09-05,2024-03-02,-1.90322580645161,TRUE,"2021",9,"Autumn","non-G-coded","female","1",28.44,"<=30",FALSE,FALSE,FALSE,FALSE,FALSE,FALSE,FALSE,FALSE,FALSE,FALSE,1,1,"singleton",0,0,0,0,0,1,0,0,0,0,0,1
"212448",28.47,1,2023-07-27,"854773威吉吉",41.5,"235131",NA,NA,7997,"2023",7,"Summer",2021-03-27,2024-03-02,-7.19354838709677,TRUE,"2021",3,"Spring","non-G-coded","female","1",28.47,"<=30",FALSE,FALSE,FALSE,FALSE,FALSE,FALSE,FALSE,FALSE,FALSE,FALSE,1,1,"singleton",0,0,0,0,0,0,0,0,0,0,0,7
"212439",28.57,1,2023-07-29,"854773威吉吉",43.1,"235137","7402563907","61058",7987,"2023",7,"Summer",2021-02-28,2024-02-02,-6.12903225806452,TRUE,"2021",2,"Winter","non-G-coded","female","1",28.57,"<=30",FALSE,FALSE,FALSE,FALSE,FALSE,FALSE,FALSE,FALSE,FALSE,FALSE,1,1,"singleton",0,0,0,0,0,0,0,0,0,0,0,7
"235040",28.63,1,2026-04-25,"21219011",35.7,"261432",NA,NA,348,"2026",4,"Spring",2023-11-25,2024-02-02,26.7666666666667,FALSE,"2023",11,"Autumn","non-G-coded","female","1",28.63,"<=30",FALSE,FALSE,FALSE,FALSE,FALSE,FALSE,FALSE,FALSE,FALSE,FALSE,1,1,"singleton",0,0,0,0,1,0,1,0,0,0,0,4
"212311",28.7,1,2023-07-14,"854773威吉吉",43.4,"235053L",NA,NA,8096,"2023",7,"Summer",2021-02-14,2024-02-02,-6.61290322580645,TRUE,"2021",2,"Winter","non-G-coded","female","1",28.7,"<=30",FALSE,FALSE,FALSE,FALSE,FALSE,FALSE,FALSE,FALSE,FALSE,FALSE,1,1,"singleton",0,0,0,0,0,0,0,0,0,0,0,7
"202339",28.73,1,2023-03-20,"22218717",47.2,"234436",NA,NA,8869,"2023",3,"Spring",2020-10-20,2024-02-02,-10.4193548387097,TRUE,"2020",10,"Autumn","non-G-coded","female","1",28.73,"<=30",FALSE,FALSE,FALSE,FALSE,FALSE,FALSE,FALSE,FALSE,FALSE,FALSE,1,1,"singleton",0,0,0,0,0,0,0,0,0,0,0,3
"H213661",28.93,1,2024-01-31,"865530狼血",46.4,"240180","180781","01135",6681,"2024",1,"Winter",2021-08-31,2024-02-02,-0.0645161290322581,TRUE,"2021",8,"Summer","non-G-coded","female","1",28.93,"<=30",FALSE,FALSE,FALSE,FALSE,FALSE,FALSE,FALSE,FALSE,FALSE,FALSE,1,1,"singleton",0,0,0,0,0,0,0,0,0,0,0,1
"225315",28.99,1,2025-03-22,"22220783",47.2,"250444","865530","00137",3477,"2025",3,"Spring",2022-10-22,2024-02-02,13.6451612903226,TRUE,"2022",10,"Autumn","non-G-coded","female","1",28.99,"<=30",FALSE,FALSE,FALSE,FALSE,FALSE,FALSE,FALSE,FALSE,FALSE,FALSE,1,1,"singleton",0,0,0,0,0,0,0,0,0,0,0,3
"202287",29.09,1,2023-03-22,"15618205",45.6,"234450","7402563907","91133",8840,"2023",3,"Spring",2020-10-22,2024-02-02,-10.3548387096774,TRUE,"2020",10,"Autumn","non-G-coded","female","1",29.09,"<=30",FALSE,FALSE,FALSE,FALSE,FALSE,FALSE,FALSE,FALSE,FALSE,FALSE,1,1,"singleton",0,0,0,0,0,0,0,0,0,0,0,3
"H213497",29.19,1,2024-02-19,"862025瓦特罗",36.9,"240335","180781","Z01162",6442,"2024",2,"Winter",2021-09-19,2024-02-02,0.586206896551724,TRUE,"2021",9,"Autumn","non-G-coded","female","1",29.19,"<=30",FALSE,FALSE,FALSE,FALSE,FALSE,FALSE,FALSE,FALSE,FALSE,FALSE,1,1,"singleton",0,0,0,0,0,0,0,0,0,0,0,2
"235733",29.26,1,2026-05-02,"41121286",36.6,"261459","854400西部公园","202523",305,"2026",5,"Spring",2023-12-02,2024-02-02,27,FALSE,"2023",12,"Winter","non-G-coded","female","1",29.26,"<=30",FALSE,FALSE,FALSE,FALSE,FALSE,FALSE,FALSE,FALSE,FALSE,FALSE,1,1,"singleton",0,0,0,0,0,0,0,0,0,0,0,5
"213444",29.36,1,2024-03-04,"862025瓦特罗",45.3,"240434","180781","61636",6239,"2024",3,"Spring",2021-10-04,2024-02-02,1.06451612903226,TRUE,"2021",10,"Autumn","non-G-coded","female","1",29.36,"<=30",FALSE,FALSE,FALSE,FALSE,FALSE,FALSE,FALSE,FALSE,FALSE,FALSE,1,1,"singleton",0,0,0,0,0,0,0,0,0,0,0,3
"235440",29.42,1,2026-03-08,"41121912",49.8,"260197",NA,"H201260",792,"2026",3,"Spring",2023-10-08,2024-02-02,25.1935483870968,FALSE,"2023",10,"Autumn","non-G-coded","female","1",29.42,"<=30",FALSE,FALSE,FALSE,FALSE,FALSE,FALSE,FALSE,FALSE,FALSE,FALSE,1,1,"singleton",0,1,0,0,0,1,0,0,0,0,0,3
"213422",29.45,1,2024-03-24,"15420614",31.2,"240047",NA,NA,6036,"2024",3,"Spring",2021-10-24,2024-02-02,1.70967741935484,TRUE,"2021",10,"Autumn","non-G-coded","female","1",29.45,"<=30",FALSE,FALSE,FALSE,FALSE,FALSE,FALSE,FALSE,FALSE,FALSE,FALSE,1,1,"singleton",1,0,1,0,1,0,1,0,0,0,0,3
"235970",29.52,1,2026-05-16,"41120238",37.3,"261490",NA,NA,244,"2026",5,"Spring",2023-11-16,2024-01-02,28.4516129032258,FALSE,"2023",11,"Autumn","non-G-coded","female","1",29.52,"<=30",FALSE,FALSE,FALSE,FALSE,FALSE,FALSE,FALSE,FALSE,FALSE,FALSE,1,1,"singleton",0,0,0,0,0,0,0,0,0,0,0,5
"213050",29.59,1,2023-12-04,"865530狼血",45.7,"235824","7029225762","70248",7226,"2023",12,"Winter",2021-06-04,2024-01-02,-0.935483870967742,TRUE,"2021",6,"Summer","non-G-coded","female","1",29.59,"<=30",FALSE,FALSE,FALSE,FALSE,FALSE,FALSE,FALSE,FALSE,FALSE,FALSE,1,1,"singleton",0,0,0,0,0,0,0,0,0,0,0,12
"240039",29.65,1,2026-06-22,"41120238",38.4,"261621","865530狼血","201353",4,"2026",6,"Summer",2023-12-22,2024-01-02,29.6666666666667,FALSE,"2023",12,"Winter","non-G-coded","female","1",29.65,"<=30",FALSE,FALSE,FALSE,FALSE,FALSE,FALSE,FALSE,FALSE,FALSE,FALSE,1,1,"singleton",0,0,0,0,0,0,0,0,0,0,0,6
"213380",29.72,1,2024-03-05,"865530狼血",42.6,"240440","180781","01203",6229,"2024",3,"Spring",2021-09-05,2024-01-02,2.09677419354839,TRUE,"2021",9,"Autumn","non-G-coded","female","1",29.72,"<=30",FALSE,FALSE,FALSE,FALSE,FALSE,FALSE,FALSE,FALSE,FALSE,FALSE,1,1,"singleton",0,0,0,0,0,0,0,0,0,0,0,3
"235394",29.85,1,2026-03-10,"41221179",49.3,"261207",NA,NA,774,"2026",3,"Spring",2023-09-10,2024-01-02,26.258064516129,FALSE,"2023",9,"Autumn","non-G-coded","female","1",29.85,"<=30",FALSE,FALSE,FALSE,FALSE,FALSE,FALSE,FALSE,FALSE,FALSE,FALSE,1,1,"singleton",0,0,0,0,0,1,0,0,0,0,0,3
"235558",30.05,1,2026-04-24,"41422157",41.4,"261425",NA,NA,360,"2026",4,"Spring",2023-10-24,2024-01-02,27.7333333333333,FALSE,"2023",10,"Autumn","non-G-coded","female","1",30.05,"31-42",FALSE,FALSE,FALSE,FALSE,FALSE,FALSE,FALSE,FALSE,FALSE,FALSE,1,1,"singleton",0,0,0,0,0,0,0,0,0,0,0,4
"202604",30.05,1,2023-06-10,"65117532",37.6,"234881",NA,NA,8261,"2023",6,"Summer",2020-12-10,2024-01-02,-6.73333333333333,TRUE,"2020",12,"Winter","non-G-coded","female","1",30.05,"31-42",FALSE,FALSE,FALSE,FALSE,FALSE,FALSE,FALSE,FALSE,FALSE,FALSE,1,1,"singleton",0,0,0,0,0,0,0,0,0,0,0,6
"212715",30.21,1,2023-10-30,"854282维利纳诺",44.5,"HG9704","62544424506","70094",7445,"2023",10,"Autumn",2021-04-30,2024-01-02,-2.09677419354839,TRUE,"2021",4,"Spring","non-G-coded","female","1",30.21,"31-42",FALSE,FALSE,FALSE,FALSE,FALSE,FALSE,FALSE,FALSE,FALSE,FALSE,1,1,"singleton",0,0,0,0,0,0,0,0,0,0,0,10
"235243",30.31,1,2026-03-01,"61221015",45.4,"260162",NA,NA,870,"2026",3,"Spring",2023-09-01,2024-01-02,25.9642857142857,FALSE,"2023",9,"Autumn","non-G-coded","female","1",30.31,"31-42",FALSE,FALSE,FALSE,FALSE,FALSE,FALSE,FALSE,FALSE,FALSE,FALSE,1,1,"singleton",0,0,0,0,0,0,0,0,0,0,0,3
"235234",30.51,1,2026-03-05,"41122940",40.7,"260183",NA,"70109",831,"2026",3,"Spring",2023-08-05,2023-12-02,27.0967741935484,FALSE,"2023",8,"Summer","non-G-coded","female","1",30.51,"31-42",FALSE,FALSE,FALSE,FALSE,FALSE,FALSE,FALSE,FALSE,FALSE,FALSE,1,1,"singleton",0,0,0,0,0,0,0,0,0,0,0,3
"H212700",30.57,1,2023-11-08,"854282维利纳诺",37.4,"235653","62544424506","60170",7386,"2023",11,"Autumn",2021-04-08,2023-12-02,-0.8,TRUE,"2021",4,"Spring","non-G-coded","female","1",30.57,"31-42",FALSE,FALSE,FALSE,FALSE,FALSE,FALSE,FALSE,FALSE,FALSE,FALSE,1,1,"singleton",0,0,0,0,0,0,0,0,0,0,0,11
"213023",30.67,1,2023-12-31,"865530狼血",45.4,"240015",NA,NA,6955,"2023",12,"Winter",2021-05-31,2023-12-02,0.935483870967742,TRUE,"2021",5,"Spring","non-G-coded","female","1",30.67,"31-42",FALSE,FALSE,FALSE,FALSE,FALSE,FALSE,FALSE,FALSE,FALSE,FALSE,1,1,"singleton",0,0,0,0,0,0,0,0,0,0,0,12
"235156",30.87,1,2026-02-26,"13221223",45.2,"260143","7402563907","60858",894,"2026",2,"Winter",2023-07-26,2023-12-02,26.8571428571429,FALSE,"2023",7,"Summer","non-G-coded","female","1",30.87,"31-42",FALSE,FALSE,FALSE,FALSE,FALSE,FALSE,FALSE,FALSE,FALSE,FALSE,1,1,"singleton",0,0,0,0,0,0,0,0,0,0,0,2
"235404",31.26,1,2026-04-25,"41120238",32.2,"261433",NA,"213208",347,"2026",4,"Spring",2023-09-25,2023-12-02,28.7666666666667,FALSE,"2023",9,"Autumn","non-G-coded","female","1",31.26,"31-42",FALSE,FALSE,FALSE,FALSE,FALSE,FALSE,FALSE,FALSE,FALSE,FALSE,1,1,"singleton",1,0,1,0,1,0,1,0,0,0,0,4
"212454",31.36,1,2023-10-23,"854282维利纳诺",36.6,"235553",NA,NA,7480,"2023",10,"Autumn",2021-03-23,2023-12-02,-1.32258064516129,TRUE,"2021",3,"Spring","non-G-coded","female","1",31.36,"31-42",FALSE,FALSE,FALSE,FALSE,FALSE,FALSE,FALSE,FALSE,FALSE,FALSE,1,1,"singleton",0,0,0,0,0,0,0,0,0,0,0,10
"235472",31.53,1,2026-03-27,"41122272",38.3,"261292",NA,NA,599,"2026",3,"Spring",2023-07-27,2023-11-02,28.8064516129032,FALSE,"2023",7,"Summer","non-G-coded","female","1",31.53,"31-42",FALSE,FALSE,FALSE,FALSE,FALSE,FALSE,FALSE,FALSE,FALSE,FALSE,1,1,"singleton",0,0,0,0,0,0,0,0,0,0,0,3
"235388",31.69,2,2026-05-02,"41422157",35.4,"261461",NA,"213125",309,"2026",5,"Spring",2023-09-02,2023-11-02,30,FALSE,"2023",9,"Autumn","non-G-coded","female","2",31.69,"31-42",FALSE,FALSE,FALSE,FALSE,FALSE,FALSE,FALSE,FALSE,FALSE,FALSE,1,1,"singleton",0,0,0,0,1,0,1,0,0,0,0,5
"213057",31.89,1,2024-02-15,"862025瓦特罗",35.3,"240301","7029225762","61041",6477,"2024",2,"Winter",2021-06-15,2023-11-02,3.44827586206897,TRUE,"2021",6,"Summer","non-G-coded","female","1",31.89,"31-42",FALSE,FALSE,FALSE,FALSE,FALSE,FALSE,FALSE,FALSE,FALSE,FALSE,1,1,"singleton",0,0,0,0,1,0,1,0,0,0,0,2
"225325",32.22,2,2025-07-02,"41121266",34.5,"250874","865530","800702",2615,"2025",7,"Summer",2022-11-02,2023-11-02,20,FALSE,"2022",11,"Autumn","non-G-coded","female","2",32.22,"31-42",FALSE,FALSE,FALSE,FALSE,FALSE,FALSE,FALSE,FALSE,FALSE,FALSE,1,1,"singleton",1,0,0,0,1,0,1,0,0,0,0,7
"234006",32.54,2,2025-09-12,"15620193",33.8,"251058",NA,NA,2199,"2025",9,"Autumn",2022-12-12,2023-10-02,23.3333333333333,FALSE,"2022",12,"Winter","non-G-coded","female","2",32.54,"31-42",FALSE,FALSE,FALSE,FALSE,FALSE,FALSE,FALSE,FALSE,FALSE,FALSE,1,1,"singleton",1,0,0,0,1,0,1,0,0,0,0,9
"212967",32.81,1,2025-12-07,"41121296",52.6,"251452","854773威吉吉","01451",1406,"2025",12,"Winter",2023-03-07,2023-10-02,26.1612903225806,FALSE,"2023",3,"Spring","non-G-coded","female","1",32.81,"31-42",FALSE,FALSE,FALSE,FALSE,FALSE,FALSE,FALSE,FALSE,FALSE,FALSE,1,1,"singleton",0,1,0,1,0,1,0,1,0,0,0,12
"202285",32.84,2,2023-07-14,"XM-22218621",48.5,"235054","163940","70427",8101,"2023",7,"Summer",2020-10-14,2023-10-02,-2.61290322580645,TRUE,"2020",10,"Autumn","non-G-coded","female","2",32.84,"31-42",FALSE,FALSE,FALSE,FALSE,FALSE,FALSE,FALSE,FALSE,FALSE,FALSE,1,1,"singleton",0,0,0,0,0,1,0,0,0,0,0,7
"202321",33,1,2023-07-25,"854773威吉吉",34.3,"235120",NA,NA,8023,"2023",7,"Summer",2020-10-25,2023-10-02,-2.25806451612903,TRUE,"2020",10,"Autumn","non-G-coded","female","1",33,"31-42",FALSE,FALSE,FALSE,FALSE,FALSE,FALSE,FALSE,FALSE,FALSE,FALSE,1,1,"singleton",1,0,0,0,1,0,1,0,0,0,0,7
"225284",33.17,1,2025-07-20,"863302",36.6,"250929","606045","202513",2494,"2025",7,"Summer",2022-10-20,2023-10-02,21.5806451612903,FALSE,"2022",10,"Autumn","non-G-coded","female","1",33.17,"31-42",FALSE,FALSE,FALSE,FALSE,FALSE,FALSE,FALSE,FALSE,FALSE,FALSE,1,1,"singleton",0,0,0,0,0,0,0,0,0,0,0,7
"201552",33.27,2,2023-01-29,"871041文尼哥",45.2,"234131","606244","30481",9299,"2023",1,"Winter",2020-04-29,2023-10-02,-8.12903225806452,TRUE,"2020",4,"Spring","non-G-coded","female","2",33.27,"31-42",FALSE,FALSE,FALSE,FALSE,FALSE,FALSE,FALSE,FALSE,FALSE,FALSE,1,1,"singleton",0,0,0,0,0,0,0,0,0,0,0,1
"201930",33.6,1,2023-05-16,"871041文尼哥",40.3,"234753","865530","61270",8430,"2023",5,"Spring",2020-07-16,2023-09-02,-3.54838709677419,TRUE,"2020",7,"Summer","non-G-coded","female","1",33.6,"31-42",FALSE,FALSE,FALSE,FALSE,FALSE,FALSE,FALSE,FALSE,FALSE,FALSE,1,1,"singleton",0,0,0,0,0,0,0,0,0,0,0,5
"234815",33.69,2,2026-03-21,"41121296",45.3,"261253","7402563907","201503",671,"2026",3,"Spring",2023-05-21,2023-09-02,30.6129032258065,FALSE,"2023",5,"Spring","non-G-coded","female","2",33.69,"31-42",FALSE,FALSE,FALSE,FALSE,FALSE,FALSE,FALSE,FALSE,FALSE,FALSE,1,1,"singleton",0,0,0,0,0,0,0,0,0,0,0,3
"234523",33.73,2,2026-01-21,"41121286",35.1,"260044","871041文尼哥","70025",1112,"2026",1,"Winter",2023-03-21,2023-09-02,28.6129032258065,FALSE,"2023",3,"Spring","non-G-coded","female","2",33.73,"31-42",FALSE,FALSE,FALSE,FALSE,FALSE,FALSE,FALSE,FALSE,FALSE,FALSE,1,1,"singleton",0,0,0,0,1,0,1,0,0,0,0,1
"201393",33.83,2,2023-01-22,"871041文尼哥",42.3,"234111",NA,NA,9344,"2023",1,"Winter",2020-03-22,2023-09-02,-7.35483870967742,TRUE,"2020",3,"Spring","non-G-coded","female","2",33.83,"31-42",FALSE,FALSE,FALSE,FALSE,FALSE,FALSE,FALSE,FALSE,FALSE,FALSE,1,1,"singleton",0,0,0,0,0,0,0,0,0,0,0,1
"H01025",33.89,2,2023-03-27,"871041文尼哥",41.3,"234488","865530","1279",8788,"2023",3,"Spring",2020-05-27,2023-09-02,-5.19354838709677,TRUE,"2020",5,"Spring","non-G-coded","female","2",33.89,"31-42",FALSE,FALSE,FALSE,FALSE,FALSE,FALSE,FALSE,FALSE,FALSE,FALSE,1,1,"singleton",0,0,0,0,0,0,0,0,0,0,0,3
"201648",33.96,2,2023-03-08,"854773威吉吉",45.3,"234352","606244","60233",8983,"2023",3,"Spring",2020-05-08,2023-09-02,-5.80645161290323,TRUE,"2020",5,"Spring","non-G-coded","female","2",33.96,"31-42",FALSE,FALSE,FALSE,FALSE,FALSE,FALSE,FALSE,FALSE,FALSE,FALSE,1,1,"singleton",0,0,0,0,0,0,0,0,0,0,0,3
"212636",34.06,1,2024-02-13,"862025瓦特罗",43.7,"240284","606318","61176",6515,"2024",2,"Winter",2021-04-13,2023-09-02,5.37931034482759,TRUE,"2021",4,"Spring","non-G-coded","female","1",34.06,"31-42",FALSE,FALSE,FALSE,FALSE,FALSE,FALSE,FALSE,FALSE,FALSE,FALSE,1,1,"singleton",0,0,0,0,0,0,0,0,0,0,0,2
"212240",34.12,2,2023-12-06,"865530狼血",45.8,"235176",NA,NA,7217,"2023",12,"Winter",2021-02-06,2023-09-02,3.12903225806452,TRUE,"2021",2,"Winter","non-G-coded","female","2",34.12,"31-42",FALSE,FALSE,FALSE,FALSE,FALSE,FALSE,FALSE,FALSE,FALSE,FALSE,1,1,"singleton",0,0,0,0,0,0,0,0,0,0,0,12
"202529",34.19,1,2023-09-29,"854282维利纳诺",32.3,"235458",NA,NA,7613,"2023",9,"Autumn",2020-11-29,2023-09-02,0.9,TRUE,"2020",11,"Autumn","non-G-coded","female","1",34.19,"31-42",FALSE,FALSE,FALSE,FALSE,FALSE,FALSE,FALSE,FALSE,FALSE,FALSE,1,1,"singleton",1,0,0,0,1,0,1,0,0,0,0,9
"234730",34.22,2,2026-03-17,"41121286",46.5,"261229","7402563907","800093",716,"2026",3,"Spring",2023-05-17,2023-09-02,30.4838709677419,FALSE,"2023",5,"Spring","non-G-coded","female","2",34.22,"31-42",FALSE,FALSE,FALSE,FALSE,FALSE,FALSE,FALSE,FALSE,FALSE,FALSE,1,1,"singleton",0,0,0,0,0,0,0,0,0,0,0,3
"201969",34.32,2,2023-06-18,"854773威吉吉",28.8,"234918","606244","70598",8209,"2023",6,"Summer",2020-08-18,2023-09-02,-2.46666666666667,TRUE,"2020",8,"Summer","non-G-coded","female","2",34.32,"31-42",FALSE,FALSE,FALSE,FALSE,FALSE,FALSE,FALSE,FALSE,FALSE,FALSE,1,1,"singleton",1,0,1,0,1,0,1,0,1,0,0,6
"202243",34.42,2,2023-08-25,"865530狼血",51.6,"235262","606318","800798",7839,"2023",8,"Summer",2020-10-25,2023-09-02,-0.258064516129032,TRUE,"2020",10,"Autumn","non-G-coded","female","2",34.42,"31-42",FALSE,FALSE,FALSE,FALSE,FALSE,FALSE,FALSE,FALSE,FALSE,FALSE,1,1,"singleton",0,1,0,0,0,1,0,0,0,0,0,8
"201499",34.48,2,2023-02-26,"854773威吉吉",46.2,"234294","606244","60580",9076,"2023",2,"Winter",2020-04-26,2023-09-02,-6.14285714285714,TRUE,"2020",4,"Spring","non-G-coded","female","2",34.48,"31-42",FALSE,FALSE,FALSE,FALSE,FALSE,FALSE,FALSE,FALSE,FALSE,FALSE,1,1,"singleton",0,0,0,0,0,0,0,0,0,0,0,2
"201477",34.55,2,2023-02-25,"854773威吉吉",46.2,"234290","606244","X253",9084,"2023",2,"Winter",2020-03-25,2023-08-02,-5.17857142857143,TRUE,"2020",3,"Spring","non-G-coded","female","2",34.55,"31-42",FALSE,FALSE,FALSE,FALSE,FALSE,FALSE,FALSE,FALSE,FALSE,FALSE,1,1,"singleton",0,0,0,0,0,0,0,0,0,0,0,2
"234843",34.62,2,2026-04-22,"41120238",43.2,"261421","865530狼血","800561",376,"2026",4,"Spring",2023-05-22,2023-08-02,32.6666666666667,FALSE,"2023",5,"Spring","non-G-coded","female","2",34.62,"31-42",FALSE,FALSE,FALSE,FALSE,FALSE,FALSE,FALSE,FALSE,FALSE,FALSE,1,1,"singleton",0,0,0,0,0,0,0,0,0,0,0,4
"201291",34.65,2,2023-01-27,"871041文尼哥",46.3,"234128","606244","800040",9308,"2023",1,"Winter",2020-02-27,2023-08-02,-6.19354838709677,TRUE,"2020",2,"Winter","non-G-coded","female","2",34.65,"31-42",FALSE,FALSE,FALSE,FALSE,FALSE,FALSE,FALSE,FALSE,FALSE,FALSE,1,1,"singleton",0,0,0,0,0,0,0,0,0,0,0,1
"201591",34.71,2,2023-03-22,"871041文尼哥",37.3,"234453",NA,NA,8839,"2023",3,"Spring",2020-04-22,2023-08-02,-4.35483870967742,TRUE,"2020",4,"Spring","non-G-coded","female","2",34.71,"31-42",FALSE,FALSE,FALSE,FALSE,FALSE,FALSE,FALSE,FALSE,FALSE,FALSE,1,1,"singleton",0,0,0,0,0,0,0,0,0,0,0,3
"202526",34.81,2,2023-10-18,"854282维利纳诺",43.2,"213234","163940","62655",7509,"2023",10,"Autumn",2020-11-18,2023-08-02,2.51612903225806,TRUE,"2020",11,"Autumn","non-G-coded","female","2",34.81,"31-42",FALSE,FALSE,FALSE,FALSE,FALSE,FALSE,FALSE,FALSE,FALSE,FALSE,1,1,"singleton",0,0,0,0,0,0,0,0,0,0,0,10
"212306",34.85,2,2024-01-14,"865530狼血",46.5,"240095","7402563907","70038",6833,"2024",1,"Winter",2021-02-14,2023-08-02,5.38709677419355,TRUE,"2021",2,"Winter","non-G-coded","female","2",34.85,"31-42",FALSE,FALSE,FALSE,FALSE,FALSE,FALSE,FALSE,FALSE,FALSE,FALSE,1,1,"singleton",0,0,0,0,0,0,0,0,0,0,0,1
"201437",34.91,1,2023-03-04,"22218119",45.3,"234337",NA,NA,9024,"2023",3,"Spring",2020-04-04,2023-08-02,-4.93548387096774,TRUE,"2020",4,"Spring","non-G-coded","female","1",34.91,"31-42",FALSE,FALSE,FALSE,FALSE,FALSE,FALSE,FALSE,FALSE,FALSE,FALSE,1,1,"singleton",0,0,0,0,0,0,0,0,0,0,0,3
"212247",34.91,2,2024-01-01,"FR7045049997",48.9,"240026","740640209","61629",6952,"2024",1,"Winter",2021-02-01,2023-08-02,4.96774193548387,TRUE,"2021",2,"Winter","non-G-coded","female","2",34.91,"31-42",FALSE,FALSE,FALSE,FALSE,FALSE,FALSE,FALSE,FALSE,FALSE,FALSE,1,1,"singleton",0,0,0,0,0,1,0,0,0,0,0,1
"201617",34.94,2,2023-04-02,"871041文尼哥",47.6,"234525","606244","61315",8735,"2023",4,"Spring",2020-05-02,2023-08-02,-4,TRUE,"2020",5,"Spring","non-G-coded","female","2",34.94,"31-42",FALSE,FALSE,FALSE,FALSE,FALSE,FALSE,FALSE,FALSE,FALSE,FALSE,1,1,"singleton",0,0,0,0,0,0,0,0,0,0,0,4
"234578",35.04,1,2026-03-10,"41123286",40.7,"261208","871041文尼哥","201488",775,"2026",3,"Spring",2023-04-10,2023-08-02,31.258064516129,FALSE,"2023",4,"Spring","non-G-coded","female","1",35.04,"31-42",FALSE,FALSE,FALSE,FALSE,FALSE,FALSE,FALSE,FALSE,FALSE,FALSE,1,1,"singleton",0,0,0,0,0,0,0,0,0,0,0,3
"212134L",35.11,2,2023-12-16,"865530狼血",42.4,"HG10015",NA,NA,7122,"2023",12,"Winter",2021-01-16,2023-08-02,4.45161290322581,TRUE,"2021",1,"Winter","non-G-coded","female","2",35.11,"31-42",FALSE,FALSE,FALSE,FALSE,FALSE,FALSE,FALSE,FALSE,FALSE,FALSE,1,1,"singleton",0,0,0,0,0,0,0,0,0,0,0,12
"224676",35.17,2,2025-03-26,"22218621",25.6,"250476",NA,NA,3428,"2025",3,"Spring",2022-04-26,2023-08-02,19.7741935483871,FALSE,"2022",4,"Spring","non-G-coded","female","2",35.17,"31-42",FALSE,FALSE,FALSE,FALSE,FALSE,FALSE,FALSE,FALSE,FALSE,FALSE,1,1,"singleton",1,0,1,0,1,0,1,0,1,0,0,3
"212884",35.24,1,2024-04-20,"22220785",38.2,"240653",NA,NA,5827,"2024",4,"Spring",2021-05-20,2023-08-02,8.6,TRUE,"2021",5,"Spring","non-G-coded","female","1",35.24,"31-42",FALSE,FALSE,FALSE,FALSE,FALSE,FALSE,FALSE,FALSE,FALSE,FALSE,1,1,"singleton",0,0,0,0,0,0,0,0,0,0,0,4
"212410",35.24,2,2023-07-03,"7402563907",43.6,"234982",NA,NA,8145,"2023",7,"Summer",2020-08-03,2023-08-02,-0.967741935483871,TRUE,"2020",8,"Summer","non-G-coded","female","2",35.24,"31-42",FALSE,FALSE,FALSE,FALSE,FALSE,FALSE,FALSE,FALSE,FALSE,FALSE,1,1,"singleton",0,0,0,0,0,0,0,0,0,0,0,7
"H213439",35.27,2,2023-12-31,"865530狼血",53.4,"240017","180781","Z61082",6959,"2023",12,"Winter",2021-01-31,2023-08-02,4.93548387096774,TRUE,"2021",1,"Winter","non-G-coded","female","2",35.27,"31-42",FALSE,FALSE,FALSE,FALSE,FALSE,FALSE,FALSE,FALSE,FALSE,FALSE,1,1,"singleton",0,1,0,1,0,1,0,1,0,0,0,12
"225581",35.31,2,2025-11-23,"41121286",38.4,"251374","606045","201102",1549,"2025",11,"Autumn",2022-12-23,2023-08-02,27.7,FALSE,"2022",12,"Winter","non-G-coded","female","2",35.31,"31-42",FALSE,FALSE,FALSE,FALSE,FALSE,FALSE,FALSE,FALSE,FALSE,FALSE,1,1,"singleton",0,0,0,0,0,0,0,0,0,0,0,11
"234629",35.4,2,2026-04-02,"41120238",43.7,"261333","871041文尼哥","61752",529,"2026",4,"Spring",2023-05-02,2023-08-02,32,FALSE,"2023",5,"Spring","non-G-coded","female","2",35.4,"31-42",FALSE,FALSE,FALSE,FALSE,FALSE,FALSE,FALSE,FALSE,FALSE,FALSE,1,1,"singleton",0,0,0,0,0,0,0,0,0,0,0,4
"212556",35.44,2,2024-03-11,"865530狼血",52.2,"240472","62544424506","60044",6170,"2024",3,"Spring",2021-04-11,2023-08-02,7.29032258064516,TRUE,"2021",4,"Spring","non-G-coded","female","2",35.44,"31-42",FALSE,FALSE,FALSE,FALSE,FALSE,FALSE,FALSE,FALSE,FALSE,FALSE,1,1,"singleton",0,1,0,1,0,1,0,0,0,0,0,3
"202496",35.5,1,2023-11-02,"854282维利纳诺",37.8,"235609","606318","70026",7420,"2023",11,"Autumn",2020-11-02,2023-07-02,4,TRUE,"2020",11,"Autumn","non-G-coded","female","1",35.5,"31-42",FALSE,FALSE,FALSE,FALSE,FALSE,FALSE,FALSE,FALSE,FALSE,FALSE,1,1,"singleton",0,0,0,0,0,0,0,0,0,0,0,11
"234963",35.57,2,2026-06-15,"41121286",34.6,"261597","854773威吉吉","00826",43,"2026",6,"Summer",2023-06-15,2023-07-02,35.4333333333333,FALSE,"2023",6,"Summer","non-G-coded","female","2",35.57,"31-42",FALSE,FALSE,FALSE,FALSE,FALSE,FALSE,FALSE,FALSE,FALSE,FALSE,1,1,"singleton",1,0,0,0,1,0,1,0,0,0,0,6
"234609",35.6,2,2026-04-03,"21219011",37.3,"261340","871041文尼哥","201533",517,"2026",4,"Spring",2023-04-03,2023-07-02,33.0333333333333,FALSE,"2023",4,"Spring","non-G-coded","female","2",35.6,"31-42",FALSE,FALSE,FALSE,FALSE,FALSE,FALSE,FALSE,FALSE,FALSE,FALSE,1,1,"singleton",0,0,0,0,0,0,0,0,0,0,0,4
"202298",35.63,2,2023-10-09,"854282维利纳诺",48.3,"235499",NA,NA,7555,"2023",10,"Autumn",2020-10-09,2023-07-02,3.2258064516129,TRUE,"2020",10,"Autumn","non-G-coded","female","2",35.63,"31-42",FALSE,FALSE,FALSE,FALSE,FALSE,FALSE,FALSE,FALSE,FALSE,FALSE,1,1,"singleton",0,0,0,0,0,0,0,0,0,0,0,10
"234506",35.67,2,2026-03-17,"41120238",34.7,"261230","871041文尼哥","60096",708,"2026",3,"Spring",2023-03-17,2023-07-02,32.4838709677419,FALSE,"2023",3,"Spring","non-G-coded","female","2",35.67,"31-42",FALSE,FALSE,FALSE,FALSE,FALSE,FALSE,FALSE,FALSE,FALSE,FALSE,1,1,"singleton",1,0,0,0,1,0,1,0,0,0,0,3
"225422",35.7,2,2025-11-16,"41121286",42.1,"251336","甘露606318","62075",1639,"2025",11,"Autumn",2022-11-16,2023-07-02,28.4666666666667,FALSE,"2022",11,"Autumn","non-G-coded","female","2",35.7,"31-42",FALSE,FALSE,FALSE,FALSE,FALSE,FALSE,FALSE,FALSE,FALSE,FALSE,1,1,"singleton",0,0,0,0,0,0,0,0,0,0,0,11
"212140",35.73,2,2023-04-25,"871041文尼哥",38.6,"234643","606244","12069",8553,"2023",4,"Spring",2020-04-25,2023-07-02,-2.23333333333333,TRUE,"2020",4,"Spring","non-G-coded","female","2",35.73,"31-42",FALSE,FALSE,FALSE,FALSE,FALSE,FALSE,FALSE,FALSE,FALSE,FALSE,1,1,"singleton",0,0,0,0,0,0,0,0,0,0,0,4
"225413",35.77,2,2025-12-05,"41121286",34.5,"251436",NA,NA,1433,"2025",12,"Winter",2022-12-05,2023-07-02,29.0967741935484,FALSE,"2022",12,"Winter","non-G-coded","female","2",35.77,"31-42",FALSE,FALSE,FALSE,FALSE,FALSE,FALSE,FALSE,FALSE,FALSE,FALSE,1,1,"singleton",1,0,0,0,1,0,1,0,0,0,0,12
"224519",35.8,2,2025-03-24,"427151",45.1,"250457","180781","63075",3450,"2025",3,"Spring",2022-03-24,2023-07-02,20.7096774193548,FALSE,"2022",3,"Spring","non-G-coded","female","2",35.8,"31-42",FALSE,FALSE,FALSE,FALSE,FALSE,FALSE,FALSE,FALSE,FALSE,FALSE,1,1,"singleton",0,0,0,0,0,0,0,0,0,0,0,3
"212860",35.83,2,2024-05-04,"22220785",36.8,"240707","606306","61579",5741,"2024",5,"Spring",2021-05-04,2023-07-02,10.0645161290323,TRUE,"2021",5,"Spring","non-G-coded","female","2",35.83,"31-42",FALSE,FALSE,FALSE,FALSE,FALSE,FALSE,FALSE,FALSE,FALSE,FALSE,1,1,"singleton",0,0,0,0,0,0,0,0,0,0,0,5
"202056",35.83,2,2023-08-26,"7402563907",27.7,"9G410","606244","802753",7833,"2023",8,"Summer",2020-08-26,2023-07-02,1.7741935483871,TRUE,"2020",8,"Summer","non-G-coded","female","2",35.83,"31-42",FALSE,FALSE,FALSE,FALSE,FALSE,FALSE,FALSE,FALSE,FALSE,FALSE,1,1,"singleton",1,0,1,0,1,0,1,0,1,0,0,8
"225489",35.86,2,2025-12-05,"41121286",47.7,"251444","871041文尼哥","201510",1426,"2025",12,"Winter",2022-12-05,2023-07-02,29.0967741935484,FALSE,"2022",12,"Winter","non-G-coded","female","2",35.86,"31-42",FALSE,FALSE,FALSE,FALSE,FALSE,FALSE,FALSE,FALSE,FALSE,FALSE,1,1,"singleton",0,0,0,0,0,0,0,0,0,0,0,12
"202145",35.86,2,2023-09-17,"865530狼血",44.5,"235400","606192","60939",7677,"2023",9,"Autumn",2020-09-17,2023-07-02,2.5,TRUE,"2020",9,"Autumn","non-G-coded","female","2",35.86,"31-42",FALSE,FALSE,FALSE,FALSE,FALSE,FALSE,FALSE,FALSE,FALSE,FALSE,1,1,"singleton",0,0,0,0,0,0,0,0,0,0,0,9
"201836",35.9,2,2023-06-26,"7402563907",42.2,"234950",NA,NA,8173,"2023",6,"Summer",2020-06-26,2023-07-02,-0.2,TRUE,"2020",6,"Summer","non-G-coded","female","2",35.9,"31-42",FALSE,FALSE,FALSE,FALSE,FALSE,FALSE,FALSE,FALSE,FALSE,FALSE,1,1,"singleton",0,0,0,0,0,0,0,0,0,0,0,6
"201789",35.93,2,2023-04-17,"871041文尼哥",36.4,"234609","606244","1651",8606,"2023",4,"Spring",2020-04-17,2023-07-02,-2.5,TRUE,"2020",4,"Spring","non-G-coded","female","2",35.93,"31-42",FALSE,FALSE,FALSE,FALSE,FALSE,FALSE,FALSE,FALSE,FALSE,FALSE,1,1,"singleton",0,0,0,0,1,0,0,0,0,0,0,4
"225311",35.96,2,2025-10-19,"41121286",35.2,"251209","865530","800972",1887,"2025",10,"Autumn",2022-10-19,2023-07-02,27.5483870967742,FALSE,"2022",10,"Autumn","non-G-coded","female","2",35.96,"31-42",FALSE,FALSE,FALSE,FALSE,FALSE,FALSE,FALSE,FALSE,FALSE,FALSE,1,1,"singleton",0,0,0,0,1,0,1,0,0,0,0,10
"213184",36,2,2024-08-02,"171206",42,"HG40972","2544424506","60286",5243,"2024",8,"Summer",2021-08-02,2023-07-02,13,TRUE,"2021",8,"Summer","non-G-coded","female","2",36,"31-42",FALSE,FALSE,FALSE,FALSE,FALSE,FALSE,FALSE,FALSE,FALSE,FALSE,1,1,"singleton",0,0,0,0,0,0,0,0,0,0,0,8
"225009",36.03,2,2025-08-02,"15621315",27.8,"250967","606045","01178",2411,"2025",8,"Summer",2022-08-02,2023-07-02,25,FALSE,"2022",8,"Summer","non-G-coded","female","2",36.03,"31-42",FALSE,FALSE,FALSE,FALSE,FALSE,FALSE,FALSE,FALSE,FALSE,FALSE,1,1,"singleton",1,0,1,0,1,0,1,0,1,0,0,8
"234563",36.06,1,2026-04-07,"21219011",43.8,"261364L","871041文尼哥","61563",474,"2026",4,"Spring",2023-04-07,2023-07-02,33.1666666666667,FALSE,"2023",4,"Spring","non-G-coded","female","1",36.06,"31-42",FALSE,FALSE,FALSE,FALSE,FALSE,FALSE,FALSE,FALSE,FALSE,FALSE,1,1,"singleton",0,0,0,0,0,0,0,0,0,0,0,4
"202527",36.09,2,2023-11-26,"854400西部公园",44.8,"235741",NA,NA,7282,"2023",11,"Autumn",2020-11-26,2023-07-02,4.8,TRUE,"2020",11,"Autumn","non-G-coded","female","2",36.09,"31-42",FALSE,FALSE,FALSE,FALSE,FALSE,FALSE,FALSE,FALSE,FALSE,FALSE,1,1,"singleton",0,0,0,0,0,0,0,0,0,0,0,11
"202112",36.13,2,2023-09-19,"865530狼血",50.4,"235410","606244","70626",7666,"2023",9,"Autumn",2020-09-19,2023-07-02,2.56666666666667,TRUE,"2020",9,"Autumn","non-G-coded","female","2",36.13,"31-42",FALSE,FALSE,FALSE,FALSE,FALSE,FALSE,FALSE,FALSE,FALSE,FALSE,1,1,"singleton",0,1,0,0,0,1,0,0,0,0,0,9
"234357",36.19,2,2026-03-12,"21219011",40.8,"261213","871041文尼哥","801052",764,"2026",3,"Spring",2023-03-12,2023-07-02,32.3225806451613,FALSE,"2023",3,"Spring","non-G-coded","female","2",36.19,"31-42",FALSE,FALSE,FALSE,FALSE,FALSE,FALSE,FALSE,FALSE,FALSE,FALSE,1,1,"singleton",0,0,0,0,0,0,0,0,0,0,0,3
"212188",36.23,1,2024-01-30,"865530狼血",43.5,"240179","180781","62322",6703,"2024",1,"Winter",2021-01-30,2023-07-02,6.90322580645161,TRUE,"2021",1,"Winter","non-G-coded","female","1",36.23,"31-42",FALSE,FALSE,FALSE,FALSE,FALSE,FALSE,FALSE,FALSE,FALSE,FALSE,1,1,"singleton",0,0,0,0,0,0,0,0,0,0,0,1
"234620",36.26,2,2026-04-26,"41120238",45.1,"261437",NA,NA,346,"2026",4,"Spring",2023-04-26,2023-07-02,33.8,FALSE,"2023",4,"Spring","non-G-coded","female","2",36.26,"31-42",FALSE,FALSE,FALSE,FALSE,FALSE,FALSE,FALSE,FALSE,FALSE,FALSE,1,1,"singleton",0,0,0,0,0,0,0,0,0,0,0,4
"201002",36.26,2,2023-01-08,"854282维利纳诺",42.3,"234037","186756","61765",9430,"2023",1,"Winter",2020-01-08,2023-07-02,-5.80645161290323,TRUE,"2020",1,"Winter","non-G-coded","female","2",36.26,"31-42",FALSE,FALSE,FALSE,FALSE,FALSE,FALSE,FALSE,FALSE,FALSE,FALSE,1,1,"singleton",0,0,0,0,0,0,0,0,0,0,0,1
"201247",36.29,2,2023-03-10,"871041文尼哥",48.6,"234368","606192","62396",8963,"2023",3,"Spring",2020-03-10,2023-07-02,-3.74193548387097,TRUE,"2020",3,"Spring","non-G-coded","female","2",36.29,"31-42",FALSE,FALSE,FALSE,FALSE,FALSE,FALSE,FALSE,FALSE,FALSE,FALSE,1,1,"singleton",0,0,0,0,0,1,0,0,0,0,0,3
"212976",36.36,2,2024-06-07,"22220785",37.8,"240825","7029225762","14250",5502,"2024",6,"Summer",2021-06-07,2023-07-02,11.1666666666667,TRUE,"2021",6,"Summer","non-G-coded","female","2",36.36,"31-42",FALSE,FALSE,FALSE,FALSE,FALSE,FALSE,FALSE,FALSE,FALSE,FALSE,1,1,"singleton",0,0,0,0,0,0,0,0,0,0,0,6
"212010",36.39,2,2024-01-13,"865530狼血",39.8,"240091",NA,NA,6840,"2024",1,"Winter",2021-01-13,2023-07-02,6.35483870967742,TRUE,"2021",1,"Winter","non-G-coded","female","2",36.39,"31-42",FALSE,FALSE,FALSE,FALSE,FALSE,FALSE,FALSE,FALSE,FALSE,FALSE,1,1,"singleton",0,0,0,0,0,0,0,0,0,0,0,1
"212643",36.42,1,2024-04-28,"854062赫尔曼斯",34.3,"240689","180600","801131",5778,"2024",4,"Spring",2021-04-28,2023-07-02,9.86666666666667,TRUE,"2021",4,"Spring","non-G-coded","female","1",36.42,"31-42",FALSE,FALSE,FALSE,FALSE,FALSE,FALSE,FALSE,FALSE,FALSE,FALSE,1,1,"singleton",1,0,0,0,1,0,1,0,0,0,0,4
"224445",36.49,2,2025-03-31,"427151",46.8,"250494","2545109367","801011",3385,"2025",3,"Spring",2022-03-31,2023-07-02,20.9354838709677,FALSE,"2022",3,"Spring","non-G-coded","female","2",36.49,"31-42",FALSE,FALSE,FALSE,FALSE,FALSE,FALSE,FALSE,FALSE,FALSE,FALSE,1,1,"singleton",0,0,0,0,0,0,0,0,0,0,0,3
"234722",36.55,2,2026-05-25,"41120238",34.2,"261523","871041文尼哥","61117",179,"2026",5,"Spring",2023-04-25,2023-06-02,35.741935483871,FALSE,"2023",4,"Spring","non-G-coded","female","2",36.55,"31-42",FALSE,FALSE,FALSE,FALSE,FALSE,FALSE,FALSE,FALSE,FALSE,FALSE,1,1,"singleton",1,0,0,0,1,0,1,0,0,0,0,5
"212159",36.55,2,2024-02-04,"FR7045049997",37.6,"240205","180781","800926",6635,"2024",2,"Winter",2021-01-04,2023-06-02,8.06896551724138,TRUE,"2021",1,"Winter","non-G-coded","female","2",36.55,"31-42",FALSE,FALSE,FALSE,FALSE,FALSE,FALSE,FALSE,FALSE,FALSE,FALSE,1,1,"singleton",0,0,0,0,0,0,0,0,0,0,0,2
"212321",36.59,2,2024-03-14,"FR3917468802",49.6,"240490","180781","70505",6131,"2024",3,"Spring",2021-02-14,2023-06-02,9.38709677419355,TRUE,"2021",2,"Winter","non-G-coded","female","2",36.59,"31-42",FALSE,FALSE,FALSE,FALSE,FALSE,FALSE,FALSE,FALSE,FALSE,FALSE,1,1,"singleton",0,0,0,0,0,1,0,0,0,0,0,3
"225243",36.65,2,2025-10-25,"22219929",32.5,"251238","865530","61698",1840,"2025",10,"Autumn",2022-09-25,2023-06-02,28.741935483871,FALSE,"2022",9,"Autumn","non-G-coded","female","2",36.65,"31-42",FALSE,FALSE,FALSE,FALSE,FALSE,FALSE,FALSE,FALSE,FALSE,FALSE,1,1,"singleton",1,0,0,0,1,0,1,0,0,0,0,10
"212682",36.69,2,2024-05-09,"22220785",38.3,"240719","606318","800044",5708,"2024",5,"Spring",2021-04-09,2023-06-02,11.2258064516129,TRUE,"2021",4,"Spring","non-G-coded","female","2",36.69,"31-42",FALSE,FALSE,FALSE,FALSE,FALSE,FALSE,FALSE,FALSE,FALSE,FALSE,1,1,"singleton",0,0,0,0,0,0,0,0,0,0,0,5
"213078",36.72,2,2024-07-20,"22220785",47.4,"240947",NA,NA,5331,"2024",7,"Summer",2021-06-20,2023-06-02,13.5806451612903,TRUE,"2021",6,"Summer","non-G-coded","female","2",36.72,"31-42",FALSE,FALSE,FALSE,FALSE,FALSE,FALSE,FALSE,FALSE,FALSE,FALSE,1,1,"singleton",0,0,0,0,0,0,0,0,0,0,0,7
"201560",36.72,2,2024-01-24,"865530狼血",50.4,"240143","740640209","800629",6761,"2024",1,"Winter",2020-12-24,2023-06-02,7.70967741935484,TRUE,"2020",12,"Winter","non-G-coded","female","2",36.72,"31-42",FALSE,FALSE,FALSE,FALSE,FALSE,FALSE,FALSE,FALSE,FALSE,FALSE,1,1,"singleton",0,1,0,0,0,1,0,0,0,0,0,1
"234311",36.75,2,2026-03-21,"21219011",33.4,"261256",NA,"212575",665,"2026",3,"Spring",2023-02-21,2023-06-02,33.6129032258064,FALSE,"2023",2,"Winter","non-G-coded","female","2",36.75,"31-42",FALSE,FALSE,FALSE,FALSE,FALSE,FALSE,FALSE,FALSE,FALSE,FALSE,1,1,"singleton",1,0,0,0,1,0,1,0,0,0,0,3
"201355",36.75,2,2023-03-28,"871041文尼哥",43.5,"234496",NA,NA,8778,"2023",3,"Spring",2020-02-28,2023-06-02,-2.16129032258065,TRUE,"2020",2,"Winter","non-G-coded","female","2",36.75,"31-42",FALSE,FALSE,FALSE,FALSE,FALSE,FALSE,FALSE,FALSE,FALSE,FALSE,1,1,"singleton",0,0,0,0,0,0,0,0,0,0,0,3
"201256",36.82,2,2023-03-28,"871041文尼哥",40.3,"234499","606244","70074",8776,"2023",3,"Spring",2020-02-28,2023-06-02,-2.16129032258065,TRUE,"2020",2,"Winter","non-G-coded","female","2",36.82,"31-42",FALSE,FALSE,FALSE,FALSE,FALSE,FALSE,FALSE,FALSE,FALSE,FALSE,1,1,"singleton",0,0,0,0,0,0,0,0,0,0,0,3
"225501",36.88,1,2026-01-08,"21219011",49.7,"260014",NA,NA,1179,"2026",1,"Winter",2022-12-08,2023-06-02,31.1935483870968,FALSE,"2022",12,"Winter","non-G-coded","female","1",36.88,"31-42",FALSE,FALSE,FALSE,FALSE,FALSE,FALSE,FALSE,FALSE,FALSE,FALSE,1,1,"singleton",0,0,0,0,0,1,0,0,0,0,0,1
"201385",36.88,2,2023-04-23,"7402563907",45.2,"234638","606244","62580",8559,"2023",4,"Spring",2020-03-23,2023-06-02,-1.3,TRUE,"2020",3,"Spring","non-G-coded","female","2",36.88,"31-42",FALSE,FALSE,FALSE,FALSE,FALSE,FALSE,FALSE,FALSE,FALSE,FALSE,1,1,"singleton",0,0,0,0,0,0,0,0,0,0,0,4
"212498",36.92,2,2024-02-28,"862025瓦特罗",52.7,"240403",NA,NA,6283,"2024",2,"Winter",2021-01-28,2023-06-02,8.89655172413793,TRUE,"2021",1,"Winter","non-G-coded","female","2",36.92,"31-42",FALSE,FALSE,FALSE,FALSE,FALSE,FALSE,FALSE,FALSE,FALSE,FALSE,1,1,"singleton",0,1,0,1,0,1,0,1,0,0,0,2
"202582",36.95,2,2024-01-02,"865530狼血",47.3,"240028","740640209","70731",6942,"2024",1,"Winter",2020-12-02,2023-06-02,7,TRUE,"2020",12,"Winter","non-G-coded","female","2",36.95,"31-42",FALSE,FALSE,FALSE,FALSE,FALSE,FALSE,FALSE,FALSE,FALSE,FALSE,1,1,"singleton",0,0,0,0,0,0,0,0,0,0,0,1
"234480",37.02,2,2026-04-24,"21219011",43.2,"261427","871041文尼哥","201430",363,"2026",4,"Spring",2023-03-24,2023-06-02,34.7333333333333,FALSE,"2023",3,"Spring","non-G-coded","female","2",37.02,"31-42",FALSE,FALSE,FALSE,FALSE,FALSE,FALSE,FALSE,FALSE,FALSE,FALSE,1,1,"singleton",0,0,0,0,0,0,0,0,0,0,0,4
"225199",37.08,1,2025-10-25,"65121614",42.2,"251234",NA,NA,1835,"2025",10,"Autumn",2022-09-25,2023-06-02,28.741935483871,FALSE,"2022",9,"Autumn","non-G-coded","female","1",37.08,"31-42",FALSE,FALSE,FALSE,FALSE,FALSE,FALSE,FALSE,FALSE,FALSE,FALSE,1,1,"singleton",0,0,0,0,0,0,0,0,0,0,0,10
"225398",37.11,2,2025-12-19,"21219011",46.5,"251486","甘露606318","62076",1301,"2025",12,"Winter",2022-11-19,2023-06-02,30.5483870967742,FALSE,"2022",11,"Autumn","non-G-coded","female","2",37.11,"31-42",FALSE,FALSE,FALSE,FALSE,FALSE,FALSE,FALSE,FALSE,FALSE,FALSE,1,1,"singleton",0,0,0,0,0,0,0,0,0,0,0,12
"212751",37.21,2,2024-06-03,"22220785",37.7,"240808","606318","61943",5535,"2024",6,"Summer",2021-05-03,2023-06-02,12.0333333333333,TRUE,"2021",5,"Spring","non-G-coded","female","2",37.21,"31-42",FALSE,FALSE,FALSE,FALSE,FALSE,FALSE,FALSE,FALSE,FALSE,FALSE,1,1,"singleton",0,0,0,0,0,0,0,0,0,0,0,6
"202439",37.21,2,2023-12-11,"865530狼血",37.6,"235853",NA,NA,7177,"2023",12,"Winter",2020-11-11,2023-06-02,6.29032258064516,TRUE,"2020",11,"Autumn","non-G-coded","female","2",37.21,"31-42",FALSE,FALSE,FALSE,FALSE,FALSE,FALSE,FALSE,FALSE,FALSE,FALSE,1,1,"singleton",0,0,0,0,0,0,0,0,0,0,0,12
"225265",37.25,2,2025-11-17,"41121286",36.2,"251342","606045","201925",1625,"2025",11,"Autumn",2022-10-17,2023-06-02,29.5,FALSE,"2022",10,"Autumn","non-G-coded","female","2",37.25,"31-42",FALSE,FALSE,FALSE,FALSE,FALSE,FALSE,FALSE,FALSE,FALSE,FALSE,1,1,"singleton",0,0,0,0,1,0,0,0,0,0,0,11
"H213089",37.31,2,2024-06-10,"22220785",39.8,"240845","606306","00219",5473,"2024",6,"Summer",2021-05-10,2023-06-02,12.2666666666667,TRUE,"2021",5,"Spring","non-G-coded","female","2",37.31,"31-42",FALSE,FALSE,FALSE,FALSE,FALSE,FALSE,FALSE,FALSE,FALSE,FALSE,1,1,"singleton",0,0,0,0,0,0,0,0,0,0,0,6
"225494",37.38,2,2026-01-21,"21219011",40.5,"260043","606045","202265",1118,"2026",1,"Winter",2022-12-21,2023-06-02,31.6129032258065,FALSE,"2022",12,"Winter","non-G-coded","female","2",37.38,"31-42",FALSE,FALSE,FALSE,FALSE,FALSE,FALSE,FALSE,FALSE,FALSE,FALSE,1,1,"singleton",0,0,0,0,0,0,0,0,0,0,0,1
"225448",37.41,2,2026-01-13,"41121286",50.3,"260020","甘露606318","60110",1160,"2026",1,"Winter",2022-12-13,2023-06-02,31.3548387096774,FALSE,"2022",12,"Winter","non-G-coded","female","2",37.41,"31-42",FALSE,FALSE,FALSE,FALSE,FALSE,FALSE,FALSE,FALSE,FALSE,FALSE,1,1,"singleton",0,1,0,0,0,1,0,0,0,0,0,1
"224417",37.44,2,2025-04-25,"22218621",49.2,"250604","180781","62545",3157,"2025",4,"Spring",2022-03-25,2023-06-02,22.7666666666667,FALSE,"2022",3,"Spring","non-G-coded","female","2",37.44,"31-42",FALSE,FALSE,FALSE,FALSE,FALSE,FALSE,FALSE,FALSE,FALSE,FALSE,1,1,"singleton",0,0,0,0,0,1,0,0,0,0,0,4
"234444",37.54,2,2026-05-05,"21219011",51.2,"261467",NA,"202628",295,"2026",5,"Spring",2023-03-05,2023-05-02,36.0967741935484,FALSE,"2023",3,"Spring","non-G-coded","female","2",37.54,"31-42",FALSE,FALSE,FALSE,FALSE,FALSE,FALSE,FALSE,FALSE,FALSE,FALSE,1,1,"singleton",0,1,0,0,0,1,0,0,0,0,0,5
"212192",37.57,2,2024-03-12,"862025瓦特罗",49.3,"240483",NA,NA,6158,"2024",3,"Spring",2021-01-12,2023-05-02,10.3225806451613,TRUE,"2021",1,"Winter","non-G-coded","female","2",37.57,"31-42",FALSE,FALSE,FALSE,FALSE,FALSE,FALSE,FALSE,FALSE,FALSE,FALSE,1,1,"singleton",0,0,0,0,0,1,0,0,0,0,0,3
"201200",37.64,2,2023-04-09,"871041文尼哥",40.1,"234571","606192","62280",8663,"2023",4,"Spring",2020-02-09,2023-05-02,-0.766666666666667,TRUE,"2020",2,"Winter","non-G-coded","female","2",37.64,"31-42",FALSE,FALSE,FALSE,FALSE,FALSE,FALSE,FALSE,FALSE,FALSE,FALSE,1,1,"singleton",0,0,0,0,0,0,0,0,0,0,0,4
"H213015",37.67,2,2024-07-31,"171206",32.6,"240984",NA,NA,5254,"2024",7,"Summer",2021-05-31,2023-05-02,14.9354838709677,TRUE,"2021",5,"Spring","non-G-coded","female","2",37.67,"31-42",FALSE,FALSE,FALSE,FALSE,FALSE,FALSE,FALSE,FALSE,FALSE,FALSE,1,1,"singleton",1,0,0,0,1,0,1,0,0,0,0,7
"234446",37.77,2,2026-05-12,"41418133",43.4,"261486","871041文尼哥","800155",259,"2026",5,"Spring",2023-03-12,2023-05-02,36.3225806451613,FALSE,"2023",3,"Spring","non-G-coded","female","2",37.77,"31-42",FALSE,FALSE,FALSE,FALSE,FALSE,FALSE,FALSE,FALSE,FALSE,FALSE,1,1,"singleton",0,0,0,0,0,0,0,0,0,0,0,5
"234256",37.8,2,2026-04-13,"41121286",31.7,"261385","854773威吉吉","62148",434,"2026",4,"Spring",2023-02-13,2023-05-02,35.3666666666667,FALSE,"2023",2,"Winter","non-G-coded","female","2",37.8,"31-42",FALSE,FALSE,FALSE,FALSE,FALSE,FALSE,FALSE,FALSE,FALSE,FALSE,1,1,"singleton",1,0,1,0,1,0,1,0,0,0,0,4
"202691",37.84,2,2024-02-14,"862025瓦特罗",40.4,"241168","180600","Z801135",6494,"2024",2,"Winter",2020-12-14,2023-05-02,9.41379310344828,TRUE,"2020",12,"Winter","non-G-coded","female","2",37.84,"31-42",FALSE,FALSE,FALSE,FALSE,FALSE,FALSE,FALSE,FALSE,FALSE,FALSE,1,1,"singleton",0,0,0,0,0,0,0,0,0,0,0,2
"213636",37.9,2,2024-04-27,"22220785",36.6,"240681",NA,NA,5785,"2024",4,"Spring",2021-02-27,2023-05-02,11.8333333333333,TRUE,"2021",2,"Winter","non-G-coded","female","2",37.9,"31-42",FALSE,FALSE,FALSE,FALSE,FALSE,FALSE,FALSE,FALSE,FALSE,FALSE,1,1,"singleton",0,0,0,0,0,0,0,0,0,0,0,4
"201738",37.97,1,2023-07-29,"公牛",44.3,"235135","865530","70096",7981,"2023",7,"Summer",2020-05-29,2023-05-02,2.87096774193548,TRUE,"2020",5,"Spring","non-G-coded","female","1",37.97,"31-42",FALSE,FALSE,FALSE,FALSE,FALSE,FALSE,FALSE,FALSE,FALSE,FALSE,1,1,"singleton",0,0,0,0,0,0,0,0,0,0,0,7
"225035",38,2,2025-10-11,"41221179",40.6,"251177","606045","01040",1961,"2025",10,"Autumn",2022-08-11,2023-05-02,29.2903225806452,FALSE,"2022",8,"Summer","non-G-coded","female","2",38,"31-42",FALSE,FALSE,FALSE,FALSE,FALSE,FALSE,FALSE,FALSE,FALSE,FALSE,1,1,"singleton",0,0,0,0,0,0,0,0,0,0,0,10
"201052",38.03,2,2023-03-14,"871041文尼哥",50.1,"234390",NA,NA,8921,"2023",3,"Spring",2020-01-14,2023-05-02,-1.61290322580645,TRUE,"2020",1,"Winter","non-G-coded","female","2",38.03,"31-42",FALSE,FALSE,FALSE,FALSE,FALSE,FALSE,FALSE,FALSE,FALSE,FALSE,1,1,"singleton",0,1,0,0,0,1,0,0,0,0,0,3
"212166",38.1,1,2024-03-23,"862025瓦特罗",40.8,"240535",NA,NA,6047,"2024",3,"Spring",2021-01-23,2023-05-02,10.6774193548387,TRUE,"2021",1,"Winter","non-G-coded","female","1",38.1,"31-42",FALSE,FALSE,FALSE,FALSE,FALSE,FALSE,FALSE,FALSE,FALSE,FALSE,1,1,"singleton",0,0,0,0,0,0,0,0,0,0,0,3
"234284",38.13,2,2026-04-28,"41120238",34.6,"261447","854773威吉吉","201580",331,"2026",4,"Spring",2023-02-28,2023-05-02,35.8666666666667,FALSE,"2023",2,"Winter","non-G-coded","female","2",38.13,"31-42",FALSE,FALSE,FALSE,FALSE,FALSE,FALSE,FALSE,FALSE,FALSE,FALSE,1,1,"singleton",1,0,0,0,1,0,1,0,0,0,0,4
"01260",38.17,2,2023-01-13,"854282维利纳诺",43.7,"234067",NA,NA,9399,"2023",1,"Winter",2019-11-13,2023-05-02,-3.64516129032258,TRUE,"2019",11,"Autumn","non-G-coded","female","2",38.17,"31-42",FALSE,FALSE,FALSE,FALSE,FALSE,FALSE,FALSE,FALSE,FALSE,FALSE,1,1,"singleton",0,0,0,0,0,0,0,0,0,0,0,1
"234350",38.23,2,2026-05-11,"41120238",38.2,"261485","871041文尼哥","61906",264,"2026",5,"Spring",2023-03-11,2023-05-02,36.2903225806452,FALSE,"2023",3,"Spring","non-G-coded","female","2",38.23,"31-42",FALSE,FALSE,FALSE,FALSE,FALSE,FALSE,FALSE,FALSE,FALSE,FALSE,1,1,"singleton",0,0,0,0,0,0,0,0,0,0,0,5
"234312",38.26,2,2026-05-07,"41120238",47.4,"261471","854773威吉吉","61405",287,"2026",5,"Spring",2023-03-07,2023-05-02,36.1612903225806,FALSE,"2023",3,"Spring","non-G-coded","female","2",38.26,"31-42",FALSE,FALSE,FALSE,FALSE,FALSE,FALSE,FALSE,FALSE,FALSE,FALSE,1,1,"singleton",0,0,0,0,0,0,0,0,0,0,0,5
"H201909",38.33,1,2023-12-08,"865530狼血",40.3,"235837","7402563907","140286",7202,"2023",12,"Winter",2020-10-08,2023-05-02,7.19354838709677,TRUE,"2020",10,"Autumn","non-G-coded","female","1",38.33,"31-42",FALSE,FALSE,FALSE,FALSE,FALSE,FALSE,FALSE,FALSE,FALSE,FALSE,1,1,"singleton",0,0,0,0,0,0,0,0,0,0,0,12
"212245",38.36,2,2024-04-15,"22220785",41.4,"240781",NA,NA,5864,"2024",4,"Spring",2021-02-15,2023-05-02,11.4333333333333,TRUE,"2021",2,"Winter","non-G-coded","female","2",38.36,"31-42",FALSE,FALSE,FALSE,FALSE,FALSE,FALSE,FALSE,FALSE,FALSE,FALSE,1,1,"singleton",0,0,0,0,0,0,0,0,0,0,0,4
"202597",38.4,2,2024-02-18,"862025瓦特罗",49.4,"241178","180600","800684",6453,"2024",2,"Winter",2020-12-18,2023-05-02,9.55172413793103,TRUE,"2020",12,"Winter","non-G-coded","female","2",38.4,"31-42",FALSE,FALSE,FALSE,FALSE,FALSE,FALSE,FALSE,TRUE,FALSE,FALSE,1,1,"singleton",0,0,0,0,0,1,0,0,0,0,0,2
"202576",38.49,1,2024-02-17,"862025瓦特罗",37.9,"L240316",NA,NA,6457,"2024",2,"Winter",2020-12-17,2023-05-02,9.51724137931035,TRUE,"2020",12,"Winter","non-G-coded","female","1",38.49,"31-42",FALSE,FALSE,FALSE,FALSE,FALSE,FALSE,FALSE,FALSE,FALSE,FALSE,1,1,"singleton",0,0,0,0,0,0,0,0,0,0,0,2
"234433",38.59,2,2026-06-05,"21219011",36.5,"261558","7029225762","70151",102,"2026",6,"Summer",2023-03-05,2023-04-02,38.1,FALSE,"2023",3,"Spring","non-G-coded","female","2",38.59,"31-42",FALSE,FALSE,FALSE,FALSE,FALSE,FALSE,FALSE,FALSE,FALSE,FALSE,1,1,"singleton",0,0,0,0,1,0,0,0,0,0,0,6
"01522",38.59,2,2023-01-05,"854282维利纳诺",42.6,"234026",NA,NA,9451,"2023",1,"Winter",2019-10-05,2023-04-02,-2.90322580645161,TRUE,"2019",10,"Autumn","non-G-coded","female","2",38.59,"31-42",FALSE,FALSE,FALSE,FALSE,FALSE,FALSE,FALSE,FALSE,FALSE,FALSE,1,1,"singleton",0,0,0,0,0,0,0,0,0,0,0,1
"202491",38.69,2,2024-02-06,"FR7045049997",48.5,"240227","7402563907","70628",6605,"2024",2,"Winter",2020-11-06,2023-04-02,10.1379310344828,TRUE,"2020",11,"Autumn","non-G-coded","female","2",38.69,"31-42",FALSE,FALSE,FALSE,FALSE,FALSE,FALSE,FALSE,FALSE,FALSE,FALSE,1,1,"singleton",0,0,0,0,0,1,0,0,0,0,0,2
"234027",38.72,2,2026-03-27,"41120238",48.5,"261298","606045维泽","62298",604,"2026",3,"Spring",2022-12-27,2023-04-02,35.8064516129032,FALSE,"2022",12,"Winter","non-G-coded","female","2",38.72,"31-42",FALSE,FALSE,FALSE,FALSE,FALSE,FALSE,FALSE,FALSE,FALSE,FALSE,1,1,"singleton",0,0,0,0,0,1,0,0,0,0,0,3
"202373",38.79,2,2024-01-22,"865530狼血",44.8,"240132","163940","800699",6771,"2024",1,"Winter",2020-10-22,2023-04-02,9.64516129032258,TRUE,"2020",10,"Autumn","non-G-coded","female","2",38.79,"31-42",FALSE,FALSE,FALSE,FALSE,FALSE,FALSE,FALSE,FALSE,FALSE,FALSE,1,1,"singleton",0,0,0,0,0,0,0,0,0,0,0,1
"234237",38.86,2,2026-05-13,"41120238",30.2,"261487","871041文尼哥","62712",257,"2026",5,"Spring",2023-02-13,2023-04-02,37.3548387096774,FALSE,"2023",2,"Winter","non-G-coded","female","2",38.86,"31-42",FALSE,FALSE,FALSE,FALSE,FALSE,FALSE,FALSE,FALSE,FALSE,FALSE,1,1,"singleton",1,0,1,0,1,0,1,0,0,0,0,5
"234339",38.89,2,2026-05-29,"41120238",35.4,"261537","854773威吉吉","00768",146,"2026",5,"Spring",2023-02-28,2023-04-02,37.8709677419355,FALSE,"2023",2,"Winter","non-G-coded","female","2",38.89,"31-42",FALSE,FALSE,FALSE,FALSE,FALSE,FALSE,FALSE,FALSE,FALSE,FALSE,1,1,"singleton",0,0,0,0,1,0,1,0,0,0,0,5
"225288",38.92,2,2026-01-12,"41121286",32.8,"260018","865530","60084",1163,"2026",1,"Winter",2022-10-12,2023-04-02,33.3225806451613,FALSE,"2022",10,"Autumn","non-G-coded","female","2",38.92,"31-42",FALSE,FALSE,FALSE,FALSE,FALSE,FALSE,FALSE,FALSE,FALSE,FALSE,1,1,"singleton",1,0,0,0,1,0,1,0,0,0,0,1
"212757",38.95,2,2024-07-28,"15620126",36.7,"240977","186967","00728",5265,"2024",7,"Summer",2021-04-28,2023-04-02,15.8387096774194,FALSE,"2021",4,"Spring","non-G-coded","female","2",38.95,"31-42",FALSE,FALSE,FALSE,FALSE,FALSE,FALSE,FALSE,FALSE,FALSE,FALSE,1,1,"singleton",0,0,0,0,0,0,0,0,0,0,0,7
"224147",39.02,2,2025-04-25,"427133",43.7,"250601","6868671111","61219",3145,"2025",4,"Spring",2022-01-25,2023-04-02,24.7666666666667,FALSE,"2022",1,"Winter","non-G-coded","female","2",39.02,"31-42",FALSE,FALSE,FALSE,FALSE,FALSE,FALSE,FALSE,FALSE,FALSE,FALSE,1,1,"singleton",0,0,0,0,0,0,0,0,0,0,0,4
"202242",39.05,2,2024-01-13,"865530狼血",37.5,"240093","163940","65016",6836,"2024",1,"Winter",2020-10-13,2023-04-02,9.35483870967742,TRUE,"2020",10,"Autumn","non-G-coded","female","2",39.05,"31-42",FALSE,FALSE,FALSE,FALSE,FALSE,FALSE,FALSE,FALSE,FALSE,FALSE,1,1,"singleton",0,0,0,0,0,0,0,0,0,0,0,1
"225064",39.15,1,2025-11-24,"41121286",49.8,"251380",NA,NA,1545,"2025",11,"Autumn",2022-08-24,2023-04-02,31.7333333333333,FALSE,"2022",8,"Summer","non-G-coded","female","1",39.15,"31-42",FALSE,FALSE,FALSE,FALSE,FALSE,FALSE,FALSE,FALSE,FALSE,FALSE,1,1,"singleton",0,1,0,0,0,1,0,0,0,0,0,11
"234417",39.22,2,2026-06-22,"21219011",45.4,"261620",NA,"212300",1,"2026",6,"Summer",2023-03-22,2023-04-02,38.6666666666667,FALSE,"2023",3,"Spring","non-G-coded","female","2",39.22,"31-42",FALSE,FALSE,FALSE,FALSE,FALSE,FALSE,FALSE,FALSE,FALSE,FALSE,1,1,"singleton",0,0,0,0,0,0,0,0,0,0,0,6
"213814",39.32,2,2025-03-13,"22218621",43,"250400","854282","910205",3585,"2025",3,"Spring",2021-12-13,2023-04-02,23.3548387096774,FALSE,"2021",12,"Winter","non-G-coded","female","2",39.32,"31-42",FALSE,FALSE,FALSE,FALSE,FALSE,FALSE,FALSE,FALSE,FALSE,FALSE,1,1,"singleton",0,0,0,0,0,0,0,0,0,0,0,3
"225182",39.38,2,2025-12-30,"41121286",52.4,"251544L","甘露606318","01099",1231,"2025",12,"Winter",2022-09-30,2023-04-02,32.9032258064516,FALSE,"2022",9,"Autumn","non-G-coded","female","2",39.38,"31-42",FALSE,FALSE,FALSE,FALSE,FALSE,FALSE,FALSE,FALSE,FALSE,FALSE,1,1,"singleton",0,1,0,1,0,1,0,0,0,0,0,12
"213794",39.41,2,2025-03-12,"22220783",43.2,"250390","854282","61928",3596,"2025",3,"Spring",2021-12-12,2023-04-02,23.3225806451613,FALSE,"2021",12,"Winter","non-G-coded","female","2",39.41,"31-42",FALSE,FALSE,FALSE,FALSE,FALSE,FALSE,FALSE,FALSE,FALSE,FALSE,1,1,"singleton",0,0,0,0,0,0,0,0,0,0,0,3
"202660",39.51,2,2024-04-01,"22220785",38.3,"240575",NA,NA,5959,"2024",4,"Spring",2020-12-01,2023-03-02,12.9677419354839,TRUE,"2020",12,"Winter","non-G-coded","female","2",39.51,"31-42",FALSE,FALSE,FALSE,FALSE,FALSE,FALSE,FALSE,FALSE,FALSE,FALSE,1,1,"singleton",0,0,0,0,0,0,0,0,0,0,0,4
"225370",39.64,2,2026-02-26,"41123204",45.2,"260144","865530","800019",895,"2026",2,"Winter",2022-10-26,2023-03-02,35.8571428571429,FALSE,"2022",10,"Autumn","non-G-coded","female","2",39.64,"31-42",FALSE,FALSE,FALSE,FALSE,FALSE,FALSE,FALSE,FALSE,FALSE,FALSE,1,1,"singleton",0,0,0,0,0,0,0,0,0,0,0,2
"201721",39.71,1,2024-04-03,"427059",43.44,"240579","180600","50750",5951,"2024",4,"Spring",2020-12-03,2023-03-02,13.0333333333333,TRUE,"2020",12,"Winter","non-G-coded","female","1",39.71,"31-42",FALSE,FALSE,FALSE,FALSE,FALSE,FALSE,FALSE,FALSE,FALSE,FALSE,1,1,"singleton",0,0,0,0,0,0,0,0,0,0,0,4
"202185",39.71,2,2024-01-20,"865530狼血",43.8,"240119","65117502","60749",6792,"2024",1,"Winter",2020-09-20,2023-03-02,10.5806451612903,TRUE,"2020",9,"Autumn","non-G-coded","female","2",39.71,"31-42",FALSE,FALSE,FALSE,FALSE,FALSE,FALSE,FALSE,FALSE,FALSE,FALSE,1,1,"singleton",0,0,0,0,0,0,0,0,0,0,0,1
"201569",39.84,2,2023-08-21,"854773威吉吉",38.5,"235229","606244","62089",7858,"2023",8,"Summer",2020-04-21,2023-03-02,5.61290322580645,TRUE,"2020",4,"Spring","non-G-coded","female","2",39.84,"31-42",FALSE,FALSE,FALSE,FALSE,FALSE,FALSE,FALSE,FALSE,FALSE,FALSE,1,1,"singleton",0,0,0,0,0,0,0,0,0,0,0,8
"213785",39.91,2,2025-03-25,"22218621",44.8,"250769","2544424506","60486",3441,"2025",3,"Spring",2021-11-25,2023-03-02,24.741935483871,FALSE,"2021",11,"Autumn","non-G-coded","female","2",39.91,"31-42",FALSE,FALSE,FALSE,FALSE,FALSE,FALSE,FALSE,FALSE,FALSE,FALSE,1,1,"singleton",0,0,0,0,0,0,0,0,0,0,0,3
"212218",39.94,2,2024-05-26,"22220785",39.5,"240775","180781","800792",5598,"2024",5,"Spring",2021-01-26,2023-03-02,14.7741935483871,TRUE,"2021",1,"Winter","non-G-coded","female","2",39.94,"31-42",FALSE,FALSE,FALSE,FALSE,FALSE,FALSE,FALSE,FALSE,FALSE,FALSE,1,1,"singleton",0,0,0,0,0,0,0,0,0,0,0,5
"201466",39.97,2,2023-08-07,"7402563907",39.8,"235168","606244","800155",7940,"2023",8,"Summer",2020-04-07,2023-03-02,5.16129032258065,TRUE,"2020",4,"Spring","non-G-coded","female","2",39.97,"31-42",FALSE,FALSE,FALSE,FALSE,FALSE,FALSE,FALSE,FALSE,FALSE,FALSE,1,1,"singleton",0,0,0,0,0,0,0,0,0,0,0,8
"225453",40.04,1,2026-04-04,"41121296",34.2,"261343","606045","90013",504,"2026",4,"Spring",2022-12-04,2023-03-02,37.0666666666667,FALSE,"2022",12,"Winter","non-G-coded","female","1",40.04,"31-42",FALSE,FALSE,FALSE,FALSE,FALSE,FALSE,FALSE,FALSE,FALSE,FALSE,1,1,"singleton",1,0,0,0,1,0,1,0,0,0,0,4
"225495",40.17,2,2026-04-16,"41120238",37.5,"261397","606045","202387",413,"2026",4,"Spring",2022-12-16,2023-03-02,37.4666666666667,FALSE,"2022",12,"Winter","non-G-coded","female","2",40.17,"31-42",FALSE,FALSE,FALSE,FALSE,FALSE,FALSE,FALSE,FALSE,FALSE,FALSE,1,1,"singleton",0,0,0,0,0,0,0,0,0,0,0,4
"201682",40.24,2,2023-09-21,"854282维利纳诺",47.4,"235418","606244","60065",7662,"2023",9,"Autumn",2020-05-21,2023-03-02,6.63333333333333,TRUE,"2020",5,"Spring","non-G-coded","female","2",40.24,"31-42",FALSE,FALSE,FALSE,FALSE,FALSE,FALSE,FALSE,FALSE,FALSE,FALSE,1,1,"singleton",0,0,0,0,0,0,0,0,0,0,0,9
"212399",40.37,2,2024-07-17,"15620126",40.6,"240938","180781","00069",5348,"2024",7,"Summer",2021-03-17,2023-03-02,16.4838709677419,FALSE,"2021",3,"Spring","non-G-coded","female","2",40.37,"31-42",FALSE,FALSE,FALSE,FALSE,FALSE,FALSE,FALSE,FALSE,FALSE,FALSE,1,1,"singleton",0,0,0,0,0,0,0,0,0,0,0,7
"201398",40.6,2,2023-08-18,"865530狼血",43.1,"235221","606244","L800135",7877,"2023",8,"Summer",2020-03-18,2023-02-02,6.51612903225806,TRUE,"2020",3,"Spring","non-G-coded","female","2",40.6,"31-42",FALSE,FALSE,FALSE,FALSE,FALSE,FALSE,FALSE,FALSE,FALSE,FALSE,1,1,"singleton",0,0,0,0,0,0,0,0,0,0,0,8
"225204",40.73,2,2026-02-15,"41120238",42.1,"260115",NA,NA,966,"2026",2,"Winter",2022-09-15,2023-02-02,36.4642857142857,FALSE,"2022",9,"Autumn","non-G-coded","female","2",40.73,"31-42",FALSE,FALSE,FALSE,FALSE,FALSE,FALSE,FALSE,FALSE,FALSE,FALSE,1,1,"singleton",0,0,0,0,0,0,0,0,0,0,0,2
"212541",40.8,2,2024-08-26,"15620128",37.8,"241049",NA,NA,5129,"2024",8,"Summer",2021-03-26,2023-02-02,18.7741935483871,FALSE,"2021",3,"Spring","non-G-coded","female","2",40.8,"31-42",FALSE,FALSE,FALSE,FALSE,FALSE,FALSE,FALSE,FALSE,FALSE,FALSE,1,1,"singleton",0,0,0,0,0,0,0,0,0,0,0,8
"224062",40.96,2,2025-06-04,"427133",37.7,"250772","854062","201153",2805,"2025",6,"Summer",2022-01-04,2023-02-02,28.0666666666667,FALSE,"2022",1,"Winter","non-G-coded","female","2",40.96,"31-42",FALSE,FALSE,FALSE,FALSE,FALSE,FALSE,FALSE,FALSE,FALSE,FALSE,1,1,"singleton",0,0,0,0,0,0,0,0,0,0,0,6
"201597",41.16,2,2023-07-27,"公牛",28.7,"235127",NA,NA,7993,"2023",7,"Summer",2020-02-27,2023-02-02,5.80645161290323,TRUE,"2020",2,"Winter","non-G-coded","female","2",41.16,"31-42",FALSE,FALSE,FALSE,FALSE,FALSE,FALSE,FALSE,FALSE,FALSE,FALSE,1,1,"singleton",1,0,1,0,1,0,1,0,1,0,0,7
"212139",41.22,2,2024-06-20,"171206",44.8,"240867","7402563907","Z61982",5424,"2024",6,"Summer",2021-01-20,2023-02-02,16.6,FALSE,"2021",1,"Winter","non-G-coded","female","2",41.22,"31-42",FALSE,FALSE,FALSE,FALSE,FALSE,FALSE,FALSE,FALSE,FALSE,FALSE,1,1,"singleton",0,0,0,0,0,0,0,0,0,0,0,6
"213847",41.32,2,2025-05-21,"22218621",47.2,"250735","854282","91120",2889,"2025",5,"Spring",2021-12-21,2023-02-02,27.6129032258065,FALSE,"2021",12,"Winter","non-G-coded","female","2",41.32,"31-42",FALSE,FALSE,FALSE,FALSE,FALSE,FALSE,FALSE,FALSE,FALSE,FALSE,1,1,"singleton",0,0,0,0,0,0,0,0,0,0,0,5
"201943",41.35,2,2024-01-10,"862025瓦特罗",43.8,"240077","37117678","Z60403",6859,"2024",1,"Winter",2020-08-10,2023-02-02,11.258064516129,TRUE,"2020",8,"Summer","non-G-coded","female","2",41.35,"31-42",FALSE,FALSE,FALSE,FALSE,FALSE,FALSE,FALSE,FALSE,FALSE,FALSE,1,1,"singleton",0,0,0,0,0,0,0,0,0,0,0,1
"00100",41.45,2,2023-03-13,"854773威吉吉",45.2,"234383","186756","60613",8941,"2023",3,"Spring",2019-10-13,2023-02-02,1.35483870967742,TRUE,"2019",10,"Autumn","non-G-coded","female","2",41.45,"31-42",FALSE,FALSE,FALSE,FALSE,FALSE,FALSE,FALSE,FALSE,FALSE,FALSE,1,1,"singleton",0,0,0,0,0,0,0,0,0,0,0,3
"224922",41.58,2,2025-12-10,"41121286",40.5,"251465","2545109367","60019",1374,"2025",12,"Winter",2022-06-10,2023-01-02,35.258064516129,FALSE,"2022",6,"Summer","non-G-coded","female","2",41.58,"31-42",FALSE,FALSE,FALSE,FALSE,FALSE,FALSE,FALSE,FALSE,FALSE,FALSE,1,1,"singleton",0,0,0,0,0,0,0,0,0,0,0,12
"201880",41.65,2,2023-12-29,"865530狼血",36.8,"240008","865530","800470",6973,"2023",12,"Winter",2020-06-29,2023-01-02,11.8709677419355,TRUE,"2020",6,"Summer","non-G-coded","female","2",41.65,"31-42",FALSE,FALSE,FALSE,FALSE,FALSE,FALSE,FALSE,FALSE,FALSE,FALSE,1,1,"singleton",0,0,0,0,0,0,0,0,0,0,0,12
"202530",41.72,2,2024-05-15,"22220785",39.6,"240742","606318","62116",5666,"2024",5,"Spring",2020-11-15,2023-01-02,16.4193548387097,FALSE,"2020",11,"Autumn","non-G-coded","female","2",41.72,"31-42",FALSE,FALSE,FALSE,FALSE,FALSE,FALSE,FALSE,FALSE,FALSE,FALSE,1,1,"singleton",0,0,0,0,0,0,0,0,0,0,0,5
"202341",41.88,2,2024-04-23,"22220785",34.8,"240670","163940","61087",5806,"2024",4,"Spring",2020-10-23,2023-01-02,15.7,FALSE,"2020",10,"Autumn","non-G-coded","female","2",41.88,"31-42",FALSE,FALSE,FALSE,FALSE,FALSE,FALSE,FALSE,FALSE,FALSE,FALSE,1,1,"singleton",0,0,0,0,1,0,1,0,0,0,0,4
"201056",42.01,2,2023-07-14,"854773威吉吉",45.3,"235056","606192","128",8100,"2023",7,"Summer",2020-01-14,2023-01-02,6.38709677419355,TRUE,"2020",1,"Winter","non-G-coded","female","2",42.01,"43-60",FALSE,FALSE,FALSE,FALSE,FALSE,FALSE,FALSE,FALSE,FALSE,FALSE,1,1,"singleton",0,0,0,0,0,0,0,0,0,0,0,7
"202237",42.34,2,2024-04-21,"22220785",34.8,"240661","606244","801058",5819,"2024",4,"Spring",2020-10-21,2023-01-02,15.6333333333333,FALSE,"2020",10,"Autumn","non-G-coded","female","2",42.34,"43-60",FALSE,FALSE,FALSE,FALSE,FALSE,FALSE,FALSE,FALSE,FALSE,FALSE,1,1,"singleton",0,0,0,0,1,0,1,0,0,0,0,4
"224135",42.47,2,2025-08-05,"22220783",47.6,"250976","6868671111","00245",2390,"2025",8,"Summer",2022-02-05,2023-01-02,31.0967741935484,FALSE,"2022",2,"Winter","non-G-coded","female","2",42.47,"43-60",FALSE,FALSE,FALSE,FALSE,FALSE,FALSE,FALSE,FALSE,FALSE,FALSE,1,1,"singleton",0,0,0,0,0,0,0,0,0,0,0,8
"202474",42.64,2,2025-03-13,"22218621",45.3,"250395","180781","ZL800064L",3584,"2025",3,"Spring",2021-08-13,2022-12-02,27.3548387096774,FALSE,"2021",8,"Summer","non-G-coded","female","2",42.64,"43-60",FALSE,FALSE,FALSE,FALSE,FALSE,FALSE,FALSE,FALSE,FALSE,FALSE,1,1,"singleton",0,0,0,0,0,0,0,0,0,0,0,3
"01271",42.77,1,2023-05-12,"854773威吉吉",38.8,"234729",NA,NA,8454,"2023",5,"Spring",2019-10-12,2022-12-02,5.32258064516129,TRUE,"2019",10,"Autumn","non-G-coded","female","1",42.77,"43-60",FALSE,FALSE,FALSE,FALSE,FALSE,FALSE,FALSE,FALSE,FALSE,FALSE,1,1,"singleton",0,0,0,0,0,0,0,0,0,0,0,5
"201040",42.77,2,2023-08-03,"865530狼血",48.2,"235155","186756","62265",7963,"2023",8,"Summer",2020-01-03,2022-12-02,8.03225806451613,TRUE,"2020",1,"Winter","non-G-coded","female","2",42.77,"43-60",FALSE,FALSE,FALSE,FALSE,FALSE,FALSE,FALSE,FALSE,FALSE,FALSE,1,1,"singleton",0,0,0,0,0,0,0,0,0,0,0,8
"213518",42.93,2,2025-05-03,"22218621",42.2,"250642",NA,NA,3075,"2025",5,"Spring",2021-10-03,2022-12-02,29.0322580645161,FALSE,"2021",10,"Autumn","non-G-coded","female","2",42.93,"43-60",FALSE,FALSE,FALSE,FALSE,FALSE,FALSE,FALSE,FALSE,FALSE,FALSE,1,1,"singleton",0,0,0,0,0,0,0,0,0,0,0,5
"224862",43.1,2,2025-12-28,"41121286",32.3,"251538","606045","1467",1236,"2025",12,"Winter",2022-05-28,2022-12-02,36.8387096774194,FALSE,"2022",5,"Spring","non-G-coded","female","2",43.1,"43-60",FALSE,FALSE,FALSE,FALSE,FALSE,FALSE,FALSE,FALSE,FALSE,FALSE,1,1,"singleton",1,0,0,0,1,0,1,0,0,0,0,12
"202625",43.36,2,2024-07-23,"171206",37.2,"240953","740640209","61660",5308,"2024",7,"Summer",2020-12-23,2022-12-02,19.6774193548387,FALSE,"2020",12,"Winter","non-G-coded","female","2",43.36,"43-60",FALSE,FALSE,FALSE,FALSE,FALSE,FALSE,FALSE,FALSE,FALSE,FALSE,1,1,"singleton",0,0,0,0,0,0,0,0,0,0,0,7
"201791",43.56,2,2024-01-31,"862025瓦特罗",35.8,"240183","865530","BU13027",6688,"2024",1,"Winter",2020-05-31,2022-11-02,14.9354838709677,TRUE,"2020",5,"Spring","non-G-coded","female","2",43.56,"43-60",FALSE,FALSE,FALSE,FALSE,FALSE,FALSE,FALSE,FALSE,FALSE,FALSE,1,1,"singleton",0,0,0,0,1,0,1,0,0,0,0,1
"201900",43.59,3,2024-03-02,"862025瓦特罗",36.5,"240426",NA,NA,6261,"2024",3,"Spring",2020-07-02,2022-11-02,16,FALSE,"2020",7,"Summer","non-G-coded","female","3",43.59,"43-60",FALSE,FALSE,FALSE,FALSE,FALSE,FALSE,FALSE,FALSE,FALSE,FALSE,1,1,"singleton",0,0,0,0,1,0,0,0,0,0,0,3
"01151",43.62,2,2023-05-28,"854773威吉吉",42.8,"234791","186756","61891",8363,"2023",5,"Spring",2019-09-28,2022-11-02,6.83870967741935,TRUE,"2019",9,"Autumn","non-G-coded","female","2",43.62,"43-60",FALSE,FALSE,FALSE,FALSE,FALSE,FALSE,FALSE,FALSE,FALSE,FALSE,1,1,"singleton",0,0,0,0,0,0,0,0,0,0,0,5
"H202082",43.75,2,2023-11-29,"865530狼血",39.6,"235783","606244","800361",7264,"2023",11,"Autumn",2020-03-29,2022-11-02,12.9,TRUE,"2020",3,"Spring","non-G-coded","female","2",43.75,"43-60",FALSE,FALSE,FALSE,FALSE,FALSE,FALSE,FALSE,FALSE,FALSE,FALSE,1,1,"singleton",0,0,0,0,0,0,0,0,0,0,0,11
"213423",43.89,2,2025-05-18,"22218621",43.5,"250723","180781","61417",2918,"2025",5,"Spring",2021-09-18,2022-11-02,30.5161290322581,FALSE,"2021",9,"Autumn","non-G-coded","female","2",43.89,"43-60",FALSE,FALSE,FALSE,FALSE,FALSE,FALSE,FALSE,FALSE,FALSE,FALSE,1,1,"singleton",0,0,0,0,0,0,0,0,0,0,0,5
"225089",44.08,2,2026-04-30,"41421125",42.4,"261454",NA,NA,319,"2026",4,"Spring",2022-08-30,2022-11-02,41.9333333333333,FALSE,"2022",8,"Summer","non-G-coded","female","2",44.08,"43-60",FALSE,FALSE,FALSE,FALSE,FALSE,FALSE,FALSE,FALSE,FALSE,FALSE,1,1,"singleton",0,0,0,0,0,0,0,0,0,0,0,4
"201698",44.12,1,2024-01-21,"865530狼血",49.8,"240124","606244","70179",6783,"2024",1,"Winter",2020-05-21,2022-11-02,14.6129032258065,TRUE,"2020",5,"Spring","non-G-coded","female","1",44.12,"43-60",FALSE,FALSE,FALSE,FALSE,FALSE,FALSE,FALSE,FALSE,FALSE,FALSE,1,1,"singleton",0,1,0,0,0,1,0,0,0,0,0,1
"225123",44.48,2,2026-05-22,"41120238",43.2,"261511","甘露606318","61325",206,"2026",5,"Spring",2022-09-22,2022-11-02,42.6451612903226,FALSE,"2022",9,"Autumn","non-G-coded","female","2",44.48,"43-60",FALSE,FALSE,FALSE,FALSE,FALSE,FALSE,FALSE,FALSE,FALSE,FALSE,1,1,"singleton",0,0,0,0,0,0,0,0,0,0,0,5
"213652",44.51,2,2025-07-19,"22520578",45,"250921","2544424506","62365",2505,"2025",7,"Summer",2021-10-19,2022-10-02,33.5483870967742,FALSE,"2021",10,"Autumn","non-G-coded","female","2",44.51,"43-60",FALSE,FALSE,FALSE,FALSE,FALSE,FALSE,FALSE,FALSE,FALSE,FALSE,1,1,"singleton",0,0,0,0,0,0,0,0,0,0,0,7
"201712",44.58,3,2024-02-08,"FR7045049997",43.6,"240250",NA,NA,6568,"2024",2,"Winter",2020-05-08,2022-10-02,16.2068965517241,FALSE,"2020",5,"Spring","non-G-coded","female","3",44.58,"43-60",FALSE,FALSE,FALSE,FALSE,FALSE,FALSE,FALSE,FALSE,FALSE,FALSE,1,1,"singleton",0,0,0,0,0,0,0,0,0,0,0,2
"224174",44.67,2,2025-10-20,"41119226",46.2,"251213","180781","201368",1877,"2025",10,"Autumn",2022-01-20,2022-10-02,36.5806451612903,FALSE,"2022",1,"Winter","non-G-coded","female","2",44.67,"43-60",FALSE,FALSE,FALSE,FALSE,FALSE,FALSE,FALSE,FALSE,FALSE,FALSE,1,1,"singleton",0,0,0,0,0,0,0,0,0,0,0,10
"00768",44.71,2,2023-03-04,"854773威吉吉",50.1,"234339","186756","63030",9021,"2023",3,"Spring",2019-06-04,2022-10-02,5.06451612903226,TRUE,"2019",6,"Summer","non-G-coded","female","2",44.71,"43-60",FALSE,FALSE,FALSE,FALSE,FALSE,FALSE,FALSE,FALSE,FALSE,FALSE,1,1,"singleton",0,1,0,0,0,1,0,0,0,0,0,3
"202117",44.74,3,2024-06-08,"22220785",38.1,"240835","606244","62613",5489,"2024",6,"Summer",2020-09-08,2022-10-02,20.2,FALSE,"2020",9,"Autumn","non-G-coded","female","3",44.74,"43-60",FALSE,FALSE,FALSE,FALSE,FALSE,FALSE,FALSE,FALSE,FALSE,FALSE,1,1,"singleton",0,0,0,0,0,0,0,0,0,0,0,6
"01478",44.81,1,2023-07-13,"XM-22218621",43.4,"235050",NA,NA,8103,"2023",7,"Summer",2019-10-13,2022-10-02,9.35483870967742,TRUE,"2019",10,"Autumn","non-G-coded","female","1",44.81,"43-60",FALSE,FALSE,FALSE,FALSE,FALSE,FALSE,FALSE,FALSE,FALSE,FALSE,1,1,"singleton",0,0,0,0,0,0,0,0,0,0,0,7
"00573",44.84,3,2023-02-05,"854773威吉吉",45.2,"234160","167285","62620",9257,"2023",2,"Winter",2019-05-05,2022-10-02,4.10714285714286,TRUE,"2019",5,"Spring","non-G-coded","female","3",44.84,"43-60",FALSE,FALSE,FALSE,FALSE,FALSE,FALSE,FALSE,FALSE,FALSE,FALSE,1,1,"singleton",0,0,0,0,0,0,0,0,0,0,0,2
"224182",45.04,3,2025-11-02,"21219011",42.6,"251269","871041","61302",1763,"2025",11,"Autumn",2022-02-02,2022-10-02,37,FALSE,"2022",2,"Winter","non-G-coded","female","3",45.04,"43-60",FALSE,FALSE,FALSE,FALSE,FALSE,FALSE,FALSE,FALSE,FALSE,FALSE,1,1,"singleton",0,0,0,0,0,0,0,0,0,0,0,11
"800226L",45.07,3,2023-02-19,"854773威吉吉",46.3,"234254",NA,NA,9136,"2023",2,"Winter",2019-05-19,2022-10-02,4.60714285714286,TRUE,"2019",5,"Spring","non-G-coded","female","3",45.07,"43-60",FALSE,FALSE,FALSE,FALSE,FALSE,FALSE,FALSE,FALSE,FALSE,FALSE,1,1,"singleton",0,0,0,0,0,0,0,0,0,0,0,2
"00511",45.2,2,2023-02-07,"871041文尼哥",45.3,"234187",NA,NA,9247,"2023",2,"Winter",2019-05-07,2022-10-02,4.17857142857143,TRUE,"2019",5,"Spring","non-G-coded","female","2",45.2,"43-60",FALSE,FALSE,FALSE,FALSE,FALSE,FALSE,FALSE,FALSE,FALSE,FALSE,1,1,"singleton",0,0,0,0,0,0,0,0,0,0,0,2
"201665",45.36,2,2024-02-21,"FR3917468802",38.4,"240351L",NA,NA,6401,"2024",2,"Winter",2020-05-21,2022-10-02,16.6551724137931,FALSE,"2020",5,"Spring","non-G-coded","female","2",45.36,"43-60",FALSE,FALSE,FALSE,FALSE,FALSE,FALSE,FALSE,FALSE,FALSE,FALSE,1,1,"singleton",0,0,0,0,0,0,0,0,0,0,0,2
"202075",45.5,3,2024-06-21,"171206",50.6,"240870",NA,NA,5415,"2024",6,"Summer",2020-08-21,2022-09-02,21.6333333333333,FALSE,"2020",8,"Summer","non-G-coded","female","3",45.5,"43-60",FALSE,FALSE,FALSE,FALSE,FALSE,FALSE,FALSE,FALSE,FALSE,FALSE,1,1,"singleton",0,1,0,0,0,1,0,0,0,0,0,6
"20034",45.53,3,2023-02-16,"854773威吉吉",48.2,"234230",NA,NA,9169,"2023",2,"Winter",2019-04-16,2022-09-02,5.5,TRUE,"2019",4,"Spring","non-G-coded","female","3",45.53,"43-60",FALSE,FALSE,FALSE,FALSE,FALSE,FALSE,FALSE,FALSE,FALSE,FALSE,1,1,"singleton",0,0,0,0,0,0,0,0,0,0,0,2
"201744",45.6,3,2024-03-19,"862025瓦特罗",39.6,"241238",NA,NA,6071,"2024",3,"Spring",2020-05-19,2022-09-02,18.5483870967742,FALSE,"2020",5,"Spring","non-G-coded","female","3",45.6,"43-60",FALSE,FALSE,FALSE,FALSE,FALSE,FALSE,FALSE,TRUE,FALSE,FALSE,1,1,"singleton",0,0,0,0,0,0,0,0,0,0,0,3
"224160",45.76,3,2025-11-18,"41121286",40.6,"251350","6868671111","Z00150",1604,"2025",11,"Autumn",2022-01-18,2022-09-02,38.5333333333333,FALSE,"2022",1,"Winter","non-G-coded","female","3",45.76,"43-60",FALSE,FALSE,FALSE,FALSE,FALSE,FALSE,FALSE,FALSE,FALSE,FALSE,1,1,"singleton",0,0,0,0,0,0,0,0,0,0,0,11
"00711",45.83,3,2023-03-29,"7402563907",49.6,"234504","167285","60473",8769,"2023",3,"Spring",2019-05-29,2022-09-02,6.87096774193548,TRUE,"2019",5,"Spring","non-G-coded","female","3",45.83,"43-60",FALSE,FALSE,FALSE,FALSE,FALSE,FALSE,FALSE,FALSE,FALSE,FALSE,1,1,"singleton",0,0,0,0,0,1,0,0,0,0,0,3
"H20026",45.92,2,2025-09-30,"15620193",42.8,"251127",NA,NA,2046,"2025",9,"Autumn",2021-11-30,2022-09-02,36.9333333333333,FALSE,"2021",11,"Autumn","non-G-coded","female","2",45.92,"43-60",FALSE,FALSE,FALSE,FALSE,FALSE,FALSE,FALSE,FALSE,FALSE,FALSE,1,1,"singleton",0,0,0,0,0,0,0,0,0,0,0,9
"201589",45.99,3,2024-02-27,"862025瓦特罗",48.7,"240400L",NA,NA,6305,"2024",2,"Winter",2020-04-27,2022-09-02,17.8620689655172,FALSE,"2020",4,"Spring","non-G-coded","female","3",45.99,"43-60",FALSE,FALSE,FALSE,FALSE,FALSE,FALSE,FALSE,FALSE,FALSE,FALSE,1,1,"singleton",0,0,0,0,0,1,0,0,0,0,0,2
"00674",46.02,3,2023-03-28,"871041文尼哥",36.4,"234497","186756","BU13008",8774,"2023",3,"Spring",2019-05-28,2022-09-02,6.83870967741935,TRUE,"2019",5,"Spring","non-G-coded","female","3",46.02,"43-60",FALSE,FALSE,FALSE,FALSE,FALSE,FALSE,FALSE,FALSE,FALSE,FALSE,1,1,"singleton",0,0,0,0,1,0,0,0,0,0,0,3
"201453",46.09,3,2024-03-08,"862025瓦特罗",40.8,"240459",NA,NA,6193,"2024",3,"Spring",2020-05-08,2022-09-02,18.1935483870968,FALSE,"2020",5,"Spring","non-G-coded","female","3",46.09,"43-60",FALSE,FALSE,FALSE,FALSE,FALSE,FALSE,FALSE,FALSE,FALSE,FALSE,1,1,"singleton",0,0,0,0,0,0,0,0,0,0,0,3
"212410",46.19,3,2024-05-31,"22220785",48.6,"240793",NA,NA,5564,"2024",5,"Spring",2020-07-31,2022-09-02,20.9354838709677,FALSE,"2020",7,"Summer","non-G-coded","female","3",46.19,"43-60",FALSE,FALSE,FALSE,FALSE,FALSE,FALSE,FALSE,FALSE,FALSE,FALSE,1,1,"singleton",0,0,0,0,0,1,0,0,0,0,0,5
"224013",46.25,3,2025-11-08,"21219011",48,"251299","854062","62128",1717,"2025",11,"Autumn",2022-01-08,2022-09-02,38.2,FALSE,"2022",1,"Winter","non-G-coded","female","3",46.25,"43-60",FALSE,FALSE,FALSE,FALSE,FALSE,FALSE,FALSE,FALSE,FALSE,FALSE,1,1,"singleton",0,0,0,0,0,0,0,0,0,0,0,11
"213875",46.25,3,2023-02-08,"871041文尼哥",48.1,"HG8291","171790","70139",9235,"2023",2,"Winter",2019-04-08,2022-09-02,5.21428571428571,TRUE,"2019",4,"Spring","non-G-coded","female","3",46.25,"43-60",FALSE,FALSE,FALSE,FALSE,FALSE,FALSE,FALSE,FALSE,FALSE,FALSE,1,1,"singleton",0,0,0,0,0,0,0,0,0,0,0,2
"212940",46.32,3,2025-03-31,"427151",36.7,"250493","186967","800361",3391,"2025",3,"Spring",2021-05-31,2022-09-02,30.9354838709677,FALSE,"2021",5,"Spring","non-G-coded","female","3",46.32,"43-60",FALSE,FALSE,FALSE,FALSE,FALSE,FALSE,FALSE,FALSE,FALSE,FALSE,1,1,"singleton",0,0,0,0,0,0,0,0,0,0,0,3
"H00434",46.38,3,2024-01-30,"865530狼血",46.3,"240175","606244","60558",6706,"2024",1,"Winter",2020-03-30,2022-09-02,16.9032258064516,FALSE,"2020",3,"Spring","non-G-coded","female","3",46.38,"43-60",FALSE,FALSE,FALSE,FALSE,FALSE,FALSE,FALSE,FALSE,FALSE,FALSE,1,1,"singleton",0,0,0,0,0,0,0,0,0,0,0,1
"201892",46.58,2,2024-05-31,"22220785",42.4,"240796","865530","800509",5555,"2024",5,"Spring",2020-06-30,2022-08-02,21.9354838709677,FALSE,"2020",6,"Summer","non-G-coded","female","2",46.58,"43-60",FALSE,FALSE,FALSE,FALSE,FALSE,FALSE,FALSE,FALSE,FALSE,FALSE,1,1,"singleton",0,0,0,0,0,0,0,0,0,0,0,5
"201098",46.61,2,2023-12-11,"865530狼血",55.3,"235856",NA,NA,7182,"2023",12,"Winter",2020-01-11,2022-08-02,16.2903225806452,FALSE,"2020",1,"Winter","non-G-coded","female","2",46.61,"43-60",FALSE,FALSE,FALSE,FALSE,FALSE,FALSE,FALSE,FALSE,FALSE,FALSE,1,1,"singleton",0,1,0,1,0,1,0,1,0,1,0,12
"H213242",46.65,3,2024-03-21,"862025瓦特罗",42.3,"240526",NA,NA,6060,"2024",3,"Spring",2020-04-21,2022-08-02,19.6129032258065,FALSE,"2020",4,"Spring","non-G-coded","female","3",46.65,"43-60",FALSE,FALSE,FALSE,FALSE,FALSE,FALSE,FALSE,FALSE,FALSE,FALSE,1,1,"singleton",0,0,0,0,0,0,0,0,0,0,0,3
"201937",46.68,3,2024-06-18,"171206",45.3,"240861","865530","800411",5430,"2024",6,"Summer",2020-07-18,2022-08-02,22.5333333333333,FALSE,"2020",7,"Summer","non-G-coded","female","3",46.68,"43-60",FALSE,FALSE,FALSE,FALSE,FALSE,FALSE,FALSE,FALSE,FALSE,FALSE,1,1,"singleton",0,0,0,0,0,0,0,0,0,0,0,6
"201933",46.71,3,2024-06-18,"15620126",42.3,"240860",NA,NA,5428,"2024",6,"Summer",2020-07-18,2022-08-02,22.5333333333333,FALSE,"2020",7,"Summer","non-G-coded","female","3",46.71,"43-60",FALSE,FALSE,FALSE,FALSE,FALSE,FALSE,FALSE,FALSE,FALSE,FALSE,1,1,"singleton",0,0,0,0,0,0,0,0,0,0,0,6
"00527",46.75,3,2023-03-29,"871041文尼哥",46.7,"234505",NA,NA,8762,"2023",3,"Spring",2019-04-29,2022-08-02,7.87096774193548,TRUE,"2019",4,"Spring","non-G-coded","female","3",46.75,"43-60",FALSE,FALSE,FALSE,FALSE,FALSE,FALSE,FALSE,FALSE,FALSE,FALSE,1,1,"singleton",0,0,0,0,0,0,0,0,0,0,0,3
"202112",46.84,3,2024-08-10,"171206",32.4,"241002","606244","70626",5207,"2024",8,"Summer",2020-09-10,2022-08-02,24.258064516129,FALSE,"2020",9,"Autumn","non-G-coded","female","3",46.84,"43-60",FALSE,FALSE,FALSE,FALSE,FALSE,FALSE,FALSE,FALSE,FALSE,FALSE,1,1,"singleton",1,0,0,0,1,0,1,0,0,0,0,8
"H213122",46.91,3,2025-03-04,"427151",37.8,"250349","7029225762","62069",3671,"2025",3,"Spring",2021-04-04,2022-08-02,31.0645161290323,FALSE,"2021",4,"Spring","non-G-coded","female","3",46.91,"43-60",FALSE,FALSE,FALSE,FALSE,FALSE,FALSE,FALSE,FALSE,FALSE,FALSE,1,1,"singleton",0,0,0,0,0,0,0,0,0,0,0,3
"202056",46.94,3,2024-07-29,"171206",41.8,"240979","606244","802753",5262,"2024",7,"Summer",2020-08-29,2022-08-02,23.8709677419355,FALSE,"2020",8,"Summer","non-G-coded","female","3",46.94,"43-60",FALSE,FALSE,FALSE,FALSE,FALSE,FALSE,FALSE,FALSE,FALSE,FALSE,1,1,"singleton",0,0,0,0,0,0,0,0,0,0,0,7
"201405",47.01,2,2024-03-01,"862025瓦特罗",45.3,"240422","606244","800185",6265,"2024",3,"Spring",2020-04-01,2022-08-02,18.9655172413793,FALSE,"2020",4,"Spring","non-G-coded","female","2",47.01,"43-60",FALSE,FALSE,FALSE,FALSE,FALSE,FALSE,FALSE,FALSE,FALSE,FALSE,1,1,"singleton",0,0,0,0,0,0,0,0,0,0,0,3
"H213256",47.04,2,2024-04-03,"862025瓦特罗",41.8,"240135","606244","60339",5943,"2024",4,"Spring",2020-05-03,2022-08-02,20.0333333333333,FALSE,"2020",5,"Spring","non-G-coded","female","2",47.04,"43-60",FALSE,FALSE,FALSE,FALSE,FALSE,FALSE,FALSE,FALSE,FALSE,FALSE,1,1,"singleton",0,0,0,0,0,0,0,0,0,0,0,4
"202399",47.07,3,2025-07-10,"22218621",35.4,"250893","603268","70229",2562,"2025",7,"Summer",2021-08-10,2022-08-02,35.258064516129,FALSE,"2021",8,"Summer","non-G-coded","female","3",47.07,"43-60",FALSE,FALSE,FALSE,FALSE,FALSE,FALSE,FALSE,FALSE,FALSE,FALSE,1,1,"singleton",0,0,0,0,1,0,1,0,0,0,0,7
"201891",47.11,3,2024-07-06,"22220785",51.6,"240916",NA,NA,5373,"2024",7,"Summer",2020-08-06,2022-08-02,23.1290322580645,FALSE,"2020",8,"Summer","non-G-coded","female","3",47.11,"43-60",FALSE,FALSE,FALSE,FALSE,FALSE,FALSE,FALSE,FALSE,FALSE,FALSE,1,1,"singleton",0,1,0,0,0,1,0,0,0,0,0,7
"01352",47.17,3,2023-11-02,"854282维利纳诺",43.8,"235603","186756","70461",7424,"2023",11,"Autumn",2019-12-02,2022-08-02,15,FALSE,"2019",12,"Winter","non-G-coded","female","3",47.17,"43-60",FALSE,FALSE,FALSE,FALSE,FALSE,FALSE,FALSE,FALSE,FALSE,FALSE,1,1,"singleton",0,0,0,0,0,0,0,0,0,0,0,11
"213382",47.24,3,2026-03-31,"41120238",47.2,"261315","606045","00665",557,"2026",3,"Spring",2022-04-30,2022-08-02,43.9354838709677,FALSE,"2022",4,"Spring","non-G-coded","female","3",47.24,"43-60",FALSE,FALSE,FALSE,FALSE,FALSE,FALSE,FALSE,FALSE,FALSE,FALSE,1,1,"singleton",0,0,0,0,0,0,0,0,0,0,0,3
"212603",47.3,3,2025-03-16,"22218621",44.4,"250407",NA,NA,3547,"2025",3,"Spring",2021-04-16,2022-08-02,31.4516129032258,FALSE,"2021",4,"Spring","non-G-coded","female","3",47.3,"43-60",FALSE,FALSE,FALSE,FALSE,FALSE,FALSE,FALSE,FALSE,FALSE,FALSE,1,1,"singleton",0,0,0,0,0,0,0,0,0,0,0,3
"L212237",47.34,3,2024-02-15,"FR3917468802",40.8,"240305","606244","62601",6478,"2024",2,"Winter",2020-03-15,2022-08-02,18.448275862069,FALSE,"2020",3,"Spring","non-G-coded","female","3",47.34,"43-60",FALSE,FALSE,FALSE,FALSE,FALSE,FALSE,FALSE,FALSE,FALSE,FALSE,1,1,"singleton",0,0,0,0,0,0,0,0,0,0,0,2
"201406",47.37,3,2024-03-12,"862025瓦特罗",49.3,"240482",NA,NA,6154,"2024",3,"Spring",2020-04-12,2022-08-02,19.3225806451613,FALSE,"2020",4,"Spring","non-G-coded","female","3",47.37,"43-60",FALSE,FALSE,FALSE,FALSE,FALSE,FALSE,FALSE,FALSE,FALSE,FALSE,1,1,"singleton",0,0,0,0,0,1,0,0,0,0,0,3
"00274",47.4,3,2023-02-20,"854773威吉吉",50.6,"234259","171790","62327",9125,"2023",2,"Winter",2019-03-20,2022-08-02,6.64285714285714,TRUE,"2019",3,"Spring","non-G-coded","female","3",47.4,"43-60",FALSE,FALSE,FALSE,FALSE,FALSE,FALSE,FALSE,FALSE,FALSE,FALSE,1,1,"singleton",0,1,0,0,0,1,0,0,0,0,0,2
"H201560",47.47,3,2023-02-16,"854773威吉吉",39.8,"234227","171790","61691",9174,"2023",2,"Winter",2019-03-16,2022-08-02,6.5,TRUE,"2019",3,"Spring","non-G-coded","female","3",47.47,"43-60",FALSE,FALSE,FALSE,FALSE,FALSE,FALSE,FALSE,FALSE,FALSE,FALSE,1,1,"singleton",0,0,0,0,0,0,0,0,0,0,0,2
"00461",47.5,3,2023-04-05,"7402563907",49.3,"234544",NA,NA,8698,"2023",4,"Spring",2019-04-05,2022-07-02,9.1,TRUE,"2019",4,"Spring","non-G-coded","female","3",47.5,"43-60",FALSE,FALSE,FALSE,FALSE,FALSE,FALSE,FALSE,FALSE,FALSE,FALSE,1,1,"singleton",0,0,0,0,0,1,0,0,0,0,0,4
"201400",47.53,3,2024-03-17,"862025瓦特罗",43.4,"240512","606244","62187",6089,"2024",3,"Spring",2020-03-17,2022-07-02,20.4838709677419,FALSE,"2020",3,"Spring","non-G-coded","female","3",47.53,"43-60",FALSE,FALSE,FALSE,FALSE,FALSE,FALSE,FALSE,FALSE,FALSE,FALSE,1,1,"singleton",0,0,0,0,0,0,0,0,0,0,0,3
"201319",47.57,3,2024-02-28,"862025瓦特罗",40.1,"240404","606244","L10164",6290,"2024",2,"Winter",2020-02-28,2022-07-02,19.8965517241379,FALSE,"2020",2,"Winter","non-G-coded","female","3",47.57,"43-60",FALSE,FALSE,FALSE,FALSE,FALSE,FALSE,FALSE,FALSE,FALSE,FALSE,1,1,"singleton",0,0,0,0,0,0,0,0,0,0,0,2
"213661",47.6,3,2025-10-24,"863302",49.3,"251233","606306","91137",1851,"2025",10,"Autumn",2021-10-24,2022-07-02,39.7096774193548,FALSE,"2021",10,"Autumn","non-G-coded","female","3",47.6,"43-60",FALSE,FALSE,FALSE,FALSE,FALSE,FALSE,FALSE,FALSE,FALSE,FALSE,1,1,"singleton",0,0,0,0,0,1,0,0,0,0,0,10
"212227",47.67,2,2023-04-21,"871041文尼哥",42.5,"234627",NA,NA,8577,"2023",4,"Spring",2019-04-21,2022-07-02,9.63333333333333,TRUE,"2019",4,"Spring","non-G-coded","female","2",47.67,"43-60",FALSE,FALSE,FALSE,FALSE,FALSE,FALSE,FALSE,FALSE,FALSE,FALSE,1,1,"singleton",0,0,0,0,0,0,0,0,0,0,0,4
"213862",47.7,3,2025-12-05,"41121286",55.8,"251094","6868671111","61420",1420,"2025",12,"Winter",2021-12-05,2022-07-02,41.0967741935484,FALSE,"2021",12,"Winter","non-G-coded","female","3",47.7,"43-60",FALSE,FALSE,FALSE,FALSE,FALSE,FALSE,FALSE,FALSE,FALSE,FALSE,1,1,"singleton",0,1,0,1,0,1,0,1,0,1,0,12
"00874",47.73,3,2023-07-10,"854773威吉吉",31.5,"235018","167285","60368",8126,"2023",7,"Summer",2019-07-10,2022-07-02,12.258064516129,TRUE,"2019",7,"Summer","non-G-coded","female","3",47.73,"43-60",FALSE,FALSE,FALSE,FALSE,FALSE,FALSE,FALSE,FALSE,FALSE,FALSE,1,1,"singleton",1,0,1,0,1,0,1,0,0,0,0,7
"H01025",47.8,3,2024-05-23,"863025",40.4,"240765","865530","1279",5623,"2024",5,"Spring",2020-05-23,2022-07-02,22.6774193548387,FALSE,"2020",5,"Spring","non-G-coded","female","3",47.8,"43-60",FALSE,FALSE,FALSE,FALSE,FALSE,FALSE,FALSE,FALSE,FALSE,FALSE,1,1,"singleton",0,0,0,0,0,0,0,0,0,0,0,5
"212434",47.86,2,2025-03-07,"22218621",31.1,"250362","180781","00119",3640,"2025",3,"Spring",2021-03-07,2022-07-02,32.1612903225806,FALSE,"2021",3,"Spring","non-G-coded","female","2",47.86,"43-60",FALSE,FALSE,FALSE,FALSE,FALSE,FALSE,FALSE,FALSE,FALSE,FALSE,1,1,"singleton",1,0,1,0,1,0,1,0,0,0,0,3
"212468",47.96,2,2025-03-14,"427151",46.4,"250402","180781","61794",3565,"2025",3,"Spring",2021-03-14,2022-07-02,32.3870967741936,FALSE,"2021",3,"Spring","non-G-coded","female","2",47.96,"43-60",FALSE,FALSE,FALSE,FALSE,FALSE,FALSE,FALSE,FALSE,FALSE,FALSE,1,1,"singleton",0,0,0,0,0,0,0,0,0,0,0,3
"212741",48.03,3,2025-04-27,"427133",41.2,"250623","606318","Z00613",3123,"2025",4,"Spring",2021-04-27,2022-07-02,33.8333333333333,FALSE,"2021",4,"Spring","non-G-coded","female","3",48.03,"43-60",FALSE,FALSE,FALSE,FALSE,FALSE,FALSE,FALSE,FALSE,FALSE,FALSE,1,1,"singleton",0,0,0,0,0,0,0,0,0,0,0,4
"213775",48.09,3,2025-11-27,"41121286",45.4,"251396","854282","60838",1513,"2025",11,"Autumn",2021-11-27,2022-07-02,40.8333333333333,FALSE,"2021",11,"Autumn","non-G-coded","female","3",48.09,"43-60",FALSE,FALSE,FALSE,FALSE,FALSE,FALSE,FALSE,FALSE,FALSE,FALSE,1,1,"singleton",0,0,0,0,0,0,0,0,0,0,0,11
"201743",48.09,3,2024-06-03,"863025",34.7,"240806","865530","60261",5541,"2024",6,"Summer",2020-06-03,2022-07-02,23.0333333333333,FALSE,"2020",6,"Summer","non-G-coded","female","3",48.09,"43-60",FALSE,FALSE,FALSE,FALSE,FALSE,FALSE,FALSE,FALSE,FALSE,FALSE,1,1,"singleton",1,0,0,0,1,0,1,0,0,0,0,6
"213822",48.13,2,2025-12-07,"41121286",36.2,"251447","854282","70531",1408,"2025",12,"Winter",2021-12-07,2022-07-02,41.1612903225806,FALSE,"2021",12,"Winter","non-G-coded","female","2",48.13,"43-60",FALSE,FALSE,FALSE,FALSE,FALSE,FALSE,FALSE,FALSE,FALSE,FALSE,1,1,"singleton",0,0,0,0,1,0,0,0,0,0,0,12
"00826",48.16,2,2023-06-30,"854773威吉吉",37.8,"234963",NA,NA,8159,"2023",6,"Summer",2019-06-30,2022-07-02,11.9333333333333,TRUE,"2019",6,"Summer","non-G-coded","female","2",48.16,"43-60",FALSE,FALSE,FALSE,FALSE,FALSE,FALSE,FALSE,FALSE,FALSE,FALSE,1,1,"singleton",0,0,0,0,0,0,0,0,0,0,0,6
"213417",48.22,3,2025-09-25,"15618939",30.2,"251110",NA,NA,2095,"2025",9,"Autumn",2021-09-25,2022-07-02,38.7666666666667,FALSE,"2021",9,"Autumn","non-G-coded","female","3",48.22,"43-60",FALSE,FALSE,FALSE,FALSE,FALSE,FALSE,FALSE,FALSE,FALSE,FALSE,1,1,"singleton",1,0,1,0,1,0,1,0,0,0,0,9
"201307",48.26,2,2024-03-17,"FR3917468802",48.3,"240511",NA,NA,6084,"2024",3,"Spring",2020-03-17,2022-07-02,20.4838709677419,FALSE,"2020",3,"Spring","non-G-coded","female","2",48.26,"43-60",FALSE,FALSE,FALSE,FALSE,FALSE,FALSE,FALSE,FALSE,FALSE,FALSE,1,1,"singleton",0,0,0,0,0,0,0,0,0,0,0,3
"00165",48.29,3,2023-02-20,"854773威吉吉",46.3,"234258",NA,NA,9129,"2023",2,"Winter",2019-02-20,2022-07-02,7.64285714285714,TRUE,"2019",2,"Winter","non-G-coded","female","3",48.29,"43-60",FALSE,FALSE,FALSE,FALSE,FALSE,FALSE,FALSE,FALSE,FALSE,FALSE,1,1,"singleton",0,0,0,0,0,0,0,0,0,0,0,2
"201002",48.36,3,2024-01-11,"865530狼血",43.6,"240084","186756","61765",6852,"2024",1,"Winter",2020-01-11,2022-07-02,18.2903225806452,FALSE,"2020",1,"Winter","non-G-coded","female","3",48.36,"43-60",FALSE,FALSE,FALSE,FALSE,FALSE,FALSE,FALSE,FALSE,FALSE,FALSE,1,1,"singleton",0,0,0,0,0,0,0,0,0,0,0,1
"212713",48.39,3,2025-05-05,"427133",48.4,"250651","62544424506","70114",3063,"2025",5,"Spring",2021-05-05,2022-07-02,34.0967741935484,FALSE,"2021",5,"Spring","non-G-coded","female","3",48.39,"43-60",FALSE,FALSE,FALSE,FALSE,FALSE,FALSE,FALSE,FALSE,FALSE,FALSE,1,1,"singleton",0,0,0,0,0,0,0,0,0,0,0,5
"213554",48.42,3,2025-10-24,"41121286",40.5,"251231","606306","60050",1848,"2025",10,"Autumn",2021-10-24,2022-07-02,39.7096774193548,FALSE,"2021",10,"Autumn","non-G-coded","female","3",48.42,"43-60",FALSE,FALSE,FALSE,FALSE,FALSE,FALSE,FALSE,FALSE,FALSE,FALSE,1,1,"singleton",0,0,0,0,0,0,0,0,0,0,0,10
"00211",48.42,3,2023-03-13,"854773威吉吉",48.2,"234381",NA,NA,8936,"2023",3,"Spring",2019-03-13,2022-07-02,8.35483870967742,TRUE,"2019",3,"Spring","non-G-coded","female","3",48.42,"43-60",FALSE,FALSE,FALSE,FALSE,FALSE,FALSE,FALSE,FALSE,FALSE,FALSE,1,1,"singleton",0,0,0,0,0,0,0,0,0,0,0,3
"95104",48.52,2,2023-12-16,"854773威吉吉",40.2,"235879",NA,NA,7125,"2023",12,"Winter",2019-11-16,2022-06-02,18.4516129032258,FALSE,"2019",11,"Autumn","non-G-coded","female","2",48.52,"43-60",FALSE,FALSE,FALSE,FALSE,FALSE,FALSE,FALSE,FALSE,FALSE,FALSE,1,1,"singleton",0,0,0,0,0,0,0,0,0,0,0,12
"00418",48.52,3,2023-06-13,"7402563907",42.6,"234904",NA,NA,8238,"2023",6,"Summer",2019-05-13,2022-06-02,12.3666666666667,TRUE,"2019",5,"Spring","non-G-coded","female","3",48.52,"43-60",FALSE,FALSE,FALSE,FALSE,FALSE,FALSE,FALSE,FALSE,FALSE,FALSE,1,1,"singleton",0,0,0,0,0,0,0,0,0,0,0,6
"212751",48.55,3,2025-05-14,"427133",38.7,"250702","606318","61943",2961,"2025",5,"Spring",2021-04-14,2022-06-02,35.3870967741936,FALSE,"2021",4,"Spring","non-G-coded","female","3",48.55,"43-60",FALSE,FALSE,FALSE,FALSE,FALSE,FALSE,FALSE,FALSE,FALSE,FALSE,1,1,"singleton",0,0,0,0,0,0,0,0,0,0,0,5
"01144",48.59,3,2023-10-15,"865530狼血",36.3,"235518",NA,NA,7524,"2023",10,"Autumn",2019-09-15,2022-06-02,16.4193548387097,FALSE,"2019",9,"Autumn","non-G-coded","female","3",48.59,"43-60",FALSE,FALSE,FALSE,FALSE,FALSE,FALSE,FALSE,FALSE,FALSE,FALSE,1,1,"singleton",0,0,0,0,1,0,0,0,0,0,0,10
"212884",48.65,2,2025-06-02,"427133",40,"250769L",NA,NA,2818,"2025",6,"Summer",2021-05-02,2022-06-02,36,FALSE,"2021",5,"Spring","non-G-coded","female","2",48.65,"43-60",FALSE,FALSE,FALSE,FALSE,FALSE,FALSE,FALSE,FALSE,FALSE,FALSE,1,1,"singleton",0,0,0,0,0,0,0,0,0,0,0,6
"00049",48.69,3,2023-02-02,"7029225762",47.2,"234153",NA,NA,9268,"2023",2,"Winter",2019-01-02,2022-06-02,8,TRUE,"2019",1,"Winter","non-G-coded","female","3",48.69,"43-60",FALSE,FALSE,FALSE,FALSE,FALSE,FALSE,FALSE,FALSE,FALSE,FALSE,1,1,"singleton",0,0,0,0,0,0,0,0,0,0,0,2
"00637",48.72,3,2023-06-11,"7402563907",40.3,"234893","167285","1236",8256,"2023",6,"Summer",2019-05-11,2022-06-02,12.3,TRUE,"2019",5,"Spring","non-G-coded","female","3",48.72,"43-60",FALSE,FALSE,FALSE,FALSE,FALSE,FALSE,FALSE,FALSE,FALSE,FALSE,1,1,"singleton",0,0,0,0,0,0,0,0,0,0,0,6
"213816",48.75,3,2023-05-02,"871041文尼哥",47.8,"234691",NA,NA,8502,"2023",5,"Spring",2019-04-02,2022-06-02,11,TRUE,"2019",4,"Spring","non-G-coded","female","3",48.75,"43-60",FALSE,FALSE,FALSE,FALSE,FALSE,FALSE,FALSE,FALSE,FALSE,FALSE,1,1,"singleton",0,0,0,0,0,0,0,0,0,0,0,5
"00671",48.85,3,2023-06-22,"854773威吉吉",43.7,"234934",NA,NA,8192,"2023",6,"Summer",2019-05-22,2022-06-02,12.6666666666667,TRUE,"2019",5,"Spring","non-G-coded","female","3",48.85,"43-60",FALSE,FALSE,FALSE,FALSE,FALSE,FALSE,FALSE,FALSE,FALSE,FALSE,1,1,"singleton",0,0,0,0,0,0,0,0,0,0,0,6
"201422",48.92,3,2024-05-01,"22220785",49.3,"HG40682","606244","L800049",5759,"2024",5,"Spring",2020-04-01,2022-06-02,22.9666666666667,FALSE,"2020",4,"Spring","non-G-coded","female","3",48.92,"43-60",FALSE,FALSE,FALSE,FALSE,FALSE,FALSE,FALSE,FALSE,FALSE,FALSE,1,1,"singleton",0,0,0,0,0,1,0,0,0,0,0,5
"201005",48.98,2,2024-01-31,"865530狼血",44.1,"40151","41115278","61048",6682,"2024",1,"Winter",2019-12-31,2022-06-02,19.9354838709677,FALSE,"2019",12,"Winter","non-G-coded","female","2",48.98,"43-60",FALSE,FALSE,FALSE,FALSE,FALSE,FALSE,FALSE,FALSE,FALSE,FALSE,1,1,"singleton",0,0,0,0,0,0,0,0,0,0,0,1
"217010",49.05,3,2025-12-16,"861404",40.1,"251499","2544424506","800919",1328,"2025",12,"Winter",2021-11-16,2022-06-02,42.4516129032258,FALSE,"2021",11,"Autumn","non-G-coded","female","3",49.05,"43-60",FALSE,FALSE,FALSE,FALSE,FALSE,FALSE,FALSE,FALSE,FALSE,FALSE,1,1,"singleton",0,0,0,0,0,0,0,0,0,0,0,12
"00098",49.08,3,2023-03-02,"854773威吉吉",48.2,"234317",NA,NA,9042,"2023",3,"Spring",2019-02-02,2022-06-02,9,TRUE,"2019",2,"Winter","non-G-coded","female","3",49.08,"43-60",FALSE,FALSE,FALSE,FALSE,FALSE,FALSE,FALSE,FALSE,FALSE,FALSE,1,1,"singleton",0,0,0,0,0,0,0,0,0,0,0,3
"H213015",49.18,3,2025-07-16,"15621171",48.7,"250911",NA,NA,2525,"2025",7,"Summer",2021-06-16,2022-06-02,37.4516129032258,FALSE,"2021",6,"Summer","non-G-coded","female","3",49.18,"43-60",FALSE,FALSE,FALSE,FALSE,FALSE,FALSE,FALSE,FALSE,FALSE,FALSE,1,1,"singleton",0,0,0,0,0,1,0,0,0,0,0,7
"H212971",49.24,3,2025-06-29,"22218621",46.6,"250860","7029225762","800463",2642,"2025",6,"Summer",2021-05-29,2022-06-02,36.9,FALSE,"2021",5,"Spring","non-G-coded","female","3",49.24,"43-60",FALSE,FALSE,FALSE,FALSE,FALSE,FALSE,FALSE,FALSE,FALSE,FALSE,1,1,"singleton",0,0,0,0,0,0,0,0,0,0,0,6
"213300",49.28,3,2025-10-08,"15618075",40.2,"251164","2544424506","60535",1982,"2025",10,"Autumn",2021-09-08,2022-06-02,40.1935483870968,FALSE,"2021",9,"Autumn","non-G-coded","female","3",49.28,"43-60",FALSE,FALSE,FALSE,FALSE,FALSE,FALSE,FALSE,FALSE,FALSE,FALSE,1,1,"singleton",0,0,0,0,0,0,0,0,0,0,0,10
"00029",49.31,3,2023-02-14,"7029225762",46.1,"234215",NA,NA,9188,"2023",2,"Winter",2019-01-14,2022-06-02,8.42857142857143,TRUE,"2019",1,"Winter","non-G-coded","female","3",49.31,"43-60",FALSE,FALSE,FALSE,FALSE,FALSE,FALSE,FALSE,FALSE,FALSE,FALSE,1,1,"singleton",0,0,0,0,0,0,0,0,0,0,0,2
"00244",49.41,3,2023-04-18,"871041文尼哥",40.5,"234610","171790","62288",8601,"2023",4,"Spring",2019-03-18,2022-06-02,10.5333333333333,TRUE,"2019",3,"Spring","non-G-coded","female","3",49.41,"43-60",FALSE,FALSE,FALSE,FALSE,FALSE,FALSE,FALSE,FALSE,FALSE,FALSE,1,1,"singleton",0,0,0,0,0,0,0,0,0,0,0,4
"00845",49.47,3,2023-08-19,"865530狼血",40.3,"235224",NA,NA,7870,"2023",8,"Summer",2019-07-19,2022-06-02,14.5483870967742,TRUE,"2019",7,"Summer","non-G-coded","female","3",49.47,"43-60",FALSE,FALSE,FALSE,FALSE,FALSE,FALSE,FALSE,FALSE,FALSE,FALSE,1,1,"singleton",0,0,0,0,0,0,0,0,0,0,0,8
"212419",49.54,3,2025-04-25,"22218621",52,"250605",NA,NA,3142,"2025",4,"Spring",2021-02-25,2022-05-02,35.7666666666667,FALSE,"2021",2,"Winter","non-G-coded","female","3",49.54,"43-60",FALSE,FALSE,FALSE,FALSE,FALSE,FALSE,FALSE,FALSE,FALSE,FALSE,1,1,"singleton",0,1,0,1,0,1,0,0,0,0,0,4
"201010",49.57,3,2024-02-19,"862025瓦特罗",35.4,"240336","186756","L40967",6438,"2024",2,"Winter",2019-12-19,2022-05-02,21.5862068965517,FALSE,"2019",12,"Winter","non-G-coded","female","3",49.57,"43-60",FALSE,FALSE,FALSE,FALSE,FALSE,FALSE,FALSE,FALSE,FALSE,FALSE,1,1,"singleton",0,0,0,0,1,0,1,0,0,0,0,2
"212236",49.67,2,2025-03-22,"427151",37.2,"250447","180781","800748",3467,"2025",3,"Spring",2021-01-22,2022-05-02,34.6451612903226,FALSE,"2021",1,"Winter","non-G-coded","female","2",49.67,"43-60",FALSE,FALSE,FALSE,FALSE,FALSE,FALSE,FALSE,FALSE,FALSE,FALSE,1,1,"singleton",0,0,0,0,0,0,0,0,0,0,0,3
"801077",49.74,3,2023-02-06,"854773威吉吉",42.3,"234171","171790","61069",9254,"2023",2,"Winter",2018-12-06,2022-05-02,9.14285714285714,TRUE,"2018",12,"Winter","non-G-coded","female","3",49.74,"43-60",FALSE,FALSE,FALSE,FALSE,FALSE,FALSE,FALSE,FALSE,FALSE,FALSE,1,1,"singleton",0,0,0,0,0,0,0,0,0,0,0,2
"00446",49.84,3,2023-06-12,"854773威吉吉",43.6,"234896",NA,NA,8251,"2023",6,"Summer",2019-04-12,2022-05-02,13.3333333333333,TRUE,"2019",4,"Spring","non-G-coded","female","3",49.84,"43-60",FALSE,FALSE,FALSE,FALSE,FALSE,FALSE,FALSE,FALSE,FALSE,FALSE,1,1,"singleton",0,0,0,0,0,0,0,0,0,0,0,6
"212707",49.93,2,2025-06-20,"41122202",37.2,"250825","606318","00181",2708,"2025",6,"Summer",2021-04-20,2022-05-02,37.6,FALSE,"2021",4,"Spring","non-G-coded","female","2",49.93,"43-60",FALSE,FALSE,FALSE,FALSE,FALSE,FALSE,FALSE,FALSE,FALSE,FALSE,1,1,"singleton",0,0,0,0,0,0,0,0,0,0,0,6
"213349",49.97,3,2025-11-04,"41121286",43.2,"251282","180781","01082",1745,"2025",11,"Autumn",2021-09-04,2022-05-02,42.0666666666667,FALSE,"2021",9,"Autumn","non-G-coded","female","3",49.97,"43-60",FALSE,FALSE,FALSE,FALSE,FALSE,FALSE,FALSE,FALSE,FALSE,FALSE,1,1,"singleton",0,0,0,0,0,0,0,0,0,0,0,11
"213108",50.07,3,2024-05-27,"22220785",40.6,"240779","606244","62170",5591,"2024",5,"Spring",2020-03-27,2022-05-02,24.8064516129032,FALSE,"2020",3,"Spring","non-G-coded","female","3",50.07,"43-60",FALSE,FALSE,FALSE,FALSE,FALSE,FALSE,FALSE,FALSE,FALSE,FALSE,1,1,"singleton",0,0,0,0,0,0,0,0,0,0,0,5
"L00434",50.23,3,2024-02-11,"862025瓦特罗",49.6,"240269",NA,NA,6543,"2024",2,"Winter",2019-12-11,2022-05-02,21.3103448275862,FALSE,"2019",12,"Winter","non-G-coded","female","3",50.23,"43-60",FALSE,FALSE,FALSE,FALSE,FALSE,FALSE,FALSE,FALSE,FALSE,FALSE,1,1,"singleton",0,0,0,0,0,1,0,0,0,0,0,2
"00438",50.26,3,2023-06-24,"7402563907",47.5,"234941","171790","3007",8179,"2023",6,"Summer",2019-04-24,2022-05-02,13.7333333333333,TRUE,"2019",4,"Spring","non-G-coded","female","3",50.26,"43-60",FALSE,FALSE,FALSE,FALSE,FALSE,FALSE,FALSE,FALSE,FALSE,FALSE,1,1,"singleton",0,0,0,0,0,0,0,0,0,0,0,6
"90014",50.26,3,2023-02-18,"854773威吉吉",46.3,"234251",NA,NA,9151,"2023",2,"Winter",2018-12-18,2022-05-02,9.57142857142857,TRUE,"2018",12,"Winter","non-G-coded","female","3",50.26,"43-60",FALSE,FALSE,FALSE,FALSE,FALSE,FALSE,FALSE,FALSE,FALSE,FALSE,1,1,"singleton",0,0,0,0,0,0,0,0,0,0,0,2
"224585",50.33,3,2026-06-18,"21219011",48.6,"261606","2545109367","00728",28,"2026",6,"Summer",2022-04-18,2022-05-02,49.5333333333333,FALSE,"2022",4,"Spring","non-G-coded","female","3",50.33,"43-60",FALSE,FALSE,FALSE,FALSE,FALSE,FALSE,FALSE,FALSE,FALSE,FALSE,1,1,"singleton",0,0,0,0,0,1,0,0,0,0,0,6
"20100",50.39,3,2023-04-04,"854773威吉吉",46.3,"234541","167285","150102",8710,"2023",4,"Spring",2019-02-04,2022-05-02,11.0666666666667,TRUE,"2019",2,"Winter","non-G-coded","female","3",50.39,"43-60",FALSE,FALSE,FALSE,FALSE,FALSE,FALSE,FALSE,FALSE,FALSE,FALSE,1,1,"singleton",0,0,0,0,0,0,0,0,0,0,0,4
"00428",50.46,3,2023-06-27,"7402563907",45.6,"234952",NA,NA,8169,"2023",6,"Summer",2019-04-27,2022-05-02,13.8333333333333,TRUE,"2019",4,"Spring","non-G-coded","female","3",50.46,"43-60",FALSE,FALSE,FALSE,FALSE,FALSE,FALSE,FALSE,FALSE,FALSE,FALSE,1,1,"singleton",0,0,0,0,0,0,0,0,0,0,0,6
"213747",50.53,2,2026-02-04,"21219011",48.8,"260077","2544424506","60523",1038,"2026",2,"Winter",2021-11-04,2022-04-02,46.0714285714286,FALSE,"2021",11,"Autumn","non-G-coded","female","2",50.53,"43-60",FALSE,FALSE,FALSE,FALSE,FALSE,FALSE,FALSE,FALSE,FALSE,FALSE,1,1,"singleton",0,0,0,0,0,1,0,0,0,0,0,2
"910055",50.59,2,2023-07-18,"854773威吉吉",46.4,"235089",NA,NA,8061,"2023",7,"Summer",2019-04-18,2022-04-02,15.5161290322581,FALSE,"2019",4,"Spring","non-G-coded","female","2",50.59,"43-60",FALSE,FALSE,FALSE,FALSE,FALSE,FALSE,FALSE,FALSE,FALSE,FALSE,1,1,"singleton",0,0,0,0,0,0,0,0,0,0,0,7
"212256",50.62,3,2025-04-24,"427133",35.6,"250595",NA,NA,3171,"2025",4,"Spring",2021-01-24,2022-04-02,36.7333333333333,FALSE,"2021",1,"Winter","non-G-coded","female","3",50.62,"43-60",FALSE,FALSE,FALSE,FALSE,FALSE,FALSE,FALSE,FALSE,FALSE,FALSE,1,1,"singleton",0,0,0,0,1,0,1,0,0,0,0,4
"01498",50.66,1,2024-03-16,"862025瓦特罗",36.8,"240506",NA,NA,6101,"2024",3,"Spring",2019-12-16,2022-04-02,23.4516129032258,FALSE,"2019",12,"Winter","non-G-coded","female","1",50.66,"43-60",FALSE,FALSE,FALSE,FALSE,FALSE,FALSE,FALSE,FALSE,FALSE,FALSE,1,1,"singleton",0,0,0,0,0,0,0,0,0,0,0,3
"00131",50.66,3,2023-04-25,"871041文尼哥",52.4,"234647",NA,NA,8551,"2023",4,"Spring",2019-01-25,2022-04-02,12.7666666666667,TRUE,"2019",1,"Winter","non-G-coded","female","3",50.66,"43-60",FALSE,FALSE,FALSE,FALSE,FALSE,FALSE,FALSE,FALSE,FALSE,FALSE,1,1,"singleton",0,1,0,1,0,1,0,0,0,0,0,4
"910054",50.72,3,2023-04-06,"7029225762",45.6,"234559",NA,NA,8690,"2023",4,"Spring",2019-01-06,2022-04-02,12.1333333333333,TRUE,"2019",1,"Winter","non-G-coded","female","3",50.72,"43-60",FALSE,FALSE,FALSE,FALSE,FALSE,FALSE,FALSE,FALSE,FALSE,FALSE,1,1,"singleton",0,0,0,0,0,0,0,0,0,0,0,4
"213437",50.85,3,2025-12-17,"21219011",43.8,"251502","180781","800971",1322,"2025",12,"Winter",2021-09-17,2022-04-02,44.4838709677419,FALSE,"2021",9,"Autumn","non-G-coded","female","3",50.85,"43-60",FALSE,FALSE,FALSE,FALSE,FALSE,FALSE,FALSE,FALSE,FALSE,FALSE,1,1,"singleton",0,0,0,0,0,0,0,0,0,0,0,12
"202652",50.95,3,2025-03-14,"427151",54.6,"250401","180600","801049",3572,"2025",3,"Spring",2020-12-14,2022-04-02,35.3870967741936,FALSE,"2020",12,"Winter","non-G-coded","female","3",50.95,"43-60",FALSE,FALSE,FALSE,FALSE,FALSE,FALSE,FALSE,FALSE,FALSE,FALSE,1,1,"singleton",0,1,0,1,0,1,0,1,0,0,0,3
"212452",50.99,3,2025-06-11,"22218621",49.4,"250790","180781","62730",2768,"2025",6,"Summer",2021-03-11,2022-04-02,38.3,FALSE,"2021",3,"Spring","non-G-coded","female","3",50.99,"43-60",FALSE,FALSE,FALSE,FALSE,FALSE,FALSE,FALSE,FALSE,FALSE,FALSE,1,1,"singleton",0,0,0,0,0,1,0,0,0,0,0,6
"00599",51.02,3,2023-04-16,"871041文尼哥",45.6,"234606",NA,NA,8617,"2023",4,"Spring",2019-01-16,2022-04-02,12.4666666666667,TRUE,"2019",1,"Winter","non-G-coded","female","3",51.02,"43-60",FALSE,FALSE,FALSE,FALSE,FALSE,FALSE,FALSE,FALSE,FALSE,FALSE,1,1,"singleton",0,0,0,0,0,0,0,0,0,0,0,4
"201006",51.08,3,2024-04-04,"FR3917468802",34.6,"240592",NA,NA,5936,"2024",4,"Spring",2020-01-04,2022-04-02,24.0666666666667,FALSE,"2020",1,"Winter","non-G-coded","female","3",51.08,"43-60",FALSE,FALSE,FALSE,FALSE,FALSE,FALSE,FALSE,FALSE,FALSE,FALSE,1,1,"singleton",1,0,0,0,1,0,1,0,0,0,0,4
"H213230",51.15,2,2026-02-21,"41121296",49.3,"260129","854282","800964",931,"2026",2,"Winter",2021-11-21,2022-04-02,46.6785714285714,FALSE,"2021",11,"Autumn","non-G-coded","female","2",51.15,"43-60",FALSE,FALSE,FALSE,FALSE,FALSE,FALSE,FALSE,FALSE,FALSE,FALSE,1,1,"singleton",0,0,0,0,0,1,0,0,0,0,0,2
"212177",51.22,2,2025-04-28,"427133",40.2,"250628",NA,NA,3113,"2025",4,"Spring",2021-01-28,2022-04-02,36.8666666666667,FALSE,"2021",1,"Winter","non-G-coded","female","2",51.22,"43-60",FALSE,FALSE,FALSE,FALSE,FALSE,FALSE,FALSE,FALSE,FALSE,FALSE,1,1,"singleton",0,0,0,0,0,0,0,0,0,0,0,4
"212724",51.25,3,2025-08-01,"41122272",40.3,"250963",NA,NA,2413,"2025",8,"Summer",2021-05-01,2022-04-02,39.9677419354839,FALSE,"2021",5,"Spring","non-G-coded","female","3",51.25,"43-60",FALSE,FALSE,FALSE,FALSE,FALSE,FALSE,FALSE,FALSE,FALSE,FALSE,1,1,"singleton",0,0,0,0,0,0,0,0,0,0,0,8
"212241",51.28,3,2025-05-12,"427133",36.7,"250688","740640209","60307",2976,"2025",5,"Spring",2021-02-12,2022-04-02,37.3225806451613,FALSE,"2021",2,"Winter","non-G-coded","female","3",51.28,"43-60",FALSE,FALSE,FALSE,FALSE,FALSE,FALSE,FALSE,FALSE,FALSE,FALSE,1,1,"singleton",0,0,0,0,0,0,0,0,0,0,0,5
"L217014",51.38,3,2026-02-28,"41122926",46.8,"260157",NA,NA,876,"2026",2,"Winter",2021-11-28,2022-04-02,46.9285714285714,FALSE,"2021",11,"Autumn","non-G-coded","female","3",51.38,"43-60",FALSE,FALSE,FALSE,FALSE,FALSE,FALSE,FALSE,FALSE,FALSE,FALSE,1,1,"singleton",0,0,0,0,0,0,0,0,0,0,0,2
"201459",51.41,3,2024-07-19,"171206",42.6,"240944","606244","140550",5334,"2024",7,"Summer",2020-04-19,2022-04-02,27.5483870967742,FALSE,"2020",4,"Spring","non-G-coded","female","3",51.41,"43-60",FALSE,FALSE,FALSE,FALSE,FALSE,FALSE,FALSE,FALSE,FALSE,FALSE,1,1,"singleton",0,0,0,0,0,0,0,0,0,0,0,7
"00282",51.51,3,2023-06-28,"7402563907",53.6,"234956",NA,NA,8164,"2023",6,"Summer",2019-02-28,2022-03-02,15.8666666666667,FALSE,"2019",2,"Winter","non-G-coded","female","3",51.51,"43-60",FALSE,FALSE,FALSE,FALSE,FALSE,FALSE,FALSE,FALSE,FALSE,FALSE,1,1,"singleton",0,1,0,1,0,1,0,1,0,0,0,6
"212003",51.58,3,2025-04-18,"427133",39.6,"250561",NA,NA,3230,"2025",4,"Spring",2020-12-18,2022-03-02,37.5333333333333,FALSE,"2020",12,"Winter","non-G-coded","female","3",51.58,"43-60",FALSE,FALSE,FALSE,FALSE,FALSE,FALSE,FALSE,FALSE,FALSE,FALSE,1,1,"singleton",0,0,0,0,0,0,0,0,0,0,0,4
"00284",51.64,2,2023-07-03,"公牛",45.3,"234981","171790","61819",8146,"2023",7,"Summer",2019-03-03,2022-03-02,16.0322580645161,FALSE,"2019",3,"Spring","non-G-coded","female","2",51.64,"43-60",FALSE,FALSE,FALSE,FALSE,FALSE,FALSE,FALSE,FALSE,FALSE,FALSE,1,1,"singleton",0,0,0,0,0,0,0,0,0,0,0,7
"00264",51.71,3,2023-06-30,"854773威吉吉",29.8,"234967","171790","61895",8155,"2023",6,"Summer",2019-02-28,2022-03-02,15.9333333333333,FALSE,"2019",2,"Winter","non-G-coded","female","3",51.71,"43-60",FALSE,FALSE,FALSE,FALSE,FALSE,FALSE,FALSE,FALSE,FALSE,FALSE,1,1,"singleton",1,0,1,0,1,0,1,0,1,0,0,6
"00925",51.81,3,2023-12-11,"865530狼血",36.5,"235855","606192","61650",7174,"2023",12,"Winter",2019-08-11,2022-03-02,21.2903225806452,FALSE,"2019",8,"Summer","non-G-coded","female","3",51.81,"43-60",FALSE,FALSE,FALSE,FALSE,FALSE,FALSE,FALSE,FALSE,FALSE,FALSE,1,1,"singleton",0,0,0,0,1,0,0,0,0,0,0,12
"201230",51.87,3,2024-06-20,"171206",38.2,"240868","606192","91102",5421,"2024",6,"Summer",2020-02-20,2022-03-02,27.6,FALSE,"2020",2,"Winter","non-G-coded","female","3",51.87,"43-60",FALSE,FALSE,FALSE,FALSE,FALSE,FALSE,FALSE,FALSE,FALSE,FALSE,1,1,"singleton",0,0,0,0,0,0,0,0,0,0,0,6
"213277",52.01,3,2025-12-26,"21219011",57.3,"251534","2544424506","70371",1250,"2025",12,"Winter",2021-08-26,2022-03-02,45.7741935483871,FALSE,"2021",8,"Summer","non-G-coded","female","3",52.01,"43-60",FALSE,FALSE,FALSE,FALSE,FALSE,FALSE,FALSE,FALSE,FALSE,FALSE,1,1,"singleton",0,1,0,1,0,1,0,1,0,1,0,12
"H213815",52.04,3,2026-04-04,"11122981",44.5,"261347","2544424506","50764",501,"2026",4,"Spring",2021-12-04,2022-03-02,49.0666666666667,FALSE,"2021",12,"Winter","non-G-coded","female","3",52.04,"43-60",FALSE,FALSE,FALSE,FALSE,FALSE,FALSE,FALSE,FALSE,FALSE,FALSE,1,1,"singleton",0,0,0,0,0,0,0,0,0,0,0,4
"212134",52.14,3,2025-08-18,"22121209",50.3,"251009",NA,NA,2329,"2025",8,"Summer",2021-04-18,2022-03-02,41.5161290322581,FALSE,"2021",4,"Spring","non-G-coded","female","3",52.14,"43-60",FALSE,FALSE,FALSE,FALSE,FALSE,FALSE,FALSE,FALSE,FALSE,FALSE,1,1,"singleton",0,1,0,0,0,1,0,0,0,0,0,8
"213317",52.17,3,2026-01-07,"21219011",46.2,"260013","180781","20061",1182,"2026",1,"Winter",2021-09-07,2022-03-02,46.1612903225806,FALSE,"2021",9,"Autumn","non-G-coded","female","3",52.17,"43-60",FALSE,FALSE,FALSE,FALSE,FALSE,FALSE,FALSE,FALSE,FALSE,FALSE,1,1,"singleton",0,0,0,0,0,0,0,0,0,0,0,1
"00326",52.24,2,2023-08-05,"854773威吉吉",40.8,"235161","171790","Z61040",7953,"2023",8,"Summer",2019-04-05,2022-03-02,17.0967741935484,FALSE,"2019",4,"Spring","non-G-coded","female","2",52.24,"43-60",FALSE,FALSE,FALSE,FALSE,FALSE,FALSE,FALSE,FALSE,FALSE,FALSE,1,1,"singleton",0,0,0,0,0,0,0,0,0,0,0,8
"201396",52.27,3,2024-07-31,"171206",31.2,"240985","606244","62125",5255,"2024",7,"Summer",2020-03-31,2022-03-02,28.9354838709677,FALSE,"2020",3,"Spring","non-G-coded","female","3",52.27,"43-60",FALSE,FALSE,FALSE,FALSE,FALSE,FALSE,FALSE,FALSE,FALSE,FALSE,1,1,"singleton",1,0,1,0,1,0,1,0,0,0,0,7
"202396",52.3,2,2025-03-10,"427151",47.5,"250379","163940","801054",3614,"2025",3,"Spring",2020-11-10,2022-03-02,36.258064516129,FALSE,"2020",11,"Autumn","non-G-coded","female","2",52.3,"43-60",FALSE,FALSE,FALSE,FALSE,FALSE,FALSE,FALSE,FALSE,FALSE,FALSE,1,1,"singleton",0,0,0,0,0,0,0,0,0,0,0,3
"212584",52.4,3,2025-08-14,"41121260",53.5,"251000",NA,NA,2343,"2025",8,"Summer",2021-04-14,2022-03-02,41.3870967741936,FALSE,"2021",4,"Spring","non-G-coded","female","3",52.4,"43-60",FALSE,FALSE,FALSE,FALSE,FALSE,FALSE,FALSE,FALSE,FALSE,FALSE,1,1,"singleton",0,1,0,1,0,1,0,1,0,0,0,8
"212992",52.43,3,2025-10-13,"15620193",43.4,"251190",NA,NA,1936,"2025",10,"Autumn",2021-06-13,2022-03-02,43.3548387096774,FALSE,"2021",6,"Summer","non-G-coded","female","3",52.43,"43-60",FALSE,FALSE,FALSE,FALSE,FALSE,FALSE,FALSE,FALSE,FALSE,FALSE,1,1,"singleton",0,0,0,0,0,0,0,0,0,0,0,10
"70684",52.5,3,2023-07-12,"7402563907",47,"235031","171790","61479",8110,"2023",7,"Summer",2019-03-12,2022-03-02,16.3225806451613,FALSE,"2019",3,"Spring","non-G-coded","female","3",52.5,"43-60",FALSE,FALSE,FALSE,FALSE,FALSE,FALSE,FALSE,FALSE,FALSE,FALSE,1,1,"singleton",0,0,0,0,0,0,0,0,0,0,0,7
"201091",52.56,3,2024-06-07,"863025",46.8,"240829",NA,NA,5510,"2024",6,"Summer",2020-01-07,2022-02-02,28.1666666666667,FALSE,"2020",1,"Winter","non-G-coded","female","3",52.56,"43-60",FALSE,FALSE,FALSE,FALSE,FALSE,FALSE,FALSE,FALSE,FALSE,FALSE,1,1,"singleton",0,0,0,0,0,0,0,0,0,0,0,6
"213795",52.63,3,2026-04-18,"41120238",40.2,"261406","854282","70713",399,"2026",4,"Spring",2021-11-18,2022-02-02,50.5333333333333,FALSE,"2021",11,"Autumn","non-G-coded","female","3",52.63,"43-60",FALSE,FALSE,FALSE,FALSE,FALSE,FALSE,FALSE,FALSE,FALSE,FALSE,1,1,"singleton",0,0,0,0,0,0,0,0,0,0,0,4
"201123",52.7,2,2024-06-18,"863025",39.4,"240864","186756","60807",5431,"2024",6,"Summer",2020-01-18,2022-02-02,28.5333333333333,FALSE,"2020",1,"Winter","non-G-coded","female","2",52.7,"43-60",FALSE,FALSE,FALSE,FALSE,FALSE,FALSE,FALSE,FALSE,FALSE,FALSE,1,1,"singleton",0,0,0,0,0,0,0,0,0,0,0,6
"800880",52.76,3,2023-04-09,"871041文尼哥",45.7,"234570",NA,NA,8672,"2023",4,"Spring",2018-11-09,2022-02-02,14.2333333333333,TRUE,"2018",11,"Autumn","non-G-coded","female","3",52.76,"43-60",FALSE,FALSE,FALSE,FALSE,FALSE,FALSE,FALSE,FALSE,FALSE,FALSE,1,1,"singleton",0,0,0,0,0,0,0,0,0,0,0,4
"201258",52.89,2,2024-07-30,"15620128",46.2,"240983","606192","62242",5256,"2024",7,"Summer",2020-02-29,2022-02-02,29.9032258064516,FALSE,"2020",2,"Winter","non-G-coded","female","2",52.89,"43-60",FALSE,FALSE,FALSE,FALSE,FALSE,FALSE,FALSE,FALSE,FALSE,FALSE,1,1,"singleton",0,0,0,0,0,0,0,0,0,0,0,7
"01164",52.93,3,2024-03-11,"FR7045049997",53.6,"240474",NA,NA,6163,"2024",3,"Spring",2019-10-11,2022-02-02,25.2903225806452,FALSE,"2019",10,"Autumn","non-G-coded","female","3",52.93,"43-60",FALSE,FALSE,FALSE,FALSE,FALSE,FALSE,FALSE,FALSE,FALSE,FALSE,1,1,"singleton",0,1,0,1,0,1,0,1,0,0,0,3
"00463",52.96,3,2023-09-19,"7402563907",37.3,"235408",NA,NA,7668,"2023",9,"Autumn",2019-04-19,2022-02-02,19.5666666666667,FALSE,"2019",4,"Spring","non-G-coded","female","3",52.96,"43-60",FALSE,FALSE,FALSE,FALSE,FALSE,FALSE,FALSE,FALSE,FALSE,FALSE,1,1,"singleton",0,0,0,0,0,0,0,0,0,0,0,9
"800622",53.06,3,2023-02-15,"854773威吉吉",53.6,"234223",NA,NA,9181,"2023",2,"Winter",2018-09-15,2022-02-02,12.4642857142857,TRUE,"2018",9,"Autumn","non-G-coded","female","3",53.06,"43-60",FALSE,FALSE,FALSE,FALSE,FALSE,FALSE,FALSE,FALSE,FALSE,FALSE,1,1,"singleton",0,1,0,1,0,1,0,1,0,0,0,2
"00345",53.12,3,2023-09-04,"公牛",40.8,"235339","171790","63016",7750,"2023",9,"Autumn",2019-04-04,2022-02-02,19.0666666666667,FALSE,"2019",4,"Spring","non-G-coded","female","3",53.12,"43-60",FALSE,FALSE,FALSE,FALSE,FALSE,FALSE,FALSE,FALSE,FALSE,FALSE,1,1,"singleton",0,0,0,0,0,0,0,0,0,0,0,9
"224072",53.19,3,2026-06-13,"21219011",26.8,"261589",NA,NA,53,"2026",6,"Summer",2022-01-13,2022-02-02,52.3666666666667,FALSE,"2022",1,"Winter","non-G-coded","female","3",53.19,"43-60",FALSE,FALSE,FALSE,FALSE,FALSE,FALSE,FALSE,FALSE,FALSE,FALSE,1,1,"singleton",1,0,1,0,1,0,1,0,1,0,0,6
"800699",53.22,3,2023-03-08,"854773威吉吉",46.3,"234355","171350","60634",8990,"2023",3,"Spring",2018-10-08,2022-02-02,13.1935483870968,TRUE,"2018",10,"Autumn","non-G-coded","female","3",53.22,"43-60",FALSE,FALSE,FALSE,FALSE,FALSE,FALSE,FALSE,FALSE,FALSE,FALSE,1,1,"singleton",0,0,0,0,0,0,0,0,0,0,0,3
"212766",53.29,3,2025-10-07,"15620193",43.8,"251161",NA,NA,1990,"2025",10,"Autumn",2021-05-07,2022-02-02,44.1612903225806,FALSE,"2021",5,"Spring","non-G-coded","female","3",53.29,"43-60",FALSE,FALSE,FALSE,FALSE,FALSE,FALSE,FALSE,FALSE,FALSE,FALSE,1,1,"singleton",0,0,0,0,0,0,0,0,0,0,0,10
"01227",53.35,3,2024-04-11,"FR3917468802",41.7,"240621","606192","Z1599",5889,"2024",4,"Spring",2019-11-11,2022-02-02,26.3,FALSE,"2019",11,"Autumn","non-G-coded","female","3",53.35,"43-60",FALSE,FALSE,FALSE,FALSE,FALSE,FALSE,FALSE,FALSE,FALSE,FALSE,1,1,"singleton",0,0,0,0,0,0,0,0,0,0,0,4
"202628",53.58,2,2025-05-30,"22218621",52.6,"250762","180600","70673",2843,"2025",5,"Spring",2020-11-30,2022-01-02,40.9032258064516,FALSE,"2020",11,"Autumn","non-G-coded","female","2",53.58,"43-60",FALSE,FALSE,FALSE,FALSE,FALSE,FALSE,FALSE,FALSE,FALSE,FALSE,1,1,"singleton",0,1,0,1,0,1,0,1,0,0,0,5
"00523",53.68,3,2023-10-25,"854282维利纳诺",36.6,"235560","167285","61834",7467,"2023",10,"Autumn",2019-04-25,2022-01-02,21.741935483871,FALSE,"2019",4,"Spring","non-G-coded","female","3",53.68,"43-60",FALSE,FALSE,FALSE,FALSE,FALSE,FALSE,FALSE,FALSE,FALSE,FALSE,1,1,"singleton",0,0,0,0,0,0,0,0,0,0,0,10
"201597",53.75,3,2024-08-13,"15620126",45.4,"241101",NA,NA,5204,"2024",8,"Summer",2020-02-13,2022-01-02,31.3548387096774,FALSE,"2020",2,"Winter","non-G-coded","female","3",53.75,"43-60",FALSE,FALSE,FALSE,FALSE,FALSE,FALSE,FALSE,TRUE,FALSE,FALSE,1,1,"singleton",0,0,0,0,0,0,0,0,0,0,0,8
"202139",53.85,2,2025-03-15,"22220783",40.3,"250404","606244","61217",3560,"2025",3,"Spring",2020-09-15,2022-01-02,38.4193548387097,FALSE,"2020",9,"Autumn","non-G-coded","female","2",53.85,"43-60",FALSE,FALSE,FALSE,FALSE,FALSE,FALSE,FALSE,FALSE,FALSE,FALSE,1,1,"singleton",0,0,0,0,0,0,0,0,0,0,0,3
"01012",53.88,3,2024-03-04,"862025瓦特罗",52.3,"240432","606192","12037",6237,"2024",3,"Spring",2019-09-04,2022-01-02,26.0645161290323,FALSE,"2019",9,"Autumn","non-G-coded","female","3",53.88,"43-60",FALSE,FALSE,FALSE,FALSE,FALSE,FALSE,FALSE,FALSE,FALSE,FALSE,1,1,"singleton",0,1,0,1,0,1,0,0,0,0,0,3
"212830",53.91,3,2025-11-01,"41121286",47.7,"251265","186967","62501",1770,"2025",11,"Autumn",2021-05-01,2022-01-02,45.9677419354839,FALSE,"2021",5,"Spring","non-G-coded","female","3",53.91,"43-60",FALSE,FALSE,FALSE,FALSE,FALSE,FALSE,FALSE,FALSE,FALSE,FALSE,1,1,"singleton",0,0,0,0,0,0,0,0,0,0,0,11
"201084",53.98,3,2024-07-19,"171206",46.2,"240945","186756","60094",5339,"2024",7,"Summer",2020-01-19,2022-01-02,30.5483870967742,FALSE,"2020",1,"Winter","non-G-coded","female","3",53.98,"43-60",FALSE,FALSE,FALSE,FALSE,FALSE,FALSE,FALSE,FALSE,FALSE,FALSE,1,1,"singleton",0,0,0,0,0,0,0,0,0,0,0,7
"212826",54.34,2,2025-11-14,"21219011",39.8,"251331",NA,NA,1643,"2025",11,"Autumn",2021-05-14,2022-01-02,46.4,FALSE,"2021",5,"Spring","non-G-coded","female","2",54.34,"43-60",FALSE,FALSE,FALSE,FALSE,FALSE,FALSE,FALSE,FALSE,FALSE,FALSE,1,1,"singleton",0,0,0,0,0,0,0,0,0,0,0,11
"212483",54.44,3,2025-09-30,"15620193",35.4,"251128","62544424506","Z62409",2051,"2025",9,"Autumn",2021-03-30,2022-01-02,44.9333333333333,FALSE,"2021",3,"Spring","non-G-coded","female","3",54.44,"43-60",FALSE,FALSE,FALSE,FALSE,FALSE,FALSE,FALSE,FALSE,FALSE,FALSE,1,1,"singleton",0,0,0,0,1,0,1,0,0,0,0,9
"00381",54.5,3,2023-10-20,"854282维利纳诺",45.6,"235535","171790","62481",7495,"2023",10,"Autumn",2019-04-20,2022-01-02,21.5806451612903,FALSE,"2019",4,"Spring","non-G-coded","female","3",54.5,"43-60",FALSE,FALSE,FALSE,FALSE,FALSE,FALSE,FALSE,FALSE,FALSE,FALSE,1,1,"singleton",0,0,0,0,0,0,0,0,0,0,0,10
"202256",54.73,3,2025-05-06,"22218621",46.2,"250655","163940","70470",3050,"2025",5,"Spring",2020-10-06,2021-12-02,41.1290322580645,FALSE,"2020",10,"Autumn","non-G-coded","female","3",54.73,"43-60",FALSE,FALSE,FALSE,FALSE,FALSE,FALSE,FALSE,FALSE,FALSE,FALSE,1,1,"singleton",0,0,0,0,0,0,0,0,0,0,0,5
"202295",54.8,4,2025-05-13,"22218621",54.8,"250693","606244","Z60960",2969,"2025",5,"Spring",2020-10-13,2021-12-02,41.3548387096774,FALSE,"2020",10,"Autumn","non-G-coded","female","4",54.8,"43-60",FALSE,FALSE,FALSE,FALSE,FALSE,FALSE,FALSE,FALSE,FALSE,FALSE,1,1,"singleton",0,1,0,1,0,1,0,1,0,0,0,5
"800494",54.83,3,2023-02-05,"871041文尼哥",46.3,"234163",NA,NA,9256,"2023",2,"Winter",2018-07-05,2021-12-02,14.1071428571429,TRUE,"2018",7,"Summer","non-G-coded","female","3",54.83,"43-60",FALSE,FALSE,FALSE,FALSE,FALSE,FALSE,FALSE,FALSE,FALSE,FALSE,1,1,"singleton",0,0,0,0,0,0,0,0,0,0,0,2
"01348",55.03,4,2024-06-27,"171206",43.6,"240887","186756","61486",5389,"2024",6,"Summer",2019-11-27,2021-12-02,30.8333333333333,FALSE,"2019",11,"Autumn","non-G-coded","female","4",55.03,"43-60",FALSE,FALSE,FALSE,FALSE,FALSE,FALSE,FALSE,FALSE,FALSE,FALSE,1,1,"singleton",0,0,0,0,0,0,0,0,0,0,0,6
"202548",55.1,3,2025-06-30,"22218621",33.8,"250866L","7402563907","61927",2637,"2025",6,"Summer",2020-11-30,2021-12-02,42.9333333333333,FALSE,"2020",11,"Autumn","non-G-coded","female","3",55.1,"43-60",FALSE,FALSE,FALSE,FALSE,FALSE,FALSE,FALSE,FALSE,FALSE,FALSE,1,1,"singleton",1,0,0,0,1,0,1,0,0,0,0,6
"01022",55.13,3,2024-04-16,"22220785",39.8,"240637","186756","50431",5861,"2024",4,"Spring",2019-09-16,2021-12-02,28.4666666666667,FALSE,"2019",9,"Autumn","non-G-coded","female","3",55.13,"43-60",FALSE,FALSE,FALSE,FALSE,FALSE,FALSE,FALSE,FALSE,FALSE,FALSE,1,1,"singleton",0,0,0,0,0,0,0,0,0,0,0,4
"202325",55.19,3,2025-05-31,"22218621",48.6,"250766",NA,NA,2835,"2025",5,"Spring",2020-10-31,2021-12-02,41.9354838709677,FALSE,"2020",10,"Autumn","non-G-coded","female","3",55.19,"43-60",FALSE,FALSE,FALSE,FALSE,FALSE,FALSE,FALSE,FALSE,FALSE,FALSE,1,1,"singleton",0,0,0,0,0,1,0,0,0,0,0,5
"801065",55.36,3,2023-07-26,"854773威吉吉",41.2,"235122","171790","61582",8017,"2023",7,"Summer",2018-12-26,2021-12-02,19.7741935483871,FALSE,"2018",12,"Winter","non-G-coded","female","3",55.36,"43-60",FALSE,FALSE,FALSE,FALSE,FALSE,FALSE,FALSE,FALSE,FALSE,FALSE,1,1,"singleton",0,0,0,0,0,0,0,0,0,0,0,7
"202117",55.42,4,2025-04-29,"22218621",42.3,"250635","606244","62613",3108,"2025",4,"Spring",2020-09-29,2021-12-02,40.9,FALSE,"2020",9,"Autumn","non-G-coded","female","4",55.42,"43-60",FALSE,FALSE,FALSE,FALSE,FALSE,FALSE,FALSE,FALSE,FALSE,FALSE,1,1,"singleton",0,0,0,0,0,0,0,0,0,0,0,4
"20061",55.56,3,2023-12-22,"865530狼血",45.7,"HG10068",NA,NA,7047,"2023",12,"Winter",2019-04-22,2021-11-02,25.6451612903226,FALSE,"2019",4,"Spring","non-G-coded","female","3",55.56,"43-60",FALSE,FALSE,FALSE,FALSE,FALSE,FALSE,FALSE,FALSE,FALSE,FALSE,1,1,"singleton",0,0,0,0,0,0,0,0,0,0,0,12
"H01265",55.75,3,2025-06-09,"863302",42.2,"250785","7402563907","61238",2780,"2025",6,"Summer",2020-10-09,2021-11-02,43.2333333333333,FALSE,"2020",10,"Autumn","non-G-coded","female","3",55.75,"43-60",FALSE,FALSE,FALSE,FALSE,FALSE,FALSE,FALSE,FALSE,FALSE,FALSE,1,1,"singleton",0,0,0,0,0,0,0,0,0,0,0,6
"201885",55.82,4,2025-03-05,"22218621",37.2,"250351","865530","61256",3664,"2025",3,"Spring",2020-07-05,2021-11-02,40.0967741935484,FALSE,"2020",7,"Summer","non-G-coded","female","4",55.82,"43-60",FALSE,FALSE,FALSE,FALSE,FALSE,FALSE,FALSE,FALSE,FALSE,FALSE,1,1,"singleton",0,0,0,0,0,0,0,0,0,0,0,3
"202642",56.02,2,2026-05-11,"41418133",38.2,"261483","180781","01085",268,"2026",5,"Spring",2021-09-11,2021-11-02,54.2903225806452,FALSE,"2021",9,"Autumn","non-G-coded","female","2",56.02,"43-60",FALSE,FALSE,FALSE,FALSE,FALSE,FALSE,FALSE,FALSE,FALSE,FALSE,1,1,"singleton",0,0,0,0,0,0,0,0,0,0,0,5
"20028",56.11,3,2023-12-10,"865530狼血",50.4,"235847",NA,NA,7187,"2023",12,"Winter",2019-04-10,2021-11-02,25.258064516129,FALSE,"2019",4,"Spring","non-G-coded","female","3",56.11,"43-60",FALSE,FALSE,FALSE,FALSE,FALSE,FALSE,FALSE,FALSE,FALSE,FALSE,1,1,"singleton",0,1,0,0,0,1,0,0,0,0,0,12
"01305",56.18,3,2024-06-23,"22220785",43.8,"240874",NA,NA,5410,"2024",6,"Summer",2019-10-23,2021-11-02,31.7,FALSE,"2019",10,"Autumn","non-G-coded","female","3",56.18,"43-60",FALSE,FALSE,FALSE,FALSE,FALSE,FALSE,FALSE,FALSE,FALSE,FALSE,1,1,"singleton",0,0,0,0,0,0,0,0,0,0,0,6
"213380",56.21,3,2026-05-20,"41120238",50.3,"261504","180781","01203",221,"2026",5,"Spring",2021-09-20,2021-11-02,54.5806451612903,FALSE,"2021",9,"Autumn","non-G-coded","female","3",56.21,"43-60",FALSE,FALSE,FALSE,FALSE,FALSE,FALSE,FALSE,FALSE,FALSE,FALSE,1,1,"singleton",0,1,0,0,0,1,0,0,0,0,0,5
"202332",56.31,4,2025-07-05,"863302",39,"250882","163940","62077",2598,"2025",7,"Summer",2020-11-05,2021-11-02,44.0967741935484,FALSE,"2020",11,"Autumn","non-G-coded","female","4",56.31,"43-60",FALSE,FALSE,FALSE,FALSE,FALSE,FALSE,FALSE,FALSE,FALSE,FALSE,1,1,"singleton",0,0,0,0,0,0,0,0,0,0,0,7
"213363",56.34,2,2026-05-27,"41120238",35.3,"261532",NA,NA,156,"2026",5,"Spring",2021-09-27,2021-11-02,54.8064516129032,FALSE,"2021",9,"Autumn","non-G-coded","female","2",56.34,"43-60",FALSE,FALSE,FALSE,FALSE,FALSE,FALSE,FALSE,FALSE,FALSE,FALSE,1,1,"singleton",0,0,0,0,1,0,1,0,0,0,0,5
"00832",56.38,4,2024-03-08,"862025瓦特罗",36.6,"240458","167285","12035",6201,"2024",3,"Spring",2019-07-08,2021-11-02,28.1935483870968,FALSE,"2019",7,"Summer","non-G-coded","female","4",56.38,"43-60",FALSE,FALSE,FALSE,FALSE,FALSE,FALSE,FALSE,FALSE,FALSE,FALSE,1,1,"singleton",0,0,0,0,0,0,0,0,0,0,0,3
"212269",56.48,2,2025-10-23,"41419127",58.4,"251226",NA,NA,1861,"2025",10,"Autumn",2021-02-23,2021-11-02,47.6774193548387,FALSE,"2021",2,"Winter","non-G-coded","female","2",56.48,"43-60",FALSE,FALSE,FALSE,FALSE,FALSE,FALSE,FALSE,FALSE,FALSE,FALSE,1,1,"singleton",0,1,0,1,0,1,0,1,0,1,0,10
"00054",56.64,3,2023-10-05,"854282维利纳诺",50.4,"235487","171790","10532",7572,"2023",10,"Autumn",2019-01-05,2021-10-02,24.0967741935484,FALSE,"2019",1,"Winter","non-G-coded","female","3",56.64,"43-60",FALSE,FALSE,FALSE,FALSE,FALSE,FALSE,FALSE,FALSE,FALSE,FALSE,1,1,"singleton",0,1,0,0,0,1,0,0,0,0,0,10
"00865",56.67,3,2024-04-04,"15420602",30.3,"240590","167285","60197",5934,"2024",4,"Spring",2019-07-04,2021-10-02,30.0666666666667,FALSE,"2019",7,"Summer","non-G-coded","female","3",56.67,"43-60",FALSE,FALSE,FALSE,FALSE,FALSE,FALSE,FALSE,FALSE,FALSE,FALSE,1,1,"singleton",1,0,1,0,1,0,1,0,0,0,0,4
"01268",56.74,3,2024-01-09,"865530狼血",30.8,"240071",NA,NA,6875,"2024",1,"Winter",2019-04-09,2021-10-02,27.2258064516129,FALSE,"2019",4,"Spring","non-G-coded","female","3",56.74,"43-60",FALSE,FALSE,FALSE,FALSE,FALSE,FALSE,FALSE,FALSE,FALSE,FALSE,1,1,"singleton",1,0,1,0,1,0,1,0,0,0,0,1
"20001",56.77,4,2023-10-10,"854282维利纳诺",52.3,"235505",NA,NA,7548,"2023",10,"Autumn",2019-01-10,2021-10-02,24.258064516129,FALSE,"2019",1,"Winter","non-G-coded","female","4",56.77,"43-60",FALSE,FALSE,FALSE,FALSE,FALSE,FALSE,FALSE,FALSE,FALSE,FALSE,1,1,"singleton",0,1,0,1,0,1,0,0,0,0,0,10
"00762",56.84,4,2024-03-06,"865530狼血",41.9,"240446",NA,NA,6216,"2024",3,"Spring",2019-06-06,2021-10-02,29.1290322580645,FALSE,"2019",6,"Summer","non-G-coded","female","4",56.84,"43-60",FALSE,FALSE,FALSE,FALSE,FALSE,FALSE,FALSE,FALSE,FALSE,FALSE,1,1,"singleton",0,0,0,0,0,0,0,0,0,0,0,3
"20064L",56.94,3,2024-06-28,"863025",44.5,"240891",NA,NA,5385,"2024",6,"Summer",2019-09-28,2021-10-02,32.8666666666667,FALSE,"2019",9,"Autumn","non-G-coded","female","3",56.94,"43-60",FALSE,FALSE,FALSE,FALSE,FALSE,FALSE,FALSE,TRUE,FALSE,FALSE,1,1,"singleton",0,0,0,0,0,0,0,0,0,0,0,6
"00727",57.07,3,2024-03-08,"FR7045049997",38.4,"240457","167285","60140",6196,"2024",3,"Spring",2019-06-08,2021-10-02,29.1935483870968,FALSE,"2019",6,"Summer","non-G-coded","female","3",57.07,"43-60",FALSE,FALSE,FALSE,FALSE,FALSE,FALSE,FALSE,FALSE,FALSE,FALSE,1,1,"singleton",0,0,0,0,0,0,0,0,0,0,0,3
"00068",57.17,4,2023-10-27,"854282维利纳诺",37.3,"235573",NA,NA,7461,"2023",10,"Autumn",2019-01-27,2021-10-02,24.8064516129032,FALSE,"2019",1,"Winter","non-G-coded","female","4",57.17,"43-60",FALSE,FALSE,FALSE,FALSE,FALSE,FALSE,FALSE,FALSE,FALSE,FALSE,1,1,"singleton",0,0,0,0,0,0,0,0,0,0,0,10
"01443",57.23,3,2024-07-25,"22220785",45.2,"240964",NA,NA,5283,"2024",7,"Summer",2019-10-25,2021-10-02,33.741935483871,FALSE,"2019",10,"Autumn","non-G-coded","female","3",57.23,"43-60",FALSE,FALSE,FALSE,FALSE,FALSE,FALSE,FALSE,FALSE,FALSE,FALSE,1,1,"singleton",0,0,0,0,0,0,0,0,0,0,0,7
"20034",57.26,4,2024-02-08,"862025瓦特罗",45.6,"240242",NA,NA,6573,"2024",2,"Winter",2019-05-08,2021-10-02,28.2068965517241,FALSE,"2019",5,"Spring","non-G-coded","female","4",57.26,"43-60",FALSE,FALSE,FALSE,FALSE,FALSE,FALSE,FALSE,FALSE,FALSE,FALSE,1,1,"singleton",0,0,0,0,0,0,0,0,0,0,0,2
"801073",57.3,4,2023-09-23,"7402563907",41.8,"235429",NA,NA,7646,"2023",9,"Autumn",2018-12-23,2021-10-02,23.7,FALSE,"2018",12,"Winter","non-G-coded","female","4",57.3,"43-60",FALSE,FALSE,FALSE,FALSE,FALSE,FALSE,FALSE,FALSE,FALSE,FALSE,1,1,"singleton",0,0,0,0,0,0,0,0,0,0,0,9
"212453",57.4,2,2025-12-23,"41120238",46.6,"251523",NA,NA,1273,"2025",12,"Winter",2021-03-23,2021-10-02,50.6774193548387,FALSE,"2021",3,"Spring","non-G-coded","female","2",57.4,"43-60",FALSE,FALSE,FALSE,FALSE,FALSE,FALSE,FALSE,FALSE,FALSE,FALSE,1,1,"singleton",0,0,0,0,0,0,0,0,0,0,0,12
"202231",57.4,4,2025-07-22,"15220402",44.6,"250935",NA,NA,2486,"2025",7,"Summer",2020-10-22,2021-10-02,45.6451612903226,FALSE,"2020",10,"Autumn","non-G-coded","female","4",57.4,"43-60",FALSE,FALSE,FALSE,FALSE,FALSE,FALSE,FALSE,FALSE,FALSE,FALSE,1,1,"singleton",0,0,0,0,0,0,0,0,0,0,0,7
"213308",57.5,3,2026-06-17,"41120238",50.4,"261603","2544424506","70418",36,"2026",6,"Summer",2021-08-17,2021-09-02,57.5,FALSE,"2021",8,"Summer","non-G-coded","female","3",57.5,"43-60",FALSE,FALSE,FALSE,FALSE,FALSE,FALSE,FALSE,FALSE,FALSE,FALSE,1,1,"singleton",0,1,0,0,0,1,0,0,0,0,0,6
"202165",57.53,3,2025-07-11,"11122975",37.2,"250900","41217462","70418",2556,"2025",7,"Summer",2020-09-11,2021-09-02,46.2903225806452,FALSE,"2020",9,"Autumn","non-G-coded","female","3",57.53,"43-60",FALSE,FALSE,FALSE,FALSE,FALSE,FALSE,FALSE,FALSE,FALSE,FALSE,1,1,"singleton",0,0,0,0,0,0,0,0,0,0,0,7
"800932",57.53,4,2023-09-11,"7402563907",32.7,"235372",NA,NA,7717,"2023",9,"Autumn",2018-11-11,2021-09-02,24.3,FALSE,"2018",11,"Autumn","non-G-coded","female","4",57.53,"43-60",FALSE,FALSE,FALSE,FALSE,FALSE,FALSE,FALSE,FALSE,FALSE,FALSE,1,1,"singleton",1,0,0,0,1,0,1,0,0,0,0,9
"00851L",57.63,4,2024-04-27,"22220785",38.9,"240686",NA,NA,5784,"2024",4,"Spring",2019-06-27,2021-09-02,31.8333333333333,FALSE,"2019",6,"Summer","non-G-coded","female","4",57.63,"43-60",FALSE,FALSE,FALSE,FALSE,FALSE,FALSE,FALSE,FALSE,FALSE,FALSE,1,1,"singleton",0,0,0,0,0,0,0,0,0,0,0,4
"201915",57.69,4,2025-05-12,"427133",44.4,"250690",NA,NA,2982,"2025",5,"Spring",2020-07-12,2021-09-02,44.3225806451613,FALSE,"2020",7,"Summer","non-G-coded","female","4",57.69,"43-60",FALSE,FALSE,FALSE,FALSE,FALSE,FALSE,FALSE,FALSE,FALSE,FALSE,1,1,"singleton",0,0,0,0,0,0,0,0,0,0,0,5
"01117",57.73,4,2024-07-23,"171206",48.4,"240956","186756","61870",5314,"2024",7,"Summer",2019-09-23,2021-09-02,34.6774193548387,FALSE,"2019",9,"Autumn","non-G-coded","female","4",57.73,"43-60",FALSE,FALSE,FALSE,FALSE,FALSE,FALSE,FALSE,FALSE,FALSE,FALSE,1,1,"singleton",0,0,0,0,0,0,0,0,0,0,0,7
"202179",57.92,4,2025-10-30,"15619011",36.2,"251258",NA,NA,1790,"2025",10,"Autumn",2020-12-30,2021-09-02,49.9032258064516,FALSE,"2020",12,"Winter","non-G-coded","female","4",57.92,"43-60",FALSE,FALSE,FALSE,FALSE,FALSE,FALSE,FALSE,FALSE,FALSE,FALSE,1,1,"singleton",0,0,0,0,1,0,0,0,0,0,0,10
"201890",57.96,4,2025-05-12,"427133",38.7,"250686","865530","l50552",2974,"2025",5,"Spring",2020-07-12,2021-09-02,44.3225806451613,FALSE,"2020",7,"Summer","non-G-coded","female","4",57.96,"43-60",FALSE,FALSE,FALSE,FALSE,FALSE,FALSE,FALSE,FALSE,FALSE,FALSE,1,1,"singleton",0,0,0,0,0,0,0,0,0,0,0,5
"00118",57.99,3,2023-12-02,"865530狼血",53.2,"235805",NA,NA,7248,"2023",12,"Winter",2019-02-02,2021-09-02,27,FALSE,"2019",2,"Winter","non-G-coded","female","3",57.99,"43-60",FALSE,FALSE,FALSE,FALSE,FALSE,FALSE,FALSE,FALSE,FALSE,FALSE,1,1,"singleton",0,1,0,1,0,1,0,1,0,0,0,12
"202043",58.05,3,2025-06-30,"22218621",41.7,"250865","606244","60803",2633,"2025",6,"Summer",2020-08-30,2021-09-02,45.9333333333333,FALSE,"2020",8,"Summer","non-G-coded","female","3",58.05,"43-60",FALSE,FALSE,FALSE,FALSE,FALSE,FALSE,FALSE,FALSE,FALSE,FALSE,1,1,"singleton",0,0,0,0,0,0,0,0,0,0,0,6
"00383",58.12,3,2024-02-08,"862025瓦特罗",39.5,"240253","171790","63039",6579,"2024",2,"Winter",2019-04-08,2021-09-02,29.2068965517241,FALSE,"2019",4,"Spring","non-G-coded","female","3",58.12,"43-60",FALSE,FALSE,FALSE,FALSE,FALSE,FALSE,FALSE,FALSE,FALSE,FALSE,1,1,"singleton",0,0,0,0,0,0,0,0,0,0,0,2
"00545",58.19,4,2024-03-12,"FR3917468802",43.2,"240477","167285","62451",6150,"2024",3,"Spring",2019-05-12,2021-09-02,30.3225806451613,FALSE,"2019",5,"Spring","non-G-coded","female","4",58.19,"43-60",FALSE,FALSE,FALSE,FALSE,FALSE,FALSE,FALSE,FALSE,FALSE,FALSE,1,1,"singleton",0,0,0,0,0,0,0,0,0,0,0,3
"800532",58.25,4,2023-06-05,"7402563907",37.5,"234850",NA,NA,8304,"2023",6,"Summer",2018-08-05,2021-09-02,21.1,FALSE,"2018",8,"Summer","non-G-coded","female","4",58.25,"43-60",FALSE,FALSE,FALSE,FALSE,FALSE,FALSE,FALSE,FALSE,FALSE,FALSE,1,1,"singleton",0,0,0,0,0,0,0,0,0,0,0,6
"Z800743",58.32,4,2024-06-09,"22220785",34.7,"240839",NA,NA,5487,"2024",6,"Summer",2019-08-09,2021-09-02,33.2333333333333,FALSE,"2019",8,"Summer","non-G-coded","female","4",58.32,"43-60",FALSE,FALSE,FALSE,FALSE,FALSE,FALSE,FALSE,FALSE,FALSE,FALSE,1,1,"singleton",1,0,0,0,1,0,1,0,0,0,0,6
"201578",58.38,4,2025-03-08,"427151",43.8,"250369","606244","62156",3630,"2025",3,"Spring",2020-05-08,2021-09-02,42.1935483870968,FALSE,"2020",5,"Spring","non-G-coded","female","4",58.38,"43-60",FALSE,FALSE,FALSE,FALSE,FALSE,FALSE,FALSE,FALSE,FALSE,FALSE,1,1,"singleton",0,0,0,0,0,0,0,0,0,0,0,3
"212108",58.45,3,2025-11-21,"41121286",44.3,"251365","180600","20100",1569,"2025",11,"Autumn",2021-01-21,2021-09-02,50.6333333333333,FALSE,"2021",1,"Winter","non-G-coded","female","3",58.45,"43-60",FALSE,FALSE,FALSE,FALSE,FALSE,FALSE,FALSE,FALSE,FALSE,FALSE,1,1,"singleton",0,0,0,0,0,0,0,0,0,0,0,11
"213265",58.48,4,2023-10-07,"7402563907",46.4,"235494","171350","62218",7561,"2023",10,"Autumn",2018-12-07,2021-09-02,25.1612903225806,FALSE,"2018",12,"Winter","non-G-coded","female","4",58.48,"43-60",FALSE,FALSE,FALSE,FALSE,FALSE,FALSE,FALSE,FALSE,FALSE,FALSE,1,1,"singleton",0,0,0,0,0,0,0,0,0,0,0,10
"212031",58.58,4,2025-11-20,"21219011",38.4,"251363","740640209","61537",1582,"2025",11,"Autumn",2020-12-20,2021-08-02,51.6,FALSE,"2020",12,"Winter","non-G-coded","female","4",58.58,"43-60",FALSE,FALSE,FALSE,FALSE,FALSE,FALSE,FALSE,FALSE,FALSE,FALSE,1,1,"singleton",0,0,0,0,0,0,0,0,0,0,0,11
"800861",58.61,4,2023-09-28,"7402563907",42.7,"235449","171350","ZL40229",7622,"2023",9,"Autumn",2018-10-28,2021-08-02,25.8666666666667,FALSE,"2018",10,"Autumn","non-G-coded","female","4",58.61,"43-60",FALSE,FALSE,FALSE,FALSE,FALSE,FALSE,FALSE,FALSE,FALSE,FALSE,1,1,"singleton",0,0,0,0,0,0,0,0,0,0,0,9
"800948",58.68,4,2023-10-18,"854282维利纳诺",47.8,"235526",NA,NA,7512,"2023",10,"Autumn",2018-11-18,2021-08-02,26.5161290322581,FALSE,"2018",11,"Autumn","non-G-coded","female","4",58.68,"43-60",FALSE,FALSE,FALSE,FALSE,FALSE,FALSE,FALSE,FALSE,FALSE,FALSE,1,1,"singleton",0,0,0,0,0,0,0,0,0,0,0,10
"00234",58.74,3,2024-02-19,"FR3917468802",46.7,"240329",NA,NA,6428,"2024",2,"Winter",2019-03-19,2021-08-02,30.5862068965517,FALSE,"2019",3,"Spring","non-G-coded","female","3",58.74,"43-60",FALSE,FALSE,FALSE,FALSE,FALSE,FALSE,FALSE,FALSE,FALSE,FALSE,1,1,"singleton",0,0,0,0,0,0,0,0,0,0,0,2
"00969",58.78,3,2024-07-21,"865530狼血",37.5,"240948",NA,NA,5327,"2024",7,"Summer",2019-08-21,2021-08-02,35.6129032258064,FALSE,"2019",8,"Summer","non-G-coded","female","3",58.78,"43-60",FALSE,FALSE,FALSE,FALSE,FALSE,FALSE,FALSE,FALSE,FALSE,FALSE,1,1,"singleton",0,0,0,0,0,0,0,0,0,0,0,7
"800609",58.78,4,2023-08-05,"7402563907",32.7,"235163","171350","Z60815",7951,"2023",8,"Summer",2018-09-05,2021-08-02,24.0967741935484,FALSE,"2018",9,"Autumn","non-G-coded","female","4",58.78,"43-60",FALSE,FALSE,FALSE,FALSE,FALSE,FALSE,FALSE,FALSE,FALSE,FALSE,1,1,"singleton",1,0,0,0,1,0,1,0,0,0,0,8
"00729",58.91,4,2024-05-03,"22220785",49.4,"240702",NA,NA,5744,"2024",5,"Spring",2019-06-03,2021-08-02,33.0322580645161,FALSE,"2019",6,"Summer","non-G-coded","female","4",58.91,"43-60",FALSE,FALSE,FALSE,FALSE,FALSE,FALSE,FALSE,FALSE,FALSE,FALSE,1,1,"singleton",0,0,0,0,0,1,0,0,0,0,0,5
"201743",58.94,4,2025-04-29,"427133",40.7,"250631","865530","60261",3103,"2025",4,"Spring",2020-05-29,2021-08-02,44.9,FALSE,"2020",5,"Spring","non-G-coded","female","4",58.94,"43-60",FALSE,FALSE,FALSE,FALSE,FALSE,FALSE,FALSE,FALSE,FALSE,FALSE,1,1,"singleton",0,0,0,0,0,0,0,0,0,0,0,4
"212940",58.97,4,2026-04-20,"21219011",41.4,"261413","186967","800361",383,"2026",4,"Spring",2021-05-20,2021-08-02,56.6,FALSE,"2021",5,"Spring","non-G-coded","female","4",58.97,"43-60",FALSE,FALSE,FALSE,FALSE,FALSE,FALSE,FALSE,FALSE,FALSE,FALSE,1,1,"singleton",0,0,0,0,0,0,0,0,0,0,0,4
"201560",59.01,4,2025-12-02,"41121286",48.5,"251417","740640209","800629",1465,"2025",12,"Winter",2021-01-02,2021-08-02,52,FALSE,"2021",1,"Winter","non-G-coded","female","4",59.01,"43-60",FALSE,FALSE,FALSE,FALSE,FALSE,FALSE,FALSE,FALSE,FALSE,FALSE,1,1,"singleton",0,0,0,0,0,1,0,0,0,0,0,12
"212046",59.04,4,2025-11-27,"41121286",51.6,"251394",NA,NA,1509,"2025",11,"Autumn",2020-12-27,2021-08-02,51.8333333333333,FALSE,"2020",12,"Winter","non-G-coded","female","4",59.04,"43-60",FALSE,FALSE,FALSE,FALSE,FALSE,FALSE,FALSE,FALSE,FALSE,FALSE,1,1,"singleton",0,1,0,0,0,1,0,0,0,0,0,11
"800681",59.07,4,2023-08-28,"7402563907",29.1,"235285","171350","60909",7812,"2023",8,"Summer",2018-09-28,2021-08-02,24.8387096774194,FALSE,"2018",9,"Autumn","non-G-coded","female","4",59.07,"43-60",FALSE,FALSE,FALSE,FALSE,FALSE,FALSE,FALSE,FALSE,FALSE,FALSE,1,1,"singleton",1,0,1,0,1,0,1,0,1,0,0,8
"00165",59.11,4,2024-01-15,"FR7045049997",40.3,"240098L",NA,NA,6819,"2024",1,"Winter",2019-02-15,2021-08-02,29.4193548387097,FALSE,"2019",2,"Winter","non-G-coded","female","4",59.11,"43-60",FALSE,FALSE,FALSE,FALSE,FALSE,FALSE,FALSE,FALSE,FALSE,FALSE,1,1,"singleton",0,0,0,0,0,0,0,0,0,0,0,1
"H213054",59.24,4,2025-10-03,"15620193",42.3,"251145","163940","800835",2032,"2025",10,"Autumn",2020-11-03,2021-08-02,50.0322580645161,FALSE,"2020",11,"Autumn","non-G-coded","female","4",59.24,"43-60",FALSE,FALSE,FALSE,FALSE,FALSE,FALSE,FALSE,FALSE,FALSE,FALSE,1,1,"singleton",0,0,0,0,0,0,0,0,0,0,0,10
"00109",59.3,3,2024-01-08,"FR7045049997",48.7,"240062","171790","62139",6886,"2024",1,"Winter",2019-02-08,2021-08-02,29.1935483870968,FALSE,"2019",2,"Winter","non-G-coded","female","3",59.3,"43-60",FALSE,FALSE,FALSE,FALSE,FALSE,FALSE,FALSE,FALSE,FALSE,FALSE,1,1,"singleton",0,0,0,0,0,1,0,0,0,0,0,1
"90019",59.4,3,2023-08-31,"854773威吉吉",38.8,"235305",NA,NA,7784,"2023",8,"Summer",2018-09-30,2021-08-02,24.9354838709677,FALSE,"2018",9,"Autumn","non-G-coded","female","3",59.4,"43-60",FALSE,FALSE,FALSE,FALSE,FALSE,FALSE,FALSE,FALSE,FALSE,FALSE,1,1,"singleton",0,0,0,0,0,0,0,0,0,0,0,8
"212598",59.5,4,2026-02-15,"41222118",41.6,"260113",NA,NA,967,"2026",2,"Winter",2021-02-15,2021-07-02,55.4642857142857,FALSE,"2021",2,"Winter","non-G-coded","female","4",59.5,"43-60",FALSE,FALSE,FALSE,FALSE,FALSE,FALSE,FALSE,FALSE,FALSE,FALSE,1,1,"singleton",0,0,0,0,0,0,0,0,0,0,0,2
"800184",59.53,3,2023-03-14,"7029225762",45.6,"234391",NA,NA,8924,"2023",3,"Spring",2018-03-14,2021-07-02,20.3870967741935,FALSE,"2018",3,"Spring","non-G-coded","female","3",59.53,"43-60",FALSE,FALSE,FALSE,FALSE,FALSE,FALSE,FALSE,FALSE,FALSE,FALSE,1,1,"singleton",0,0,0,0,0,0,0,0,0,0,0,3
"212411",59.63,3,2026-02-25,"41121296",40.3,"260139","180781","00247",902,"2026",2,"Winter",2021-02-25,2021-07-02,55.8214285714286,FALSE,"2021",2,"Winter","non-G-coded","female","3",59.63,"43-60",FALSE,FALSE,FALSE,FALSE,FALSE,FALSE,FALSE,FALSE,FALSE,FALSE,1,1,"singleton",0,0,0,0,0,0,0,0,0,0,0,2
"00674",59.7,4,2024-05-17,"22220785",39.4,"240752","186756","BU13008",5643,"2024",5,"Spring",2019-05-17,2021-07-02,34.4838709677419,FALSE,"2019",5,"Spring","non-G-coded","female","4",59.7,"43-60",FALSE,FALSE,FALSE,FALSE,FALSE,FALSE,FALSE,FALSE,FALSE,FALSE,1,1,"singleton",0,0,0,0,0,0,0,0,0,0,0,5
"201606",59.73,4,2025-04-23,"427133",34,"250591","606244","62490",3179,"2025",4,"Spring",2020-04-23,2021-07-02,45.7,FALSE,"2020",4,"Spring","non-G-coded","female","4",59.73,"43-60",FALSE,FALSE,FALSE,FALSE,FALSE,FALSE,FALSE,FALSE,FALSE,FALSE,1,1,"singleton",1,0,0,0,1,0,1,0,0,0,0,4
"212636",59.83,3,2026-04-07,"41120238",40.5,"261365","606318","61176",479,"2026",4,"Spring",2021-04-07,2021-07-02,57.1666666666667,FALSE,"2021",4,"Spring","non-G-coded","female","3",59.83,"43-60",FALSE,FALSE,FALSE,FALSE,FALSE,FALSE,FALSE,FALSE,FALSE,FALSE,1,1,"singleton",0,0,0,0,0,0,0,0,0,0,0,4
"212606",59.93,4,2026-04-05,"21219011",34.6,"261353","7029225762","60951",496,"2026",4,"Spring",2021-04-05,2021-07-02,57.1,FALSE,"2021",4,"Spring","non-G-coded","female","4",59.93,"43-60",FALSE,FALSE,FALSE,FALSE,FALSE,FALSE,FALSE,FALSE,FALSE,FALSE,1,1,"singleton",1,0,0,0,1,0,1,0,0,0,0,4
"00368",59.99,4,2024-05-28,"863025",42.2,"240782",NA,NA,5586,"2024",5,"Spring",2019-05-28,2021-07-02,34.8387096774194,FALSE,"2019",5,"Spring","non-G-coded","female","4",59.99,"43-60",FALSE,FALSE,FALSE,FALSE,FALSE,FALSE,FALSE,FALSE,FALSE,FALSE,1,1,"singleton",0,0,0,0,0,0,0,0,0,0,0,5
"00049",60.09,4,2024-01-15,"FR7045049997",51.2,"240101",NA,NA,6827,"2024",1,"Winter",2019-01-15,2021-07-02,30.4193548387097,FALSE,"2019",1,"Winter","non-G-coded","female","4",60.09,">60",FALSE,FALSE,FALSE,FALSE,FALSE,FALSE,FALSE,FALSE,FALSE,FALSE,1,1,"singleton",0,1,0,0,0,1,0,0,0,0,0,1
"00726",60.19,4,2024-06-10,"22220785",51.6,"240842",NA,NA,5481,"2024",6,"Summer",2019-06-10,2021-07-02,35.2666666666667,FALSE,"2019",6,"Summer","non-G-coded","female","4",60.19,">60",FALSE,FALSE,FALSE,FALSE,FALSE,FALSE,FALSE,FALSE,FALSE,FALSE,1,1,"singleton",0,1,0,0,0,1,0,0,0,0,0,6
"00627",60.32,2,2024-05-26,"22220785",39.5,"240773",NA,NA,5596,"2024",5,"Spring",2019-05-26,2021-07-02,34.7741935483871,FALSE,"2019",5,"Spring","non-G-coded","female","2",60.32,">60",FALSE,FALSE,FALSE,FALSE,FALSE,FALSE,FALSE,FALSE,FALSE,FALSE,1,1,"singleton",0,0,0,0,0,0,0,0,0,0,0,5
"212612",60.36,3,2026-06-05,"41120238",44.4,"261559",NA,NA,97,"2026",6,"Summer",2021-06-05,2021-07-02,59.1,FALSE,"2021",6,"Summer","non-G-coded","female","3",60.36,">60",FALSE,FALSE,FALSE,FALSE,FALSE,FALSE,FALSE,FALSE,FALSE,FALSE,1,1,"singleton",0,0,0,0,0,0,0,0,0,0,0,6
"800914",60.39,4,2023-12-04,"865530狼血",39.7,"235825",NA,NA,7229,"2023",12,"Winter",2018-12-04,2021-07-02,29.0645161290323,FALSE,"2018",12,"Winter","non-G-coded","female","4",60.39,">60",FALSE,FALSE,FALSE,FALSE,FALSE,FALSE,FALSE,FALSE,FALSE,FALSE,1,1,"singleton",0,0,0,0,0,0,0,0,0,0,0,12
"20015",60.45,4,2024-07-27,"171206",36.6,"240972",NA,NA,5274,"2024",7,"Summer",2019-07-27,2021-07-02,36.8064516129032,FALSE,"2019",7,"Summer","non-G-coded","female","4",60.45,">60",FALSE,FALSE,FALSE,FALSE,FALSE,FALSE,FALSE,FALSE,FALSE,FALSE,1,1,"singleton",0,0,0,0,0,0,0,0,0,0,0,7
"00417",60.52,4,2024-04-26,"22220785",50.8,"240678",NA,NA,5790,"2024",4,"Spring",2019-03-26,2021-06-02,34.8,FALSE,"2019",3,"Spring","non-G-coded","female","4",60.52,">60",FALSE,FALSE,FALSE,FALSE,FALSE,FALSE,FALSE,FALSE,FALSE,FALSE,1,1,"singleton",0,1,0,0,0,1,0,0,0,0,0,4
"801035",60.62,4,2023-12-30,"FR7045049997",37.2,"240013","171350","61078",6967,"2023",12,"Winter",2018-11-30,2021-06-02,30.9032258064516,FALSE,"2018",11,"Autumn","non-G-coded","female","4",60.62,">60",FALSE,FALSE,FALSE,FALSE,FALSE,FALSE,FALSE,FALSE,FALSE,FALSE,1,1,"singleton",0,0,0,0,0,0,0,0,0,0,0,12
"201524",60.68,4,2025-05-08,"22218621",43.8,"250662","606244","70030",3019,"2025",5,"Spring",2020-04-08,2021-06-02,47.1935483870968,FALSE,"2020",4,"Spring","non-G-coded","female","4",60.68,">60",FALSE,FALSE,FALSE,FALSE,FALSE,FALSE,FALSE,FALSE,FALSE,FALSE,1,1,"singleton",0,0,0,0,0,0,0,0,0,0,0,5
"212976",60.78,4,2026-06-20,"41120238",42.4,"261616","7029225762","14250",14,"2026",6,"Summer",2021-05-20,2021-06-02,60.6,FALSE,"2021",5,"Spring","non-G-coded","female","4",60.78,">60",FALSE,FALSE,FALSE,FALSE,FALSE,FALSE,FALSE,FALSE,FALSE,FALSE,1,1,"singleton",0,0,0,0,0,0,0,0,0,0,0,6
"201539",60.85,3,2025-05-15,"427133",37.3,"250709","606244","140246",2948,"2025",5,"Spring",2020-04-15,2021-06-02,47.4193548387097,FALSE,"2020",4,"Spring","non-G-coded","female","3",60.85,">60",FALSE,FALSE,FALSE,FALSE,FALSE,FALSE,FALSE,FALSE,FALSE,FALSE,1,1,"singleton",0,0,0,0,0,0,0,0,0,0,0,5
"201220",60.91,4,2025-03-21,"22218621",43.4,"250434","606192","2005",3495,"2025",3,"Spring",2020-02-21,2021-06-02,45.6129032258064,FALSE,"2020",2,"Winter","non-G-coded","female","4",60.91,">60",FALSE,FALSE,FALSE,FALSE,FALSE,FALSE,FALSE,FALSE,FALSE,FALSE,1,1,"singleton",0,0,0,0,0,0,0,0,0,0,0,3
"00079",60.98,4,2024-02-23,"862025瓦特罗",46.2,"240365","171790","61991",6365,"2024",2,"Winter",2019-01-23,2021-06-02,32.7241379310345,FALSE,"2019",1,"Winter","non-G-coded","female","4",60.98,">60",FALSE,FALSE,FALSE,FALSE,FALSE,FALSE,FALSE,FALSE,FALSE,FALSE,1,1,"singleton",0,0,0,0,0,0,0,0,0,0,0,2
"800063",61.01,4,2023-03-02,"854773威吉吉",45.3,"234321",NA,NA,9049,"2023",3,"Spring",2018-02-02,2021-06-02,21,FALSE,"2018",2,"Winter","non-G-coded","female","4",61.01,">60",FALSE,FALSE,FALSE,FALSE,FALSE,FALSE,FALSE,FALSE,FALSE,FALSE,1,1,"singleton",0,0,0,0,0,0,0,0,0,0,0,3
"H800013",61.08,4,2023-02-02,"871041文尼哥",48.3,"L213662",NA,NA,9269,"2023",2,"Winter",2018-01-02,2021-06-02,20,FALSE,"2018",1,"Winter","non-G-coded","female","4",61.08,">60",FALSE,FALSE,FALSE,FALSE,FALSE,FALSE,FALSE,FALSE,FALSE,FALSE,1,1,"singleton",0,0,0,0,0,0,0,0,0,0,0,2
"212367",61.14,4,2026-04-06,"41120238",37.2,"261355",NA,NA,484,"2026",4,"Spring",2021-03-06,2021-06-02,58.1333333333333,FALSE,"2021",3,"Spring","non-G-coded","female","4",61.14,">60",FALSE,FALSE,FALSE,FALSE,FALSE,FALSE,FALSE,FALSE,FALSE,FALSE,1,1,"singleton",0,0,0,0,0,0,0,0,0,0,0,4
"801133",61.21,4,2023-08-06,"854773威吉吉",39.5,"235167",NA,NA,7945,"2023",8,"Summer",2018-07-06,2021-06-02,26.1290322580645,FALSE,"2018",7,"Summer","non-G-coded","female","4",61.21,">60",FALSE,FALSE,FALSE,FALSE,FALSE,FALSE,FALSE,FALSE,FALSE,FALSE,1,1,"singleton",0,0,0,0,0,0,0,0,0,0,0,8
"00448",61.31,4,2024-05-26,"22220785",42.6,"240778","171790","62170",5601,"2024",5,"Spring",2019-04-26,2021-06-02,35.7741935483871,FALSE,"2019",4,"Spring","non-G-coded","female","4",61.31,">60",FALSE,FALSE,FALSE,FALSE,FALSE,FALSE,FALSE,FALSE,FALSE,FALSE,1,1,"singleton",0,0,0,0,0,0,0,0,0,0,0,5
"801056",61.37,3,2024-01-24,"865530狼血",45.1,"240142","171350","62213",6759,"2024",1,"Winter",2018-12-24,2021-06-02,31.7096774193548,FALSE,"2018",12,"Winter","non-G-coded","female","3",61.37,">60",FALSE,FALSE,FALSE,FALSE,FALSE,FALSE,FALSE,FALSE,FALSE,FALSE,1,1,"singleton",0,0,0,0,0,0,0,0,0,0,0,1
"802517",61.44,4,2023-07-04,"7402563907",28.6,"234986",NA,NA,8141,"2023",7,"Summer",2018-06-04,2021-06-02,25.0645161290323,FALSE,"2018",6,"Summer","non-G-coded","female","4",61.44,">60",FALSE,FALSE,FALSE,FALSE,FALSE,FALSE,FALSE,FALSE,FALSE,FALSE,1,1,"singleton",1,0,1,0,1,0,1,0,1,0,0,7
"00549",61.54,4,2024-06-23,"22220785",37.6,"240875",NA,NA,5411,"2024",6,"Summer",2019-04-23,2021-05-02,37.7,FALSE,"2019",4,"Spring","non-G-coded","female","4",61.54,">60",FALSE,FALSE,FALSE,FALSE,FALSE,FALSE,FALSE,FALSE,FALSE,FALSE,1,1,"singleton",0,0,0,0,0,0,0,0,0,0,0,6
"800355",61.64,4,2023-07-11,"7402563907",43.4,"235025",NA,NA,8123,"2023",7,"Summer",2018-05-11,2021-05-02,26.2903225806452,FALSE,"2018",5,"Spring","non-G-coded","female","4",61.64,">60",FALSE,FALSE,FALSE,FALSE,FALSE,FALSE,FALSE,FALSE,FALSE,FALSE,1,1,"singleton",0,0,0,0,0,0,0,0,0,0,0,7
"800805",61.67,4,2023-12-13,"FR7045049997",37.5,"235861",NA,NA,7163,"2023",12,"Winter",2018-10-13,2021-05-02,31.3548387096774,FALSE,"2018",10,"Autumn","non-G-coded","female","4",61.67,">60",FALSE,FALSE,FALSE,FALSE,FALSE,FALSE,FALSE,FALSE,FALSE,FALSE,1,1,"singleton",0,0,0,0,0,0,0,0,0,0,0,12
"212310",61.74,4,2026-04-13,"21219011",50.2,"261984","740640209","65037",433,"2026",4,"Spring",2021-02-13,2021-05-02,59.3666666666667,FALSE,"2021",2,"Winter","non-G-coded","female","4",61.74,">60",FALSE,FALSE,FALSE,FALSE,FALSE,FALSE,FALSE,FALSE,FALSE,FALSE,1,1,"singleton",0,1,0,0,0,1,0,0,0,0,0,4
"800707",61.8,4,2023-11-26,"854400西部公园",52.3,"235738",NA,NA,7278,"2023",11,"Autumn",2018-09-26,2021-05-02,30.8,FALSE,"2018",9,"Autumn","non-G-coded","female","4",61.8,">60",FALSE,FALSE,FALSE,FALSE,FALSE,FALSE,FALSE,FALSE,FALSE,FALSE,1,1,"singleton",0,1,0,1,0,1,0,0,0,0,0,11
"00491",61.83,4,2024-06-24,"171206",51.3,"240880",NA,NA,5407,"2024",6,"Summer",2019-04-24,2021-05-02,37.7333333333333,FALSE,"2019",4,"Spring","non-G-coded","female","4",61.83,">60",FALSE,FALSE,FALSE,FALSE,FALSE,FALSE,FALSE,FALSE,FALSE,FALSE,1,1,"singleton",0,1,0,0,0,1,0,0,0,0,0,6
"212177",62.03,3,2026-03-23,"21219011",40.2,"261263",NA,NA,652,"2026",3,"Spring",2021-01-23,2021-05-02,58.6774193548387,FALSE,"2021",1,"Winter","non-G-coded","female","3",62.03,">60",FALSE,FALSE,FALSE,FALSE,FALSE,FALSE,FALSE,FALSE,FALSE,FALSE,1,1,"singleton",0,0,0,0,0,0,0,0,0,0,0,3
"201355",62.06,4,2025-05-06,"22218621",43.2,"250657",NA,NA,3052,"2025",5,"Spring",2020-03-06,2021-05-02,48.1290322580645,FALSE,"2020",3,"Spring","non-G-coded","female","4",62.06,">60",FALSE,FALSE,FALSE,FALSE,FALSE,FALSE,FALSE,FALSE,FALSE,FALSE,1,1,"singleton",0,0,0,0,0,0,0,0,0,0,0,5
"H01036",62.13,4,2025-08-16,"22121209",42.2,"251006","865530","60494",2335,"2025",8,"Summer",2020-06-16,2021-05-02,51.4516129032258,FALSE,"2020",6,"Summer","non-G-coded","female","4",62.13,">60",FALSE,FALSE,FALSE,FALSE,FALSE,FALSE,FALSE,FALSE,FALSE,FALSE,1,1,"singleton",0,0,0,0,0,0,0,0,0,0,0,8
"201208",62.2,4,2025-04-28,"427133",43.5,"250626",NA,NA,3117,"2025",4,"Spring",2020-02-28,2021-05-02,47.8666666666667,FALSE,"2020",2,"Winter","non-G-coded","female","4",62.2,">60",FALSE,FALSE,FALSE,FALSE,FALSE,FALSE,FALSE,FALSE,FALSE,FALSE,1,1,"singleton",0,0,0,0,0,0,0,0,0,0,0,4
"L202368",62.29,4,2025-06-01,"863302",26.8,"250768",NA,NA,2823,"2025",6,"Summer",2020-04-01,2021-05-02,48.9677419354839,FALSE,"2020",4,"Spring","non-G-coded","female","4",62.29,">60",FALSE,FALSE,FALSE,FALSE,FALSE,FALSE,FALSE,FALSE,FALSE,FALSE,1,1,"singleton",1,0,1,0,1,0,1,0,1,0,0,6
"202185",62.39,4,2025-12-10,"21219011",38.7,"251467","65117502","60749",1373,"2025",12,"Winter",2020-10-10,2021-05-02,55.258064516129,FALSE,"2020",10,"Autumn","non-G-coded","female","4",62.39,">60",FALSE,FALSE,FALSE,FALSE,FALSE,FALSE,FALSE,FALSE,FALSE,FALSE,1,1,"singleton",0,0,0,0,0,0,0,0,0,0,0,12
"800470",62.43,4,2023-09-12,"865530狼血",50.3,"235379",NA,NA,7713,"2023",9,"Autumn",2018-07-12,2021-05-02,28.3333333333333,FALSE,"2018",7,"Summer","non-G-coded","female","4",62.43,">60",FALSE,FALSE,FALSE,FALSE,FALSE,FALSE,FALSE,FALSE,FALSE,FALSE,1,1,"singleton",0,1,0,0,0,1,0,0,0,0,0,9
"212115",62.52,4,2026-03-26,"41121286",45.7,"261286","7402563907","40594",615,"2026",3,"Spring",2020-12-26,2021-04-02,59.7741935483871,FALSE,"2020",12,"Winter","non-G-coded","female","4",62.52,">60",FALSE,FALSE,FALSE,FALSE,FALSE,FALSE,FALSE,FALSE,FALSE,FALSE,1,1,"singleton",0,0,0,0,0,0,0,0,0,0,0,3
"L213381",62.56,4,2023-12-16,"865530狼血",44.6,"235889",NA,NA,7119,"2023",12,"Winter",2018-09-16,2021-04-02,32.4516129032258,FALSE,"2018",9,"Autumn","non-G-coded","female","4",62.56,">60",FALSE,FALSE,FALSE,FALSE,FALSE,FALSE,FALSE,FALSE,FALSE,FALSE,1,1,"singleton",0,0,0,0,0,0,0,0,0,0,0,12
"800093",62.59,4,2023-05-12,"7402563907",49.2,"234730","178434","10448",8455,"2023",5,"Spring",2018-02-12,2021-04-02,25.3225806451613,FALSE,"2018",2,"Winter","non-G-coded","female","4",62.59,">60",FALSE,FALSE,FALSE,FALSE,FALSE,FALSE,FALSE,FALSE,FALSE,FALSE,1,1,"singleton",0,0,0,0,0,1,0,0,0,0,0,5
"201230",62.72,4,2025-05-16,"427133",32.2,"250714","606192","91102",2937,"2025",5,"Spring",2020-02-16,2021-04-02,49.4516129032258,FALSE,"2020",2,"Winter","non-G-coded","female","4",62.72,">60",FALSE,FALSE,FALSE,FALSE,FALSE,FALSE,FALSE,FALSE,FALSE,FALSE,1,1,"singleton",1,0,1,0,1,0,1,0,0,0,0,5
"201397",62.79,2,2025-06-22,"22218621",40.7,"250830","606244","60020",2695,"2025",6,"Summer",2020-03-22,2021-04-02,50.6666666666667,FALSE,"2020",3,"Spring","non-G-coded","female","2",62.79,">60",FALSE,FALSE,FALSE,FALSE,FALSE,FALSE,FALSE,FALSE,FALSE,FALSE,1,1,"singleton",0,0,0,0,0,0,0,0,0,0,0,6
"800568",62.98,2,2023-11-16,"865530狼血",45.2,"235691",NA,NA,7337,"2023",11,"Autumn",2018-08-16,2021-04-02,31.4666666666667,FALSE,"2018",8,"Summer","non-G-coded","female","2",62.98,">60",FALSE,FALSE,FALSE,FALSE,FALSE,FALSE,FALSE,FALSE,FALSE,FALSE,1,1,"singleton",0,0,0,0,0,0,0,0,0,0,0,11
"00284",63.05,3,2024-06-14,"22220785",44.2,"240852","171790","61819",5454,"2024",6,"Summer",2019-03-14,2021-04-02,38.4,FALSE,"2019",3,"Spring","non-G-coded","female","3",63.05,">60",FALSE,FALSE,FALSE,FALSE,FALSE,FALSE,FALSE,FALSE,FALSE,FALSE,1,1,"singleton",0,0,0,0,0,0,0,0,0,0,0,6
"00103",63.08,4,2024-01-22,"865530狼血",48.2,"240127",NA,NA,6775,"2024",1,"Winter",2018-10-22,2021-04-02,33.6451612903226,FALSE,"2018",10,"Autumn","non-G-coded","female","4",63.08,">60",FALSE,FALSE,FALSE,FALSE,FALSE,FALSE,FALSE,FALSE,FALSE,FALSE,1,1,"singleton",0,0,0,0,0,0,0,0,0,0,0,1
"800612",63.15,4,2023-12-17,"854773威吉吉",32.4,"235899","171350","LX202",7105,"2023",12,"Winter",2018-09-17,2021-04-02,32.4838709677419,FALSE,"2018",9,"Autumn","non-G-coded","female","4",63.15,">60",FALSE,FALSE,FALSE,FALSE,FALSE,FALSE,FALSE,FALSE,FALSE,FALSE,1,1,"singleton",1,0,0,0,1,0,1,0,0,0,0,12
"201488",63.21,4,2025-07-17,"22122089",35.8,"250915","606244","62106",2520,"2025",7,"Summer",2020-04-17,2021-04-02,51.4838709677419,FALSE,"2020",4,"Spring","non-G-coded","female","4",63.21,">60",FALSE,FALSE,FALSE,FALSE,FALSE,FALSE,FALSE,FALSE,FALSE,FALSE,1,1,"singleton",0,0,0,0,1,0,1,0,0,0,0,7
"800778",63.35,4,2024-01-27,"FR7045049997",40.1,"240161","171350","L50662",6727,"2024",1,"Winter",2018-10-27,2021-04-02,33.8064516129032,FALSE,"2018",10,"Autumn","non-G-coded","female","4",63.35,">60",FALSE,FALSE,FALSE,FALSE,FALSE,FALSE,FALSE,FALSE,FALSE,FALSE,1,1,"singleton",0,0,0,0,0,0,0,0,0,0,0,1
"212071",63.48,4,2026-04-14,"41120238",41.8,"261389","740640209","70660",428,"2026",4,"Spring",2021-01-14,2021-04-02,60.4,FALSE,"2021",1,"Winter","non-G-coded","female","4",63.48,">60",FALSE,FALSE,FALSE,FALSE,FALSE,FALSE,FALSE,FALSE,FALSE,FALSE,1,1,"singleton",0,0,0,0,0,0,0,0,0,0,0,4
"201796",63.54,3,2025-10-04,"15618075",37.5,"251149",NA,NA,2016,"2025",10,"Autumn",2020-06-04,2021-03-02,55.0645161290323,FALSE,"2020",6,"Summer","non-G-coded","female","3",63.54,">60",FALSE,FALSE,FALSE,FALSE,FALSE,FALSE,FALSE,FALSE,FALSE,FALSE,1,1,"singleton",0,0,0,0,0,0,0,0,0,0,0,10
"800619",63.68,4,2024-01-04,"FR7045049997",28,"240044","171350","2031",6922,"2024",1,"Winter",2018-09-04,2021-03-02,34.0645161290323,FALSE,"2018",9,"Autumn","non-G-coded","female","4",63.68,">60",FALSE,FALSE,FALSE,FALSE,FALSE,FALSE,FALSE,FALSE,FALSE,FALSE,1,1,"singleton",1,0,1,0,1,0,1,0,1,0,0,1
"212237",63.77,2,2026-05-25,"21219011",36.4,"261524",NA,NA,177,"2026",5,"Spring",2021-01-25,2021-03-02,62.741935483871,FALSE,"2021",1,"Winter","non-G-coded","female","2",63.77,">60",FALSE,FALSE,FALSE,FALSE,FALSE,FALSE,FALSE,FALSE,FALSE,FALSE,1,1,"singleton",0,0,0,0,1,0,0,0,0,0,0,5
"801155",63.77,4,2023-10-08,"865530狼血",44.5,"235496",NA,NA,7558,"2023",10,"Autumn",2018-06-08,2021-03-02,31.1935483870968,FALSE,"2018",6,"Summer","non-G-coded","female","4",63.77,">60",FALSE,FALSE,FALSE,FALSE,FALSE,FALSE,FALSE,FALSE,FALSE,FALSE,1,1,"singleton",0,0,0,0,0,0,0,0,0,0,0,10
"800179",63.87,4,2023-07-21,"854773威吉吉",41.3,"235098",NA,NA,8048,"2023",7,"Summer",2018-03-21,2021-03-02,28.6129032258065,FALSE,"2018",3,"Spring","non-G-coded","female","4",63.87,">60",FALSE,FALSE,FALSE,FALSE,FALSE,FALSE,FALSE,FALSE,FALSE,FALSE,1,1,"singleton",0,0,0,0,0,0,0,0,0,0,0,7
"202188",64.04,4,2026-01-30,"21219011",51.2,"260063",NA,NA,1065,"2026",1,"Winter",2020-09-30,2021-03-02,58.9032258064516,FALSE,"2020",9,"Autumn","non-G-coded","female","4",64.04,">60",FALSE,FALSE,FALSE,FALSE,FALSE,FALSE,FALSE,FALSE,FALSE,FALSE,1,1,"singleton",0,1,0,0,0,1,0,0,0,0,0,1
"202333",64.14,4,2026-02-28,"41121296",49.8,"260152","163940","62227",879,"2026",2,"Winter",2020-10-28,2021-03-02,59.9285714285714,FALSE,"2020",10,"Autumn","non-G-coded","female","4",64.14,">60",FALSE,FALSE,FALSE,FALSE,FALSE,FALSE,FALSE,FALSE,FALSE,FALSE,1,1,"singleton",0,1,0,0,0,1,0,0,0,0,0,2
"212146",64.23,4,2026-05-22,"41120238",49.8,"261509","180781","800077",204,"2026",5,"Spring",2021-01-22,2021-03-02,62.6451612903226,FALSE,"2021",1,"Winter","non-G-coded","female","4",64.23,">60",FALSE,FALSE,FALSE,FALSE,FALSE,FALSE,FALSE,FALSE,FALSE,FALSE,1,1,"singleton",0,1,0,0,0,1,0,0,0,0,0,5
"212244",64.37,4,2026-06-14,"21219011",43.5,"261594","7402563907","L150112",45,"2026",6,"Summer",2021-02-14,2021-03-02,63.4,FALSE,"2021",2,"Winter","non-G-coded","female","4",64.37,">60",FALSE,FALSE,FALSE,FALSE,FALSE,FALSE,FALSE,FALSE,FALSE,FALSE,1,1,"singleton",0,0,0,0,0,0,0,0,0,0,0,6
"201928",64.56,4,2025-12-13,"41121286",49.7,"251477",NA,NA,1348,"2025",12,"Winter",2020-07-13,2021-02-02,58.3548387096774,FALSE,"2020",7,"Summer","non-G-coded","female","4",64.56,">60",FALSE,FALSE,FALSE,FALSE,FALSE,FALSE,FALSE,FALSE,FALSE,FALSE,1,1,"singleton",0,0,0,0,0,1,0,0,0,0,0,12
"800524",64.66,4,2023-12-11,"865530狼血",42.2,"235850",NA,NA,7180,"2023",12,"Winter",2018-07-11,2021-02-02,34.2903225806452,FALSE,"2018",7,"Summer","non-G-coded","female","4",64.66,">60",FALSE,FALSE,FALSE,FALSE,FALSE,FALSE,FALSE,FALSE,FALSE,FALSE,1,1,"singleton",0,0,0,0,0,0,0,0,0,0,0,12
"800720",64.73,4,2024-02-25,"FR3917468802",48.4,"240378","171350","61795",6330,"2024",2,"Winter",2018-09-25,2021-02-02,36.7931034482759,FALSE,"2018",9,"Autumn","non-G-coded","female","4",64.73,">60",FALSE,FALSE,FALSE,FALSE,FALSE,FALSE,FALSE,FALSE,FALSE,FALSE,1,1,"singleton",0,0,0,0,0,0,0,0,0,0,0,2
"801144",64.86,3,2024-05-23,"22220785",47.2,"240763","171790","61448",5621,"2024",5,"Spring",2018-12-23,2021-02-02,39.6774193548387,FALSE,"2018",12,"Winter","non-G-coded","female","3",64.86,">60",FALSE,FALSE,FALSE,FALSE,FALSE,FALSE,FALSE,FALSE,FALSE,FALSE,1,1,"singleton",0,0,0,0,0,0,0,0,0,0,0,5
"800605",64.92,4,2024-02-03,"865530狼血",43.2,"240203","171350","61390",6651,"2024",2,"Winter",2018-09-03,2021-02-02,36.0344827586207,FALSE,"2018",9,"Autumn","non-G-coded","female","4",64.92,">60",FALSE,FALSE,FALSE,FALSE,FALSE,FALSE,FALSE,FALSE,FALSE,FALSE,1,1,"singleton",0,0,0,0,0,0,0,0,0,0,0,2
"H213550",65.09,4,2025-03-21,"427133",31.3,"250431",NA,NA,3498,"2025",3,"Spring",2019-10-21,2021-02-02,49.6129032258064,FALSE,"2019",10,"Autumn","non-G-coded","female","4",65.09,">60",FALSE,FALSE,FALSE,FALSE,FALSE,FALSE,FALSE,FALSE,FALSE,FALSE,1,1,"singleton",1,0,1,0,1,0,1,0,0,0,0,3
"65027",65.38,3,2026-02-11,"41120238",45.8,"260098","606244","61274",995,"2026",2,"Winter",2020-09-11,2021-02-02,60.3214285714286,FALSE,"2020",9,"Autumn","non-G-coded","female","3",65.38,">60",FALSE,FALSE,FALSE,FALSE,FALSE,FALSE,FALSE,FALSE,FALSE,FALSE,1,1,"singleton",0,0,0,0,0,0,0,0,0,0,0,2
"01249",65.55,4,2025-04-22,"22218621",48.8,"250577","606192","61916",3202,"2025",4,"Spring",2019-10-22,2021-01-02,51.6666666666667,FALSE,"2019",10,"Autumn","non-G-coded","female","4",65.55,">60",FALSE,FALSE,FALSE,FALSE,FALSE,FALSE,FALSE,FALSE,FALSE,FALSE,1,1,"singleton",0,0,0,0,0,1,0,0,0,0,0,4
"801054",65.81,4,2024-06-07,"863025",36.6,"240828","171350","20051",5506,"2024",6,"Summer",2018-12-07,2021-01-02,41.1666666666667,FALSE,"2018",12,"Winter","non-G-coded","female","4",65.81,">60",FALSE,FALSE,FALSE,FALSE,FALSE,FALSE,FALSE,FALSE,FALSE,FALSE,1,1,"singleton",0,0,0,0,0,0,0,0,0,0,0,6
"H800408",65.88,4,2023-11-29,"854400西部公园",50.2,"HG9898","606192","60086",7261,"2023",11,"Autumn",2018-05-29,2021-01-02,34.9,FALSE,"2018",5,"Spring","non-G-coded","female","4",65.88,">60",FALSE,FALSE,FALSE,FALSE,FALSE,FALSE,FALSE,FALSE,FALSE,FALSE,1,1,"singleton",0,1,0,0,0,1,0,0,0,0,0,11
"00193",65.94,4,2024-08-19,"15620126",39.2,"241029","171790","62460",5165,"2024",8,"Summer",2019-02-19,2021-01-02,43.5483870967742,FALSE,"2019",2,"Winter","non-G-coded","female","4",65.94,">60",FALSE,FALSE,FALSE,FALSE,FALSE,FALSE,FALSE,FALSE,FALSE,FALSE,1,1,"singleton",0,0,0,0,0,0,0,0,0,0,0,8
"70639",66.07,4,2023-04-30,"7402563907",32.5,"234678",NA,NA,8509,"2023",4,"Spring",2017-10-30,2021-01-02,27.9333333333333,FALSE,"2017",10,"Autumn","non-G-coded","female","4",66.07,">60",FALSE,FALSE,FALSE,FALSE,FALSE,FALSE,FALSE,FALSE,FALSE,FALSE,1,1,"singleton",1,0,0,0,1,0,1,0,0,0,0,4
"70713",66.24,4,2023-06-07,"854773威吉吉",50,"234861",NA,NA,8281,"2023",6,"Summer",2017-12-07,2021-01-02,29.1666666666667,FALSE,"2017",12,"Winter","non-G-coded","female","4",66.24,">60",FALSE,FALSE,FALSE,FALSE,FALSE,FALSE,FALSE,FALSE,FALSE,FALSE,1,1,"singleton",0,1,0,0,0,1,0,0,0,0,0,6
"01012",66.44,4,2025-03-21,"22218621",50.2,"250432","606192","12037",3492,"2025",3,"Spring",2019-09-21,2021-01-02,50.6129032258064,FALSE,"2019",9,"Autumn","non-G-coded","female","4",66.44,">60",FALSE,FALSE,FALSE,FALSE,FALSE,FALSE,FALSE,FALSE,FALSE,FALSE,1,1,"singleton",0,1,0,0,0,1,0,0,0,0,0,3
"801015",66.47,5,2024-06-22,"171206",28.4,"240873",NA,NA,5413,"2024",6,"Summer",2018-12-22,2021-01-02,41.6666666666667,FALSE,"2018",12,"Winter","non-G-coded","female","5",66.47,">60",FALSE,FALSE,FALSE,FALSE,FALSE,FALSE,FALSE,FALSE,FALSE,FALSE,1,1,"singleton",1,0,1,0,1,0,1,0,1,0,0,6
"202139",66.63,3,2026-04-08,"41120238",33.4,"261371","606244","61217",470,"2026",4,"Spring",2020-09-08,2020-12-02,64.2,FALSE,"2020",9,"Autumn","non-G-coded","female","3",66.63,">60",FALSE,FALSE,FALSE,FALSE,FALSE,FALSE,FALSE,FALSE,FALSE,FALSE,1,1,"singleton",1,0,0,0,1,0,1,0,0,0,0,4
"H213256",67,4,2025-12-01,"21219011",56.6,"251409","606244","60339",1474,"2025",12,"Winter",2020-05-01,2020-12-02,59.9666666666667,FALSE,"2020",5,"Spring","non-G-coded","female","4",67,">60",FALSE,FALSE,FALSE,FALSE,FALSE,FALSE,FALSE,FALSE,FALSE,FALSE,1,1,"singleton",0,1,0,1,0,1,0,1,0,1,0,12
"70557",67.03,4,2023-04-18,"854773威吉吉",44.5,"234611","426864","x134",8599,"2023",4,"Spring",2017-09-18,2020-12-02,28.5333333333333,FALSE,"2017",9,"Autumn","non-G-coded","female","4",67.03,">60",FALSE,FALSE,FALSE,FALSE,FALSE,FALSE,FALSE,FALSE,FALSE,FALSE,1,1,"singleton",0,0,0,0,0,0,0,0,0,0,0,4
"201321",67.16,4,2025-10-16,"15618075",49.4,"251203",NA,NA,1911,"2025",10,"Autumn",2020-03-16,2020-12-02,58.4516129032258,FALSE,"2020",3,"Spring","non-G-coded","female","4",67.16,">60",FALSE,FALSE,FALSE,FALSE,FALSE,FALSE,FALSE,FALSE,FALSE,FALSE,1,1,"singleton",0,0,0,0,0,1,0,0,0,0,0,10
"201194",67.42,4,2025-09-30,"15618075",47.2,"251132","606192","140292",2047,"2025",9,"Autumn",2020-02-29,2020-12-02,57.9333333333333,FALSE,"2020",2,"Winter","non-G-coded","female","4",67.42,">60",FALSE,FALSE,FALSE,FALSE,FALSE,FALSE,FALSE,FALSE,FALSE,FALSE,1,1,"singleton",0,0,0,0,0,0,0,0,0,0,0,9
"H00140",67.46,4,2026-01-19,"21219011",46.3,"260034",NA,NA,1132,"2026",1,"Winter",2020-06-19,2020-12-02,61.5483870967742,FALSE,"2020",6,"Summer","non-G-coded","female","4",67.46,">60",FALSE,FALSE,FALSE,FALSE,FALSE,FALSE,FALSE,FALSE,FALSE,FALSE,1,1,"singleton",0,0,0,0,0,0,0,0,0,0,0,1
"201837",67.59,5,2026-02-15,"41222015",37.4,"260114","15217112","Z70372",968,"2026",2,"Winter",2020-06-15,2020-11-02,63.4642857142857,FALSE,"2020",6,"Summer","non-G-coded","female","5",67.59,">60",FALSE,FALSE,FALSE,FALSE,FALSE,FALSE,FALSE,FALSE,FALSE,FALSE,1,1,"singleton",0,0,0,0,0,0,0,0,0,0,0,2
"202261",67.65,5,2026-06-04,"41120238",41,"261557","163940","61380",106,"2026",6,"Summer",2020-10-04,2020-11-02,67.0666666666667,FALSE,"2020",10,"Autumn","non-G-coded","female","5",67.65,">60",FALSE,FALSE,FALSE,FALSE,FALSE,FALSE,FALSE,FALSE,FALSE,FALSE,1,1,"singleton",0,0,0,0,0,0,0,0,0,0,0,6
"L800710",67.98,5,2024-06-02,"22220785",43.8,"240804",NA,NA,5543,"2024",6,"Summer",2018-10-02,2020-11-02,43,FALSE,"2018",10,"Autumn","non-G-coded","female","5",67.98,">60",FALSE,FALSE,FALSE,FALSE,FALSE,FALSE,FALSE,FALSE,FALSE,FALSE,1,1,"singleton",0,0,0,0,0,0,0,0,0,0,0,6
"800687",68.24,5,2024-06-04,"22220785",34.6,"240820","171350","L09035",5523,"2024",6,"Summer",2018-10-04,2020-11-02,43.0666666666667,FALSE,"2018",10,"Autumn","non-G-coded","female","5",68.24,">60",FALSE,FALSE,FALSE,FALSE,FALSE,FALSE,FALSE,FALSE,FALSE,FALSE,1,1,"singleton",1,0,0,0,1,0,1,0,0,0,0,6
"201787",68.34,5,2026-02-23,"41121296",36.2,"260136","22217027","800190",917,"2026",2,"Winter",2020-06-23,2020-11-02,63.75,FALSE,"2020",6,"Summer","non-G-coded","female","5",68.34,">60",FALSE,FALSE,FALSE,FALSE,FALSE,FALSE,FALSE,FALSE,FALSE,FALSE,1,1,"singleton",0,0,0,0,1,0,0,0,0,0,0,2
"201890",68.61,5,2026-04-01,"21219011",43.4,"261326","865530","l50552",540,"2026",4,"Spring",2020-07-01,2020-10-02,65.9677419354839,FALSE,"2020",7,"Summer","non-G-coded","female","5",68.61,">60",FALSE,FALSE,FALSE,FALSE,FALSE,FALSE,FALSE,FALSE,FALSE,FALSE,1,1,"singleton",0,0,0,0,0,0,0,0,0,0,0,4
"201206",68.77,5,2025-11-12,"21219011",39.6,"251322","606192","Z60487",1661,"2025",11,"Autumn",2020-02-12,2020-10-02,61.3333333333333,FALSE,"2020",2,"Winter","non-G-coded","female","5",68.77,">60",FALSE,FALSE,FALSE,FALSE,FALSE,FALSE,FALSE,FALSE,FALSE,FALSE,1,1,"singleton",0,0,0,0,0,0,0,0,0,0,0,11
"201452",68.93,5,2026-01-03,"41121286",41.6,"260004","606244","30702",1205,"2026",1,"Winter",2020-04-03,2020-10-02,63.0322580645161,FALSE,"2020",4,"Spring","non-G-coded","female","5",68.93,">60",FALSE,FALSE,FALSE,FALSE,FALSE,FALSE,FALSE,FALSE,FALSE,FALSE,1,1,"singleton",0,0,0,0,0,0,0,0,0,0,0,1
"20043L",69.2,5,2025-03-07,"427151",43.1,"250366",NA,NA,3643,"2025",3,"Spring",2019-06-07,2020-10-02,53.1612903225806,FALSE,"2019",6,"Summer","non-G-coded","female","5",69.2,">60",FALSE,FALSE,FALSE,FALSE,FALSE,FALSE,FALSE,FALSE,FALSE,FALSE,1,1,"singleton",0,0,0,0,0,0,0,0,0,0,0,3
"H801010",69.3,5,2023-10-16,"7402563907",46.2,"235519",NA,NA,7516,"2023",10,"Autumn",2018-01-16,2020-10-02,36.4516129032258,FALSE,"2018",1,"Winter","non-G-coded","female","5",69.3,">60",FALSE,FALSE,FALSE,FALSE,FALSE,FALSE,FALSE,FALSE,FALSE,FALSE,1,1,"singleton",0,0,0,0,0,0,0,0,0,0,0,10
"70744",69.36,4,2023-10-02,"854282维利纳诺",52.3,"235474",NA,NA,7591,"2023",10,"Autumn",2018-01-02,2020-10-02,36,FALSE,"2018",1,"Winter","non-G-coded","female","4",69.36,">60",FALSE,FALSE,FALSE,FALSE,FALSE,FALSE,FALSE,FALSE,FALSE,FALSE,1,1,"singleton",0,1,0,1,0,1,0,0,0,0,0,10
"201036",69.4,5,2025-10-20,"22217329",46.3,"251214","606244","60675",1881,"2025",10,"Autumn",2020-01-20,2020-10-02,60.5806451612903,FALSE,"2020",1,"Winter","non-G-coded","female","5",69.4,">60",FALSE,FALSE,FALSE,FALSE,FALSE,FALSE,FALSE,FALSE,FALSE,FALSE,1,1,"singleton",0,0,0,0,0,0,0,0,0,0,0,10
"1448",69.46,5,2023-09-21,"7402563907",45.8,"235422",NA,NA,7657,"2023",9,"Autumn",2017-12-21,2020-10-02,35.6333333333333,FALSE,"2017",12,"Winter","non-G-coded","female","5",69.46,">60",FALSE,FALSE,FALSE,FALSE,FALSE,FALSE,FALSE,FALSE,FALSE,FALSE,1,1,"singleton",0,0,0,0,0,0,0,0,0,0,0,9
"800013",69.56,4,2023-10-16,"7402563907",41.7,"HG9645",NA,NA,7520,"2023",10,"Autumn",2017-12-16,2020-09-02,37.4516129032258,FALSE,"2017",12,"Winter","non-G-coded","female","4",69.56,">60",FALSE,FALSE,FALSE,FALSE,FALSE,FALSE,FALSE,FALSE,FALSE,FALSE,1,1,"singleton",0,0,0,0,0,0,0,0,0,0,0,10
"00825",69.63,5,2025-04-13,"22220783",44.3,"250541","167285","5033",3269,"2025",4,"Spring",2019-06-13,2020-09-02,55.3666666666667,FALSE,"2019",6,"Summer","non-G-coded","female","5",69.63,">60",FALSE,FALSE,FALSE,FALSE,FALSE,FALSE,FALSE,FALSE,FALSE,FALSE,1,1,"singleton",0,0,0,0,0,0,0,0,0,0,0,4
"800438",69.66,5,2024-04-04,"15220255",41.5,"240589",NA,NA,5942,"2024",4,"Spring",2018-06-04,2020-09-02,43.0666666666667,FALSE,"2018",6,"Summer","non-G-coded","female","5",69.66,">60",FALSE,FALSE,FALSE,FALSE,FALSE,FALSE,FALSE,FALSE,FALSE,FALSE,1,1,"singleton",0,0,0,0,0,0,0,0,0,0,0,4
"800725",69.79,5,2024-07-29,"171206",38.8,"240978",NA,NA,5260,"2024",7,"Summer",2018-09-29,2020-09-02,46.8709677419355,FALSE,"2018",9,"Autumn","non-G-coded","female","5",69.79,">60",FALSE,FALSE,FALSE,FALSE,FALSE,FALSE,FALSE,FALSE,FALSE,FALSE,1,1,"singleton",0,0,0,0,0,0,0,0,0,0,0,7
"800683",69.89,5,2024-07-23,"171206",41.2,"240951",NA,NA,5305,"2024",7,"Summer",2018-09-23,2020-09-02,46.6774193548387,FALSE,"2018",9,"Autumn","non-G-coded","female","5",69.89,">60",FALSE,FALSE,FALSE,FALSE,FALSE,FALSE,FALSE,FALSE,FALSE,FALSE,1,1,"singleton",0,0,0,0,0,0,0,0,0,0,0,7
"70500",70.02,4,2023-06-07,"854773威吉吉",38.2,"234860",NA,NA,8285,"2023",6,"Summer",2017-08-07,2020-09-02,33.1666666666667,FALSE,"2017",8,"Summer","non-G-coded","female","4",70.02,">60",FALSE,FALSE,FALSE,FALSE,FALSE,FALSE,FALSE,FALSE,FALSE,FALSE,1,1,"singleton",0,0,0,0,0,0,0,0,0,0,0,6
"201248",70.18,5,2026-01-04,"21219011",45.7,"260011","606244","62291",1198,"2026",1,"Winter",2020-03-04,2020-09-02,64.0645161290323,FALSE,"2020",3,"Spring","non-G-coded","female","5",70.18,">60",FALSE,FALSE,FALSE,FALSE,FALSE,FALSE,FALSE,FALSE,FALSE,FALSE,1,1,"singleton",0,0,0,0,0,0,0,0,0,0,0,1
"201021",70.32,5,2025-11-12,"41121286",36.4,"251329","186756","LX214",1664,"2025",11,"Autumn",2020-01-12,2020-09-02,62.3333333333333,FALSE,"2020",1,"Winter","non-G-coded","female","5",70.32,">60",FALSE,FALSE,FALSE,FALSE,FALSE,FALSE,FALSE,FALSE,FALSE,FALSE,1,1,"singleton",0,0,0,0,1,0,0,0,0,0,0,11
"201687",70.48,4,2026-03-30,"21219011",38.6,"261311","606244","70185",570,"2026",3,"Spring",2020-05-30,2020-09-02,66.9032258064516,FALSE,"2020",5,"Spring","non-G-coded","female","4",70.48,">60",FALSE,FALSE,FALSE,FALSE,FALSE,FALSE,FALSE,FALSE,FALSE,FALSE,1,1,"singleton",0,0,0,0,0,0,0,0,0,0,0,3
"201745",70.55,5,2026-04-18,"21219011",43.2,"261405","865530","60521",402,"2026",4,"Spring",2020-05-18,2020-08-02,68.5333333333333,FALSE,"2020",5,"Spring","non-G-coded","female","5",70.55,">60",FALSE,FALSE,FALSE,FALSE,FALSE,FALSE,FALSE,FALSE,FALSE,FALSE,1,1,"singleton",0,0,0,0,0,0,0,0,0,0,0,4
"70660",70.61,5,2023-09-26,"7402563907",45.3,"235444",NA,NA,7635,"2023",9,"Autumn",2017-10-26,2020-08-02,37.8,FALSE,"2017",10,"Autumn","non-G-coded","female","5",70.61,">60",FALSE,FALSE,FALSE,FALSE,FALSE,FALSE,FALSE,FALSE,FALSE,FALSE,1,1,"singleton",0,0,0,0,0,0,0,0,0,0,0,9
"91153",70.78,5,2023-09-25,"7402563907",49.2,"235435",NA,NA,7637,"2023",9,"Autumn",2017-10-25,2020-08-02,37.7666666666667,FALSE,"2017",10,"Autumn","non-G-coded","female","5",70.78,">60",FALSE,FALSE,FALSE,FALSE,FALSE,FALSE,FALSE,FALSE,FALSE,FALSE,1,1,"singleton",0,0,0,0,0,1,0,0,0,0,0,9
"20030",70.81,5,2025-03-19,"427151",40,"250424",NA,NA,3512,"2025",3,"Spring",2019-04-19,2020-08-02,55.5483870967742,FALSE,"2019",4,"Spring","non-G-coded","female","5",70.81,">60",FALSE,FALSE,FALSE,FALSE,FALSE,FALSE,FALSE,FALSE,FALSE,FALSE,1,1,"singleton",0,0,0,0,0,0,0,0,0,0,0,3
"70289",70.91,5,2023-03-23,"7402563907",45.2,"234457","426864","40307",8829,"2023",3,"Spring",2017-04-23,2020-08-02,31.6774193548387,FALSE,"2017",4,"Spring","non-G-coded","female","5",70.91,">60",FALSE,FALSE,FALSE,FALSE,FALSE,FALSE,FALSE,FALSE,FALSE,FALSE,1,1,"singleton",0,0,0,0,0,0,0,0,0,0,0,3
"70388",71.04,4,2023-05-01,"871041文尼哥",51.2,"234688",NA,NA,8508,"2023",5,"Spring",2017-06-01,2020-08-02,32.9666666666667,FALSE,"2017",6,"Summer","non-G-coded","female","4",71.04,">60",FALSE,FALSE,FALSE,FALSE,FALSE,FALSE,FALSE,FALSE,FALSE,FALSE,1,1,"singleton",0,1,0,0,0,1,0,0,0,0,0,5
"201393",71.14,5,2026-03-02,"65123650",46.6,"260163",NA,NA,862,"2026",3,"Spring",2020-04-02,2020-08-02,67,FALSE,"2020",4,"Spring","non-G-coded","female","5",71.14,">60",FALSE,FALSE,FALSE,FALSE,FALSE,FALSE,FALSE,FALSE,FALSE,FALSE,1,1,"singleton",0,0,0,0,0,0,0,0,0,0,0,3
"01151",71.24,4,2025-09-14,"15618075",36,"251068","186756","61891",2182,"2025",9,"Autumn",2019-10-14,2020-08-02,61.4,FALSE,"2019",10,"Autumn","non-G-coded","female","4",71.24,">60",FALSE,FALSE,FALSE,FALSE,FALSE,FALSE,FALSE,FALSE,FALSE,FALSE,1,1,"singleton",0,0,0,0,1,0,0,0,0,0,0,9
"00542",71.27,5,2025-04-14,"427133",39.4,"250545","606192","150144",3263,"2025",4,"Spring",2019-05-14,2020-08-02,56.4,FALSE,"2019",5,"Spring","non-G-coded","female","5",71.27,">60",FALSE,FALSE,FALSE,FALSE,FALSE,FALSE,FALSE,FALSE,FALSE,FALSE,1,1,"singleton",0,0,0,0,0,0,0,0,0,0,0,4
"000937",71.37,4,2025-08-01,"13221223",37.2,"250964",NA,NA,2415,"2025",8,"Summer",2019-09-01,2020-08-02,59.9677419354839,FALSE,"2019",9,"Autumn","non-G-coded","female","4",71.37,">60",FALSE,FALSE,FALSE,FALSE,FALSE,FALSE,FALSE,FALSE,FALSE,FALSE,1,1,"singleton",0,0,0,0,0,0,0,0,0,0,0,8
"800497",71.5,5,2024-06-27,"171206",39.8,"240889",NA,NA,5390,"2024",6,"Summer",2018-06-27,2020-07-02,47.8333333333333,FALSE,"2018",6,"Summer","non-G-coded","female","5",71.5,">60",FALSE,FALSE,FALSE,FALSE,FALSE,FALSE,FALSE,FALSE,FALSE,FALSE,1,1,"singleton",0,0,0,0,0,0,0,0,0,0,0,6
"70254",71.6,4,2023-04-01,"7402563907",50.1,"234516",NA,NA,8748,"2023",4,"Spring",2017-04-01,2020-07-02,32.9677419354839,FALSE,"2017",4,"Spring","non-G-coded","female","4",71.6,">60",FALSE,FALSE,FALSE,FALSE,FALSE,FALSE,FALSE,FALSE,FALSE,FALSE,1,1,"singleton",0,1,0,0,0,1,0,0,0,0,0,4
"70199",71.66,4,2023-03-15,"871041文尼哥",46.2,"234393",NA,NA,8918,"2023",3,"Spring",2017-03-15,2020-07-02,32.4193548387097,FALSE,"2017",3,"Spring","non-G-coded","female","4",71.66,">60",FALSE,FALSE,FALSE,FALSE,FALSE,FALSE,FALSE,FALSE,FALSE,FALSE,1,1,"singleton",0,0,0,0,0,0,0,0,0,0,0,3
"00867",71.89,4,2025-07-11,"22218621",42.4,"250898","606192","61636",2558,"2025",7,"Summer",2019-07-11,2020-07-02,60.2903225806452,FALSE,"2019",7,"Summer","non-G-coded","female","4",71.89,">60",FALSE,FALSE,FALSE,FALSE,FALSE,FALSE,FALSE,FALSE,FALSE,FALSE,1,1,"singleton",0,0,0,0,0,0,0,0,0,0,0,7
"800063",71.99,5,2024-01-30,"865530狼血",40.3,"240174",NA,NA,6708,"2024",1,"Winter",2018-01-30,2020-07-02,42.9032258064516,FALSE,"2018",1,"Winter","non-G-coded","female","5",71.99,">60",FALSE,FALSE,FALSE,FALSE,FALSE,FALSE,FALSE,FALSE,FALSE,FALSE,1,1,"singleton",0,0,0,0,0,0,0,0,0,0,0,1
"800324",72.02,5,2024-05-04,"22220785",31.2,"240705",NA,NA,5733,"2024",5,"Spring",2018-05-04,2020-07-02,46.0645161290323,FALSE,"2018",5,"Spring","non-G-coded","female","5",72.02,">60",FALSE,FALSE,FALSE,FALSE,FALSE,FALSE,FALSE,FALSE,FALSE,FALSE,1,1,"singleton",1,0,1,0,1,0,1,0,0,0,0,5
"01336",72.09,4,2025-12-12,"21219011",46.3,"251473",NA,NA,1363,"2025",12,"Winter",2019-12-12,2020-07-02,65.3225806451613,FALSE,"2019",12,"Winter","non-G-coded","female","4",72.09,">60",FALSE,FALSE,FALSE,FALSE,FALSE,FALSE,FALSE,FALSE,FALSE,FALSE,1,1,"singleton",0,0,0,0,0,0,0,0,0,0,0,12
"800091",72.16,4,2024-02-26,"862025瓦特罗",40.1,"240391",NA,NA,6321,"2024",2,"Winter",2018-02-26,2020-07-02,43.8275862068966,FALSE,"2018",2,"Winter","non-G-coded","female","4",72.16,">60",FALSE,FALSE,FALSE,FALSE,FALSE,FALSE,FALSE,FALSE,FALSE,FALSE,1,1,"singleton",0,0,0,0,0,0,0,0,0,0,0,2
"H20048",72.39,4,2025-10-05,"15620193",37.8,"251154",NA,NA,1997,"2025",10,"Autumn",2019-10-05,2020-07-02,63.0967741935484,FALSE,"2019",10,"Autumn","non-G-coded","female","4",72.39,">60",FALSE,FALSE,FALSE,FALSE,FALSE,FALSE,FALSE,FALSE,FALSE,FALSE,1,1,"singleton",0,0,0,0,0,0,0,0,0,0,0,10
"800564",72.42,5,2024-08-28,"171206",37.5,"241050",NA,NA,5118,"2024",8,"Summer",2018-08-28,2020-07-02,49.8387096774194,FALSE,"2018",8,"Summer","non-G-coded","female","5",72.42,">60",FALSE,FALSE,FALSE,FALSE,FALSE,FALSE,FALSE,FALSE,FALSE,FALSE,1,1,"singleton",0,0,0,0,0,0,0,0,0,0,0,8
"201377",72.52,5,2026-04-09,"21219011",34.2,"261372","606244","800053",464,"2026",4,"Spring",2020-03-09,2020-06-02,70.2333333333333,FALSE,"2020",3,"Spring","non-G-coded","female","5",72.52,">60",FALSE,FALSE,FALSE,FALSE,FALSE,FALSE,FALSE,FALSE,FALSE,FALSE,1,1,"singleton",1,0,0,0,1,0,1,0,0,0,0,4
"00379",72.55,4,2025-04-21,"22218621",44.1,"250572","171790","60051",3208,"2025",4,"Spring",2019-03-21,2020-06-02,58.6333333333333,FALSE,"2019",3,"Spring","non-G-coded","female","4",72.55,">60",FALSE,FALSE,FALSE,FALSE,FALSE,FALSE,FALSE,FALSE,FALSE,FALSE,1,1,"singleton",0,0,0,0,0,0,0,0,0,0,0,4
"00871",72.62,5,2025-08-04,"15621315",36.4,"250974",NA,NA,2398,"2025",8,"Summer",2019-07-04,2020-06-02,62.0645161290323,FALSE,"2019",7,"Summer","non-G-coded","female","5",72.62,">60",FALSE,FALSE,FALSE,FALSE,FALSE,FALSE,FALSE,FALSE,FALSE,FALSE,1,1,"singleton",0,0,0,0,1,0,0,0,0,0,0,8
"01441",72.65,5,2025-11-06,"41121286",45.5,"251287",NA,NA,1730,"2025",11,"Autumn",2019-10-06,2020-06-02,65.1333333333333,FALSE,"2019",10,"Autumn","non-G-coded","female","5",72.65,">60",FALSE,FALSE,FALSE,FALSE,FALSE,FALSE,FALSE,FALSE,FALSE,FALSE,1,1,"singleton",0,0,0,0,0,0,0,0,0,0,0,11
"201169",72.72,5,2026-03-02,"41120238",47.6,"260165",NA,NA,859,"2026",3,"Spring",2020-02-02,2020-06-02,69,FALSE,"2020",2,"Winter","non-G-coded","female","5",72.72,">60",FALSE,FALSE,FALSE,FALSE,FALSE,FALSE,FALSE,FALSE,FALSE,FALSE,1,1,"singleton",0,0,0,0,0,0,0,0,0,0,0,3
"70227",72.75,5,2023-04-26,"7402563907",52.3,"234657",NA,NA,8546,"2023",4,"Spring",2017-03-26,2020-06-02,34.8,FALSE,"2017",3,"Spring","non-G-coded","female","5",72.75,">60",FALSE,FALSE,FALSE,FALSE,FALSE,FALSE,FALSE,FALSE,FALSE,FALSE,1,1,"singleton",0,1,0,1,0,1,0,0,0,0,0,4
"70256",72.81,5,2023-05-08,"7402563907",29.2,"234714",NA,NA,8471,"2023",5,"Spring",2017-04-08,2020-06-02,35.1935483870968,FALSE,"2017",4,"Spring","non-G-coded","female","5",72.81,">60",FALSE,FALSE,FALSE,FALSE,FALSE,FALSE,FALSE,FALSE,FALSE,FALSE,1,1,"singleton",1,0,1,0,1,0,1,0,1,0,0,5
"70108",72.91,4,2023-03-19,"7029225762",46.2,"234430",NA,NA,8873,"2023",3,"Spring",2017-02-19,2020-06-02,33.5483870967742,FALSE,"2017",2,"Winter","non-G-coded","female","4",72.91,">60",FALSE,FALSE,FALSE,FALSE,FALSE,FALSE,FALSE,FALSE,FALSE,FALSE,1,1,"singleton",0,0,0,0,0,0,0,0,0,0,0,3
"60600",73.11,5,2023-01-22,"871041文尼哥",47.2,"234106",NA,NA,9346,"2023",1,"Winter",2016-12-22,2020-06-02,31.6451612903226,FALSE,"2016",12,"Winter","non-G-coded","female","5",73.11,">60",FALSE,FALSE,FALSE,FALSE,FALSE,FALSE,FALSE,FALSE,FALSE,FALSE,1,1,"singleton",0,0,0,0,0,0,0,0,0,0,0,1
"70664",73.27,4,2023-10-10,"7402563907",46.3,"235501",NA,NA,7551,"2023",10,"Autumn",2017-09-10,2020-06-02,40.258064516129,FALSE,"2017",9,"Autumn","non-G-coded","female","4",73.27,">60",FALSE,FALSE,FALSE,FALSE,FALSE,FALSE,FALSE,FALSE,FALSE,FALSE,1,1,"singleton",0,0,0,0,0,0,0,0,0,0,0,10
"00218",73.47,4,2025-04-14,"22218621",39.4,"250547","171790","61135",3261,"2025",4,"Spring",2019-03-14,2020-06-02,58.4,FALSE,"2019",3,"Spring","non-G-coded","female","4",73.47,">60",FALSE,FALSE,FALSE,FALSE,FALSE,FALSE,FALSE,FALSE,FALSE,FALSE,1,1,"singleton",0,0,0,0,0,0,0,0,0,0,0,4
"01392",73.6,5,2025-12-05,"41121286",49.6,"251434",NA,NA,1427,"2025",12,"Winter",2019-10-05,2020-05-02,67.0967741935484,FALSE,"2019",10,"Autumn","non-G-coded","female","5",73.6,">60",FALSE,FALSE,FALSE,FALSE,FALSE,FALSE,FALSE,FALSE,FALSE,FALSE,1,1,"singleton",0,0,0,0,0,1,0,0,0,0,0,12
"65026",73.67,3,2024-01-24,"865530狼血",44.2,"240139",NA,NA,6762,"2024",1,"Winter",2017-11-24,2020-05-02,44.7096774193548,FALSE,"2017",11,"Autumn","non-G-coded","female","3",73.67,">60",FALSE,FALSE,FALSE,FALSE,FALSE,FALSE,FALSE,FALSE,FALSE,FALSE,1,1,"singleton",0,0,0,0,0,0,0,0,0,0,0,1
"00767",73.8,5,2025-08-05,"863302",41.7,"250975",NA,NA,2388,"2025",8,"Summer",2019-06-05,2020-05-02,63.0967741935484,FALSE,"2019",6,"Summer","non-G-coded","female","5",73.8,">60",FALSE,FALSE,FALSE,FALSE,FALSE,FALSE,FALSE,FALSE,FALSE,FALSE,1,1,"singleton",0,0,0,0,0,0,0,0,0,0,0,8
"00802",73.93,4,2025-08-16,"15221363",35.6,"251007","167285","70189",2336,"2025",8,"Summer",2019-06-16,2020-05-02,63.4516129032258,FALSE,"2019",6,"Summer","non-G-coded","female","4",73.93,">60",FALSE,FALSE,FALSE,FALSE,FALSE,FALSE,FALSE,FALSE,FALSE,FALSE,1,1,"singleton",0,0,0,0,1,0,1,0,0,0,0,8
"212227",73.96,4,2025-06-29,"863302",48.2,"250862",NA,NA,2646,"2025",6,"Summer",2019-04-29,2020-05-02,61.9,FALSE,"2019",4,"Spring","non-G-coded","female","4",73.96,">60",FALSE,FALSE,FALSE,FALSE,FALSE,FALSE,FALSE,FALSE,FALSE,FALSE,1,1,"singleton",0,0,0,0,0,0,0,0,0,0,0,6
"60587",74.1,4,2023-02-06,"871041文尼哥",46.5,"234170",NA,NA,9253,"2023",2,"Winter",2016-12-06,2020-05-02,33.1428571428571,FALSE,"2016",12,"Winter","non-G-coded","female","4",74.1,">60",FALSE,FALSE,FALSE,FALSE,FALSE,FALSE,FALSE,FALSE,FALSE,FALSE,1,1,"singleton",0,0,0,0,0,0,0,0,0,0,0,2
"70531",74.16,5,2023-10-25,"7402563907",40.2,"235551",NA,NA,7469,"2023",10,"Autumn",2017-08-25,2020-05-02,41.741935483871,FALSE,"2017",8,"Summer","non-G-coded","female","5",74.16,">60",FALSE,FALSE,FALSE,FALSE,FALSE,FALSE,FALSE,FALSE,FALSE,FALSE,1,1,"singleton",0,0,0,0,0,0,0,0,0,0,0,10
"91121",74.29,5,2023-06-02,"7402563907",36.2,"234820",NA,NA,8324,"2023",6,"Summer",2017-04-02,2020-05-02,37,FALSE,"2017",4,"Spring","non-G-coded","female","5",74.29,">60",FALSE,FALSE,FALSE,FALSE,FALSE,FALSE,FALSE,FALSE,FALSE,FALSE,1,1,"singleton",0,0,0,0,1,0,0,0,0,0,0,6
"212255",74.52,4,2025-06-25,"863302",41.8,"250845","171790","50370",2675,"2025",6,"Summer",2019-03-25,2020-04-02,62.7666666666667,FALSE,"2019",3,"Spring","non-G-coded","female","4",74.52,">60",FALSE,FALSE,FALSE,FALSE,FALSE,FALSE,FALSE,FALSE,FALSE,FALSE,1,1,"singleton",0,0,0,0,0,0,0,0,0,0,0,6
"70194",74.59,5,2023-06-11,"65117535",37.6,"234889",NA,NA,8258,"2023",6,"Summer",2017-03-11,2020-04-02,38.3,FALSE,"2017",3,"Spring","non-G-coded","female","5",74.59,">60",FALSE,FALSE,FALSE,FALSE,FALSE,FALSE,FALSE,FALSE,FALSE,FALSE,1,1,"singleton",0,0,0,0,0,0,0,0,0,0,0,6
"H800743",74.69,5,2023-07-15,"854773威吉吉",41.3,"235064",NA,NA,8089,"2023",7,"Summer",2017-04-15,2020-04-02,39.4193548387097,FALSE,"2017",4,"Spring","non-G-coded","female","5",74.69,">60",FALSE,FALSE,FALSE,FALSE,FALSE,FALSE,FALSE,FALSE,FALSE,FALSE,1,1,"singleton",0,0,0,0,0,0,0,0,0,0,0,7
"70371",74.79,5,2023-08-22,"865530狼血",55.3,"H235242",NA,NA,7857,"2023",8,"Summer",2017-05-22,2020-04-02,40.6451612903226,FALSE,"2017",5,"Spring","non-G-coded","female","5",74.79,">60",FALSE,FALSE,FALSE,FALSE,FALSE,FALSE,FALSE,FALSE,FALSE,FALSE,1,1,"singleton",0,1,0,1,0,1,0,1,0,1,0,8
"70470",75.21,5,2023-10-26,"854282维利纳诺",48.4,"235566",NA,NA,7465,"2023",10,"Autumn",2017-07-26,2020-04-02,42.7741935483871,FALSE,"2017",7,"Summer","non-G-coded","female","5",75.21,">60",FALSE,FALSE,FALSE,FALSE,FALSE,FALSE,FALSE,FALSE,FALSE,FALSE,1,1,"singleton",0,0,0,0,0,0,0,0,0,0,0,10
"70269",75.31,5,2023-07-29,"7402563907",33.1,"235140",NA,NA,7982,"2023",7,"Summer",2017-04-29,2020-04-02,39.8709677419355,FALSE,"2017",4,"Spring","non-G-coded","female","5",75.31,">60",FALSE,FALSE,FALSE,FALSE,FALSE,FALSE,FALSE,FALSE,FALSE,FALSE,1,1,"singleton",1,0,0,0,1,0,1,0,0,0,0,7
"70323",75.48,5,2023-08-20,"7402563907",43.2,"235228","426864","10302",7869,"2023",8,"Summer",2017-05-20,2020-04-02,40.5806451612903,FALSE,"2017",5,"Spring","non-G-coded","female","5",75.48,">60",FALSE,FALSE,FALSE,FALSE,FALSE,FALSE,FALSE,FALSE,FALSE,FALSE,1,1,"singleton",0,0,0,0,0,0,0,0,0,0,0,8
"91118",75.58,4,2023-08-13,"865530狼血",36.4,"235195L",NA,NA,7908,"2023",8,"Summer",2017-04-13,2020-03-02,41.3548387096774,FALSE,"2017",4,"Spring","non-G-coded","female","4",75.58,">60",FALSE,FALSE,FALSE,FALSE,FALSE,FALSE,FALSE,FALSE,FALSE,FALSE,1,1,"singleton",0,0,0,0,1,0,0,0,0,0,0,8
"70308",75.74,4,2023-08-24,"865530狼血",56.3,"9393","426864","10542",7843,"2023",8,"Summer",2017-04-24,2020-03-02,41.7096774193548,FALSE,"2017",4,"Spring","non-G-coded","female","4",75.74,">60",FALSE,FALSE,FALSE,FALSE,FALSE,FALSE,FALSE,FALSE,FALSE,FALSE,1,1,"singleton",0,1,0,1,0,1,0,1,0,1,0,8
"01255",75.97,5,2026-02-15,"41121296",45.8,"260111",NA,NA,974,"2026",2,"Winter",2019-10-15,2020-03-02,71.4642857142857,FALSE,"2019",10,"Autumn","non-G-coded","female","5",75.97,">60",FALSE,FALSE,FALSE,FALSE,FALSE,FALSE,FALSE,FALSE,FALSE,FALSE,1,1,"singleton",0,0,0,0,0,0,0,0,0,0,0,2
"91152",76.1,4,2023-09-19,"865530狼血",47.1,"235409",NA,NA,7667,"2023",9,"Autumn",2017-05-19,2020-03-02,42.5666666666667,FALSE,"2017",5,"Spring","non-G-coded","female","4",76.1,">60",FALSE,FALSE,FALSE,FALSE,FALSE,FALSE,FALSE,FALSE,FALSE,FALSE,1,1,"singleton",0,0,0,0,0,0,0,0,0,0,0,9
"01260",76.36,5,2026-03-20,"41120238",30.3,"261248",NA,NA,685,"2026",3,"Spring",2019-11-20,2020-03-02,72.5806451612903,FALSE,"2019",11,"Autumn","non-G-coded","female","5",76.36,">60",FALSE,FALSE,FALSE,FALSE,FALSE,FALSE,FALSE,FALSE,FALSE,FALSE,1,1,"singleton",1,0,1,0,1,0,1,0,0,0,0,3
"60505",76.53,5,2023-03-02,"7029225762",42.3,"234316",NA,NA,9050,"2023",3,"Spring",2016-10-02,2020-02-02,37,FALSE,"2016",10,"Autumn","non-G-coded","female","5",76.53,">60",FALSE,FALSE,FALSE,FALSE,FALSE,FALSE,FALSE,FALSE,FALSE,FALSE,1,1,"singleton",0,0,0,0,0,0,0,0,0,0,0,3
"70558",76.92,5,2024-02-14,"862025瓦特罗",42.3,"241171",NA,NA,6500,"2024",2,"Winter",2017-09-14,2020-02-02,48.4137931034483,FALSE,"2017",9,"Autumn","non-G-coded","female","5",76.92,">60",FALSE,FALSE,FALSE,FALSE,FALSE,FALSE,FALSE,FALSE,FALSE,FALSE,1,1,"singleton",0,0,0,0,0,0,0,0,0,0,0,2
"01249",77.02,5,2026-04-06,"41120238",40.8,"261359","606192","61916",489,"2026",4,"Spring",2019-11-06,2020-02-02,74.1333333333333,FALSE,"2019",11,"Autumn","non-G-coded","female","5",77.02,">60",FALSE,FALSE,FALSE,FALSE,FALSE,FALSE,FALSE,FALSE,FALSE,FALSE,1,1,"singleton",0,0,0,0,0,0,0,0,0,0,0,4
"01171",77.09,6,2026-03-19,"41120238",33.2,"261241","606192","70622",693,"2026",3,"Spring",2019-10-19,2020-02-02,73.5483870967742,FALSE,"2019",10,"Autumn","non-G-coded","female","6",77.09,">60",FALSE,FALSE,FALSE,FALSE,FALSE,FALSE,FALSE,FALSE,FALSE,FALSE,1,1,"singleton",1,0,0,0,1,0,1,0,0,0,0,3
"801068",77.19,5,2025-05-20,"22218621",45.6,"250733",NA,NA,2899,"2025",5,"Spring",2018-12-20,2020-02-02,63.5806451612903,FALSE,"2018",12,"Winter","non-G-coded","female","5",77.19,">60",FALSE,FALSE,FALSE,FALSE,FALSE,FALSE,FALSE,FALSE,FALSE,FALSE,1,1,"singleton",0,0,0,0,0,0,0,0,0,0,0,5
"00448",77.42,5,2025-09-28,"15618075",49.4,"251122","171790","62170",2066,"2025",9,"Autumn",2019-04-28,2020-02-02,67.8666666666667,FALSE,"2019",4,"Spring","non-G-coded","female","5",77.42,">60",FALSE,FALSE,FALSE,FALSE,FALSE,FALSE,FALSE,FALSE,FALSE,FALSE,1,1,"singleton",0,0,0,0,0,1,0,0,0,0,0,9
"00897",77.48,3,2026-01-19,"41123286",40.6,"260035","186756","70228",1133,"2026",1,"Winter",2019-08-19,2020-02-02,71.5483870967742,FALSE,"2019",8,"Summer","non-G-coded","female","3",77.48,">60",FALSE,FALSE,FALSE,FALSE,FALSE,FALSE,FALSE,FALSE,FALSE,FALSE,1,1,"singleton",0,0,0,0,0,0,0,0,0,0,0,1
"00300",77.51,6,2025-09-05,"15618075",44.4,"251040L","171790","61037",2243,"2025",9,"Autumn",2019-03-05,2020-01-02,68.1,FALSE,"2019",3,"Spring","non-G-coded","female","6",77.51,">60",FALSE,FALSE,FALSE,FALSE,FALSE,FALSE,FALSE,FALSE,FALSE,FALSE,1,1,"singleton",0,0,0,0,0,0,0,0,0,0,0,9
"20061",77.78,4,2025-10-28,"65121614",39.8,"251253",NA,NA,1805,"2025",10,"Autumn",2019-04-28,2020-01-02,69.8387096774194,FALSE,"2019",4,"Spring","non-G-coded","female","4",77.78,">60",FALSE,FALSE,FALSE,FALSE,FALSE,FALSE,FALSE,FALSE,FALSE,FALSE,1,1,"singleton",0,0,0,0,0,0,0,0,0,0,0,10
"70335",78.01,3,2023-09-05,"XM-22218621",33.8,"235345",NA,NA,7740,"2023",9,"Autumn",2017-03-05,2020-01-02,44.1,FALSE,"2017",3,"Spring","non-G-coded","female","3",78.01,">60",FALSE,FALSE,FALSE,FALSE,FALSE,FALSE,FALSE,FALSE,FALSE,FALSE,1,1,"singleton",1,0,0,0,1,0,1,0,0,0,0,9
"00872",78.14,6,2026-01-20,"41121286",45.6,"260037","171790","62598",1125,"2026",1,"Winter",2019-07-20,2020-01-02,72.5806451612903,FALSE,"2019",7,"Summer","non-G-coded","female","6",78.14,">60",FALSE,FALSE,FALSE,FALSE,FALSE,FALSE,FALSE,FALSE,FALSE,FALSE,1,1,"singleton",0,0,0,0,0,0,0,0,0,0,0,1
"800957",78.24,5,2025-06-06,"863302",37.5,"250778","171350","61057",2795,"2025",6,"Summer",2018-12-06,2020-01-02,65.1333333333333,FALSE,"2018",12,"Winter","non-G-coded","female","5",78.24,">60",FALSE,FALSE,FALSE,FALSE,FALSE,FALSE,FALSE,FALSE,FALSE,FALSE,1,1,"singleton",0,0,0,0,0,0,0,0,0,0,0,6
"800963",78.44,5,2025-06-13,"22218621",31.2,"250796","171350","62594",2760,"2025",6,"Summer",2018-12-13,2020-01-02,65.3666666666667,FALSE,"2018",12,"Winter","non-G-coded","female","5",78.44,">60",FALSE,FALSE,FALSE,FALSE,FALSE,FALSE,FALSE,FALSE,FALSE,FALSE,1,1,"singleton",1,0,1,0,1,0,1,0,0,0,0,6
"800686",78.53,5,2025-04-13,"22218621",44.8,"250544","171350","61730",3268,"2025",4,"Spring",2018-09-13,2019-12-02,64.3666666666667,FALSE,"2018",9,"Autumn","non-G-coded","female","5",78.53,">60",FALSE,FALSE,FALSE,FALSE,FALSE,FALSE,FALSE,FALSE,FALSE,FALSE,1,1,"singleton",0,0,0,0,0,0,0,0,0,0,0,4
"800809",78.63,5,2025-05-13,"22218621",60.1,"250699","171350","60914",2968,"2025",5,"Spring",2018-10-13,2019-12-02,65.3548387096774,FALSE,"2018",10,"Autumn","non-G-coded","female","5",78.63,">60",FALSE,FALSE,FALSE,FALSE,FALSE,FALSE,FALSE,FALSE,FALSE,FALSE,1,1,"singleton",0,1,0,1,0,1,0,1,0,1,1,5
"70456",78.76,5,2024-02-05,"862025瓦特罗",46.3,"240221",NA,NA,6627,"2024",2,"Winter",2017-07-05,2019-12-02,50.1034482758621,FALSE,"2017",7,"Summer","non-G-coded","female","5",78.76,">60",FALSE,FALSE,FALSE,FALSE,FALSE,FALSE,FALSE,FALSE,FALSE,FALSE,1,1,"singleton",0,0,0,0,0,0,0,0,0,0,0,2
"70030",78.96,5,2023-08-08,"7402563907",40.3,"235559","426864","X211",7931,"2023",8,"Summer",2017-01-08,2019-12-02,44.1935483870968,FALSE,"2017",1,"Winter","non-G-coded","female","5",78.96,">60",FALSE,FALSE,FALSE,FALSE,FALSE,FALSE,FALSE,FALSE,FALSE,FALSE,1,1,"singleton",0,0,0,0,0,0,0,0,0,0,0,8
"70639",79.13,5,2024-05-31,"22220785",45.4,"240798",NA,NA,5558,"2024",5,"Spring",2017-10-31,2019-12-02,53.9354838709677,FALSE,"2017",10,"Autumn","non-G-coded","female","5",79.13,">60",FALSE,FALSE,FALSE,FALSE,FALSE,FALSE,FALSE,FALSE,FALSE,FALSE,1,1,"singleton",0,0,0,0,0,0,0,0,0,0,0,5
"H212108",79.22,6,2025-12-16,"21219011",49.4,"251500",NA,NA,1326,"2025",12,"Winter",2019-05-16,2019-12-02,72.4516129032258,FALSE,"2019",5,"Spring","non-G-coded","female","6",79.22,">60",FALSE,FALSE,FALSE,FALSE,FALSE,FALSE,FALSE,FALSE,FALSE,FALSE,1,1,"singleton",0,0,0,0,0,1,0,0,0,0,0,12
"60503",79.36,5,2023-07-17,"854773威吉吉",46,"235908",NA,NA,8077,"2023",7,"Summer",2016-12-17,2019-12-02,43.4838709677419,FALSE,"2016",12,"Winter","non-G-coded","female","5",79.36,">60",FALSE,FALSE,FALSE,FALSE,FALSE,FALSE,FALSE,FALSE,FALSE,FALSE,1,1,"singleton",0,0,0,0,0,0,0,0,0,0,0,7
"910112",79.45,5,2025-11-08,"21219011",48.6,"251302",NA,NA,1716,"2025",11,"Autumn",2019-04-08,2019-12-02,71.2,FALSE,"2019",4,"Spring","non-G-coded","female","5",79.45,">60",FALSE,FALSE,FALSE,FALSE,FALSE,FALSE,FALSE,FALSE,FALSE,FALSE,1,1,"singleton",0,0,0,0,0,1,0,0,0,0,0,11
"70684",79.55,5,2025-10-12,"41121286",40.5,"251188","171790","61479",1943,"2025",10,"Autumn",2019-02-12,2019-11-02,71.3225806451613,FALSE,"2019",2,"Winter","non-G-coded","female","5",79.55,">60",FALSE,FALSE,FALSE,FALSE,FALSE,FALSE,FALSE,FALSE,FALSE,FALSE,1,1,"singleton",0,0,0,0,0,0,0,0,0,0,0,10
"00211",79.75,5,2025-10-21,"41123286",40.6,"251217",NA,NA,1873,"2025",10,"Autumn",2019-02-21,2019-11-02,71.6129032258064,FALSE,"2019",2,"Winter","non-G-coded","female","5",79.75,">60",FALSE,FALSE,FALSE,FALSE,FALSE,FALSE,FALSE,FALSE,FALSE,FALSE,1,1,"singleton",0,0,0,0,0,0,0,0,0,0,0,10
"20060",79.91,5,2026-05-24,"21219011",50.4,"261521",NA,NA,183,"2026",5,"Spring",2019-09-24,2019-11-02,78.7096774193548,FALSE,"2019",9,"Autumn","non-G-coded","female","5",79.91,">60",FALSE,FALSE,FALSE,FALSE,FALSE,FALSE,FALSE,FALSE,FALSE,FALSE,1,1,"singleton",0,1,0,0,0,1,0,0,0,0,0,5
"00251",80.11,5,2025-11-08,"41121286",49.2,"251301","171790","62538",1711,"2025",11,"Autumn",2019-03-08,2019-11-02,72.2,FALSE,"2019",3,"Spring","non-G-coded","female","5",80.11,">60",FALSE,FALSE,FALSE,FALSE,FALSE,FALSE,FALSE,FALSE,FALSE,FALSE,1,1,"singleton",0,0,0,0,0,1,0,0,0,0,0,11
"800978",80.21,5,2025-08-08,"22220107",40.2,"250990","171350","Z61082",2370,"2025",8,"Summer",2018-12-08,2019-11-02,69.1935483870968,FALSE,"2018",12,"Winter","non-G-coded","female","5",80.21,">60",FALSE,FALSE,FALSE,FALSE,FALSE,FALSE,FALSE,FALSE,FALSE,FALSE,1,1,"singleton",0,0,0,0,0,0,0,0,0,0,0,8
"70293",80.34,5,2024-01-05,"865530狼血",41.6,"240048",NA,NA,6911,"2024",1,"Winter",2017-05-05,2019-11-02,50.0967741935484,FALSE,"2017",5,"Spring","non-G-coded","female","5",80.34,">60",FALSE,FALSE,FALSE,FALSE,FALSE,FALSE,FALSE,FALSE,FALSE,FALSE,1,1,"singleton",0,0,0,0,0,0,0,0,0,0,0,1
"00573",80.51,6,2026-01-25,"41121296",41.8,"260054","167285","62620",1093,"2026",1,"Winter",2019-04-25,2019-10-02,75.741935483871,FALSE,"2019",4,"Spring","non-G-coded","female","6",80.51,">60",FALSE,FALSE,FALSE,FALSE,FALSE,FALSE,FALSE,FALSE,FALSE,FALSE,1,1,"singleton",0,0,0,0,0,0,0,0,0,0,0,1
"70500",80.64,5,2024-04-25,"22220785",40.4,"240674",NA,NA,5797,"2024",4,"Spring",2017-07-25,2019-10-02,54.7666666666667,FALSE,"2017",7,"Summer","non-G-coded","female","5",80.64,">60",FALSE,FALSE,FALSE,FALSE,FALSE,FALSE,FALSE,FALSE,FALSE,FALSE,1,1,"singleton",0,0,0,0,0,0,0,0,0,0,0,4
"60548",80.67,5,2023-08-04,"854773威吉吉",48.8,"235157",NA,NA,7955,"2023",8,"Summer",2016-11-04,2019-10-02,46.0645161290323,FALSE,"2016",11,"Autumn","non-G-coded","female","5",80.67,">60",FALSE,FALSE,FALSE,FALSE,FALSE,FALSE,FALSE,FALSE,FALSE,FALSE,1,1,"singleton",0,0,0,0,0,1,0,0,0,0,0,8
"800685",81.16,5,2025-07-02,"863302",44.8,"250876","171350","L40574",2617,"2025",7,"Summer",2018-10-02,2019-10-02,69,FALSE,"2018",10,"Autumn","non-G-coded","female","5",81.16,">60",FALSE,FALSE,FALSE,FALSE,FALSE,FALSE,FALSE,FALSE,FALSE,FALSE,1,1,"singleton",0,0,0,0,0,0,0,0,0,0,0,7
"00118",81.33,5,2025-11-11,"41121286",48.2,"251314",NA,NA,1678,"2025",11,"Autumn",2019-02-11,2019-10-02,73.3,FALSE,"2019",2,"Winter","non-G-coded","female","5",81.33,">60",FALSE,FALSE,FALSE,FALSE,FALSE,FALSE,FALSE,FALSE,FALSE,FALSE,1,1,"singleton",0,0,0,0,0,0,0,0,0,0,0,11
"70528",81.36,5,2024-05-31,"22220785",40.7,"240795",NA,NA,5554,"2024",5,"Spring",2017-08-31,2019-10-02,55.9354838709677,FALSE,"2017",8,"Summer","non-G-coded","female","5",81.36,">60",FALSE,FALSE,FALSE,FALSE,FALSE,FALSE,FALSE,FALSE,FALSE,FALSE,1,1,"singleton",0,0,0,0,0,0,0,0,0,0,0,5
"212875",81.49,6,2025-11-29,"41121286",37.7,"251401","171790","X253",1493,"2025",11,"Autumn",2019-02-28,2019-10-02,73.9,FALSE,"2019",2,"Winter","non-G-coded","female","6",81.49,">60",FALSE,FALSE,FALSE,FALSE,FALSE,FALSE,FALSE,FALSE,FALSE,FALSE,1,1,"singleton",0,0,0,0,0,0,0,0,0,0,0,11
"00584",81.72,6,2026-03-12,"21219011",54.7,"261362",NA,NA,761,"2026",3,"Spring",2019-05-12,2019-09-02,78.3225806451613,FALSE,"2019",5,"Spring","non-G-coded","female","6",81.72,">60",FALSE,FALSE,FALSE,FALSE,FALSE,FALSE,FALSE,FALSE,FALSE,FALSE,1,1,"singleton",0,1,0,1,0,1,0,1,0,0,0,3
"234567",81.99,5,2026-01-31,"21219011",45.2,"260064",NA,NA,1059,"2026",1,"Winter",2019-03-31,2019-09-02,76.9354838709677,FALSE,"2019",3,"Spring","non-G-coded","female","5",81.99,">60",FALSE,FALSE,FALSE,FALSE,FALSE,FALSE,FALSE,FALSE,FALSE,FALSE,1,1,"singleton",0,0,0,0,0,0,0,0,0,0,0,1
"800899",82.08,5,2025-09-21,"22121071",49.2,"251092","171350","60338",2130,"2025",9,"Autumn",2018-11-21,2019-09-02,72.6333333333333,FALSE,"2018",11,"Autumn","non-G-coded","female","5",82.08,">60",FALSE,FALSE,FALSE,FALSE,FALSE,FALSE,FALSE,FALSE,FALSE,FALSE,1,1,"singleton",0,0,0,0,0,1,0,0,0,0,0,9
"70434",82.15,5,2024-04-29,"FR3917468802",39.6,"240687",NA,NA,5772,"2024",4,"Spring",2017-06-29,2019-09-02,55.9,FALSE,"2017",6,"Summer","non-G-coded","female","5",82.15,">60",FALSE,FALSE,FALSE,FALSE,FALSE,FALSE,FALSE,FALSE,FALSE,FALSE,1,1,"singleton",0,0,0,0,0,0,0,0,0,0,0,4
"70008",82.31,6,2023-11-07,"7402563907",54.2,"235646","426864","40245",7393,"2023",11,"Autumn",2017-01-07,2019-09-02,50.1666666666667,FALSE,"2017",1,"Winter","non-G-coded","female","6",82.31,">60",FALSE,FALSE,FALSE,FALSE,FALSE,FALSE,FALSE,FALSE,FALSE,FALSE,1,1,"singleton",0,1,0,1,0,1,0,1,0,0,0,11
"60526",82.51,5,2023-09-15,"865530狼血",31,"235394",NA,NA,7689,"2023",9,"Autumn",2016-10-15,2019-08-02,49.4333333333333,FALSE,"2016",10,"Autumn","non-G-coded","female","5",82.51,">60",FALSE,FALSE,FALSE,FALSE,FALSE,FALSE,FALSE,FALSE,FALSE,FALSE,1,1,"singleton",1,0,1,0,1,0,1,0,0,0,0,9
"70147",82.61,5,2024-01-26,"FR7045049997",42.4,"240152",NA,NA,6732,"2024",1,"Winter",2017-02-26,2019-08-02,53.7741935483871,FALSE,"2017",2,"Winter","non-G-coded","female","5",82.61,">60",FALSE,FALSE,FALSE,FALSE,FALSE,FALSE,FALSE,FALSE,FALSE,FALSE,1,1,"singleton",0,0,0,0,0,0,0,0,0,0,0,1
"62298",82.74,5,2023-01-05,"606045维泽",50.1,"234027",NA,NA,9448,"2023",1,"Winter",2016-02-05,2019-08-02,41.0967741935484,FALSE,"2016",2,"Winter","non-G-coded","female","5",82.74,">60",FALSE,FALSE,FALSE,FALSE,FALSE,FALSE,FALSE,FALSE,FALSE,FALSE,1,1,"singleton",0,1,0,0,0,1,0,0,0,0,0,1
"60495",82.81,6,2023-09-04,"7402563907",44.3,"235336",NA,NA,7757,"2023",9,"Autumn",2016-10-04,2019-08-02,49.0666666666667,FALSE,"2016",10,"Autumn","non-G-coded","female","6",82.81,">60",FALSE,FALSE,FALSE,FALSE,FALSE,FALSE,FALSE,FALSE,FALSE,FALSE,1,1,"singleton",0,0,0,0,0,0,0,0,0,0,0,9
"H235207",82.94,6,2025-12-09,"41121286",52.6,"251460","171790","62029",1375,"2025",12,"Winter",2019-01-09,2019-08-02,76.2258064516129,FALSE,"2019",1,"Winter","non-G-coded","female","6",82.94,">60",FALSE,FALSE,FALSE,FALSE,FALSE,FALSE,FALSE,FALSE,FALSE,FALSE,1,1,"singleton",0,1,0,1,0,1,0,1,0,0,0,12
"60339",82.97,6,2023-04-21,"7402563907",34.3,"234625",NA,NA,8571,"2023",4,"Spring",2016-05-21,2019-08-02,44.6333333333333,FALSE,"2016",5,"Spring","non-G-coded","female","6",82.97,">60",FALSE,FALSE,FALSE,FALSE,FALSE,FALSE,FALSE,FALSE,FALSE,FALSE,1,1,"singleton",1,0,0,0,1,0,1,0,0,0,0,4
"61497",83.1,5,2023-01-19,"871041文尼哥",42.9,"234099",NA,NA,9364,"2023",1,"Winter",2016-02-19,2019-08-02,41.5483870967742,FALSE,"2016",2,"Winter","non-G-coded","female","5",83.1,">60",FALSE,FALSE,FALSE,FALSE,FALSE,FALSE,FALSE,FALSE,FALSE,FALSE,1,1,"singleton",0,0,0,0,0,0,0,0,0,0,0,1
"800952",83.2,5,2023-01-29,"871041文尼哥",46.3,"234133",NA,NA,9302,"2023",1,"Winter",2016-02-29,2019-08-02,41.8709677419355,FALSE,"2016",2,"Winter","non-G-coded","female","5",83.2,">60",FALSE,FALSE,FALSE,FALSE,FALSE,FALSE,FALSE,FALSE,FALSE,FALSE,1,1,"singleton",0,0,0,0,0,0,0,0,0,0,0,1
"00013",83.37,4,2025-12-13,"41121286",42.4,"251493","171790","62821",1358,"2025",12,"Winter",2019-01-13,2019-08-02,76.3548387096774,FALSE,"2019",1,"Winter","non-G-coded","female","4",83.37,">60",FALSE,FALSE,FALSE,FALSE,FALSE,FALSE,FALSE,FALSE,FALSE,FALSE,1,1,"singleton",0,0,0,0,0,0,0,0,0,0,0,12
"70426",83.56,6,2024-06-03,"22220785",48.4,"240811",NA,NA,5536,"2024",6,"Summer",2017-06-03,2019-07-02,59.0333333333333,FALSE,"2017",6,"Summer","non-G-coded","female","6",83.56,">60",FALSE,FALSE,FALSE,FALSE,FALSE,FALSE,FALSE,FALSE,FALSE,FALSE,1,1,"singleton",0,0,0,0,0,0,0,0,0,0,0,6
"00317",83.63,5,2026-03-15,"41121296",53.2,"261226",NA,NA,731,"2026",3,"Spring",2019-03-15,2019-07-02,80.4193548387097,FALSE,"2019",3,"Spring","non-G-coded","female","5",83.63,">60",FALSE,FALSE,FALSE,FALSE,FALSE,FALSE,FALSE,FALSE,FALSE,FALSE,1,1,"singleton",0,1,0,1,0,1,0,1,0,0,0,3
"60528",83.66,6,2023-10-21,"7402563907",47.5,"235539",NA,NA,7487,"2023",10,"Autumn",2016-10-21,2019-07-02,51.6129032258064,FALSE,"2016",10,"Autumn","non-G-coded","female","6",83.66,">60",FALSE,FALSE,FALSE,FALSE,FALSE,FALSE,FALSE,FALSE,FALSE,FALSE,1,1,"singleton",0,0,0,0,0,0,0,0,0,0,0,10
"70465",83.76,5,2024-07-10,"171206",45.8,"240924","426864","140102",5364,"2024",7,"Summer",2017-07-10,2019-07-02,60.258064516129,FALSE,"2017",7,"Summer","non-G-coded","female","5",83.76,">60",FALSE,FALSE,FALSE,FALSE,FALSE,FALSE,FALSE,FALSE,FALSE,FALSE,1,1,"singleton",0,0,0,0,0,0,0,0,0,0,0,7
"62712",83.79,5,2023-02-17,"871041文尼哥",48.6,"234237",NA,NA,9163,"2023",2,"Winter",2016-02-17,2019-07-02,43.5357142857143,FALSE,"2016",2,"Winter","non-G-coded","female","5",83.79,">60",FALSE,FALSE,FALSE,FALSE,FALSE,FALSE,FALSE,FALSE,FALSE,FALSE,1,1,"singleton",0,0,0,0,0,1,0,0,0,0,0,2
"213361",83.89,6,2026-05-08,"41120238",46.4,"261477","167285","62068",278,"2026",5,"Spring",2019-05-08,2019-07-02,82.1935483870968,FALSE,"2019",5,"Spring","non-G-coded","female","6",83.89,">60",FALSE,FALSE,FALSE,FALSE,FALSE,FALSE,FALSE,FALSE,FALSE,FALSE,1,1,"singleton",0,0,0,0,0,0,0,0,0,0,0,5
"61546",83.99,5,2023-02-06,"871041文尼哥",46.2,"234166",NA,NA,9248,"2023",2,"Winter",2016-02-06,2019-07-02,43.1428571428571,FALSE,"2016",2,"Winter","non-G-coded","female","5",83.99,">60",FALSE,FALSE,FALSE,FALSE,FALSE,FALSE,FALSE,FALSE,FALSE,FALSE,1,1,"singleton",0,0,0,0,0,0,0,0,0,0,0,2
"70248",84.16,6,2024-04-14,"FR3917468802",47.3,"240626",NA,NA,5874,"2024",4,"Spring",2017-04-14,2019-07-02,57.4,FALSE,"2017",4,"Spring","non-G-coded","female","6",84.16,">60",FALSE,FALSE,FALSE,FALSE,FALSE,FALSE,FALSE,FALSE,FALSE,FALSE,1,1,"singleton",0,0,0,0,0,0,0,0,0,0,0,4
"62222",84.29,5,2023-03-06,"854773威吉吉",46.5,"234349",NA,NA,8999,"2023",3,"Spring",2016-03-06,2019-07-02,44.1290322580645,FALSE,"2016",3,"Spring","non-G-coded","female","5",84.29,">60",FALSE,FALSE,FALSE,FALSE,FALSE,FALSE,FALSE,FALSE,FALSE,FALSE,1,1,"singleton",0,0,0,0,0,0,0,0,0,0,0,3
"91112",84.35,3,2023-07-29,"854773威吉吉",48.3,"235134",NA,NA,7980,"2023",7,"Summer",2016-07-29,2019-07-02,48.8709677419355,FALSE,"2016",7,"Summer","non-G-coded","female","3",84.35,">60",FALSE,FALSE,FALSE,FALSE,FALSE,FALSE,FALSE,FALSE,FALSE,FALSE,1,1,"singleton",0,0,0,0,0,0,0,0,0,0,0,7
"1411",84.45,6,2023-05-25,"854773威吉吉",33.5,"234776",NA,NA,8381,"2023",5,"Spring",2016-05-25,2019-07-02,46.741935483871,FALSE,"2016",5,"Spring","non-G-coded","female","6",84.45,">60",FALSE,FALSE,FALSE,FALSE,FALSE,FALSE,FALSE,FALSE,FALSE,FALSE,1,1,"singleton",1,0,0,0,1,0,1,0,0,0,0,5
"63000",84.55,5,2023-02-24,"854773威吉吉",47.5,"234289","BS11102933","777",9094,"2023",2,"Winter",2016-01-24,2019-06-02,44.7857142857143,FALSE,"2016",1,"Winter","non-G-coded","female","5",84.55,">60",FALSE,FALSE,FALSE,FALSE,FALSE,FALSE,FALSE,FALSE,FALSE,FALSE,1,1,"singleton",0,0,0,0,0,0,0,0,0,0,0,2
"801133",84.68,6,2025-07-20,"22220619",37.3,"250923",NA,NA,2496,"2025",7,"Summer",2018-06-20,2019-06-02,73.5806451612903,FALSE,"2018",6,"Summer","non-G-coded","female","6",84.68,">60",FALSE,FALSE,FALSE,FALSE,FALSE,FALSE,FALSE,FALSE,FALSE,FALSE,1,1,"singleton",0,0,0,0,0,0,0,0,0,0,0,7
"62352",84.78,5,2023-03-05,"854773威吉吉",41.3,"234341",NA,NA,9011,"2023",3,"Spring",2016-02-05,2019-06-02,45.0967741935484,FALSE,"2016",2,"Winter","non-G-coded","female","5",84.78,">60",FALSE,FALSE,FALSE,FALSE,FALSE,FALSE,FALSE,FALSE,FALSE,FALSE,1,1,"singleton",0,0,0,0,0,0,0,0,0,0,0,3
"61555",84.85,5,2023-03-13,"871041文尼哥",46.3,"234386",NA,NA,8933,"2023",3,"Spring",2016-02-13,2019-06-02,45.3548387096774,FALSE,"2016",2,"Winter","non-G-coded","female","5",84.85,">60",FALSE,FALSE,FALSE,FALSE,FALSE,FALSE,FALSE,FALSE,FALSE,FALSE,1,1,"singleton",0,0,0,0,0,0,0,0,0,0,0,3
"800770",84.88,6,2025-11-10,"41121286",45.4,"251313",NA,NA,1691,"2025",11,"Autumn",2018-10-10,2019-06-02,77.2666666666667,FALSE,"2018",10,"Autumn","non-G-coded","female","6",84.88,">60",FALSE,FALSE,FALSE,FALSE,FALSE,FALSE,FALSE,FALSE,FALSE,FALSE,1,1,"singleton",0,0,0,0,0,0,0,0,0,0,0,11
"61560",84.94,5,2023-03-21,"871041文尼哥",45.2,"234854",NA,NA,8859,"2023",3,"Spring",2016-02-21,2019-06-02,45.6129032258064,FALSE,"2016",2,"Winter","non-G-coded","female","5",84.94,">60",FALSE,FALSE,FALSE,FALSE,FALSE,FALSE,FALSE,FALSE,FALSE,FALSE,1,1,"singleton",0,0,0,0,0,0,0,0,0,0,0,3
"60829",84.94,5,2023-01-29,"871041文尼哥",48.2,"234134",NA,NA,9304,"2023",1,"Winter",2015-12-29,2019-06-02,43.8709677419355,FALSE,"2015",12,"Winter","non-G-coded","female","5",84.94,">60",FALSE,FALSE,FALSE,FALSE,FALSE,FALSE,FALSE,FALSE,FALSE,FALSE,1,1,"singleton",0,0,0,0,0,0,0,0,0,0,0,1
"61662",85.04,5,2023-03-13,"854773威吉吉",46.3,"234384",NA,NA,8938,"2023",3,"Spring",2016-02-13,2019-06-02,45.3548387096774,FALSE,"2016",2,"Winter","non-G-coded","female","5",85.04,">60",FALSE,FALSE,FALSE,FALSE,FALSE,FALSE,FALSE,FALSE,FALSE,FALSE,1,1,"singleton",0,0,0,0,0,0,0,0,0,0,0,3
"62551",85.11,6,2023-03-14,"871041文尼哥",46.6,"234388",NA,NA,8930,"2023",3,"Spring",2016-02-14,2019-06-02,45.3870967741936,FALSE,"2016",2,"Winter","non-G-coded","female","6",85.11,">60",FALSE,FALSE,FALSE,FALSE,FALSE,FALSE,FALSE,FALSE,FALSE,FALSE,1,1,"singleton",0,0,0,0,0,0,0,0,0,0,0,3
"62033",85.21,5,2023-02-09,"871041文尼哥",46.3,"234184",NA,NA,9230,"2023",2,"Winter",2016-01-09,2019-06-02,44.25,FALSE,"2016",1,"Winter","non-G-coded","female","5",85.21,">60",FALSE,FALSE,FALSE,FALSE,FALSE,FALSE,FALSE,FALSE,FALSE,FALSE,1,1,"singleton",0,0,0,0,0,0,0,0,0,0,0,2
"63028",85.24,5,2023-03-15,"871041文尼哥",44.5,"234395",NA,NA,8913,"2023",3,"Spring",2016-02-15,2019-06-02,45.4193548387097,FALSE,"2016",2,"Winter","non-G-coded","female","5",85.24,">60",FALSE,FALSE,FALSE,FALSE,FALSE,FALSE,FALSE,FALSE,FALSE,FALSE,1,1,"singleton",0,0,0,0,0,0,0,0,0,0,0,3
"61221",85.27,6,2023-03-16,"7029225762",46.3,"234403",NA,NA,8898,"2023",3,"Spring",2016-02-16,2019-06-02,45.4516129032258,FALSE,"2016",2,"Winter","non-G-coded","female","6",85.27,">60",FALSE,FALSE,FALSE,FALSE,FALSE,FALSE,FALSE,FALSE,FALSE,FALSE,1,1,"singleton",0,0,0,0,0,0,0,0,0,0,0,3
"61240",85.37,5,2023-04-06,"871041文尼哥",50.4,"234557",NA,NA,8687,"2023",4,"Spring",2016-03-06,2019-06-02,46.1333333333333,FALSE,"2016",3,"Spring","non-G-coded","female","5",85.37,">60",FALSE,FALSE,FALSE,FALSE,FALSE,FALSE,FALSE,FALSE,FALSE,FALSE,1,1,"singleton",0,1,0,0,0,1,0,0,0,0,0,4
"70420",85.37,6,2026-04-17,"65123933",31.2,"261399","171790","62264",409,"2026",4,"Spring",2019-03-17,2019-06-02,82.5,FALSE,"2019",3,"Spring","non-G-coded","female","6",85.37,">60",FALSE,FALSE,FALSE,FALSE,FALSE,FALSE,FALSE,FALSE,FALSE,FALSE,1,1,"singleton",1,0,1,0,1,0,1,0,0,0,0,4
"61797",85.44,6,2023-02-17,"854773威吉吉",34,"234239",NA,NA,9161,"2023",2,"Winter",2016-01-17,2019-06-02,44.5357142857143,FALSE,"2016",1,"Winter","non-G-coded","female","6",85.44,">60",FALSE,FALSE,FALSE,FALSE,FALSE,FALSE,FALSE,FALSE,FALSE,FALSE,1,1,"singleton",1,0,0,0,1,0,1,0,0,0,0,2
"60443",85.5,5,2023-10-14,"854282维利纳诺",31.8,"235515",NA,NA,7528,"2023",10,"Autumn",2016-08-14,2019-05-02,53.3870967741936,FALSE,"2016",8,"Summer","non-G-coded","female","5",85.5,">60",FALSE,FALSE,FALSE,FALSE,FALSE,FALSE,FALSE,FALSE,FALSE,FALSE,1,1,"singleton",1,0,1,0,1,0,1,0,0,0,0,10
"60215",85.57,4,2023-05-26,"865530狼血",43.5,"234784",NA,NA,8377,"2023",5,"Spring",2016-03-26,2019-05-02,48.7741935483871,FALSE,"2016",3,"Spring","non-G-coded","female","4",85.57,">60",FALSE,FALSE,FALSE,FALSE,FALSE,FALSE,FALSE,FALSE,FALSE,FALSE,1,1,"singleton",0,0,0,0,0,0,0,0,0,0,0,5
"61916",85.63,5,2023-02-24,"854773威吉吉",49.1,"234288",NA,NA,9098,"2023",2,"Winter",2015-12-24,2019-05-02,45.7857142857143,FALSE,"2015",12,"Winter","non-G-coded","female","5",85.63,">60",FALSE,FALSE,FALSE,FALSE,FALSE,FALSE,FALSE,FALSE,FALSE,FALSE,1,1,"singleton",0,0,0,0,0,1,0,0,0,0,0,2
"62119",85.67,5,2023-02-24,"854773威吉吉",46.2,"234281",NA,NA,9089,"2023",2,"Winter",2015-12-24,2019-05-02,45.7857142857143,FALSE,"2015",12,"Winter","non-G-coded","female","5",85.67,">60",FALSE,FALSE,FALSE,FALSE,FALSE,FALSE,FALSE,FALSE,FALSE,FALSE,1,1,"singleton",0,0,0,0,0,0,0,0,0,0,0,2
"70025",85.73,6,2024-02-27,"FR3917468802",42,"240346",NA,NA,6309,"2024",2,"Winter",2016-12-27,2019-05-02,57.8620689655172,FALSE,"2016",12,"Winter","non-G-coded","female","6",85.73,">60",FALSE,FALSE,FALSE,FALSE,FALSE,FALSE,FALSE,FALSE,FALSE,FALSE,1,1,"singleton",0,0,0,0,0,0,0,0,0,0,0,2
"61268",85.93,5,2023-04-22,"871041文尼哥",41.3,"234630",NA,NA,8564,"2023",4,"Spring",2016-02-22,2019-05-02,47.6666666666667,FALSE,"2016",2,"Winter","non-G-coded","female","5",85.93,">60",FALSE,FALSE,FALSE,FALSE,FALSE,FALSE,FALSE,FALSE,FALSE,FALSE,1,1,"singleton",0,0,0,0,0,0,0,0,0,0,0,4
"60257",85.93,6,2023-06-16,"854773威吉吉",44.2,"234913",NA,NA,8218,"2023",6,"Summer",2016-04-16,2019-05-02,49.4666666666667,FALSE,"2016",4,"Spring","non-G-coded","female","6",85.93,">60",FALSE,FALSE,FALSE,FALSE,FALSE,FALSE,FALSE,FALSE,FALSE,FALSE,1,1,"singleton",0,0,0,0,0,0,0,0,0,0,0,6
"61576",86,5,2023-04-09,"7402563907",36.3,"2345777",NA,NA,8665,"2023",4,"Spring",2016-02-09,2019-05-02,47.2333333333333,FALSE,"2016",2,"Winter","non-G-coded","female","5",86,">60",FALSE,FALSE,FALSE,FALSE,FALSE,FALSE,FALSE,FALSE,FALSE,FALSE,1,1,"singleton",0,0,0,0,1,0,0,0,0,0,0,4
"60182",86.03,6,2023-06-02,"865530狼血",42.4,"234819",NA,NA,8323,"2023",6,"Summer",2016-04-02,2019-05-02,49,FALSE,"2016",4,"Spring","non-G-coded","female","6",86.03,">60",FALSE,FALSE,FALSE,FALSE,FALSE,FALSE,FALSE,FALSE,FALSE,FALSE,1,1,"singleton",0,0,0,0,0,0,0,0,0,0,0,6
"70056",86.06,6,2024-03-24,"862025瓦特罗",37.2,"240538",NA,NA,6044,"2024",3,"Spring",2017-01-24,2019-05-02,58.7096774193548,FALSE,"2017",1,"Winter","non-G-coded","female","6",86.06,">60",FALSE,FALSE,FALSE,FALSE,FALSE,FALSE,FALSE,FALSE,FALSE,FALSE,1,1,"singleton",0,0,0,0,0,0,0,0,0,0,0,3
"62587",86.19,5,2023-04-24,"871041文尼哥",41.6,"234640",NA,NA,8555,"2023",4,"Spring",2016-02-24,2019-05-02,47.7333333333333,FALSE,"2016",2,"Winter","non-G-coded","female","5",86.19,">60",FALSE,FALSE,FALSE,FALSE,FALSE,FALSE,FALSE,FALSE,FALSE,FALSE,1,1,"singleton",0,0,0,0,0,0,0,0,0,0,0,4
"800846",86.39,6,2026-01-17,"41121286",44,"260027","171350","61794",1142,"2026",1,"Winter",2018-11-17,2019-05-02,80.4838709677419,FALSE,"2018",11,"Autumn","non-G-coded","female","6",86.39,">60",FALSE,FALSE,FALSE,FALSE,FALSE,FALSE,FALSE,FALSE,FALSE,FALSE,1,1,"singleton",0,0,0,0,0,0,0,0,0,0,0,1
"H212635",86.49,5,2024-03-23,"862025瓦特罗",51,"240533",NA,NA,6046,"2024",3,"Spring",2017-01-23,2019-05-02,58.6774193548387,FALSE,"2017",1,"Winter","non-G-coded","female","5",86.49,">60",FALSE,FALSE,FALSE,FALSE,FALSE,FALSE,FALSE,FALSE,FALSE,FALSE,1,1,"singleton",0,1,0,0,0,1,0,0,0,0,0,3
"61013",86.59,5,2023-04-12,"854773威吉吉",49.5,"234586",NA,NA,8646,"2023",4,"Spring",2016-01-12,2019-04-02,48.3333333333333,FALSE,"2016",1,"Winter","non-G-coded","female","5",86.59,">60",FALSE,FALSE,FALSE,FALSE,FALSE,FALSE,FALSE,FALSE,FALSE,FALSE,1,1,"singleton",0,0,0,0,0,1,0,0,0,0,0,4
"60185",86.65,6,2023-06-22,"7402563907",31.3,"234933",NA,NA,8189,"2023",6,"Summer",2016-03-22,2019-04-02,50.6666666666667,FALSE,"2016",3,"Spring","non-G-coded","female","6",86.65,">60",FALSE,FALSE,FALSE,FALSE,FALSE,FALSE,FALSE,FALSE,FALSE,FALSE,1,1,"singleton",1,0,1,0,1,0,1,0,0,0,0,6
"801049",86.82,6,2026-03-07,"22222095",51.3,"260195",NA,NA,804,"2026",3,"Spring",2018-12-07,2019-04-02,83.1612903225806,FALSE,"2018",12,"Winter","non-G-coded","female","6",86.82,">60",FALSE,FALSE,FALSE,FALSE,FALSE,FALSE,FALSE,FALSE,FALSE,FALSE,1,1,"singleton",0,1,0,0,0,1,0,0,0,0,0,3
"800785",86.92,6,2026-01-15,"21219011",40.8,"260026","171350","63061",1147,"2026",1,"Winter",2018-10-15,2019-04-02,81.4193548387097,FALSE,"2018",10,"Autumn","non-G-coded","female","6",86.92,">60",FALSE,FALSE,FALSE,FALSE,FALSE,FALSE,FALSE,FALSE,FALSE,FALSE,1,1,"singleton",0,0,0,0,0,0,0,0,0,0,0,1
"62457",86.98,5,2023-05-04,"871041文尼哥",47.6,"234701",NA,NA,8492,"2023",5,"Spring",2016-02-04,2019-04-02,49.0645161290323,FALSE,"2016",2,"Winter","non-G-coded","female","5",86.98,">60",FALSE,FALSE,FALSE,FALSE,FALSE,FALSE,FALSE,FALSE,FALSE,FALSE,1,1,"singleton",0,0,0,0,0,0,0,0,0,0,0,5
"62758",87.05,5,2023-05-15,"871041文尼哥",47.6,"234744",NA,NA,8441,"2023",5,"Spring",2016-02-15,2019-04-02,49.4193548387097,FALSE,"2016",2,"Winter","non-G-coded","female","5",87.05,">60",FALSE,FALSE,FALSE,FALSE,FALSE,FALSE,FALSE,FALSE,FALSE,FALSE,1,1,"singleton",0,0,0,0,0,0,0,0,0,0,0,5
"60248",87.11,5,2023-07-19,"7402563907",42.5,"235867",NA,NA,8055,"2023",7,"Summer",2016-04-19,2019-04-02,51.5483870967742,FALSE,"2016",4,"Spring","non-G-coded","female","5",87.11,">60",FALSE,FALSE,FALSE,FALSE,FALSE,FALSE,FALSE,FALSE,FALSE,FALSE,1,1,"singleton",0,0,0,0,0,0,0,0,0,0,0,7
"60956",87.21,3,2023-05-04,"854773威吉吉",46.8,"234704",NA,NA,8490,"2023",5,"Spring",2016-02-04,2019-04-02,49.0645161290323,FALSE,"2016",2,"Winter","non-G-coded","female","3",87.21,">60",FALSE,FALSE,FALSE,FALSE,FALSE,FALSE,FALSE,FALSE,FALSE,FALSE,1,1,"singleton",0,0,0,0,0,0,0,0,0,0,0,5
"70345",87.34,6,2024-08-23,"15620128",33.6,"241040",NA,NA,5149,"2024",8,"Summer",2017-05-23,2019-04-02,64.6774193548387,FALSE,"2017",5,"Spring","non-G-coded","female","6",87.34,">60",FALSE,FALSE,FALSE,FALSE,FALSE,FALSE,FALSE,FALSE,FALSE,FALSE,1,1,"singleton",1,0,0,0,1,0,1,0,0,0,0,8
"91145",87.41,5,2023-05-27,"871041文尼哥",41.6,"234788",NA,NA,8368,"2023",5,"Spring",2016-02-27,2019-04-02,49.8064516129032,FALSE,"2016",2,"Winter","non-G-coded","female","5",87.41,">60",FALSE,FALSE,FALSE,FALSE,FALSE,FALSE,FALSE,FALSE,FALSE,FALSE,1,1,"singleton",0,0,0,0,0,0,0,0,0,0,0,5
"62112",87.51,5,2023-05-12,"7402563907",50.2,"234732",NA,NA,8456,"2023",5,"Spring",2016-01-12,2019-03-02,50.3225806451613,FALSE,"2016",1,"Winter","non-G-coded","female","5",87.51,">60",FALSE,FALSE,FALSE,FALSE,FALSE,FALSE,FALSE,FALSE,FALSE,FALSE,1,1,"singleton",0,1,0,0,0,1,0,0,0,0,0,5
"70308",87.61,5,2024-08-19,"15620128",46.2,"241031","426864","10542",5166,"2024",8,"Summer",2017-04-19,2019-03-02,65.5483870967742,FALSE,"2017",4,"Spring","non-G-coded","female","5",87.61,">60",FALSE,FALSE,FALSE,FALSE,FALSE,FALSE,FALSE,FALSE,FALSE,FALSE,1,1,"singleton",0,0,0,0,0,0,0,0,0,0,0,8
"61941",87.74,5,2023-04-26,"7029225762",44.5,"234650",NA,NA,8541,"2023",4,"Spring",2015-12-26,2019-03-02,49.8,FALSE,"2015",12,"Winter","non-G-coded","female","5",87.74,">60",FALSE,FALSE,FALSE,FALSE,FALSE,FALSE,FALSE,FALSE,FALSE,FALSE,1,1,"singleton",0,0,0,0,0,0,0,0,0,0,0,4
"00027",87.9,6,2026-05-03,"41120238",46.4,"261463","171790","40707",303,"2026",5,"Spring",2019-01-03,2019-03-02,86.0322580645161,FALSE,"2019",1,"Winter","non-G-coded","female","6",87.9,">60",FALSE,FALSE,FALSE,FALSE,FALSE,FALSE,FALSE,FALSE,FALSE,FALSE,1,1,"singleton",0,0,0,0,0,0,0,0,0,0,0,5
"65024",87.97,4,2023-09-14,"865530狼血",44.2,"235391",NA,NA,7697,"2023",9,"Autumn",2016-05-14,2019-03-02,54.4,FALSE,"2016",5,"Spring","non-G-coded","female","4",87.97,">60",FALSE,FALSE,FALSE,FALSE,FALSE,FALSE,FALSE,FALSE,FALSE,FALSE,1,1,"singleton",0,0,0,0,0,0,0,0,0,0,0,9
"800966",88.1,6,2026-04-03,"21219011",38.4,"261341","171350","61743",520,"2026",4,"Spring",2018-12-03,2019-03-02,85.0333333333333,FALSE,"2018",12,"Winter","non-G-coded","female","6",88.1,">60",FALSE,FALSE,FALSE,FALSE,FALSE,FALSE,FALSE,FALSE,FALSE,FALSE,1,1,"singleton",0,0,0,0,0,0,0,0,0,0,0,4
"62633",88.13,6,2023-06-11,"854773威吉吉",37.8,"234892",NA,NA,8257,"2023",6,"Summer",2016-02-11,2019-03-02,51.3,FALSE,"2016",2,"Winter","non-G-coded","female","6",88.13,">60",FALSE,FALSE,FALSE,FALSE,FALSE,FALSE,FALSE,FALSE,FALSE,FALSE,1,1,"singleton",0,0,0,0,0,0,0,0,0,0,0,6
"801090",88.36,6,2026-04-28,"41120238",36.3,"261444",NA,NA,332,"2026",4,"Spring",2018-12-28,2019-03-02,85.8666666666667,FALSE,"2018",12,"Winter","non-G-coded","female","6",88.36,">60",FALSE,FALSE,FALSE,FALSE,FALSE,FALSE,FALSE,FALSE,FALSE,FALSE,1,1,"singleton",0,0,0,0,1,0,0,0,0,0,0,4
"212587",88.46,6,2025-11-09,"41121286",53.4,"251307",NA,NA,1707,"2025",11,"Autumn",2018-07-09,2019-03-02,80.2333333333333,FALSE,"2018",7,"Summer","non-G-coded","female","6",88.46,">60",FALSE,FALSE,FALSE,FALSE,FALSE,FALSE,FALSE,FALSE,FALSE,FALSE,1,1,"singleton",0,1,0,1,0,1,0,1,0,0,0,11
"800792",88.56,5,2025-06-09,"65121619",43.3,"250786",NA,NA,2778,"2025",6,"Summer",2018-01-09,2019-02-02,76.2333333333333,FALSE,"2018",1,"Winter","non-G-coded","female","5",88.56,">60",FALSE,FALSE,FALSE,FALSE,FALSE,FALSE,FALSE,FALSE,FALSE,FALSE,1,1,"singleton",0,0,0,0,0,0,0,0,0,0,0,6
"62095",88.76,5,2023-06-02,"854773威吉吉",46.4,"234825",NA,NA,8321,"2023",6,"Summer",2016-01-02,2019-02-02,52,FALSE,"2016",1,"Winter","non-G-coded","female","5",88.76,">60",FALSE,FALSE,FALSE,FALSE,FALSE,FALSE,FALSE,FALSE,FALSE,FALSE,1,1,"singleton",0,0,0,0,0,0,0,0,0,0,0,6
"61424",88.89,5,2023-07-01,"XM-22218621",36.8,"234974",NA,NA,8151,"2023",7,"Summer",2016-02-01,2019-02-02,52.9666666666667,FALSE,"2016",2,"Winter","non-G-coded","female","5",88.89,">60",FALSE,FALSE,FALSE,FALSE,FALSE,FALSE,FALSE,FALSE,FALSE,FALSE,1,1,"singleton",0,0,0,0,0,0,0,0,0,0,0,7
"62207",88.99,5,2023-07-12,"854773威吉吉",50.5,"235035",NA,NA,8115,"2023",7,"Summer",2016-02-12,2019-02-02,53.3225806451613,FALSE,"2016",2,"Winter","non-G-coded","female","5",88.99,">60",FALSE,FALSE,FALSE,FALSE,FALSE,FALSE,FALSE,FALSE,FALSE,FALSE,1,1,"singleton",0,1,0,0,0,1,0,0,0,0,0,7
"62474",89.15,5,2023-07-25,"854773威吉吉",47.4,"235114",NA,NA,8026,"2023",7,"Summer",2016-02-25,2019-02-02,53.741935483871,FALSE,"2016",2,"Winter","non-G-coded","female","5",89.15,">60",FALSE,FALSE,FALSE,FALSE,FALSE,FALSE,FALSE,FALSE,FALSE,FALSE,1,1,"singleton",0,0,0,0,0,0,0,0,0,0,0,7
"61542",89.22,5,2023-07-11,"XM-22218621",47.4,"235022",NA,NA,8120,"2023",7,"Summer",2016-02-11,2019-02-02,53.2903225806452,FALSE,"2016",2,"Winter","non-G-coded","female","5",89.22,">60",FALSE,FALSE,FALSE,FALSE,FALSE,FALSE,FALSE,FALSE,FALSE,FALSE,1,1,"singleton",0,0,0,0,0,0,0,0,0,0,0,7
"H60177",89.25,5,2024-03-10,"862025瓦特罗",42.3,"240468",NA,NA,6179,"2024",3,"Spring",2016-10-10,2019-02-02,61.258064516129,FALSE,"2016",10,"Autumn","non-G-coded","female","5",89.25,">60",FALSE,FALSE,FALSE,FALSE,FALSE,FALSE,FALSE,FALSE,FALSE,FALSE,1,1,"singleton",0,0,0,0,0,0,0,0,0,0,0,3
"60740",89.35,4,2023-06-15,"65117530",41.3,"234909",NA,NA,8228,"2023",6,"Summer",2016-01-15,2019-02-02,52.4333333333333,FALSE,"2016",1,"Winter","non-G-coded","female","4",89.35,">60",FALSE,FALSE,FALSE,FALSE,FALSE,FALSE,FALSE,FALSE,FALSE,FALSE,1,1,"singleton",0,0,0,0,0,0,0,0,0,0,0,6
"61254",89.45,5,2023-07-24,"7402563907",43.1,"235113",NA,NA,8032,"2023",7,"Summer",2016-02-24,2019-02-02,53.7096774193548,FALSE,"2016",2,"Winter","non-G-coded","female","5",89.45,">60",FALSE,FALSE,FALSE,FALSE,FALSE,FALSE,FALSE,FALSE,FALSE,FALSE,1,1,"singleton",0,0,0,0,0,0,0,0,0,0,0,7
"65092",89.68,3,2023-06-20,"XM-22218621",30.6,"234928",NA,NA,8194,"2023",6,"Summer",2015-12-20,2019-01-02,53.6,FALSE,"2015",12,"Winter","non-G-coded","female","3",89.68,">60",FALSE,FALSE,FALSE,FALSE,FALSE,FALSE,FALSE,FALSE,FALSE,FALSE,1,1,"singleton",1,0,1,0,1,0,1,0,0,0,0,6
"801047",89.88,6,2026-06-08,"21219011",39.6,"261575","171790","62383",79,"2026",6,"Summer",2018-12-08,2019-01-02,89.2,FALSE,"2018",12,"Winter","non-G-coded","female","6",89.88,">60",FALSE,FALSE,FALSE,FALSE,FALSE,FALSE,FALSE,FALSE,FALSE,FALSE,1,1,"singleton",0,0,0,0,0,0,0,0,0,0,0,6
"140446",90.04,6,2023-08-07,"7402563907",38.4,"235170",NA,NA,7938,"2023",8,"Summer",2016-02-07,2019-01-02,55.1612903225806,FALSE,"2016",2,"Winter","non-G-coded","female","6",90.04,">60",FALSE,FALSE,FALSE,FALSE,FALSE,FALSE,FALSE,FALSE,FALSE,FALSE,1,1,"singleton",0,0,0,0,0,0,0,0,0,0,0,8
"91144",90.14,6,2023-07-11,"XM-22218621",40.3,"235023",NA,NA,8125,"2023",7,"Summer",2016-01-11,2019-01-02,54.2903225806452,FALSE,"2016",1,"Winter","non-G-coded","female","6",90.14,">60",FALSE,FALSE,FALSE,FALSE,FALSE,FALSE,FALSE,FALSE,FALSE,FALSE,1,1,"singleton",0,0,0,0,0,0,0,0,0,0,0,7
"61832",90.2,6,2023-07-16,"7402563907",36.4,"235070",NA,NA,8086,"2023",7,"Summer",2016-01-16,2019-01-02,54.4516129032258,FALSE,"2016",1,"Winter","non-G-coded","female","6",90.2,">60",FALSE,FALSE,FALSE,FALSE,FALSE,FALSE,FALSE,FALSE,FALSE,FALSE,1,1,"singleton",0,0,0,0,1,0,0,0,0,0,0,7
"61826",90.24,6,2023-07-12,"854773威吉吉",51.3,"235034",NA,NA,8116,"2023",7,"Summer",2016-01-12,2019-01-02,54.3225806451613,FALSE,"2016",1,"Winter","non-G-coded","female","6",90.24,">60",FALSE,FALSE,FALSE,FALSE,FALSE,FALSE,FALSE,FALSE,FALSE,FALSE,1,1,"singleton",0,1,0,0,0,1,0,0,0,0,0,7
"60368L",90.4,5,2023-12-21,"FR7045049997",44.8,"235937",NA,NA,7059,"2023",12,"Winter",2016-06-21,2019-01-02,59.6129032258064,FALSE,"2016",6,"Summer","non-G-coded","female","5",90.4,">60",FALSE,FALSE,FALSE,FALSE,FALSE,FALSE,FALSE,FALSE,FALSE,FALSE,1,1,"singleton",0,0,0,0,0,0,0,0,0,0,0,12
"62877",90.43,6,2023-09-12,"7402563907",49.3,"235382",NA,NA,7700,"2023",9,"Autumn",2016-03-12,2019-01-02,56.3333333333333,FALSE,"2016",3,"Spring","non-G-coded","female","6",90.43,">60",FALSE,FALSE,FALSE,FALSE,FALSE,FALSE,FALSE,FALSE,FALSE,FALSE,1,1,"singleton",0,0,0,0,0,1,0,0,0,0,0,9
"61715",90.66,6,2023-07-31,"854773威吉吉",48.6,"213013",NA,NA,7974,"2023",7,"Summer",2015-12-31,2018-12-02,55.9354838709677,FALSE,"2015",12,"Winter","non-G-coded","female","6",90.66,">60",FALSE,FALSE,FALSE,FALSE,FALSE,FALSE,FALSE,FALSE,FALSE,FALSE,1,1,"singleton",0,0,0,0,0,1,0,0,0,0,0,7
"62578",90.76,6,2023-09-01,"854282维利纳诺",38.2,"235315",NA,NA,7777,"2023",9,"Autumn",2016-02-01,2018-12-02,56.9677419354839,FALSE,"2016",2,"Winter","non-G-coded","female","6",90.76,">60",FALSE,FALSE,FALSE,FALSE,FALSE,FALSE,FALSE,FALSE,FALSE,FALSE,1,1,"singleton",0,0,0,0,0,0,0,0,0,0,0,9
"800906",90.86,6,2026-06-17,"21219011",26.4,"261605","171350","60664",35,"2026",6,"Summer",2018-11-17,2018-12-02,90.5,FALSE,"2018",11,"Autumn","non-G-coded","female","6",90.86,">60",FALSE,FALSE,FALSE,FALSE,FALSE,FALSE,FALSE,FALSE,FALSE,FALSE,1,1,"singleton",1,0,1,0,1,0,1,0,1,0,0,6
"61176",90.99,6,2023-09-21,"865530狼血",38.7,"235416",NA,NA,7660,"2023",9,"Autumn",2016-02-21,2018-12-02,57.6333333333333,FALSE,"2016",2,"Winter","non-G-coded","female","6",90.99,">60",FALSE,FALSE,FALSE,FALSE,FALSE,FALSE,FALSE,FALSE,FALSE,FALSE,1,1,"singleton",0,0,0,0,0,0,0,0,0,0,0,9
"60440",91.16,6,2024-03-31,"862025瓦特罗",45.8,"240569",NA,NA,5963,"2024",3,"Spring",2016-08-31,2018-12-02,63.9354838709677,FALSE,"2016",8,"Summer","non-G-coded","female","6",91.16,">60",FALSE,FALSE,FALSE,FALSE,FALSE,FALSE,FALSE,FALSE,FALSE,FALSE,1,1,"singleton",0,0,0,0,0,0,0,0,0,0,0,3
"60184",91.22,6,2023-11-08,"854282维利纳诺",41.2,"225283",NA,NA,7390,"2023",11,"Autumn",2016-04-08,2018-12-02,59.2,FALSE,"2016",4,"Spring","non-G-coded","female","6",91.22,">60",FALSE,FALSE,FALSE,FALSE,FALSE,FALSE,FALSE,FALSE,FALSE,FALSE,1,1,"singleton",0,0,0,0,0,0,0,0,0,0,0,11
"70557",91.35,6,2025-04-27,"22218621",43.5,"250621","426864","x134",3131,"2025",4,"Spring",2017-09-27,2018-12-02,76.8333333333333,FALSE,"2017",9,"Autumn","non-G-coded","female","6",91.35,">60",FALSE,FALSE,FALSE,FALSE,FALSE,FALSE,FALSE,FALSE,FALSE,FALSE,1,1,"singleton",0,0,0,0,0,0,0,0,0,0,0,4
"62645",91.49,5,2023-10-03,"854282维利纳诺",42.6,"235483",NA,NA,7585,"2023",10,"Autumn",2016-03-03,2018-12-02,58.0322580645161,FALSE,"2016",3,"Spring","non-G-coded","female","5",91.49,">60",FALSE,FALSE,FALSE,FALSE,FALSE,FALSE,FALSE,FALSE,FALSE,FALSE,1,1,"singleton",0,0,0,0,0,0,0,0,0,0,0,10
"60191",91.55,6,2023-11-20,"854400西部公园",39.4,"235714",NA,NA,7313,"2023",11,"Autumn",2016-03-20,2018-11-02,60.6,FALSE,"2016",3,"Spring","non-G-coded","female","6",91.55,">60",FALSE,FALSE,FALSE,FALSE,FALSE,FALSE,FALSE,FALSE,FALSE,FALSE,1,1,"singleton",0,0,0,0,0,0,0,0,0,0,0,11
"62114",91.65,5,2023-09-02,"854773威吉吉",42.3,"235321",NA,NA,7774,"2023",9,"Autumn",2016-01-02,2018-11-02,58,FALSE,"2016",1,"Winter","non-G-coded","female","5",91.65,">60",FALSE,FALSE,FALSE,FALSE,FALSE,FALSE,FALSE,FALSE,FALSE,FALSE,1,1,"singleton",0,0,0,0,0,0,0,0,0,0,0,9
"70554",91.78,6,2025-05-06,"22218621",41.3,"250652",NA,NA,3054,"2025",5,"Spring",2017-09-06,2018-11-02,78.1290322580645,FALSE,"2017",9,"Autumn","non-G-coded","female","6",91.78,">60",FALSE,FALSE,FALSE,FALSE,FALSE,FALSE,FALSE,FALSE,FALSE,FALSE,1,1,"singleton",0,0,0,0,0,0,0,0,0,0,0,5
"60508",91.91,6,2024-06-15,"863025",45.2,"240857",NA,NA,5447,"2024",6,"Summer",2016-10-15,2018-11-02,67.4333333333333,FALSE,"2016",10,"Autumn","non-G-coded","female","6",91.91,">60",FALSE,FALSE,FALSE,FALSE,FALSE,FALSE,FALSE,FALSE,FALSE,FALSE,1,1,"singleton",0,0,0,0,0,0,0,0,0,0,0,6
"60250",92.04,6,2023-12-16,"865530狼血",40.7,"235881",NA,NA,7127,"2023",12,"Winter",2016-04-16,2018-11-02,61.4516129032258,FALSE,"2016",4,"Spring","non-G-coded","female","6",92.04,">60",FALSE,FALSE,FALSE,FALSE,FALSE,FALSE,FALSE,FALSE,FALSE,FALSE,1,1,"singleton",0,0,0,0,0,0,0,0,0,0,0,12
"60666",92.24,5,2023-09-29,"XM-22218621",39.6,"235456",NA,NA,7616,"2023",9,"Autumn",2016-01-29,2018-11-02,58.9,FALSE,"2016",1,"Winter","non-G-coded","female","5",92.24,">60",FALSE,FALSE,FALSE,FALSE,FALSE,FALSE,FALSE,FALSE,FALSE,FALSE,1,1,"singleton",0,0,0,0,0,0,0,0,0,0,0,9
"60419",92.34,5,2024-04-03,"862025瓦特罗",39.8,"240582",NA,NA,5953,"2024",4,"Spring",2016-08-03,2018-11-02,65.0333333333333,FALSE,"2016",8,"Summer","non-G-coded","female","5",92.34,">60",FALSE,FALSE,FALSE,FALSE,FALSE,FALSE,FALSE,FALSE,FALSE,FALSE,1,1,"singleton",0,0,0,0,0,0,0,0,0,0,0,4
"800687",92.37,7,2026-06-08,"41120238",43.6,"261573","171350","L09035",76,"2026",6,"Summer",2018-10-08,2018-11-02,91.2,FALSE,"2018",10,"Autumn","non-G-coded","female",">=7",92.37,">60",FALSE,FALSE,FALSE,FALSE,FALSE,FALSE,FALSE,FALSE,FALSE,FALSE,1,1,"singleton",0,0,0,0,0,0,0,0,0,0,0,6
"H201154",92.47,6,2023-09-19,"7402563907",42.3,"235411",NA,NA,7665,"2023",9,"Autumn",2016-01-19,2018-11-02,58.5666666666667,FALSE,"2016",1,"Winter","non-G-coded","female","6",92.47,">60",FALSE,FALSE,FALSE,FALSE,FALSE,FALSE,FALSE,FALSE,FALSE,FALSE,1,1,"singleton",0,0,0,0,0,0,0,0,0,0,0,9
"212490",92.6,7,2024-06-16,"171206",40.3,"240859",NA,NA,5436,"2024",6,"Summer",2016-09-16,2018-10-02,68.4666666666667,FALSE,"2016",9,"Autumn","non-G-coded","female",">=7",92.6,">60",FALSE,FALSE,FALSE,FALSE,FALSE,FALSE,FALSE,FALSE,FALSE,FALSE,1,1,"singleton",0,0,0,0,0,0,0,0,0,0,0,6
"62392",92.7,6,2023-11-13,"854282维利纳诺",51.4,"235677",NA,NA,7360,"2023",11,"Autumn",2016-02-13,2018-10-02,61.3666666666667,FALSE,"2016",2,"Winter","non-G-coded","female","6",92.7,">60",FALSE,FALSE,FALSE,FALSE,FALSE,FALSE,FALSE,FALSE,FALSE,FALSE,1,1,"singleton",0,1,0,0,0,1,0,0,0,0,0,11
"61843",92.9,4,2023-10-16,"865530狼血",45.6,"213230",NA,NA,7522,"2023",10,"Autumn",2016-01-16,2018-10-02,60.4516129032258,FALSE,"2016",1,"Winter","non-G-coded","female","4",92.9,">60",FALSE,FALSE,FALSE,FALSE,FALSE,FALSE,FALSE,FALSE,FALSE,FALSE,1,1,"singleton",0,0,0,0,0,0,0,0,0,0,0,10
"62345",93.06,5,2023-11-05,"854282维利纳诺",39.6,"235626",NA,NA,7408,"2023",11,"Autumn",2016-02-05,2018-10-02,61.1,FALSE,"2016",2,"Winter","non-G-coded","female","5",93.06,">60",FALSE,FALSE,FALSE,FALSE,FALSE,FALSE,FALSE,FALSE,FALSE,FALSE,1,1,"singleton",0,0,0,0,0,0,0,0,0,0,0,11
"H212899",93.23,6,2023-01-10,"854282维利纳诺",42.6,"234050L",NA,NA,9413,"2023",1,"Winter",2015-04-10,2018-10-02,51.258064516129,FALSE,"2015",4,"Spring","non-G-coded","female","6",93.23,">60",FALSE,FALSE,FALSE,FALSE,FALSE,FALSE,FALSE,FALSE,FALSE,FALSE,1,1,"singleton",0,0,0,0,0,0,0,0,0,0,0,1
"61603",93.26,6,2023-11-15,"854400西部公园",40.6,"235685",NA,NA,7343,"2023",11,"Autumn",2016-02-15,2018-10-02,61.4333333333333,FALSE,"2016",2,"Winter","non-G-coded","female","6",93.26,">60",FALSE,FALSE,FALSE,FALSE,FALSE,FALSE,FALSE,FALSE,FALSE,FALSE,1,1,"singleton",0,0,0,0,0,0,0,0,0,0,0,11
"800486",93.39,5,2026-04-16,"21219011",45.4,"261396",NA,NA,418,"2026",4,"Spring",2018-07-16,2018-10-02,90.4666666666667,FALSE,"2018",7,"Summer","non-G-coded","female","5",93.39,">60",FALSE,FALSE,FALSE,FALSE,FALSE,FALSE,FALSE,FALSE,FALSE,FALSE,1,1,"singleton",0,0,0,0,0,0,0,0,0,0,0,4
"60460",93.46,6,2024-06-27,"22220785",38.8,"240890",NA,NA,5388,"2024",6,"Summer",2016-09-27,2018-10-02,68.8333333333333,FALSE,"2016",9,"Autumn","non-G-coded","female","6",93.46,">60",FALSE,FALSE,FALSE,FALSE,FALSE,FALSE,FALSE,FALSE,FALSE,FALSE,1,1,"singleton",0,0,0,0,0,0,0,0,0,0,0,6
"62265",93.52,6,2023-11-27,"854400西部公园",34.6,"235747",NA,NA,7271,"2023",11,"Autumn",2016-01-27,2018-09-02,62.8333333333333,FALSE,"2016",1,"Winter","non-G-coded","female","6",93.52,">60",FALSE,FALSE,FALSE,FALSE,FALSE,FALSE,FALSE,FALSE,FALSE,FALSE,1,1,"singleton",1,0,0,0,1,0,1,0,0,0,0,11
"60736",93.62,5,2023-10-19,"854282维利纳诺",40.5,"235533",NA,NA,7504,"2023",10,"Autumn",2015-12-19,2018-09-02,61.5483870967742,FALSE,"2015",12,"Winter","non-G-coded","female","5",93.62,">60",FALSE,FALSE,FALSE,FALSE,FALSE,FALSE,FALSE,FALSE,FALSE,FALSE,1,1,"singleton",0,0,0,0,0,0,0,0,0,0,0,10
"50428",93.66,6,2023-01-08,"854282维利纳诺",48.5,"234034",NA,NA,9435,"2023",1,"Winter",2015-03-08,2018-09-02,52.1935483870968,FALSE,"2015",3,"Spring","non-G-coded","female","6",93.66,">60",FALSE,FALSE,FALSE,FALSE,FALSE,FALSE,FALSE,FALSE,FALSE,FALSE,1,1,"singleton",0,0,0,0,0,1,0,0,0,0,0,1
"1475",93.75,6,2024-02-23,"862025瓦特罗",33.8,"240366",NA,NA,6375,"2024",2,"Winter",2016-04-23,2018-09-02,65.7241379310345,FALSE,"2016",4,"Spring","non-G-coded","female","6",93.75,">60",FALSE,FALSE,FALSE,FALSE,FALSE,FALSE,FALSE,FALSE,FALSE,FALSE,1,1,"singleton",1,0,0,0,1,0,1,0,0,0,0,2
"60050",93.79,6,2023-11-17,"FR2545422137",41.6,"235694",NA,NA,7332,"2023",11,"Autumn",2016-01-17,2018-09-02,62.5,FALSE,"2016",1,"Winter","non-G-coded","female","6",93.79,">60",FALSE,FALSE,FALSE,FALSE,FALSE,FALSE,FALSE,FALSE,FALSE,FALSE,1,1,"singleton",0,0,0,0,0,0,0,0,0,0,0,11
"70455",93.89,6,2025-05-10,"22218621",35.4,"250673",NA,NA,2997,"2025",5,"Spring",2017-07-10,2018-09-02,80.258064516129,FALSE,"2017",7,"Summer","non-G-coded","female","6",93.89,">60",FALSE,FALSE,FALSE,FALSE,FALSE,FALSE,FALSE,FALSE,FALSE,FALSE,1,1,"singleton",0,0,0,0,1,0,1,0,0,0,0,5
"62012",93.98,6,2023-11-12,"854282维利纳诺",43.4,"235670",NA,NA,7367,"2023",11,"Autumn",2016-01-12,2018-09-02,62.3333333333333,FALSE,"2016",1,"Winter","non-G-coded","female","6",93.98,">60",FALSE,FALSE,FALSE,FALSE,FALSE,FALSE,FALSE,FALSE,FALSE,FALSE,1,1,"singleton",0,0,0,0,0,0,0,0,0,0,0,11
"62044",94.18,6,2023-11-19,"FR2545422137",48.9,"65123948",NA,NA,7325,"2023",11,"Autumn",2016-01-19,2018-09-02,62.5666666666667,FALSE,"2016",1,"Winter","non-G-coded","female","6",94.18,">60",FALSE,FALSE,FALSE,FALSE,FALSE,FALSE,FALSE,FALSE,FALSE,FALSE,1,1,"singleton",0,0,0,0,0,1,0,0,0,0,0,11
"62298",94.21,6,2023-12-20,"854773威吉吉",46.5,"235920",NA,NA,7078,"2023",12,"Winter",2016-02-20,2018-09-02,63.5806451612903,FALSE,"2016",2,"Winter","non-G-coded","female","6",94.21,">60",FALSE,FALSE,FALSE,FALSE,FALSE,FALSE,FALSE,FALSE,FALSE,FALSE,1,1,"singleton",0,0,0,0,0,0,0,0,0,0,0,12
"61821",94.28,6,2023-12-05,"公牛",45.3,"235827",NA,NA,7223,"2023",12,"Winter",2016-02-05,2018-09-02,63.0967741935484,FALSE,"2016",2,"Winter","non-G-coded","female","6",94.28,">60",FALSE,FALSE,FALSE,FALSE,FALSE,FALSE,FALSE,FALSE,FALSE,FALSE,1,1,"singleton",0,0,0,0,0,0,0,0,0,0,0,12
"61362",94.48,5,2023-12-16,"865530狼血",42.3,"235886",NA,NA,7128,"2023",12,"Winter",2016-02-16,2018-09-02,63.4516129032258,FALSE,"2016",2,"Winter","non-G-coded","female","5",94.48,">60",FALSE,FALSE,FALSE,FALSE,FALSE,FALSE,FALSE,FALSE,FALSE,FALSE,1,1,"singleton",0,0,0,0,0,0,0,0,0,0,0,12
"61200",94.61,6,2024-01-03,"865530狼血",42.4,"240038L",NA,NA,6935,"2024",1,"Winter",2016-02-03,2018-08-02,65.0322580645161,FALSE,"2016",2,"Winter","non-G-coded","female","6",94.61,">60",FALSE,FALSE,FALSE,FALSE,FALSE,FALSE,FALSE,FALSE,FALSE,FALSE,1,1,"singleton",0,0,0,0,0,0,0,0,0,0,0,1
"70284",94.81,5,2025-03-18,"427151",36.6,"250417","426864","10489",3521,"2025",3,"Spring",2017-04-18,2018-08-02,79.5161290322581,FALSE,"2017",4,"Spring","non-G-coded","female","5",94.81,">60",FALSE,FALSE,FALSE,FALSE,FALSE,FALSE,FALSE,FALSE,FALSE,FALSE,1,1,"singleton",0,0,0,0,0,0,0,0,0,0,0,3
"51091",94.81,6,2023-11-06,"865530狼血",52.8,"235640","189058","x204",7400,"2023",11,"Autumn",2015-12-06,2018-08-02,63.1333333333333,FALSE,"2015",12,"Winter","non-G-coded","female","6",94.81,">60",FALSE,FALSE,FALSE,FALSE,FALSE,FALSE,FALSE,FALSE,FALSE,FALSE,1,1,"singleton",0,1,0,1,0,1,0,1,0,0,0,11
"62670",94.94,5,2024-01-08,"865530狼血",39.7,"241119",NA,NA,6880,"2024",1,"Winter",2016-02-08,2018-08-02,65.1935483870968,FALSE,"2016",2,"Winter","non-G-coded","female","5",94.94,">60",FALSE,FALSE,FALSE,FALSE,FALSE,FALSE,FALSE,FALSE,FALSE,FALSE,1,1,"singleton",0,0,0,0,0,0,0,0,0,0,0,1
"60034",95,6,2023-12-17,"865530狼血",43.3,"235898",NA,NA,7103,"2023",12,"Winter",2016-01-17,2018-08-02,64.4838709677419,FALSE,"2016",1,"Winter","non-G-coded","female","6",95,">60",FALSE,FALSE,FALSE,FALSE,FALSE,FALSE,FALSE,FALSE,FALSE,FALSE,1,1,"singleton",0,0,0,0,0,0,0,0,0,0,0,12
"213255",95.1,6,2024-01-23,"865530狼血",44.5,"240138",NA,NA,6765,"2024",1,"Winter",2016-02-23,2018-08-02,65.6774193548387,FALSE,"2016",2,"Winter","non-G-coded","female","6",95.1,">60",FALSE,FALSE,FALSE,FALSE,FALSE,FALSE,FALSE,FALSE,FALSE,FALSE,1,1,"singleton",0,0,0,0,0,0,0,0,0,0,0,1
"60914",95.17,6,2023-12-22,"865530狼血",55.1,"235938",NA,NA,7042,"2023",12,"Winter",2016-01-22,2018-08-02,64.6451612903226,FALSE,"2016",1,"Winter","non-G-coded","female","6",95.17,">60",FALSE,FALSE,FALSE,FALSE,FALSE,FALSE,FALSE,FALSE,FALSE,FALSE,1,1,"singleton",0,1,0,1,0,1,0,1,0,1,0,12
"60599",95.27,6,2025-03-16,"427151",42.6,"250409","426864","40097",3544,"2025",3,"Spring",2017-04-16,2018-08-02,79.4516129032258,FALSE,"2017",4,"Spring","non-G-coded","female","6",95.27,">60",FALSE,FALSE,FALSE,FALSE,FALSE,FALSE,FALSE,FALSE,FALSE,FALSE,1,1,"singleton",0,0,0,0,0,0,0,0,0,0,0,3
"70200",95.43,5,2025-03-07,"874165",53.8,"250365",NA,NA,3645,"2025",3,"Spring",2017-04-07,2018-08-02,79.1612903225806,FALSE,"2017",4,"Spring","non-G-coded","female","5",95.43,">60",FALSE,FALSE,FALSE,FALSE,FALSE,FALSE,FALSE,FALSE,FALSE,FALSE,1,1,"singleton",0,1,0,1,0,1,0,1,0,0,0,3
"62152",95.46,6,2024-01-27,"865530狼血",45,"240158",NA,NA,6728,"2024",1,"Winter",2016-02-27,2018-08-02,65.8064516129032,FALSE,"2016",2,"Winter","non-G-coded","female","6",95.46,">60",FALSE,FALSE,FALSE,FALSE,FALSE,FALSE,FALSE,FALSE,FALSE,FALSE,1,1,"singleton",0,0,0,0,0,0,0,0,0,0,0,1
"61159",95.53,6,2024-01-22,"865530狼血",39.5,"240134",NA,NA,6768,"2024",1,"Winter",2016-01-22,2018-07-02,66.6451612903226,FALSE,"2016",1,"Winter","non-G-coded","female","6",95.53,">60",FALSE,FALSE,FALSE,FALSE,FALSE,FALSE,FALSE,FALSE,FALSE,FALSE,1,1,"singleton",0,0,0,0,0,0,0,0,0,0,0,1
"60274",95.6,6,2024-04-09,"65119601",42.6,"240614",NA,NA,5903,"2024",4,"Spring",2016-04-09,2018-07-02,69.2333333333333,FALSE,"2016",4,"Spring","non-G-coded","female","6",95.6,">60",FALSE,FALSE,FALSE,FALSE,FALSE,FALSE,FALSE,FALSE,FALSE,FALSE,1,1,"singleton",0,0,0,0,0,0,0,0,0,0,0,4
"62093",95.69,5,2023-12-28,"865530狼血",55.4,"240004",NA,NA,6980,"2023",12,"Winter",2015-12-28,2018-07-02,65.8387096774194,FALSE,"2015",12,"Winter","non-G-coded","female","5",95.69,">60",FALSE,FALSE,FALSE,FALSE,FALSE,FALSE,FALSE,FALSE,FALSE,FALSE,1,1,"singleton",0,1,0,1,0,1,0,1,0,1,0,12
"L213657",95.73,7,2025-10-11,"15618075",34.6,"251182",NA,NA,1947,"2025",10,"Autumn",2017-10-11,2018-07-02,87.2903225806452,FALSE,"2017",10,"Autumn","non-G-coded","female",">=7",95.73,">60",FALSE,FALSE,FALSE,FALSE,FALSE,FALSE,FALSE,FALSE,FALSE,FALSE,1,1,"singleton",1,0,0,0,1,0,1,0,0,0,0,10
"61322",95.83,6,2024-02-12,"862025瓦特罗",33.6,"240275",NA,NA,6526,"2024",2,"Winter",2016-02-12,2018-07-02,67.3448275862069,FALSE,"2016",2,"Winter","non-G-coded","female","6",95.83,">60",FALSE,FALSE,FALSE,FALSE,FALSE,FALSE,FALSE,FALSE,FALSE,FALSE,1,1,"singleton",1,0,0,0,1,0,1,0,0,0,0,2
"60421",95.89,6,2024-07-24,"171206",43.8,"240941",NA,NA,5295,"2024",7,"Summer",2016-07-24,2018-07-02,72.7096774193548,FALSE,"2016",7,"Summer","non-G-coded","female","6",95.89,">60",FALSE,FALSE,FALSE,FALSE,FALSE,FALSE,FALSE,FALSE,FALSE,FALSE,1,1,"singleton",0,0,0,0,0,0,0,0,0,0,0,7
"70567",95.96,7,2025-09-21,"15618075",53.8,"251095",NA,NA,2133,"2025",9,"Autumn",2017-09-21,2018-07-02,86.6333333333333,FALSE,"2017",9,"Autumn","non-G-coded","female",">=7",95.96,">60",FALSE,FALSE,FALSE,FALSE,FALSE,FALSE,FALSE,FALSE,FALSE,FALSE,1,1,"singleton",0,1,0,1,0,1,0,1,0,0,0,9
"91116",96.06,6,2024-08-14,"171206",37.6,"241010",NA,NA,5197,"2024",8,"Summer",2016-08-14,2018-07-02,73.3870967741936,FALSE,"2016",8,"Summer","non-G-coded","female","6",96.06,">60",FALSE,FALSE,FALSE,FALSE,FALSE,FALSE,FALSE,FALSE,FALSE,FALSE,1,1,"singleton",0,0,0,0,0,0,0,0,0,0,0,8
"61403",96.09,6,2024-02-15,"862025瓦特罗",50.1,"240298",NA,NA,6485,"2024",2,"Winter",2016-02-15,2018-07-02,67.448275862069,FALSE,"2016",2,"Winter","non-G-coded","female","6",96.09,">60",FALSE,FALSE,FALSE,FALSE,FALSE,FALSE,FALSE,FALSE,FALSE,FALSE,1,1,"singleton",0,1,0,0,0,1,0,0,0,0,0,2
"62288",96.19,5,2024-02-09,"854773威吉吉",37.6,"240255",NA,NA,6564,"2024",2,"Winter",2016-02-09,2018-07-02,67.2413793103448,FALSE,"2016",2,"Winter","non-G-coded","female","5",96.19,">60",FALSE,FALSE,FALSE,FALSE,FALSE,FALSE,FALSE,FALSE,FALSE,FALSE,1,1,"singleton",0,0,0,0,0,0,0,0,0,0,0,2
"62646",96.29,6,2024-02-27,"862025瓦特罗",58.8,"240396",NA,NA,6301,"2024",2,"Winter",2016-02-27,2018-07-02,67.8620689655172,FALSE,"2016",2,"Winter","non-G-coded","female","6",96.29,">60",FALSE,FALSE,FALSE,FALSE,FALSE,FALSE,FALSE,FALSE,FALSE,FALSE,1,1,"singleton",0,1,0,1,0,1,0,1,0,1,0,2
"800379",96.35,6,2026-06-01,"21219011",46.8,"261546","426871","3003",124,"2026",6,"Summer",2018-06-01,2018-07-02,94.9677419354839,FALSE,"2018",6,"Summer","non-G-coded","female","6",96.35,">60",FALSE,FALSE,FALSE,FALSE,FALSE,FALSE,FALSE,FALSE,FALSE,FALSE,1,1,"singleton",0,0,0,0,0,0,0,0,0,0,0,6
"70426",96.45,7,2025-06-30,"22218621",52.8,"250868",NA,NA,2635,"2025",6,"Summer",2017-06-30,2018-07-02,83.9333333333333,FALSE,"2017",6,"Summer","non-G-coded","female",">=7",96.45,">60",FALSE,FALSE,FALSE,FALSE,FALSE,FALSE,FALSE,FALSE,FALSE,FALSE,1,1,"singleton",0,1,0,1,0,1,0,1,0,0,0,6
"60757",96.55,6,2024-02-06,"865530狼血",41.4,"240223",NA,NA,6611,"2024",2,"Winter",2016-01-06,2018-06-02,68.1379310344828,FALSE,"2016",1,"Winter","non-G-coded","female","6",96.55,">60",FALSE,FALSE,FALSE,FALSE,FALSE,FALSE,FALSE,FALSE,FALSE,FALSE,1,1,"singleton",0,0,0,0,0,0,0,0,0,0,0,2
"61643",96.68,5,2024-03-10,"862025瓦特罗",36.4,"240469",NA,NA,6180,"2024",3,"Spring",2016-02-10,2018-06-02,69.258064516129,FALSE,"2016",2,"Winter","non-G-coded","female","5",96.68,">60",FALSE,FALSE,FALSE,FALSE,FALSE,FALSE,FALSE,FALSE,FALSE,FALSE,1,1,"singleton",0,0,0,0,1,0,0,0,0,0,0,3
"50350",96.71,5,2023-03-27,"871041文尼哥",37.6,"234491",NA,NA,8783,"2023",3,"Spring",2015-02-27,2018-06-02,57.8064516129032,FALSE,"2015",2,"Winter","non-G-coded","female","5",96.71,">60",FALSE,FALSE,FALSE,FALSE,FALSE,FALSE,FALSE,FALSE,FALSE,FALSE,1,1,"singleton",0,0,0,0,0,0,0,0,0,0,0,3
"70350",96.78,6,2025-06-08,"22218621",40.6,"250783",NA,NA,2784,"2025",6,"Summer",2017-05-08,2018-06-02,84.2,FALSE,"2017",5,"Spring","non-G-coded","female","6",96.78,">60",FALSE,FALSE,FALSE,FALSE,FALSE,FALSE,FALSE,FALSE,FALSE,FALSE,1,1,"singleton",0,0,0,0,0,0,0,0,0,0,0,6
"40526",96.84,6,2024-02-25,"862025瓦特罗",48.2,"240380",NA,NA,6342,"2024",2,"Winter",2016-01-25,2018-06-02,68.7931034482759,FALSE,"2016",1,"Winter","non-G-coded","female","6",96.84,">60",FALSE,FALSE,FALSE,FALSE,FALSE,FALSE,FALSE,FALSE,FALSE,FALSE,1,1,"singleton",0,0,0,0,0,0,0,0,0,0,0,2
"63073",96.91,6,2024-03-10,"862025瓦特罗",41.6,"240471",NA,NA,6178,"2024",3,"Spring",2016-02-10,2018-06-02,69.258064516129,FALSE,"2016",2,"Winter","non-G-coded","female","6",96.91,">60",FALSE,FALSE,FALSE,FALSE,FALSE,FALSE,FALSE,FALSE,FALSE,FALSE,1,1,"singleton",0,0,0,0,0,0,0,0,0,0,0,3
"61847",97.04,6,2024-02-23,"862025瓦特罗",48.4,"240367",NA,NA,6370,"2024",2,"Winter",2016-01-23,2018-06-02,68.7241379310345,FALSE,"2016",1,"Winter","non-G-coded","female","6",97.04,">60",FALSE,FALSE,FALSE,FALSE,FALSE,FALSE,FALSE,FALSE,FALSE,FALSE,1,1,"singleton",0,0,0,0,0,0,0,0,0,0,0,2
"62708",97.27,5,2024-03-30,"862025瓦特罗",48.6,"240565",NA,NA,5969,"2024",3,"Spring",2016-02-29,2018-06-02,69.9032258064516,FALSE,"2016",2,"Winter","non-G-coded","female","5",97.27,">60",FALSE,FALSE,FALSE,FALSE,FALSE,FALSE,FALSE,FALSE,FALSE,FALSE,1,1,"singleton",0,0,0,0,0,1,0,0,0,0,0,3
"62183",97.3,5,2024-03-25,"22220785",41.8,"240548",NA,NA,6023,"2024",3,"Spring",2016-02-25,2018-06-02,69.741935483871,FALSE,"2016",2,"Winter","non-G-coded","female","5",97.3,">60",FALSE,FALSE,FALSE,FALSE,FALSE,FALSE,FALSE,FALSE,FALSE,FALSE,1,1,"singleton",0,0,0,0,0,0,0,0,0,0,0,3
"61048",97.44,6,2024-03-11,"FR7045049997",47.8,"240475",NA,NA,6161,"2024",3,"Spring",2016-02-11,2018-06-02,69.2903225806452,FALSE,"2016",2,"Winter","non-G-coded","female","6",97.44,">60",FALSE,FALSE,FALSE,FALSE,FALSE,FALSE,FALSE,FALSE,FALSE,FALSE,1,1,"singleton",0,0,0,0,0,0,0,0,0,0,0,3
"62509",97.5,6,2024-04-10,"22220785",48.4,"240615",NA,NA,5897,"2024",4,"Spring",2016-02-10,2018-05-02,71.2666666666667,FALSE,"2016",2,"Winter","non-G-coded","female","6",97.5,">60",FALSE,FALSE,FALSE,FALSE,FALSE,FALSE,FALSE,FALSE,FALSE,FALSE,1,1,"singleton",0,0,0,0,0,0,0,0,0,0,0,4
"60855",97.53,6,2024-03-13,"FR7045049997",44,"240488",NA,NA,6137,"2024",3,"Spring",2016-01-13,2018-05-02,70.3548387096774,FALSE,"2016",1,"Winter","non-G-coded","female","6",97.53,">60",FALSE,FALSE,FALSE,FALSE,FALSE,FALSE,FALSE,FALSE,FALSE,FALSE,1,1,"singleton",0,0,0,0,0,0,0,0,0,0,0,3
"60182",97.63,7,2024-05-20,"22220785",37.2,"240759",NA,NA,5632,"2024",5,"Spring",2016-03-20,2018-05-02,72.5806451612903,FALSE,"2016",3,"Spring","non-G-coded","female",">=7",97.63,">60",FALSE,FALSE,FALSE,FALSE,FALSE,FALSE,FALSE,FALSE,FALSE,FALSE,1,1,"singleton",0,0,0,0,0,0,0,0,0,0,0,5
"60691",97.83,6,2024-03-12,"FR3917468802",45.6,"240479",NA,NA,6157,"2024",3,"Spring",2016-01-12,2018-05-02,70.3225806451613,FALSE,"2016",1,"Winter","non-G-coded","female","6",97.83,">60",FALSE,FALSE,FALSE,FALSE,FALSE,FALSE,FALSE,FALSE,FALSE,FALSE,1,1,"singleton",0,0,0,0,0,0,0,0,0,0,0,3
"61576",97.99,6,2024-04-08,"65119600",45.4,"240608",NA,NA,5914,"2024",4,"Spring",2016-02-08,2018-05-02,71.2,FALSE,"2016",2,"Winter","non-G-coded","female","6",97.99,">60",FALSE,FALSE,FALSE,FALSE,FALSE,FALSE,FALSE,FALSE,FALSE,FALSE,1,1,"singleton",0,0,0,0,0,0,0,0,0,0,0,4
"62724",98.09,6,2024-04-11,"15420602",43.2,"240618",NA,NA,5893,"2024",4,"Spring",2016-02-11,2018-05-02,71.3,FALSE,"2016",2,"Winter","non-G-coded","female","6",98.09,">60",FALSE,FALSE,FALSE,FALSE,FALSE,FALSE,FALSE,FALSE,FALSE,FALSE,1,1,"singleton",0,0,0,0,0,0,0,0,0,0,0,4
"60718",98.26,5,2024-03-20,"862025瓦特罗",38.4,"240522",NA,NA,6063,"2024",3,"Spring",2016-01-20,2018-05-02,70.5806451612903,FALSE,"2016",1,"Winter","non-G-coded","female","5",98.26,">60",FALSE,FALSE,FALSE,FALSE,FALSE,FALSE,FALSE,FALSE,FALSE,FALSE,1,1,"singleton",0,0,0,0,0,0,0,0,0,0,0,3
"63046",98.39,5,2024-05-06,"22220785",42.6,"240714",NA,NA,5722,"2024",5,"Spring",2016-03-06,2018-05-02,72.1290322580645,FALSE,"2016",3,"Spring","non-G-coded","female","5",98.39,">60",FALSE,FALSE,FALSE,FALSE,FALSE,FALSE,FALSE,FALSE,FALSE,FALSE,1,1,"singleton",0,0,0,0,0,0,0,0,0,0,0,5
"61752",98.55,6,2024-04-03,"65119600",38.4,"240588",NA,NA,5947,"2024",4,"Spring",2016-01-03,2018-04-02,72.0333333333333,FALSE,"2016",1,"Winter","non-G-coded","female","6",98.55,">60",FALSE,FALSE,FALSE,FALSE,FALSE,FALSE,FALSE,FALSE,FALSE,FALSE,1,1,"singleton",0,0,0,0,0,0,0,0,0,0,0,4
"H201869",98.72,5,2024-04-23,"22220785",38.2,"240669",NA,NA,5804,"2024",4,"Spring",2016-01-23,2018-04-02,72.7,FALSE,"2016",1,"Winter","non-G-coded","female","5",98.72,">60",FALSE,FALSE,FALSE,FALSE,FALSE,FALSE,FALSE,FALSE,FALSE,FALSE,1,1,"singleton",0,0,0,0,0,0,0,0,0,0,0,4
"50650",98.95,3,2023-08-02,"862025瓦特罗",23.3,"235150",NA,NA,7965,"2023",8,"Summer",2015-05-02,2018-04-02,64,FALSE,"2015",5,"Spring","non-G-coded","female","3",98.95,">60",TRUE,FALSE,FALSE,FALSE,FALSE,FALSE,FALSE,FALSE,FALSE,FALSE,1,1,"singleton",1,0,1,0,1,0,1,0,1,0,0,8
"800111",99.01,5,2026-05-31,"21219011",36.6,"261543",NA,NA,132,"2026",5,"Spring",2018-02-28,2018-04-02,97.9354838709677,FALSE,"2018",2,"Winter","non-G-coded","female","5",99.01,">60",FALSE,FALSE,FALSE,FALSE,FALSE,FALSE,FALSE,FALSE,FALSE,FALSE,1,1,"singleton",0,0,0,0,0,0,0,0,0,0,0,5
"61916",99.08,6,2024-04-08,"22220785",34.3,"240605",NA,NA,5919,"2024",4,"Spring",2016-01-08,2018-04-02,72.2,FALSE,"2016",1,"Winter","non-G-coded","female","6",99.08,">60",FALSE,FALSE,FALSE,FALSE,FALSE,FALSE,FALSE,FALSE,FALSE,FALSE,1,1,"singleton",1,0,0,0,1,0,1,0,0,0,0,4
"61395",99.21,7,2024-05-13,"862025瓦特罗",46.7,"240734",NA,NA,5681,"2024",5,"Spring",2016-02-13,2018-04-02,73.3548387096774,FALSE,"2016",2,"Winter","non-G-coded","female",">=7",99.21,">60",FALSE,FALSE,FALSE,FALSE,FALSE,FALSE,FALSE,FALSE,FALSE,FALSE,1,1,"singleton",0,0,0,0,0,0,0,0,0,0,0,5
"62417",99.38,6,2024-05-31,"863025",45.8,"240792",NA,NA,5562,"2024",5,"Spring",2016-02-29,2018-04-02,73.9354838709677,FALSE,"2016",2,"Winter","non-G-coded","female","6",99.38,">60",FALSE,FALSE,FALSE,FALSE,FALSE,FALSE,FALSE,FALSE,FALSE,FALSE,1,1,"singleton",0,0,0,0,0,0,0,0,0,0,0,5
"62091",99.44,6,2024-04-18,"22220785",44.8,"240042",NA,NA,5841,"2024",4,"Spring",2016-01-18,2018-04-02,72.5333333333333,FALSE,"2016",1,"Winter","non-G-coded","female","6",99.44,">60",FALSE,FALSE,FALSE,FALSE,FALSE,FALSE,FALSE,FALSE,FALSE,FALSE,1,1,"singleton",0,0,0,0,0,0,0,0,0,0,0,4
"61028",99.57,4,2024-04-26,"22220785",44.2,"240677",NA,NA,5793,"2024",4,"Spring",2015-12-26,2018-03-02,73.8,FALSE,"2015",12,"Winter","non-G-coded","female","4",99.57,">60",FALSE,FALSE,FALSE,FALSE,FALSE,FALSE,FALSE,FALSE,FALSE,FALSE,1,1,"singleton",0,0,0,0,0,0,0,0,0,0,0,4
"60014",99.64,5,2024-04-21,"FR3917468802",45.3,"240657",NA,NA,5818,"2024",4,"Spring",2015-12-21,2018-03-02,73.6333333333333,FALSE,"2015",12,"Winter","non-G-coded","female","5",99.64,">60",FALSE,FALSE,FALSE,FALSE,FALSE,FALSE,FALSE,FALSE,FALSE,FALSE,1,1,"singleton",0,0,0,0,0,0,0,0,0,0,0,4
"60206",99.67,7,2024-07-27,"171206",37.2,"240969",NA,NA,5275,"2024",7,"Summer",2016-03-27,2018-03-02,76.8064516129032,FALSE,"2016",3,"Spring","non-G-coded","female",">=7",99.67,">60",FALSE,FALSE,FALSE,FALSE,FALSE,FALSE,FALSE,FALSE,FALSE,FALSE,1,1,"singleton",0,0,0,0,0,0,0,0,0,0,0,7
"61366",99.7,6,2024-05-27,"863025",38.8,"240780",NA,NA,5592,"2024",5,"Spring",2016-01-27,2018-03-02,74.8064516129032,FALSE,"2016",1,"Winter","non-G-coded","female","6",99.7,">60",FALSE,FALSE,FALSE,FALSE,FALSE,FALSE,FALSE,FALSE,FALSE,FALSE,1,1,"singleton",0,0,0,0,0,0,0,0,0,0,0,5
"60828",99.97,6,2024-04-29,"22220785",45.6,"240690",NA,NA,5773,"2024",4,"Spring",2015-12-29,2018-03-02,73.9,FALSE,"2015",12,"Winter","non-G-coded","female","6",99.97,">60",FALSE,FALSE,FALSE,FALSE,FALSE,FALSE,FALSE,FALSE,FALSE,FALSE,1,1,"singleton",0,0,0,0,0,0,0,0,0,0,0,4
"61820",100.1,5,2024-05-29,"863025",48.6,"240786",NA,NA,5581,"2024",5,"Spring",2016-01-29,2018-03-02,74.8709677419355,FALSE,"2016",1,"Winter","non-G-coded","female","5",100.1,">60",FALSE,FALSE,FALSE,FALSE,FALSE,FALSE,FALSE,FALSE,FALSE,FALSE,1,1,"singleton",0,0,0,0,0,1,0,0,0,0,0,5
"61605",100.2,5,2024-06-15,"863025",40.1,"240856",NA,NA,5449,"2024",6,"Summer",2016-02-15,2018-03-02,75.4333333333333,FALSE,"2016",2,"Winter","non-G-coded","female","5",100.2,">60",FALSE,FALSE,FALSE,FALSE,FALSE,FALSE,FALSE,FALSE,FALSE,FALSE,1,1,"singleton",0,0,0,0,0,0,0,0,0,0,0,6
"60829",100.36,6,2024-05-12,"862025瓦特罗",48.2,"240732",NA,NA,5684,"2024",5,"Spring",2016-01-12,2018-03-02,74.3225806451613,FALSE,"2016",1,"Winter","non-G-coded","female","6",100.36,">60",FALSE,FALSE,FALSE,FALSE,FALSE,FALSE,FALSE,FALSE,FALSE,FALSE,1,1,"singleton",0,0,0,0,0,0,0,0,0,0,0,5
"60929",100.39,5,2024-05-13,"22220785",41,"240736",NA,NA,5682,"2024",5,"Spring",2016-01-13,2018-03-02,74.3548387096774,FALSE,"2016",1,"Winter","non-G-coded","female","5",100.39,">60",FALSE,FALSE,FALSE,FALSE,FALSE,FALSE,FALSE,FALSE,FALSE,FALSE,1,1,"singleton",0,0,0,0,0,0,0,0,0,0,0,5
"60568",100.56,6,2025-04-12,"427133",42.7,"250538",NA,NA,3276,"2025",4,"Spring",2016-11-12,2018-02-02,86.3333333333333,FALSE,"2016",11,"Autumn","non-G-coded","female","6",100.56,">60",FALSE,FALSE,FALSE,FALSE,FALSE,FALSE,FALSE,FALSE,FALSE,FALSE,1,1,"singleton",0,0,0,0,0,0,0,0,0,0,0,4
"62488",100.69,5,2024-06-26,"171206",41.2,"240885",NA,NA,5393,"2024",6,"Summer",2016-01-26,2018-02-02,76.8,FALSE,"2016",1,"Winter","non-G-coded","female","5",100.69,">60",FALSE,FALSE,FALSE,FALSE,FALSE,FALSE,FALSE,FALSE,FALSE,FALSE,1,1,"singleton",0,0,0,0,0,0,0,0,0,0,0,6
"60035",100.82,6,2024-06-11,"863025",29.8,"HG40834",NA,NA,5468,"2024",6,"Summer",2016-01-11,2018-02-02,76.3,FALSE,"2016",1,"Winter","non-G-coded","female","6",100.82,">60",FALSE,FALSE,FALSE,FALSE,FALSE,FALSE,FALSE,FALSE,FALSE,FALSE,1,1,"singleton",1,0,1,0,1,0,1,0,1,0,0,6
"H800899",101.12,7,2025-08-11,"22121209",28.3,"250998",NA,NA,2355,"2025",8,"Summer",2017-03-11,2018-02-02,90.2903225806452,FALSE,"2017",3,"Spring","non-G-coded","female",">=7",101.12,">60",FALSE,FALSE,FALSE,FALSE,FALSE,FALSE,FALSE,FALSE,FALSE,FALSE,1,1,"singleton",1,0,1,0,1,0,1,0,1,0,0,8
"61465",101.25,6,2024-07-23,"22220785",46.8,"240954",NA,NA,5306,"2024",7,"Summer",2016-02-23,2018-02-02,77.6774193548387,FALSE,"2016",2,"Winter","non-G-coded","female","6",101.25,">60",FALSE,FALSE,FALSE,FALSE,FALSE,FALSE,FALSE,FALSE,FALSE,FALSE,1,1,"singleton",0,0,0,0,0,0,0,0,0,0,0,7
"H202474",101.38,7,2025-10-03,"15620193",39.7,"251146",NA,NA,2021,"2025",10,"Autumn",2017-05-03,2018-02-02,92.0322580645161,FALSE,"2017",5,"Spring","non-G-coded","female",">=7",101.38,">60",FALSE,FALSE,FALSE,FALSE,FALSE,FALSE,FALSE,FALSE,FALSE,FALSE,1,1,"singleton",0,0,0,0,0,0,0,0,0,0,0,10
"62358",101.55,6,2024-08-02,"15620126",27.5,"240988",NA,NA,5246,"2024",8,"Summer",2016-02-02,2018-01-02,79,FALSE,"2016",2,"Winter","non-G-coded","female","6",101.55,">60",FALSE,FALSE,FALSE,FALSE,FALSE,FALSE,FALSE,FALSE,FALSE,FALSE,1,1,"singleton",1,0,1,0,1,0,1,0,1,0,0,8
"62746",101.61,6,2024-07-19,"171206",35.4,"240943",NA,NA,5341,"2024",7,"Summer",2016-01-19,2018-01-02,78.5483870967742,FALSE,"2016",1,"Winter","non-G-coded","female","6",101.61,">60",FALSE,FALSE,FALSE,FALSE,FALSE,FALSE,FALSE,FALSE,FALSE,FALSE,1,1,"singleton",0,0,0,0,1,0,1,0,0,0,0,7
"H201244",101.68,7,2025-07-18,"41221174",37.3,"250918",NA,NA,2514,"2025",7,"Summer",2017-01-18,2018-01-02,90.5161290322581,FALSE,"2017",1,"Winter","non-G-coded","female",">=7",101.68,">60",FALSE,FALSE,FALSE,FALSE,FALSE,FALSE,FALSE,FALSE,FALSE,FALSE,1,1,"singleton",0,0,0,0,0,0,0,0,0,0,0,7
"2014",101.78,7,2024-07-16,"171206",46,"240937",NA,NA,5351,"2024",7,"Summer",2016-01-16,2018-01-02,78.4516129032258,FALSE,"2016",1,"Winter","non-G-coded","female",">=7",101.78,">60",FALSE,FALSE,FALSE,FALSE,FALSE,FALSE,FALSE,FALSE,FALSE,FALSE,1,1,"singleton",0,0,0,0,0,0,0,0,0,0,0,7
"61987",102.2,6,2024-07-24,"171206",34.5,"240960",NA,NA,5291,"2024",7,"Summer",2016-01-24,2018-01-02,78.7096774193548,FALSE,"2016",1,"Winter","non-G-coded","female","6",102.2,">60",FALSE,FALSE,FALSE,FALSE,FALSE,FALSE,FALSE,FALSE,FALSE,FALSE,1,1,"singleton",1,0,0,0,1,0,1,0,0,0,0,7
"61339",102.37,5,2024-08-18,"171206",46.5,"241028",NA,NA,5169,"2024",8,"Summer",2016-02-18,2018-01-02,79.5161290322581,FALSE,"2016",2,"Winter","non-G-coded","female","5",102.37,">60",FALSE,FALSE,FALSE,FALSE,FALSE,FALSE,FALSE,FALSE,FALSE,FALSE,1,1,"singleton",0,0,0,0,0,0,0,0,0,0,0,8
"61304",102.43,7,2024-08-14,"171206",45.7,"241019",NA,NA,5190,"2024",8,"Summer",2016-02-14,2018-01-02,79.3870967741936,FALSE,"2016",2,"Winter","non-G-coded","female",">=7",102.43,">60",FALSE,FALSE,FALSE,FALSE,FALSE,FALSE,FALSE,FALSE,FALSE,FALSE,1,1,"singleton",0,0,0,0,0,0,0,0,0,0,0,8
"62095",102.5,6,2024-07-24,"171206",45.3,"240942",NA,NA,5298,"2024",7,"Summer",2016-01-24,2018-01-02,78.7096774193548,FALSE,"2016",1,"Winter","non-G-coded","female","6",102.5,">60",FALSE,FALSE,FALSE,FALSE,FALSE,FALSE,FALSE,FALSE,FALSE,FALSE,1,1,"singleton",0,0,0,0,0,0,0,0,0,0,0,7
"61599",102.66,5,2024-08-23,"15620128",32.8,"241039",NA,NA,5147,"2024",8,"Summer",2016-01-23,2017-12-02,80.6774193548387,FALSE,"2016",1,"Winter","non-G-coded","female","5",102.66,">60",FALSE,FALSE,FALSE,FALSE,FALSE,FALSE,FALSE,FALSE,FALSE,FALSE,1,1,"singleton",1,0,0,0,1,0,1,0,0,0,0,8
"60664",103.02,6,2024-08-20,"15620126",58.8,"241036",NA,NA,5161,"2024",8,"Summer",2016-01-20,2017-12-02,80.5806451612903,FALSE,"2016",1,"Winter","non-G-coded","female","6",103.02,">60",FALSE,FALSE,FALSE,FALSE,FALSE,FALSE,FALSE,FALSE,FALSE,FALSE,1,1,"singleton",0,1,0,1,0,1,0,1,0,1,0,8
"70155",103.06,6,2025-10-13,"15618075",40.5,"251192",NA,NA,1930,"2025",10,"Autumn",2017-03-13,2017-12-02,94.3548387096774,FALSE,"2017",3,"Spring","non-G-coded","female","6",103.06,">60",FALSE,FALSE,FALSE,FALSE,FALSE,FALSE,FALSE,FALSE,FALSE,FALSE,1,1,"singleton",0,0,0,0,0,0,0,0,0,0,0,10
"61055",103.42,7,2024-08-17,"15620128",37.2,"241025",NA,NA,5173,"2024",8,"Summer",2016-01-17,2017-12-02,80.4838709677419,FALSE,"2016",1,"Winter","non-G-coded","female",">=7",103.42,">60",FALSE,FALSE,FALSE,FALSE,FALSE,FALSE,FALSE,FALSE,FALSE,FALSE,1,1,"singleton",0,0,0,0,0,0,0,0,0,0,0,8
"70321",103.91,6,2025-12-31,"65123650",44.6,"251550","426864","10330",1216,"2025",12,"Winter",2017-04-30,2017-11-02,97.9354838709677,FALSE,"2017",4,"Spring","non-G-coded","female","6",103.91,">60",FALSE,FALSE,FALSE,FALSE,FALSE,FALSE,FALSE,FALSE,FALSE,FALSE,1,1,"singleton",0,0,0,0,0,0,0,0,0,0,0,12
"60526",104.67,7,2025-07-20,"22220119",49.2,"250924",NA,NA,2499,"2025",7,"Summer",2016-10-20,2017-10-02,93.5806451612903,FALSE,"2016",10,"Autumn","non-G-coded","female",">=7",104.67,">60",FALSE,FALSE,FALSE,FALSE,FALSE,FALSE,FALSE,FALSE,FALSE,FALSE,1,1,"singleton",0,0,0,0,0,1,0,0,0,0,0,7
"70554",104.8,7,2026-06-06,"41120238",40.2,"261564",NA,NA,95,"2026",6,"Summer",2017-09-06,2017-10-02,104.133333333333,FALSE,"2017",9,"Autumn","non-G-coded","female",">=7",104.8,">60",FALSE,FALSE,FALSE,FALSE,FALSE,FALSE,FALSE,FALSE,FALSE,FALSE,1,1,"singleton",0,0,0,0,0,0,0,0,0,0,0,6
"70324",105.59,6,2026-02-21,"65123933",52.2,"260130",NA,NA,935,"2026",2,"Winter",2017-04-21,2017-09-02,101.678571428571,FALSE,"2017",4,"Spring","non-G-coded","female","6",105.59,">60",FALSE,FALSE,FALSE,FALSE,FALSE,FALSE,FALSE,FALSE,FALSE,FALSE,1,1,"singleton",0,1,0,1,0,1,0,0,0,0,0,2
"50382",106.84,7,2024-02-05,"FR7045049997",40.2,"240217","191190","0109",6617,"2024",2,"Winter",2015-03-05,2017-08-02,78.1034482758621,FALSE,"2015",3,"Spring","non-G-coded","female",">=7",106.84,">60",FALSE,FALSE,FALSE,FALSE,FALSE,FALSE,FALSE,FALSE,FALSE,FALSE,1,1,"singleton",0,0,0,0,0,0,0,0,0,0,0,2
"60274",107.2,7,2025-03-28,"22218621",44.3,"250482",NA,NA,3412,"2025",3,"Spring",2016-04-28,2017-08-02,91.8387096774194,FALSE,"2016",4,"Spring","non-G-coded","female",">=7",107.2,">60",FALSE,FALSE,FALSE,FALSE,FALSE,FALSE,FALSE,FALSE,FALSE,FALSE,1,1,"singleton",0,0,0,0,0,0,0,0,0,0,0,3
"70201",107.96,8,2026-03-23,"65123650",37.2,"261262","426864","0019",650,"2026",3,"Spring",2017-03-23,2017-07-02,104.677419354839,FALSE,"2017",3,"Spring","non-G-coded","female",">=7",107.96,">60",FALSE,FALSE,FALSE,FALSE,FALSE,FALSE,FALSE,FALSE,FALSE,FALSE,1,1,"singleton",0,0,0,0,0,0,0,0,0,0,0,3
"60396",108.68,8,2025-07-18,"22220119",36.1,"250919",NA,NA,2517,"2025",7,"Summer",2016-06-18,2017-06-02,97.5161290322581,FALSE,"2016",6,"Summer","non-G-coded","female",">=7",108.68,">60",FALSE,FALSE,FALSE,FALSE,FALSE,FALSE,FALSE,FALSE,FALSE,FALSE,1,1,"singleton",0,0,0,0,1,0,0,0,0,0,0,7
"62709",108.97,5,2025-03-22,"427151",38.8,"250440",NA,NA,3483,"2025",3,"Spring",2016-02-22,2017-06-02,93.6451612903226,FALSE,"2016",2,"Winter","non-G-coded","female","5",108.97,">60",FALSE,FALSE,FALSE,FALSE,FALSE,FALSE,FALSE,FALSE,FALSE,FALSE,1,1,"singleton",0,0,0,0,0,0,0,0,0,0,0,3
"60516",109.27,7,2025-11-29,"65123650",43.8,"251402",NA,NA,1495,"2025",11,"Autumn",2016-10-29,2017-06-02,101.9,FALSE,"2016",10,"Autumn","non-G-coded","female",">=7",109.27,">60",FALSE,FALSE,FALSE,FALSE,FALSE,FALSE,FALSE,FALSE,FALSE,FALSE,1,1,"singleton",0,0,0,0,0,0,0,0,0,0,0,11
"61013",109.47,7,2025-03-08,"22220783",41.8,"250370",NA,NA,3634,"2025",3,"Spring",2016-02-08,2017-06-02,93.1935483870968,FALSE,"2016",2,"Winter","non-G-coded","female",">=7",109.47,">60",FALSE,FALSE,FALSE,FALSE,FALSE,FALSE,FALSE,FALSE,FALSE,FALSE,1,1,"singleton",0,0,0,0,0,0,0,0,0,0,0,3
"60855",109.76,7,2025-03-20,"22218621",48.8,"250430",NA,NA,3508,"2025",3,"Spring",2016-01-20,2017-05-02,94.5806451612903,FALSE,"2016",1,"Winter","non-G-coded","female",">=7",109.76,">60",FALSE,FALSE,FALSE,FALSE,FALSE,FALSE,FALSE,FALSE,FALSE,FALSE,1,1,"singleton",0,0,0,0,0,1,0,0,0,0,0,3
"61760",109.89,7,2025-03-22,"427151",41.1,"250441",NA,NA,3466,"2025",3,"Spring",2016-01-22,2017-05-02,94.6451612903226,FALSE,"2016",1,"Winter","non-G-coded","female",">=7",109.89,">60",FALSE,FALSE,FALSE,FALSE,FALSE,FALSE,FALSE,FALSE,FALSE,FALSE,1,1,"singleton",0,0,0,0,0,0,0,0,0,0,0,3
"50650",110.09,4,2024-07-06,"171206",38.8,"240917",NA,NA,5372,"2024",7,"Summer",2015-05-06,2017-05-02,86.1290322580645,FALSE,"2015",5,"Spring","non-G-coded","female","4",110.09,">60",FALSE,FALSE,FALSE,FALSE,FALSE,FALSE,FALSE,TRUE,FALSE,FALSE,1,1,"singleton",0,0,0,0,0,0,0,0,0,0,0,7
"60206",110.29,8,2025-06-15,"65123650",47.4,"250804",NA,NA,2744,"2025",6,"Summer",2016-04-15,2017-05-02,97.4333333333333,FALSE,"2016",4,"Spring","non-G-coded","female",">=7",110.29,">60",FALSE,FALSE,FALSE,FALSE,FALSE,FALSE,FALSE,FALSE,FALSE,FALSE,1,1,"singleton",0,0,0,0,0,0,0,0,0,0,0,6
"H00489",110.39,6,2025-07-21,"22520578",49.8,"250933",NA,NA,2488,"2025",7,"Summer",2016-05-21,2017-05-02,98.6129032258064,FALSE,"2016",5,"Spring","non-G-coded","female","6",110.39,">60",FALSE,FALSE,FALSE,FALSE,FALSE,FALSE,FALSE,FALSE,FALSE,FALSE,1,1,"singleton",0,1,0,0,0,1,0,0,0,0,0,7
"61439",110.72,7,2025-05-10,"22218621",42,"250672",NA,NA,2995,"2025",5,"Spring",2016-02-10,2017-04-02,97.258064516129,FALSE,"2016",2,"Winter","non-G-coded","female",">=7",110.72,">60",FALSE,FALSE,FALSE,FALSE,FALSE,FALSE,FALSE,FALSE,FALSE,FALSE,1,1,"singleton",0,0,0,0,0,0,0,0,0,0,0,5
"62049",110.88,7,2025-04-15,"427133",40.1,"250550",NA,NA,3254,"2025",4,"Spring",2016-01-15,2017-04-02,96.4333333333333,FALSE,"2016",1,"Winter","non-G-coded","female",">=7",110.88,">60",FALSE,FALSE,FALSE,FALSE,FALSE,FALSE,FALSE,FALSE,FALSE,FALSE,1,1,"singleton",0,0,0,0,0,0,0,0,0,0,0,4
"61216",111.05,6,2025-05-04,"427133",50.4,"250646",NA,NA,3067,"2025",5,"Spring",2016-02-04,2017-04-02,97.0645161290323,FALSE,"2016",2,"Winter","non-G-coded","female","6",111.05,">60",FALSE,FALSE,FALSE,FALSE,FALSE,FALSE,FALSE,FALSE,FALSE,FALSE,1,1,"singleton",0,1,0,0,0,1,0,0,0,0,0,5
"62051",111.21,7,2025-04-27,"22218621",46.3,"250618",NA,NA,3132,"2025",4,"Spring",2016-01-27,2017-04-02,96.8333333333333,FALSE,"2016",1,"Winter","non-G-coded","female",">=7",111.21,">60",FALSE,FALSE,FALSE,FALSE,FALSE,FALSE,FALSE,FALSE,FALSE,FALSE,1,1,"singleton",0,0,0,0,0,0,0,0,0,0,0,4
"61037",111.28,7,2025-04-25,"22218621",46.8,"250602",NA,NA,3151,"2025",4,"Spring",2016-01-25,2017-04-02,96.7666666666667,FALSE,"2016",1,"Winter","non-G-coded","female",">=7",111.28,">60",FALSE,FALSE,FALSE,FALSE,FALSE,FALSE,FALSE,FALSE,FALSE,FALSE,1,1,"singleton",0,0,0,0,0,0,0,0,0,0,0,4
"61876",111.44,6,2025-05-06,"427133",46.8,"250654",NA,NA,3041,"2025",5,"Spring",2016-02-06,2017-04-02,97.1290322580645,FALSE,"2016",2,"Winter","non-G-coded","female","6",111.44,">60",FALSE,FALSE,FALSE,FALSE,FALSE,FALSE,FALSE,FALSE,FALSE,FALSE,1,1,"singleton",0,0,0,0,0,0,0,0,0,0,0,5
"60321",111.67,7,2025-08-30,"15621175",45.4,"251031",NA,NA,2269,"2025",8,"Summer",2016-04-30,2017-03-02,101.903225806452,FALSE,"2016",4,"Spring","non-G-coded","female",">=7",111.67,">60",FALSE,FALSE,FALSE,FALSE,FALSE,FALSE,FALSE,FALSE,FALSE,FALSE,1,1,"singleton",0,0,0,0,0,0,0,0,0,0,0,8
"60587",111.7,7,2026-03-26,"65123933",42.3,"261290L",NA,NA,620,"2026",3,"Spring",2016-11-26,2017-03-02,108.774193548387,FALSE,"2016",11,"Autumn","non-G-coded","female",">=7",111.7,">60",FALSE,FALSE,FALSE,FALSE,FALSE,FALSE,FALSE,FALSE,FALSE,FALSE,1,1,"singleton",0,0,0,0,0,0,0,0,0,0,0,3
"60215",111.8,5,2025-08-01,"22220783",43.5,"250962",NA,NA,2419,"2025",8,"Summer",2016-04-01,2017-03-02,100.967741935484,FALSE,"2016",4,"Spring","non-G-coded","female","5",111.8,">60",FALSE,FALSE,FALSE,FALSE,FALSE,FALSE,FALSE,FALSE,FALSE,FALSE,1,1,"singleton",0,0,0,0,0,0,0,0,0,0,0,8
"63066",112.1,7,2025-06-19,"863302",40.8,"250817",NA,NA,2714,"2025",6,"Summer",2016-02-19,2017-03-02,99.5666666666667,FALSE,"2016",2,"Winter","non-G-coded","female",">=7",112.1,">60",FALSE,FALSE,FALSE,FALSE,FALSE,FALSE,FALSE,FALSE,FALSE,FALSE,1,1,"singleton",0,0,0,0,0,0,0,0,0,0,0,6
"62636",112.33,7,2025-06-19,"863302",37.6,"250816",NA,NA,2715,"2025",6,"Summer",2016-02-19,2017-03-02,99.5666666666667,FALSE,"2016",2,"Winter","non-G-coded","female",">=7",112.33,">60",FALSE,FALSE,FALSE,FALSE,FALSE,FALSE,FALSE,FALSE,FALSE,FALSE,1,1,"singleton",0,0,0,0,0,0,0,0,0,0,0,6
"62072",112.49,4,2025-05-21,"427133",51.8,"250736",NA,NA,2890,"2025",5,"Spring",2016-01-21,2017-03-02,98.6129032258064,FALSE,"2016",1,"Winter","non-G-coded","female","4",112.49,">60",FALSE,FALSE,FALSE,FALSE,FALSE,FALSE,FALSE,FALSE,FALSE,FALSE,1,1,"singleton",0,1,0,1,0,1,0,0,0,0,0,5
"60534",112.92,8,2026-04-02,"65123650",46.2,"261331",NA,NA,534,"2026",4,"Spring",2016-11-02,2017-02-02,110,FALSE,"2016",11,"Autumn","non-G-coded","female",">=7",112.92,">60",FALSE,FALSE,FALSE,FALSE,FALSE,FALSE,FALSE,FALSE,FALSE,FALSE,1,1,"singleton",0,0,0,0,0,0,0,0,0,0,0,4
"61304",112.98,8,2025-07-01,"41121918",46.4,"250871",NA,NA,2621,"2025",7,"Summer",2016-02-01,2017-02-02,100.966666666667,FALSE,"2016",2,"Winter","non-G-coded","female",">=7",112.98,">60",FALSE,FALSE,FALSE,FALSE,FALSE,FALSE,FALSE,FALSE,FALSE,FALSE,1,1,"singleton",0,0,0,0,0,0,0,0,0,0,0,7
"60486",113.38,8,2026-03-15,"65123650",45.2,"261361",NA,NA,732,"2026",3,"Spring",2016-10-15,2017-02-02,109.41935483871,FALSE,"2016",10,"Autumn","non-G-coded","female",">=7",113.38,">60",FALSE,FALSE,FALSE,FALSE,FALSE,FALSE,FALSE,FALSE,FALSE,FALSE,1,1,"singleton",0,0,0,0,0,0,0,0,0,0,0,3
"60132",113.74,8,2025-09-10,"15618075",44.7,"251050",NA,NA,2219,"2025",9,"Autumn",2016-03-10,2017-01-02,104.266666666667,FALSE,"2016",3,"Spring","non-G-coded","female",">=7",113.74,">60",FALSE,FALSE,FALSE,FALSE,FALSE,FALSE,FALSE,FALSE,FALSE,FALSE,1,1,"singleton",0,0,0,0,0,0,0,0,0,0,0,9
"62475",114,8,2025-08-20,"863302",39.7,"251016",NA,NA,2314,"2025",8,"Summer",2016-02-20,2017-01-02,103.58064516129,FALSE,"2016",2,"Winter","non-G-coded","female",">=7",114,">60",FALSE,FALSE,FALSE,FALSE,FALSE,FALSE,FALSE,FALSE,FALSE,FALSE,1,1,"singleton",0,0,0,0,0,0,0,0,0,0,0,8
"62040",114.14,7,2025-07-14,"15420626",39.4,"250909",NA,NA,2534,"2025",7,"Summer",2016-01-14,2017-01-02,102.387096774194,FALSE,"2016",1,"Winter","non-G-coded","female",">=7",114.14,">60",FALSE,FALSE,FALSE,FALSE,FALSE,FALSE,FALSE,FALSE,FALSE,FALSE,1,1,"singleton",0,0,0,0,0,0,0,0,0,0,0,7
"62433",114.23,8,2025-08-14,"863302",38.3,"251001",NA,NA,2341,"2025",8,"Summer",2016-02-14,2017-01-02,103.387096774194,FALSE,"2016",2,"Winter","non-G-coded","female",">=7",114.23,">60",FALSE,FALSE,FALSE,FALSE,FALSE,FALSE,FALSE,FALSE,FALSE,FALSE,1,1,"singleton",0,0,0,0,0,0,0,0,0,0,0,8
"60635",114.46,5,2025-08-04,"863302",34.3,"250973",NA,NA,2394,"2025",8,"Summer",2016-02-04,2017-01-02,103.064516129032,FALSE,"2016",2,"Winter","non-G-coded","female","5",114.46,">60",FALSE,FALSE,FALSE,FALSE,FALSE,FALSE,FALSE,FALSE,FALSE,FALSE,1,1,"singleton",1,0,0,0,1,0,1,0,0,0,0,8
"60993",114.6,7,2025-07-22,"13221223",37.4,"250936",NA,NA,2481,"2025",7,"Summer",2015-12-22,2016-12-02,103.645161290323,FALSE,"2015",12,"Winter","non-G-coded","female",">=7",114.6,">60",FALSE,FALSE,FALSE,FALSE,FALSE,FALSE,FALSE,FALSE,FALSE,FALSE,1,1,"singleton",0,0,0,0,0,0,0,0,0,0,0,7
"61055",114.96,8,2025-08-03,"15621325",34.8,"250969",NA,NA,2404,"2025",8,"Summer",2016-01-03,2016-12-02,104.032258064516,FALSE,"2016",1,"Winter","non-G-coded","female",">=7",114.96,">60",FALSE,FALSE,FALSE,FALSE,FALSE,FALSE,FALSE,FALSE,FALSE,FALSE,1,1,"singleton",0,0,0,0,1,0,1,0,0,0,0,8
"60518",115.25,8,2026-05-31,"65123650",40.3,"261542",NA,NA,126,"2026",5,"Spring",2016-10-31,2016-12-02,113.935483870968,FALSE,"2016",10,"Autumn","non-G-coded","female",">=7",115.25,">60",FALSE,FALSE,FALSE,FALSE,FALSE,FALSE,FALSE,FALSE,FALSE,FALSE,1,1,"singleton",0,0,0,0,0,0,0,0,0,0,0,5
"65043",115.61,5,2025-11-28,"65123650",50.4,"251399",NA,NA,1506,"2025",11,"Autumn",2016-03-28,2016-11-02,108.866666666667,FALSE,"2016",3,"Spring","non-G-coded","female","5",115.61,">60",FALSE,FALSE,FALSE,FALSE,FALSE,FALSE,FALSE,FALSE,FALSE,FALSE,1,1,"singleton",0,1,0,0,0,1,0,0,0,0,0,11
"60231",115.65,8,2025-11-30,"65123933",39.2,"251407",NA,NA,1489,"2025",11,"Autumn",2016-03-30,2016-11-02,108.933333333333,FALSE,"2016",3,"Spring","non-G-coded","female",">=7",115.65,">60",FALSE,FALSE,FALSE,FALSE,FALSE,FALSE,FALSE,FALSE,FALSE,FALSE,1,1,"singleton",0,0,0,0,0,0,0,0,0,0,0,11
"60209",115.68,8,2025-11-26,"21219011",40.2,"251390",NA,NA,1517,"2025",11,"Autumn",2016-03-26,2016-11-02,108.8,FALSE,"2016",3,"Spring","non-G-coded","female",">=7",115.68,">60",FALSE,FALSE,FALSE,FALSE,FALSE,FALSE,FALSE,FALSE,FALSE,FALSE,1,1,"singleton",0,0,0,0,0,0,0,0,0,0,0,11
"62358",115.84,7,2025-10-11,"15618075",57.6,"251173",NA,NA,1953,"2025",10,"Autumn",2016-02-11,2016-11-02,107.290322580645,FALSE,"2016",2,"Winter","non-G-coded","female",">=7",115.84,">60",FALSE,FALSE,FALSE,FALSE,FALSE,FALSE,FALSE,FALSE,FALSE,FALSE,1,1,"singleton",0,1,0,1,0,1,0,1,0,1,0,10
"60235",116.07,8,2025-12-14,"65123933",51.6,"251479","179398","10558",1337,"2025",12,"Winter",2016-04-14,2016-11-02,109.387096774194,FALSE,"2016",4,"Spring","non-G-coded","female",">=7",116.07,">60",FALSE,FALSE,FALSE,FALSE,FALSE,FALSE,FALSE,FALSE,FALSE,FALSE,1,1,"singleton",0,1,0,0,0,1,0,0,0,0,0,12
"61269",116.34,8,2025-11-03,"41121286",50.2,"251272",NA,NA,1751,"2025",11,"Autumn",2016-03-03,2016-11-02,108.033333333333,FALSE,"2016",3,"Spring","non-G-coded","female",">=7",116.34,">60",FALSE,FALSE,FALSE,FALSE,FALSE,FALSE,FALSE,FALSE,FALSE,FALSE,1,1,"singleton",0,1,0,0,0,1,0,0,0,0,0,11
"60169",116.5,8,2025-12-13,"65123933",52.5,"251491",NA,NA,1356,"2025",12,"Winter",2016-04-13,2016-11-02,109.354838709677,FALSE,"2016",4,"Spring","non-G-coded","female",">=7",116.5,">60",FALSE,FALSE,FALSE,FALSE,FALSE,FALSE,FALSE,FALSE,FALSE,FALSE,1,1,"singleton",0,1,0,1,0,1,0,1,0,0,0,12
"62398",116.67,7,2025-10-20,"15620193",45.6,"251212",NA,NA,1883,"2025",10,"Autumn",2016-01-20,2016-10-02,108.58064516129,FALSE,"2016",1,"Winter","non-G-coded","female",">=7",116.67,">60",FALSE,FALSE,FALSE,FALSE,FALSE,FALSE,FALSE,FALSE,FALSE,FALSE,1,1,"singleton",0,0,0,0,0,0,0,0,0,0,0,10
"50586",116.9,7,2025-09-29,"15620193",46.2,"251124",NA,NA,2062,"2025",9,"Autumn",2015-12-29,2016-10-02,107.9,FALSE,"2015",12,"Winter","non-G-coded","female",">=7",116.9,">60",FALSE,FALSE,FALSE,FALSE,FALSE,FALSE,FALSE,FALSE,FALSE,FALSE,1,1,"singleton",0,0,0,0,0,0,0,0,0,0,0,9
"800088",117.09,7,2025-10-22,"863302",49.2,"251225",NA,NA,1869,"2025",10,"Autumn",2016-01-22,2016-10-02,108.645161290323,FALSE,"2016",1,"Winter","non-G-coded","female",">=7",117.09,">60",FALSE,FALSE,FALSE,FALSE,FALSE,FALSE,FALSE,FALSE,FALSE,FALSE,1,1,"singleton",0,0,0,0,0,1,0,0,0,0,0,10
"61660",117.16,8,2025-11-12,"21219011",33.7,"251320",NA,NA,1663,"2025",11,"Autumn",2016-02-12,2016-10-02,109.333333333333,FALSE,"2016",2,"Winter","non-G-coded","female",">=7",117.16,">60",FALSE,FALSE,FALSE,FALSE,FALSE,FALSE,FALSE,FALSE,FALSE,FALSE,1,1,"singleton",1,0,0,0,1,0,1,0,0,0,0,11
"60062",117.46,8,2025-11-12,"41121286",46.8,"251326","189058","40113",1656,"2025",11,"Autumn",2016-02-12,2016-10-02,109.333333333333,FALSE,"2016",2,"Winter","non-G-coded","female",">=7",117.46,">60",FALSE,FALSE,FALSE,FALSE,FALSE,FALSE,FALSE,FALSE,FALSE,FALSE,1,1,"singleton",0,0,0,0,0,0,0,0,0,0,0,11
"62140",118.11,7,2025-12-04,"65123650",25.6,"251432",NA,NA,1440,"2025",12,"Winter",2016-02-04,2016-09-02,111.064516129032,FALSE,"2016",2,"Winter","non-G-coded","female",">=7",118.11,">60",FALSE,FALSE,FALSE,FALSE,FALSE,FALSE,FALSE,FALSE,FALSE,FALSE,1,1,"singleton",1,0,1,0,1,0,1,0,1,0,0,12
"61424",118.18,7,2025-12-08,"65123933",36.5,"251453",NA,NA,1394,"2025",12,"Winter",2016-02-08,2016-09-02,111.193548387097,FALSE,"2016",2,"Winter","non-G-coded","female",">=7",118.18,">60",FALSE,FALSE,FALSE,FALSE,FALSE,FALSE,FALSE,FALSE,FALSE,FALSE,1,1,"singleton",0,0,0,0,1,0,0,0,0,0,0,12
"62206",118.38,7,2025-12-21,"65123650",49.8,"251510",NA,NA,1284,"2025",12,"Winter",2016-02-21,2016-09-02,111.612903225806,FALSE,"2016",2,"Winter","non-G-coded","female",">=7",118.38,">60",FALSE,FALSE,FALSE,FALSE,FALSE,FALSE,FALSE,FALSE,FALSE,FALSE,1,1,"singleton",0,1,0,0,0,1,0,0,0,0,0,12
"62265",118.44,8,2025-12-24,"65123650",54.6,"251525",NA,NA,1265,"2025",12,"Winter",2016-02-24,2016-09-02,111.709677419355,FALSE,"2016",2,"Winter","non-G-coded","female",">=7",118.44,">60",FALSE,FALSE,FALSE,FALSE,FALSE,FALSE,FALSE,FALSE,FALSE,FALSE,1,1,"singleton",0,1,0,1,0,1,0,1,0,0,0,12
"63000",118.67,8,2025-12-28,"65123650",46.8,"251540","BS11102933","777",1242,"2025",12,"Winter",2016-01-28,2016-08-02,112.838709677419,FALSE,"2016",1,"Winter","non-G-coded","female",">=7",118.67,">60",FALSE,FALSE,FALSE,FALSE,FALSE,FALSE,FALSE,FALSE,FALSE,FALSE,1,1,"singleton",0,0,0,0,0,0,0,0,0,0,0,12
"61773",118.84,7,2025-12-03,"65123650",48.3,"251423",NA,NA,1452,"2025",12,"Winter",2016-01-03,2016-08-02,112.032258064516,FALSE,"2016",1,"Winter","non-G-coded","female",">=7",118.84,">60",FALSE,FALSE,FALSE,FALSE,FALSE,FALSE,FALSE,FALSE,FALSE,FALSE,1,1,"singleton",0,0,0,0,0,0,0,0,0,0,0,12
"13029",118.97,8,2023-02-09,"871041文尼哥",43.6,"234186",NA,NA,9225,"2023",2,"Winter",2013-03-09,2016-08-02,78.25,FALSE,"2013",3,"Spring","non-G-coded","female",">=7",118.97,">60",FALSE,FALSE,FALSE,FALSE,FALSE,FALSE,FALSE,FALSE,FALSE,FALSE,1,1,"singleton",0,0,0,0,0,0,0,0,0,0,0,2
"63014",119.17,7,2026-01-25,"65123650",49.8,"260053",NA,NA,1095,"2026",1,"Winter",2016-02-25,2016-08-02,113.741935483871,FALSE,"2016",2,"Winter","non-G-coded","female",">=7",119.17,">60",FALSE,FALSE,FALSE,FALSE,FALSE,FALSE,FALSE,FALSE,FALSE,FALSE,1,1,"singleton",0,1,0,0,0,1,0,0,0,0,0,1
"H212997",119.63,8,2026-02-10,"41121286",53.4,"260095",NA,NA,1000,"2026",2,"Winter",2016-02-10,2016-07-02,115.285714285714,FALSE,"2016",2,"Winter","non-G-coded","female",">=7",119.63,">60",FALSE,FALSE,FALSE,FALSE,FALSE,FALSE,FALSE,FALSE,FALSE,FALSE,1,1,"singleton",0,1,0,1,0,1,0,1,0,0,0,2
"60736",120.02,7,2025-12-30,"65123933",46.2,"251543",NA,NA,1230,"2025",12,"Winter",2015-12-30,2016-07-02,113.903225806452,FALSE,"2015",12,"Winter","non-G-coded","female",">=7",120.02,">60",FALSE,FALSE,FALSE,FALSE,FALSE,FALSE,FALSE,FALSE,FALSE,FALSE,1,1,"singleton",0,0,0,0,0,0,0,0,0,0,0,12
"60274",120.41,8,2026-05-04,"65123933",38.6,"261464",NA,NA,299,"2026",5,"Spring",2016-05-04,2016-07-02,118.064516129032,FALSE,"2016",5,"Spring","non-G-coded","female",">=7",120.41,">60",FALSE,FALSE,FALSE,FALSE,FALSE,FALSE,FALSE,FALSE,FALSE,FALSE,1,1,"singleton",0,0,0,0,0,0,0,0,0,0,0,5
"62532",120.55,7,2026-02-19,"65123933",37.2,"260127",NA,NA,947,"2026",2,"Winter",2016-01-19,2016-06-02,116.607142857143,FALSE,"2016",1,"Winter","non-G-coded","female",">=7",120.55,">60",FALSE,FALSE,FALSE,FALSE,FALSE,FALSE,FALSE,FALSE,FALSE,FALSE,1,1,"singleton",0,0,0,0,0,0,0,0,0,0,0,2
"62676",120.74,7,2026-03-09,"22218621",41.2,"261204",NA,NA,783,"2026",3,"Spring",2016-02-09,2016-06-02,117.225806451613,FALSE,"2016",2,"Winter","non-G-coded","female",">=7",120.74,">60",FALSE,FALSE,FALSE,FALSE,FALSE,FALSE,FALSE,FALSE,FALSE,FALSE,1,1,"singleton",0,0,0,0,0,0,0,0,0,0,0,3
"61897",121.07,8,2026-02-15,"65123650",48.4,"260110",NA,NA,973,"2026",2,"Winter",2016-01-15,2016-06-02,116.464285714286,FALSE,"2016",1,"Winter","non-G-coded","female",">=7",121.07,">60",FALSE,FALSE,FALSE,FALSE,FALSE,FALSE,FALSE,FALSE,FALSE,FALSE,1,1,"singleton",0,0,0,0,0,0,0,0,0,0,0,2
"61445",121.4,8,2026-04-06,"65123650",41.6,"261360L",NA,NA,485,"2026",4,"Spring",2016-03-06,2016-06-02,118.133333333333,FALSE,"2016",3,"Spring","non-G-coded","female",">=7",121.4,">60",FALSE,FALSE,FALSE,FALSE,FALSE,FALSE,FALSE,FALSE,FALSE,FALSE,1,1,"singleton",0,0,0,0,0,0,0,0,0,0,0,4
"60937",121.53,8,2026-02-23,"65123650",50.2,"260135",NA,NA,916,"2026",2,"Winter",2015-12-23,2016-05-02,117.75,FALSE,"2015",12,"Winter","non-G-coded","female",">=7",121.53,">60",FALSE,FALSE,FALSE,FALSE,FALSE,FALSE,FALSE,FALSE,FALSE,FALSE,1,1,"singleton",0,1,0,0,0,1,0,0,0,0,0,2
"62602",121.79,8,2026-03-29,"65123650",36.6,"261306",NA,NA,579,"2026",3,"Spring",2016-01-29,2016-05-02,118.870967741935,FALSE,"2016",1,"Winter","non-G-coded","female",">=7",121.79,">60",FALSE,FALSE,FALSE,FALSE,FALSE,FALSE,FALSE,FALSE,FALSE,FALSE,1,1,"singleton",0,0,0,0,0,0,0,0,0,0,0,3
"60909",121.99,8,2026-03-12,"65123650",45.8,"261363",NA,NA,759,"2026",3,"Spring",2016-01-12,2016-05-02,118.322580645161,FALSE,"2016",1,"Winter","non-G-coded","female",">=7",121.99,">60",FALSE,FALSE,FALSE,FALSE,FALSE,FALSE,FALSE,FALSE,FALSE,FALSE,1,1,"singleton",0,0,0,0,0,0,0,0,0,0,0,3
"60248",122.12,6,2026-06-18,"65123933",46.2,"261607",NA,NA,22,"2026",6,"Summer",2016-04-18,2016-05-02,121.533333333333,FALSE,"2016",4,"Spring","non-G-coded","female","6",122.12,">60",FALSE,FALSE,FALSE,FALSE,FALSE,FALSE,FALSE,FALSE,FALSE,FALSE,1,1,"singleton",0,0,0,0,0,0,0,0,0,0,0,6
"62044",122.58,8,2026-04-01,"65123933",45.2,"261322",NA,NA,542,"2026",4,"Spring",2016-01-01,2016-04-02,119.967741935484,FALSE,"2016",1,"Winter","non-G-coded","female",">=7",122.58,">60",FALSE,FALSE,FALSE,FALSE,FALSE,FALSE,FALSE,FALSE,FALSE,FALSE,1,1,"singleton",0,0,0,0,0,0,0,0,0,0,0,4
"65092",122.88,5,2026-03-26,"65123933",25.2,"261287",NA,NA,624,"2026",3,"Spring",2015-12-26,2016-04-02,119.774193548387,FALSE,"2015",12,"Winter","non-G-coded","female","5",122.88,">60",FALSE,FALSE,FALSE,FALSE,FALSE,FALSE,FALSE,FALSE,FALSE,FALSE,1,1,"singleton",1,0,1,0,1,0,1,0,1,0,0,3
"61049",123.01,8,2026-04-29,"65123650",46.5,"261451",NA,NA,320,"2026",4,"Spring",2016-01-29,2016-04-02,120.9,FALSE,"2016",1,"Winter","non-G-coded","female",">=7",123.01,">60",FALSE,FALSE,FALSE,FALSE,FALSE,FALSE,FALSE,FALSE,FALSE,FALSE,1,1,"singleton",0,0,0,0,0,0,0,0,0,0,0,4
"50208",123.14,9,2025-05-09,"427133",32.3,"250668",NA,NA,3009,"2025",5,"Spring",2015-02-09,2016-04-02,109.225806451613,FALSE,"2015",2,"Winter","non-G-coded","female",">=7",123.14,">60",FALSE,FALSE,FALSE,FALSE,FALSE,FALSE,FALSE,FALSE,FALSE,FALSE,1,1,"singleton",1,0,0,0,1,0,1,0,0,0,0,5
"62193",123.6,8,2026-06-13,"65123650",32.4,"261588",NA,NA,50,"2026",6,"Summer",2016-02-13,2016-03-02,123.366666666667,FALSE,"2016",2,"Winter","non-G-coded","female",">=7",123.6,">60",FALSE,FALSE,FALSE,FALSE,FALSE,FALSE,FALSE,FALSE,FALSE,FALSE,1,1,"singleton",1,0,0,0,1,0,1,0,0,0,0,6
"61912",124.03,7,2026-05-03,"65123650",44.8,"261462",NA,NA,302,"2026",5,"Spring",2016-01-03,2016-03-02,122.032258064516,FALSE,"2016",1,"Winter","non-G-coded","female",">=7",124.03,">60",FALSE,FALSE,FALSE,FALSE,FALSE,FALSE,FALSE,FALSE,FALSE,FALSE,1,1,"singleton",0,0,0,0,0,0,0,0,0,0,0,5
"60850",124.79,7,2026-06-15,"65123650",36.4,"261595",NA,NA,44,"2026",6,"Summer",2016-01-15,2016-02-02,124.433333333333,FALSE,"2016",1,"Winter","non-G-coded","female",">=7",124.79,">60",FALSE,FALSE,FALSE,FALSE,FALSE,FALSE,FALSE,FALSE,FALSE,FALSE,1,1,"singleton",0,0,0,0,1,0,0,0,0,0,0,6
"13056",131,8,2024-02-24,"FR3917468802",40.1,"240373",NA,NA,6348,"2024",2,"Winter",2013-03-24,2015-08-02,102.758620689655,FALSE,"2013",3,"Spring","non-G-coded","female",">=7",131,">60",FALSE,FALSE,FALSE,FALSE,FALSE,FALSE,FALSE,FALSE,FALSE,FALSE,1,1,"singleton",0,0,0,0,0,0,0,0,0,0,0,2
"13029",133.76,9,2024-05-04,"862025瓦特罗",42.8,"240706",NA,NA,5730,"2024",5,"Spring",2013-03-04,2015-05-02,108.064516129032,FALSE,"2013",3,"Spring","non-G-coded","female",">=7",133.76,">60",FALSE,FALSE,FALSE,FALSE,FALSE,FALSE,FALSE,FALSE,FALSE,FALSE,1,1,"singleton",0,0,0,0,0,0,0,0,0,0,0,5
"14250",138.56,9,2025-11-17,"21219011",47.2,"251345",NA,NA,1629,"2025",11,"Autumn",2014-04-17,2014-12-02,131.5,FALSE,"2014",4,"Spring","non-G-coded","female",">=7",138.56,">60",FALSE,FALSE,FALSE,FALSE,FALSE,FALSE,FALSE,FALSE,FALSE,FALSE,1,1,"singleton",0,0,0,0,0,0,0,0,0,0,0,11
"12032",149.9,11,2023-02-05,"871041文尼哥",48.2,"234165",NA,NA,9260,"2023",2,"Winter",2010-08-05,2014-01-02,109.107142857143,FALSE,"2010",8,"Summer","non-G-coded","female",">=7",149.9,">60",FALSE,FALSE,FALSE,FALSE,FALSE,FALSE,FALSE,FALSE,FALSE,FALSE,1,1,"singleton",0,0,0,0,0,0,0,0,0,0,0,2
"1195",155.1,11,2023-01-20,"871041文尼哥",46.1,"234101",NA,NA,9360,"2023",1,"Winter",2010-02-20,2013-08-02,113.58064516129,FALSE,"2010",2,"Winter","non-G-coded","female",">=7",155.1,">60",FALSE,FALSE,FALSE,FALSE,FALSE,FALSE,FALSE,FALSE,FALSE,FALSE,1,1,"singleton",0,0,0,0,0,0,0,0,0,0,0,1
"40307",158.91,11,2023-09-03,"865530狼血",51.2,"235324",NA,NA,7762,"2023",9,"Autumn",2010-06-03,2013-04-02,125.033333333333,FALSE,"2010",6,"Summer","non-G-coded","female",">=7",158.91,">60",FALSE,FALSE,FALSE,FALSE,FALSE,FALSE,FALSE,FALSE,FALSE,FALSE,1,1,"singleton",0,1,0,0,0,1,0,0,0,0,0,9
"40519",162.62,10,2023-07-25,"854773威吉吉",42.3,"235118",NA,NA,8024,"2023",7,"Summer",2009-12-25,2012-12-02,127.741935483871,FALSE,"2009",12,"Winter","non-G-coded","female",">=7",162.62,">60",FALSE,FALSE,FALSE,FALSE,FALSE,FALSE,FALSE,FALSE,FALSE,FALSE,1,1,"singleton",0,0,0,0,0,0,0,0,0,0,0,7
"1195",166.07,12,2023-12-20,"FR7045049997",41.6,"240815L",NA,NA,7072,"2023",12,"Winter",2010-02-20,2012-09-02,135.58064516129,FALSE,"2010",2,"Winter","non-G-coded","female",">=7",166.07,">60",FALSE,FALSE,FALSE,FALSE,FALSE,FALSE,FALSE,FALSE,FALSE,FALSE,1,1,"singleton",0,0,0,0,0,0,0,0,0,0,0,12
"12026",179.88,10,2025-07-31,"41121286",33.7,"250959",NA,NA,2423,"2025",7,"Summer",2010-07-31,2011-07-02,168.935483870968,FALSE,"2010",7,"Summer","non-G-coded","female",">=7",179.88,">60",FALSE,FALSE,FALSE,FALSE,FALSE,FALSE,FALSE,FALSE,FALSE,FALSE,1,1,"singleton",1,0,0,0,1,0,1,0,0,0,0,7
"1306",184.88,8,2025-08-07,"22121105",53.2,"250984",NA,NA,2376,"2025",8,"Summer",2010-03-07,2011-02-02,174.161290322581,FALSE,"2010",3,"Spring","non-G-coded","female",">=7",184.88,">60",FALSE,FALSE,FALSE,FALSE,FALSE,FALSE,FALSE,FALSE,FALSE,FALSE,1,1,"singleton",0,1,0,1,0,1,0,1,0,0,0,8
"212899",20.71,1,2023-02-06,"公牛",46.1,"G8283",NA,NA,9251,"2023",2,"Winter",2021-05-06,2024-10-02,-19.8571428571429,TRUE,"2021",5,"Spring","G-coded","male","1",20.71,"<=30",FALSE,FALSE,FALSE,FALSE,FALSE,FALSE,FALSE,FALSE,FALSE,FALSE,1,1,"singleton",0,0,0,0,0,0,0,0,0,0,0,2
"234748",22.26,1,2025-03-22,"427151",46.3,"G52449",NA,NA,3473,"2025",3,"Spring",2023-05-22,2024-09-02,6.64516129032258,TRUE,"2023",5,"Spring","G-coded","male","1",22.26,"<=30",FALSE,FALSE,FALSE,FALSE,FALSE,FALSE,FALSE,FALSE,FALSE,FALSE,1,1,"singleton",0,0,0,0,0,0,0,0,0,0,0,3
"234819",22.39,1,2025-04-12,"427133",30.4,"G52561","865530狼血","60182",3278,"2025",4,"Spring",2023-06-12,2024-09-02,7.33333333333333,TRUE,"2023",6,"Summer","G-coded","male","1",22.39,"<=30",FALSE,FALSE,FALSE,FALSE,FALSE,FALSE,FALSE,FALSE,FALSE,FALSE,1,1,"singleton",1,0,1,0,1,0,1,0,0,0,0,4
"224468",22.62,1,2024-02-07,"862025瓦特罗",40.5,"G40212","180781","L201324",6588,"2024",2,"Winter",2022-03-07,2024-08-02,-5.82758620689655,TRUE,"2022",3,"Spring","G-coded","male","1",22.62,"<=30",FALSE,FALSE,FALSE,FALSE,FALSE,FALSE,FALSE,FALSE,FALSE,FALSE,1,1,"singleton",0,0,0,0,0,0,0,0,0,0,0,2
"224447",22.72,1,2024-02-07,"862025瓦特罗",45.8,"G40215","180781","801129",6586,"2024",2,"Winter",2022-03-07,2024-08-02,-5.82758620689655,TRUE,"2022",3,"Spring","G-coded","male","1",22.72,"<=30",FALSE,FALSE,FALSE,FALSE,FALSE,FALSE,FALSE,FALSE,FALSE,FALSE,1,1,"singleton",0,0,0,0,0,0,0,0,0,0,0,2
"224471",22.85,1,2024-02-14,"862025瓦特罗",48.5,"G40272","2545109367","20034",6487,"2024",2,"Winter",2022-03-14,2024-08-02,-5.58620689655172,TRUE,"2022",3,"Spring","G-coded","male","1",22.85,"<=30",FALSE,FALSE,FALSE,FALSE,FALSE,FALSE,FALSE,FALSE,FALSE,FALSE,1,1,"singleton",0,0,0,0,0,0,0,0,0,0,0,2
"213773",23.08,1,2023-10-26,"854282维利纳诺",39.4,"G9689","2544424506","90018",7462,"2023",10,"Autumn",2021-11-26,2024-08-02,-9.2258064516129,TRUE,"2021",11,"Autumn","G-coded","male","1",23.08,"<=30",FALSE,FALSE,FALSE,FALSE,FALSE,FALSE,FALSE,FALSE,FALSE,FALSE,1,1,"singleton",0,0,0,0,1,0,0,0,0,0,0,10
"234708",23.14,1,2025-04-08,"22220783",37.6,"G52536","871041文尼哥","800114",3315,"2025",4,"Spring",2023-05-08,2024-08-02,8.2,TRUE,"2023",5,"Spring","G-coded","male","1",23.14,"<=30",FALSE,FALSE,FALSE,FALSE,FALSE,FALSE,FALSE,FALSE,FALSE,FALSE,1,1,"singleton",0,0,0,0,1,0,0,0,0,0,0,4
"G9626",23.24,1,2025-09-17,"15618075",19.6,"G53134","854282维利纳诺","00137",2164,"2025",9,"Autumn",2023-10-17,2024-08-02,13.5,TRUE,"2023",10,"Autumn","G-coded","male","1",23.24,"<=30",TRUE,FALSE,TRUE,FALSE,FALSE,FALSE,FALSE,FALSE,FALSE,FALSE,1,1,"singleton",1,0,1,0,1,0,1,0,1,0,0,9
"235107",23.27,1,2025-06-29,"863302",43.4,"G52868","854773威吉吉","212858",2644,"2025",6,"Summer",2023-07-29,2024-08-02,10.9,TRUE,"2023",7,"Summer","G-coded","male","1",23.27,"<=30",FALSE,FALSE,FALSE,FALSE,FALSE,FALSE,FALSE,FALSE,FALSE,FALSE,1,1,"singleton",0,0,0,0,0,0,0,0,0,0,0,6
"224443",23.31,1,2024-02-24,"862025瓦特罗",42.8,"G40362L",NA,NA,6350,"2024",2,"Winter",2022-03-24,2024-08-02,-5.24137931034483,TRUE,"2022",3,"Spring","G-coded","male","1",23.31,"<=30",FALSE,FALSE,FALSE,FALSE,FALSE,FALSE,FALSE,FALSE,FALSE,FALSE,1,1,"singleton",0,0,0,0,0,0,0,0,0,0,0,2
"224194",23.34,1,2024-01-15,"865530狼血",48.9,"G40088",NA,NA,6818,"2024",1,"Winter",2022-02-15,2024-08-02,-6.58064516129032,TRUE,"2022",2,"Winter","G-coded","male","1",23.34,"<=30",FALSE,FALSE,FALSE,FALSE,FALSE,FALSE,FALSE,FALSE,FALSE,FALSE,1,1,"singleton",0,0,0,0,0,0,0,0,0,0,0,1
"234731",23.44,1,2025-04-23,"22218621",50.4,"G52603",NA,NA,3181,"2025",4,"Spring",2023-05-23,2024-08-02,8.7,TRUE,"2023",5,"Spring","G-coded","male","1",23.44,"<=30",FALSE,FALSE,FALSE,FALSE,FALSE,FALSE,FALSE,FALSE,FALSE,FALSE,1,1,"singleton",0,0,0,0,0,0,0,0,0,0,0,4
"235060",23.47,1,2025-06-26,"863302",36.2,"G52859","854773威吉吉","L212658",2663,"2025",6,"Summer",2023-07-26,2024-08-02,10.8,TRUE,"2023",7,"Summer","G-coded","male","1",23.47,"<=30",FALSE,FALSE,FALSE,FALSE,FALSE,FALSE,FALSE,FALSE,FALSE,FALSE,1,1,"singleton",1,0,0,0,1,0,0,0,0,0,0,6
"235295",23.54,1,2025-08-13,"22220607",44.6,"G53029",NA,NA,2345,"2025",8,"Summer",2023-08-13,2024-07-02,13.3548387096774,TRUE,"2023",8,"Summer","G-coded","male","1",23.54,"<=30",FALSE,FALSE,FALSE,FALSE,FALSE,FALSE,FALSE,FALSE,FALSE,FALSE,1,1,"singleton",0,0,0,0,0,0,0,0,0,0,0,8
"225147",23.54,1,2024-08-27,"15620128",40.6,"GL41171","甘露606318","L800722",5128,"2024",8,"Summer",2022-08-27,2024-07-02,1.80645161290323,TRUE,"2022",8,"Summer","G-coded","male","1",23.54,"<=30",FALSE,FALSE,FALSE,FALSE,FALSE,FALSE,FALSE,FALSE,FALSE,FALSE,1,1,"singleton",0,0,0,0,0,0,0,0,0,0,0,8
"234744",23.6,1,2025-05-01,"427133",48.6,"G52646","871041文尼哥","62758",3085,"2025",5,"Spring",2023-05-01,2024-07-02,9.96666666666667,TRUE,"2023",5,"Spring","G-coded","male","1",23.6,"<=30",FALSE,FALSE,FALSE,FALSE,FALSE,FALSE,FALSE,FALSE,FALSE,FALSE,1,1,"singleton",0,0,0,0,0,0,0,0,0,0,0,5
"H225413",23.64,1,2024-04-24,"22220785",41.4,"G40662","606045","201758",5799,"2024",4,"Spring",2022-04-24,2024-07-02,-2.26666666666667,TRUE,"2022",4,"Spring","G-coded","male","1",23.64,"<=30",FALSE,FALSE,FALSE,FALSE,FALSE,FALSE,FALSE,FALSE,FALSE,FALSE,1,1,"singleton",0,0,0,0,0,0,0,0,0,0,0,4
"234555",23.67,1,2025-03-25,"427059",51,"G52463","7402563907","61802",3439,"2025",3,"Spring",2023-03-25,2024-07-02,8.74193548387097,TRUE,"2023",3,"Spring","G-coded","male","1",23.67,"<=30",FALSE,FALSE,FALSE,FALSE,FALSE,FALSE,FALSE,FALSE,FALSE,FALSE,1,1,"singleton",0,0,0,0,0,0,0,0,0,0,0,3
"213281",23.77,1,2023-08-20,"854773威吉吉",41.2,"G9372","180781","L20050",7868,"2023",8,"Summer",2021-08-20,2024-07-02,-10.4193548387097,TRUE,"2021",8,"Summer","G-coded","male","1",23.77,"<=30",FALSE,FALSE,FALSE,FALSE,FALSE,FALSE,FALSE,FALSE,FALSE,FALSE,1,1,"singleton",0,0,0,0,0,0,0,0,0,0,0,8
"212512",23.83,1,2023-03-21,"15618205",47.2,"G8547",NA,NA,8845,"2023",3,"Spring",2021-03-21,2024-07-02,-15.3870967741935,TRUE,"2021",3,"Spring","G-coded","male","1",23.83,"<=30",FALSE,FALSE,FALSE,FALSE,FALSE,FALSE,FALSE,FALSE,FALSE,FALSE,1,1,"singleton",0,0,0,0,0,0,0,0,0,0,0,3
"235033",23.93,1,2025-07-08,"863302",44.3,"G52905","854773威吉吉","01128",2575,"2025",7,"Summer",2023-07-08,2024-07-02,12.1935483870968,TRUE,"2023",7,"Summer","G-coded","male","1",23.93,"<=30",FALSE,FALSE,FALSE,FALSE,FALSE,FALSE,FALSE,FALSE,FALSE,FALSE,1,1,"singleton",0,0,0,0,0,0,0,0,0,0,0,7
"212321",23.93,1,2023-02-23,"13218431",48.2,"G8375","180781","70505",9107,"2023",2,"Winter",2021-02-23,2024-07-02,-16.25,TRUE,"2021",2,"Winter","G-coded","male","1",23.93,"<=30",FALSE,FALSE,FALSE,FALSE,FALSE,FALSE,FALSE,FALSE,FALSE,FALSE,1,1,"singleton",0,0,0,0,0,0,0,0,0,0,0,2
"213896",24,1,2023-12-21,"865530狼血",50.3,"G10063","854062","61916",7060,"2023",12,"Winter",2021-12-21,2024-07-02,-6.38709677419355,TRUE,"2021",12,"Winter","G-coded","male","1",24,"<=30",FALSE,FALSE,FALSE,FALSE,FALSE,FALSE,FALSE,FALSE,FALSE,FALSE,1,1,"singleton",0,0,0,0,0,0,0,0,0,0,0,12
"213763",24.03,1,2023-06-05,"65117543",35.6,"G8973",NA,NA,8297,"2023",6,"Summer",2021-06-05,2024-07-02,-12.9,TRUE,"2021",6,"Summer","G-coded","male","1",24.03,"<=30",FALSE,FALSE,FALSE,FALSE,FALSE,FALSE,FALSE,FALSE,FALSE,FALSE,1,1,"singleton",1,0,0,0,1,0,1,0,0,0,0,6
"235142",24.06,1,2025-07-30,"15221103",45.2,"G52984","854773威吉吉","202165",2431,"2025",7,"Summer",2023-07-30,2024-07-02,12.9032258064516,TRUE,"2023",7,"Summer","G-coded","male","1",24.06,"<=30",FALSE,FALSE,FALSE,FALSE,FALSE,FALSE,FALSE,FALSE,FALSE,FALSE,1,1,"singleton",0,0,0,0,0,0,0,0,0,0,0,7
"224488",24.1,1,2024-03-25,"14120356",26.6,"G40552","2545109367","ZL20031L",6027,"2024",3,"Spring",2022-03-25,2024-07-02,-3.25806451612903,TRUE,"2022",3,"Spring","G-coded","male","1",24.1,"<=30",FALSE,FALSE,FALSE,FALSE,FALSE,FALSE,FALSE,FALSE,FALSE,FALSE,1,1,"singleton",1,0,1,0,1,0,1,0,1,0,0,3
"213847",24.13,1,2023-12-15,"865530狼血",38.1,"G10007","854282","91120",7133,"2023",12,"Winter",2021-12-15,2024-07-02,-6.58064516129032,TRUE,"2021",12,"Winter","G-coded","male","1",24.13,"<=30",FALSE,FALSE,FALSE,FALSE,FALSE,FALSE,FALSE,FALSE,FALSE,FALSE,1,1,"singleton",0,0,0,0,1,0,0,0,0,0,0,12
"235002",24.16,1,2025-07-10,"22218621",36.1,"G52912","854773威吉吉","212224",2565,"2025",7,"Summer",2023-07-10,2024-07-02,12.258064516129,TRUE,"2023",7,"Summer","G-coded","male","1",24.16,"<=30",FALSE,FALSE,FALSE,FALSE,FALSE,FALSE,FALSE,FALSE,FALSE,FALSE,1,1,"singleton",1,0,0,0,1,0,0,0,0,0,0,7
"224177",24.16,1,2024-02-04,"862025瓦特罗",40.6,"G40194","871041","800986",6631,"2024",2,"Winter",2022-02-04,2024-07-02,-4.93103448275862,TRUE,"2022",2,"Winter","G-coded","male","1",24.16,"<=30",FALSE,FALSE,FALSE,FALSE,FALSE,FALSE,FALSE,FALSE,FALSE,FALSE,1,1,"singleton",0,0,0,0,0,0,0,0,0,0,0,2
"234957",24.19,1,2025-07-02,"41121266",39.7,"G52881","14117208","00747",2613,"2025",7,"Summer",2023-07-02,2024-07-02,12,TRUE,"2023",7,"Summer","G-coded","male","1",24.19,"<=30",FALSE,FALSE,FALSE,FALSE,FALSE,FALSE,FALSE,FALSE,FALSE,FALSE,1,1,"singleton",0,0,0,0,0,0,0,0,0,0,0,7
"235535",24.23,1,2025-10-25,"41121286",30.6,"G53294L","854282维利纳诺","00381",1842,"2025",10,"Autumn",2023-10-25,2024-07-02,15.741935483871,FALSE,"2023",10,"Autumn","G-coded","male","1",24.23,"<=30",FALSE,FALSE,FALSE,FALSE,FALSE,FALSE,FALSE,FALSE,FALSE,FALSE,1,1,"singleton",1,0,1,0,1,0,1,0,0,0,0,10
"234474",24.29,1,2025-04-01,"22220783",49,"G52498","871041文尼哥","00361",3372,"2025",4,"Spring",2023-04-01,2024-07-02,8.96774193548387,TRUE,"2023",4,"Spring","G-coded","male","1",24.29,"<=30",FALSE,FALSE,FALSE,FALSE,FALSE,FALSE,FALSE,FALSE,FALSE,FALSE,1,1,"singleton",0,0,0,0,0,0,0,0,0,0,0,4
"212498",24.29,1,2023-02-09,"13218239",47.3,"G8298",NA,NA,9233,"2023",2,"Winter",2021-02-09,2024-07-02,-16.75,TRUE,"2021",2,"Winter","G-coded","male","1",24.29,"<=30",FALSE,FALSE,FALSE,FALSE,FALSE,FALSE,FALSE,FALSE,FALSE,FALSE,1,1,"singleton",0,0,0,0,0,0,0,0,0,0,0,2
"212725",24.33,1,2024-02-24,"862025瓦特罗",43.2,"G40365","186967","00406",6353,"2024",2,"Winter",2022-02-24,2024-07-02,-4.24137931034483,TRUE,"2022",2,"Winter","G-coded","male","1",24.33,"<=30",FALSE,FALSE,FALSE,FALSE,FALSE,FALSE,FALSE,FALSE,FALSE,FALSE,1,1,"singleton",0,0,0,0,0,0,0,0,0,0,0,2
"235481",24.36,1,2025-10-12,"15618075",36.2,"G53248","854282维利纳诺","L1534",1944,"2025",10,"Autumn",2023-10-12,2024-07-02,15.3225806451613,FALSE,"2023",10,"Autumn","G-coded","male","1",24.36,"<=30",FALSE,FALSE,FALSE,FALSE,FALSE,FALSE,FALSE,FALSE,FALSE,FALSE,1,1,"singleton",1,0,0,0,1,0,0,0,0,0,0,10
"234444",24.36,1,2025-03-30,"427151",48.2,"G52485",NA,"202628",3401,"2025",3,"Spring",2023-03-30,2024-07-02,8.90322580645161,TRUE,"2023",3,"Spring","G-coded","male","1",24.36,"<=30",FALSE,FALSE,FALSE,FALSE,FALSE,FALSE,FALSE,FALSE,FALSE,FALSE,1,1,"singleton",0,0,0,0,0,0,0,0,0,0,0,3
"240542",24.42,1,2026-04-05,"41422157",33.7,"G62384L","14120356","224353",497,"2026",4,"Spring",2024-04-05,2024-07-02,21.1,FALSE,"2024",4,"Spring","G-coded","male","1",24.42,"<=30",FALSE,FALSE,FALSE,FALSE,FALSE,FALSE,FALSE,FALSE,FALSE,FALSE,1,1,"singleton",1,0,1,0,1,0,1,0,0,0,0,4
"224602",24.42,1,2024-05-03,"22220785",39.2,"G40688",NA,NA,5748,"2024",5,"Spring",2022-05-03,2024-07-02,-1.96774193548387,TRUE,"2022",5,"Spring","G-coded","male","1",24.42,"<=30",FALSE,FALSE,FALSE,FALSE,FALSE,FALSE,FALSE,FALSE,FALSE,FALSE,1,1,"singleton",0,0,0,0,1,0,0,0,0,0,0,5
"234408",24.46,1,2025-03-28,"427151",50.3,"G52478",NA,"202679",3414,"2025",3,"Spring",2023-03-28,2024-07-02,8.83870967741935,TRUE,"2023",3,"Spring","G-coded","male","1",24.46,"<=30",FALSE,FALSE,FALSE,FALSE,FALSE,FALSE,FALSE,FALSE,FALSE,FALSE,1,1,"singleton",0,0,0,0,0,0,0,0,0,0,0,3
"235134",24.49,1,2025-08-11,"22220783",43.8,"G53020",NA,NA,2360,"2025",8,"Summer",2023-08-11,2024-07-02,13.2903225806452,TRUE,"2023",8,"Summer","G-coded","male","1",24.49,"<=30",FALSE,FALSE,FALSE,FALSE,FALSE,FALSE,FALSE,FALSE,FALSE,FALSE,1,1,"singleton",0,0,0,0,0,0,0,0,0,0,0,8
"212933",24.49,1,2023-06-05,"65118598",32.8,"G8980","186967","70422",8293,"2023",6,"Summer",2021-06-05,2024-07-02,-12.9,TRUE,"2021",6,"Summer","G-coded","male","1",24.49,"<=30",FALSE,FALSE,FALSE,FALSE,FALSE,FALSE,FALSE,FALSE,FALSE,FALSE,1,1,"singleton",1,0,1,0,1,0,1,0,0,0,0,6
"224662",24.52,1,2024-05-04,"22220785",43.6,"G40362",NA,NA,5739,"2024",5,"Spring",2022-04-04,2024-06-02,-0.935483870967742,TRUE,"2022",4,"Spring","G-coded","male","1",24.52,"<=30",FALSE,FALSE,FALSE,FALSE,FALSE,FALSE,FALSE,FALSE,FALSE,FALSE,1,1,"singleton",0,0,0,0,0,0,0,0,0,0,0,5
"224133",24.52,1,2024-02-05,"862025瓦特罗",47.1,"G40196",NA,NA,6622,"2024",2,"Winter",2022-01-05,2024-06-02,-3.89655172413793,TRUE,"2022",1,"Winter","G-coded","male","1",24.52,"<=30",FALSE,FALSE,FALSE,FALSE,FALSE,FALSE,FALSE,FALSE,FALSE,FALSE,1,1,"singleton",0,0,0,0,0,0,0,0,0,0,0,2
"234263",24.56,1,2025-03-08,"22220783",44,"G52370",NA,NA,3637,"2025",3,"Spring",2023-02-08,2024-06-02,9.19354838709677,TRUE,"2023",2,"Winter","G-coded","male","1",24.56,"<=30",FALSE,FALSE,FALSE,FALSE,FALSE,FALSE,FALSE,FALSE,FALSE,FALSE,1,1,"singleton",0,0,0,0,0,0,0,0,0,0,0,3
"234395",24.59,1,2025-03-31,"22220783",47.6,"G52492",NA,NA,3392,"2025",3,"Spring",2023-02-28,2024-06-02,9.93548387096774,TRUE,"2023",2,"Winter","G-coded","male","1",24.59,"<=30",FALSE,FALSE,FALSE,FALSE,FALSE,FALSE,FALSE,FALSE,FALSE,FALSE,1,1,"singleton",0,0,0,0,0,0,0,0,0,0,0,3
"H213264",24.59,1,2023-09-07,"854282维利纳诺",46.8,"G9484","180781","L140502",7730,"2023",9,"Autumn",2021-08-07,2024-06-02,-8.83333333333333,TRUE,"2021",8,"Summer","G-coded","male","1",24.59,"<=30",FALSE,FALSE,FALSE,FALSE,FALSE,FALSE,FALSE,FALSE,FALSE,FALSE,1,1,"singleton",0,0,0,0,0,0,0,0,0,0,0,9
"234875",24.62,1,2025-06-26,"22218621",50.2,"G52860",NA,NA,2661,"2025",6,"Summer",2023-05-26,2024-06-02,12.8,TRUE,"2023",5,"Spring","G-coded","male","1",24.62,"<=30",FALSE,FALSE,FALSE,FALSE,FALSE,FALSE,FALSE,FALSE,FALSE,FALSE,1,1,"singleton",0,0,0,0,0,0,0,0,0,0,0,6
"213549",24.62,1,2023-10-30,"854282维利纳诺",27.8,"G9707","606306","95105",7444,"2023",10,"Autumn",2021-09-30,2024-06-02,-7.09677419354839,TRUE,"2021",9,"Autumn","G-coded","male","1",24.62,"<=30",FALSE,FALSE,FALSE,FALSE,FALSE,FALSE,FALSE,FALSE,FALSE,FALSE,1,1,"singleton",1,0,1,0,1,0,1,0,1,0,0,10
"234967",24.65,1,2025-07-18,"863302",40,"G52939","854773威吉吉","00264",2515,"2025",7,"Summer",2023-06-18,2024-06-02,13.5161290322581,TRUE,"2023",6,"Summer","G-coded","male","1",24.65,"<=30",FALSE,FALSE,FALSE,FALSE,FALSE,FALSE,FALSE,FALSE,FALSE,FALSE,1,1,"singleton",0,0,0,0,0,0,0,0,0,0,0,7
"212120",24.65,1,2023-11-14,"865530狼血",52.2,"G9818","7402563907","62222",7348,"2023",11,"Autumn",2021-10-14,2024-06-02,-6.6,TRUE,"2021",10,"Autumn","G-coded","male","1",24.65,"<=30",FALSE,FALSE,FALSE,FALSE,FALSE,FALSE,FALSE,FALSE,FALSE,FALSE,1,1,"singleton",0,0,0,0,0,0,0,0,0,0,0,11
"234546",24.69,1,2025-04-24,"427133",44,"G52612","7402563907","800868",3167,"2025",4,"Spring",2023-03-24,2024-06-02,10.7333333333333,TRUE,"2023",3,"Spring","G-coded","male","1",24.69,"<=30",FALSE,FALSE,FALSE,FALSE,FALSE,FALSE,FALSE,FALSE,FALSE,FALSE,1,1,"singleton",0,0,0,0,0,0,0,0,0,0,0,4
"224098",24.69,1,2024-02-04,"862025瓦特罗",38.5,"G40189","871041","201291",6628,"2024",2,"Winter",2022-01-04,2024-06-02,-3.93103448275862,TRUE,"2022",1,"Winter","G-coded","male","1",24.69,"<=30",FALSE,FALSE,FALSE,FALSE,FALSE,FALSE,FALSE,FALSE,FALSE,FALSE,1,1,"singleton",0,0,0,0,1,0,0,0,0,0,0,2
"235182",24.72,1,2025-08-29,"863302",26.4,"G53070",NA,"01040",2278,"2025",8,"Summer",2023-07-29,2024-06-02,14.8709677419355,TRUE,"2023",7,"Summer","G-coded","male","1",24.72,"<=30",FALSE,FALSE,FALSE,FALSE,FALSE,FALSE,FALSE,FALSE,FALSE,FALSE,1,1,"singleton",1,0,1,0,1,0,1,0,1,0,0,8
"235588",24.75,1,2025-11-19,"21219011",40.4,"G53423","854282维利纳诺","213656",1595,"2025",11,"Autumn",2023-10-19,2024-06-02,17.5666666666667,FALSE,"2023",10,"Autumn","G-coded","male","1",24.75,"<=30",FALSE,FALSE,FALSE,FALSE,FALSE,FALSE,FALSE,FALSE,FALSE,FALSE,1,1,"singleton",0,0,0,0,0,0,0,0,0,0,0,11
"212278",24.75,1,2023-03-05,"22218119",45.2,"G8437","606306","40574",9015,"2023",3,"Spring",2021-02-05,2024-06-02,-14.9032258064516,TRUE,"2021",2,"Winter","G-coded","male","1",24.75,"<=30",FALSE,FALSE,FALSE,FALSE,FALSE,FALSE,FALSE,FALSE,FALSE,FALSE,1,1,"singleton",0,0,0,0,0,0,0,0,0,0,0,3
"212155",24.79,1,2023-02-09,"13219061",45.2,"G8294","7402563907","65003",9228,"2023",2,"Winter",2021-01-09,2024-06-02,-15.75,TRUE,"2021",1,"Winter","G-coded","male","1",24.79,"<=30",FALSE,FALSE,FALSE,FALSE,FALSE,FALSE,FALSE,FALSE,FALSE,FALSE,1,1,"singleton",0,0,0,0,0,0,0,0,0,0,0,2
"213845",24.82,1,2024-01-05,"865530狼血",44.5,"G40034",NA,NA,6913,"2024",1,"Winter",2021-12-05,2024-06-02,-4.90322580645161,TRUE,"2021",12,"Winter","G-coded","male","1",24.82,"<=30",FALSE,FALSE,FALSE,FALSE,FALSE,FALSE,FALSE,FALSE,FALSE,FALSE,1,1,"singleton",0,0,0,0,0,0,0,0,0,0,0,1
"234516",24.85,1,2025-04-25,"427133",50.8,"G52619","7402563907","70254",3156,"2025",4,"Spring",2023-03-25,2024-06-02,10.7666666666667,TRUE,"2023",3,"Spring","G-coded","male","1",24.85,"<=30",FALSE,FALSE,FALSE,FALSE,FALSE,FALSE,FALSE,FALSE,FALSE,FALSE,1,1,"singleton",0,0,0,0,0,0,0,0,0,0,0,4
"213796",24.85,1,2023-12-25,"854773威吉吉",43.1,"G10098","854282","62547",7004,"2023",12,"Winter",2021-11-25,2024-06-02,-5.25806451612903,TRUE,"2021",11,"Autumn","G-coded","male","1",24.85,"<=30",FALSE,FALSE,FALSE,FALSE,FALSE,FALSE,FALSE,FALSE,FALSE,FALSE,1,1,"singleton",0,0,0,0,0,0,0,0,0,0,0,12
"235382",24.88,1,2025-10-07,"15618075",44.4,"G53225","7402563907","62877",1986,"2025",10,"Autumn",2023-09-07,2024-06-02,16.1612903225806,FALSE,"2023",9,"Autumn","G-coded","male","1",24.88,"<=30",FALSE,FALSE,FALSE,FALSE,FALSE,FALSE,FALSE,FALSE,FALSE,FALSE,1,1,"singleton",0,0,0,0,0,0,0,0,0,0,0,10
"234351",24.88,1,2025-04-01,"22220783",38.2,"G52501","871041文尼哥","201928",3377,"2025",4,"Spring",2023-03-01,2024-06-02,9.96774193548387,TRUE,"2023",3,"Spring","G-coded","male","1",24.88,"<=30",FALSE,FALSE,FALSE,FALSE,FALSE,FALSE,FALSE,FALSE,FALSE,FALSE,1,1,"singleton",0,0,0,0,1,0,0,0,0,0,0,4
"212016",24.88,1,2023-06-04,"65117532",42,"G8966",NA,NA,8313,"2023",6,"Summer",2021-05-04,2024-06-02,-11.9333333333333,TRUE,"2021",5,"Spring","G-coded","male","1",24.88,"<=30",FALSE,FALSE,FALSE,FALSE,FALSE,FALSE,FALSE,FALSE,FALSE,FALSE,1,1,"singleton",0,0,0,0,0,0,0,0,0,0,0,6
"234343",24.92,1,2025-04-01,"22220783",36,"G52500","871041文尼哥","212431",3379,"2025",4,"Spring",2023-03-01,2024-06-02,9.96774193548387,TRUE,"2023",3,"Spring","G-coded","male","1",24.92,"<=30",FALSE,FALSE,FALSE,FALSE,FALSE,FALSE,FALSE,FALSE,FALSE,FALSE,1,1,"singleton",1,0,0,0,1,0,0,0,0,0,0,4
"212349",24.92,1,2023-03-29,"65118599",47.6,"G8615","7402563907","60858",8760,"2023",3,"Spring",2021-02-28,2024-06-02,-14.1290322580645,TRUE,"2021",2,"Winter","G-coded","male","1",24.92,"<=30",FALSE,FALSE,FALSE,FALSE,FALSE,FALSE,FALSE,FALSE,FALSE,FALSE,1,1,"singleton",0,0,0,0,0,0,0,0,0,0,0,3
"224479",24.95,1,2024-04-20,"22220785",40.1,"G40654","2545109367","00027",5826,"2024",4,"Spring",2022-03-20,2024-06-02,-1.4,TRUE,"2022",3,"Spring","G-coded","male","1",24.95,"<=30",FALSE,FALSE,FALSE,FALSE,FALSE,FALSE,FALSE,FALSE,FALSE,FALSE,1,1,"singleton",0,0,0,0,0,0,0,0,0,0,0,4
"234963",24.98,1,2025-07-28,"41421193",48.5,"G52981","854773威吉吉","00826",2441,"2025",7,"Summer",2023-06-28,2024-06-02,13.8387096774194,TRUE,"2023",6,"Summer","G-coded","male","1",24.98,"<=30",FALSE,FALSE,FALSE,FALSE,FALSE,FALSE,FALSE,FALSE,FALSE,FALSE,1,1,"singleton",0,0,0,0,0,0,0,0,0,0,0,7
"234566",24.98,1,2025-05-06,"22218621",53.7,"G52668",NA,NA,3047,"2025",5,"Spring",2023-04-06,2024-06-02,11.1290322580645,TRUE,"2023",4,"Spring","G-coded","male","1",24.98,"<=30",FALSE,FALSE,FALSE,FALSE,FALSE,FALSE,FALSE,FALSE,FALSE,FALSE,1,1,"singleton",0,0,0,0,0,1,0,1,0,0,0,5
"234956",25.02,1,2025-07-27,"41122238",38.3,"G52971","7402563907","00282",2453,"2025",7,"Summer",2023-06-27,2024-06-02,13.8064516129032,TRUE,"2023",6,"Summer","G-coded","male","1",25.02,"<=30",FALSE,FALSE,FALSE,FALSE,FALSE,FALSE,FALSE,FALSE,FALSE,FALSE,1,1,"singleton",0,0,0,0,1,0,0,0,0,0,0,7
"235479",25.05,1,2025-11-02,"21219011",40.8,"G53345","7402563907","800839",1761,"2025",11,"Autumn",2023-10-02,2024-06-02,17,FALSE,"2023",10,"Autumn","G-coded","male","1",25.05,"<=30",FALSE,FALSE,FALSE,FALSE,FALSE,FALSE,FALSE,FALSE,FALSE,FALSE,1,1,"singleton",0,0,0,0,0,0,0,0,0,0,0,11
"213738",25.05,1,2023-12-20,"854773威吉吉",47.3,"G10047","606306","62035",7065,"2023",12,"Winter",2021-11-20,2024-06-02,-5.41935483870968,TRUE,"2021",11,"Autumn","G-coded","male","1",25.05,"<=30",FALSE,FALSE,FALSE,FALSE,FALSE,FALSE,FALSE,FALSE,FALSE,FALSE,1,1,"singleton",0,0,0,0,0,0,0,0,0,0,0,12
"227008",25.08,1,2024-03-08,"862025瓦特罗",36.4,"G40445","6868671111","00167",6199,"2024",3,"Spring",2022-02-08,2024-06-02,-2.80645161290323,TRUE,"2022",2,"Winter","G-coded","male","1",25.08,"<=30",FALSE,FALSE,FALSE,FALSE,FALSE,FALSE,FALSE,FALSE,FALSE,FALSE,1,1,"singleton",1,0,0,0,1,0,0,0,0,0,0,3
"213184",25.08,1,2023-09-05,"854282维利纳诺",44.3,"G9475","2544424506","60286",7742,"2023",9,"Autumn",2021-08-05,2024-06-02,-8.9,TRUE,"2021",8,"Summer","G-coded","male","1",25.08,"<=30",FALSE,FALSE,FALSE,FALSE,FALSE,FALSE,FALSE,FALSE,FALSE,FALSE,1,1,"singleton",0,0,0,0,0,0,0,0,0,0,0,9
"234338L",25.12,1,2025-04-05,"22220783",53,"G52517",NA,NA,3337,"2025",4,"Spring",2023-03-05,2024-06-02,10.1,TRUE,"2023",3,"Spring","G-coded","male","1",25.12,"<=30",FALSE,FALSE,FALSE,FALSE,FALSE,FALSE,FALSE,FALSE,FALSE,FALSE,1,1,"singleton",0,0,0,0,0,1,0,1,0,0,0,4
"212159",25.12,1,2023-02-21,"22217315",45.3,"G8371","180781","800926",9114,"2023",2,"Winter",2021-01-21,2024-06-02,-15.3214285714286,TRUE,"2021",1,"Winter","G-coded","male","1",25.12,"<=30",FALSE,FALSE,FALSE,FALSE,FALSE,FALSE,FALSE,FALSE,FALSE,FALSE,1,1,"singleton",0,0,0,0,0,0,0,0,0,0,0,2
"234332",25.15,1,2025-04-05,"427059",46.3,"G52522","854773威吉吉","60663",3336,"2025",4,"Spring",2023-03-05,2024-06-02,10.1,TRUE,"2023",3,"Spring","G-coded","male","1",25.15,"<=30",FALSE,FALSE,FALSE,FALSE,FALSE,FALSE,FALSE,FALSE,FALSE,FALSE,1,1,"singleton",0,0,0,0,0,0,0,0,0,0,0,4
"224257",25.18,1,2024-03-24,"13220085",39.6,"G40538",NA,NA,6040,"2024",3,"Spring",2022-02-24,2024-06-02,-2.29032258064516,TRUE,"2022",2,"Winter","G-coded","male","1",25.18,"<=30",FALSE,FALSE,FALSE,FALSE,FALSE,FALSE,FALSE,FALSE,FALSE,FALSE,1,1,"singleton",0,0,0,0,1,0,0,0,0,0,0,3
"G9439",25.21,1,2025-10-05,"15618075",49.4,"G53215","854773威吉吉","201470",2003,"2025",10,"Autumn",2023-09-05,2024-06-02,16.0967741935484,FALSE,"2023",9,"Autumn","G-coded","male","1",25.21,"<=30",FALSE,FALSE,FALSE,FALSE,FALSE,FALSE,FALSE,FALSE,FALSE,FALSE,1,1,"singleton",0,0,0,0,0,0,0,0,0,0,0,10
"235004",25.21,1,2025-08-12,"863302",47.2,"G53026","XM-22218621","62417",2352,"2025",8,"Summer",2023-07-12,2024-06-02,14.3225806451613,TRUE,"2023",7,"Summer","G-coded","male","1",25.21,"<=30",FALSE,FALSE,FALSE,FALSE,FALSE,FALSE,FALSE,FALSE,FALSE,FALSE,1,1,"singleton",0,0,0,0,0,0,0,0,0,0,0,8
"213145",25.21,1,2023-08-30,"865530狼血",42.1,"G9435",NA,NA,7802,"2023",8,"Summer",2021-07-30,2024-06-02,-9.09677419354839,TRUE,"2021",7,"Summer","G-coded","male","1",25.21,"<=30",FALSE,FALSE,FALSE,FALSE,FALSE,FALSE,FALSE,FALSE,FALSE,FALSE,1,1,"singleton",0,0,0,0,0,0,0,0,0,0,0,8
"234548",25.25,1,2025-05-11,"22218621",43,"G52699","7402563907","60384",2987,"2025",5,"Spring",2023-04-11,2024-06-02,11.2903225806452,TRUE,"2023",4,"Spring","G-coded","male","1",25.25,"<=30",FALSE,FALSE,FALSE,FALSE,FALSE,FALSE,FALSE,FALSE,FALSE,FALSE,1,1,"singleton",0,0,0,0,0,0,0,0,0,0,0,5
"234543",25.28,1,2025-05-11,"427133",43.2,"G52702","7402563907","201629",2991,"2025",5,"Spring",2023-04-11,2024-06-02,11.2903225806452,TRUE,"2023",4,"Spring","G-coded","male","1",25.28,"<=30",FALSE,FALSE,FALSE,FALSE,FALSE,FALSE,FALSE,FALSE,FALSE,FALSE,1,1,"singleton",0,0,0,0,0,0,0,0,0,0,0,5
"213158",25.28,1,2023-09-05,"865530狼血",42.3,"G9476","603268","60233",7744,"2023",9,"Autumn",2021-08-05,2024-06-02,-8.9,TRUE,"2021",8,"Summer","G-coded","male","1",25.28,"<=30",FALSE,FALSE,FALSE,FALSE,FALSE,FALSE,FALSE,FALSE,FALSE,FALSE,1,1,"singleton",0,0,0,0,0,0,0,0,0,0,0,9
"240319",25.31,1,2026-03-28,"41121286",43.4,"G62342",NA,NA,585,"2026",3,"Spring",2024-02-28,2024-06-02,21.8387096774194,FALSE,"2024",2,"Winter","G-coded","male","1",25.31,"<=30",FALSE,FALSE,FALSE,FALSE,FALSE,FALSE,FALSE,FALSE,FALSE,FALSE,1,1,"singleton",0,0,0,0,0,0,0,0,0,0,0,3
"235308",25.35,1,2025-10-09,"15620193",45.3,"G53232",NA,"70206",1979,"2025",10,"Autumn",2023-09-09,2024-06-02,16.2258064516129,FALSE,"2023",9,"Autumn","G-coded","male","1",25.35,"<=30",FALSE,FALSE,FALSE,FALSE,FALSE,FALSE,FALSE,FALSE,FALSE,FALSE,1,1,"singleton",0,0,0,0,0,0,0,0,0,0,0,10
"235473",25.41,1,2025-11-12,"21219011",37.1,"G53391L","7402563907","61065",1660,"2025",11,"Autumn",2023-10-12,2024-06-02,17.3333333333333,FALSE,"2023",10,"Autumn","G-coded","male","1",25.41,"<=30",FALSE,FALSE,FALSE,FALSE,FALSE,FALSE,FALSE,FALSE,FALSE,FALSE,1,1,"singleton",1,0,0,0,1,0,0,0,0,0,0,11
"234935",25.44,1,2025-08-03,"41421193",53.2,"G53001","854773威吉吉","50208",2403,"2025",8,"Summer",2023-07-03,2024-06-02,14.0322580645161,TRUE,"2023",7,"Summer","G-coded","male","1",25.44,"<=30",FALSE,FALSE,FALSE,FALSE,FALSE,FALSE,FALSE,FALSE,FALSE,FALSE,1,1,"singleton",0,0,0,0,0,1,0,1,0,0,0,8
"234905",25.48,1,2025-07-26,"15221103",43.2,"G52963",NA,NA,2460,"2025",7,"Summer",2023-06-26,2024-06-02,13.7741935483871,TRUE,"2023",6,"Summer","G-coded","male","1",25.48,"<=30",FALSE,FALSE,FALSE,FALSE,FALSE,FALSE,FALSE,FALSE,FALSE,FALSE,1,1,"singleton",0,0,0,0,0,0,0,0,0,0,0,7
"213660",25.48,1,2023-12-20,"865530狼血",42.5,"G10045","854282","63016",7077,"2023",12,"Winter",2021-11-20,2024-06-02,-5.41935483870968,TRUE,"2021",11,"Autumn","G-coded","male","1",25.48,"<=30",FALSE,FALSE,FALSE,FALSE,FALSE,FALSE,FALSE,FALSE,FALSE,FALSE,1,1,"singleton",0,0,0,0,0,0,0,0,0,0,0,12
"201731",25.48,1,2023-02-24,"13219115",46.3,"G8382","606244","62421",9091,"2023",2,"Winter",2021-01-24,2024-06-02,-15.2142857142857,TRUE,"2021",1,"Winter","G-coded","male","1",25.48,"<=30",FALSE,FALSE,FALSE,FALSE,FALSE,FALSE,FALSE,FALSE,FALSE,FALSE,1,1,"singleton",0,0,0,0,0,0,0,0,0,0,0,2
"224080",25.51,1,2024-02-24,"862025瓦特罗",54.7,"G40361","6868671111","L20003",6354,"2024",2,"Winter",2021-12-24,2024-05-02,-2.24137931034483,TRUE,"2021",12,"Winter","G-coded","male","1",25.51,"<=30",FALSE,FALSE,FALSE,FALSE,FALSE,FALSE,FALSE,FALSE,FALSE,FALSE,1,1,"singleton",0,1,0,0,0,1,0,1,0,0,0,2
"H213337",25.54,1,2024-02-02,"862025瓦特罗",23.1,"G40173","854062","65033",6663,"2024",2,"Winter",2021-12-02,2024-05-02,-3,TRUE,"2021",12,"Winter","G-coded","male","1",25.54,"<=30",TRUE,FALSE,FALSE,FALSE,FALSE,FALSE,FALSE,FALSE,FALSE,FALSE,1,1,"singleton",1,0,1,0,1,0,1,0,1,0,0,2
"235199",25.58,1,2025-09-29,"15620193",43.8,"G53213","865530狼血","70225",2058,"2025",9,"Autumn",2023-07-29,2024-05-02,16.9,FALSE,"2023",7,"Summer","G-coded","male","1",25.58,"<=30",FALSE,FALSE,FALSE,FALSE,FALSE,FALSE,FALSE,FALSE,FALSE,FALSE,1,1,"singleton",0,0,0,0,0,0,0,0,0,0,0,9
"234251",25.58,1,2025-04-05,"22220783",47,"G52521L","854773威吉吉","90014",3339,"2025",4,"Spring",2023-02-05,2024-05-02,11.1,TRUE,"2023",2,"Winter","G-coded","male","1",25.58,"<=30",FALSE,FALSE,FALSE,FALSE,FALSE,FALSE,FALSE,FALSE,FALSE,FALSE,1,1,"singleton",0,0,0,0,0,0,0,0,0,0,0,4
"240548",25.61,1,2026-05-12,"41120238",38.4,"G62487","22220785","62183",261,"2026",5,"Spring",2024-03-12,2024-05-02,24.3225806451613,FALSE,"2024",3,"Spring","G-coded","male","1",25.61,"<=30",FALSE,FALSE,FALSE,FALSE,FALSE,FALSE,FALSE,FALSE,FALSE,FALSE,1,1,"singleton",0,0,0,0,1,0,0,0,0,0,0,5
"201909",25.61,1,2023-05-15,"22218717",39.4,"G8851","865530","800179",8440,"2023",5,"Spring",2021-03-15,2024-05-02,-11.5806451612903,TRUE,"2021",3,"Spring","G-coded","male","1",25.61,"<=30",FALSE,FALSE,FALSE,FALSE,FALSE,FALSE,FALSE,FALSE,FALSE,FALSE,1,1,"singleton",0,0,0,0,1,0,0,0,0,0,0,5
"240190",25.64,1,2026-03-20,"41221179",42.8,"G62300",NA,NA,676,"2026",3,"Spring",2024-01-20,2024-05-02,22.5806451612903,FALSE,"2024",1,"Winter","G-coded","male","1",25.64,"<=30",FALSE,FALSE,FALSE,FALSE,FALSE,FALSE,FALSE,FALSE,FALSE,FALSE,1,1,"singleton",0,0,0,0,0,0,0,0,0,0,0,3
"212960",25.64,1,2023-07-15,"XM-22218621",49.2,"G9173",NA,NA,8090,"2023",7,"Summer",2021-05-15,2024-05-02,-9.58064516129032,TRUE,"2021",5,"Spring","G-coded","male","1",25.64,"<=30",FALSE,FALSE,FALSE,FALSE,FALSE,FALSE,FALSE,FALSE,FALSE,FALSE,1,1,"singleton",0,0,0,0,0,0,0,0,0,0,0,7
"235340",25.67,1,2025-10-23,"21219011",38.6,"G53289","7402563907","800850",1857,"2025",10,"Autumn",2023-08-23,2024-05-02,17.6774193548387,FALSE,"2023",8,"Summer","G-coded","male","1",25.67,"<=30",FALSE,FALSE,FALSE,FALSE,FALSE,FALSE,FALSE,FALSE,FALSE,FALSE,1,1,"singleton",0,0,0,0,1,0,0,0,0,0,0,10
"212071",25.67,1,2023-02-19,"22218707",49.1,"G8350","740640209","70660",9137,"2023",2,"Winter",2020-12-19,2024-05-02,-14.3928571428571,TRUE,"2020",12,"Winter","G-coded","male","1",25.67,"<=30",FALSE,FALSE,FALSE,FALSE,FALSE,FALSE,FALSE,FALSE,FALSE,FALSE,1,1,"singleton",0,0,0,0,0,0,0,0,0,0,0,2
"235361",25.74,1,2025-10-29,"21219011",40.8,"G53318",NA,"212900",1799,"2025",10,"Autumn",2023-08-29,2024-05-02,17.8709677419355,FALSE,"2023",8,"Summer","G-coded","male","1",25.74,"<=30",FALSE,FALSE,FALSE,FALSE,FALSE,FALSE,FALSE,FALSE,FALSE,FALSE,1,1,"singleton",0,0,0,0,0,0,0,0,0,0,0,10
"234531",25.74,1,2025-05-24,"427133",40.2,"G52756","7402563907","00586",2869,"2025",5,"Spring",2023-03-24,2024-05-02,12.7096774193548,TRUE,"2023",3,"Spring","G-coded","male","1",25.74,"<=30",FALSE,FALSE,FALSE,FALSE,FALSE,FALSE,FALSE,FALSE,FALSE,FALSE,1,1,"singleton",0,0,0,0,0,0,0,0,0,0,0,5
"217005",25.74,1,2024-02-22,"862025瓦特罗",52.3,"G40338",NA,NA,6392,"2024",2,"Winter",2021-12-22,2024-05-02,-2.31034482758621,TRUE,"2021",12,"Winter","G-coded","male","1",25.74,"<=30",FALSE,FALSE,FALSE,FALSE,FALSE,FALSE,FALSE,FALSE,FALSE,FALSE,1,1,"singleton",0,0,0,0,0,0,0,0,0,0,0,2
"212049",25.74,1,2023-02-19,"13218225",45.3,"G8349",NA,NA,9133,"2023",2,"Winter",2020-12-19,2024-05-02,-14.3928571428571,TRUE,"2020",12,"Winter","G-coded","male","1",25.74,"<=30",FALSE,FALSE,FALSE,FALSE,FALSE,FALSE,FALSE,FALSE,FALSE,FALSE,1,1,"singleton",0,0,0,0,0,0,0,0,0,0,0,2
"213814",25.77,1,2024-01-26,"865530狼血",43.5,"G40131","854282","910205",6736,"2024",1,"Winter",2021-11-26,2024-05-02,-3.2258064516129,TRUE,"2021",11,"Autumn","G-coded","male","1",25.77,"<=30",FALSE,FALSE,FALSE,FALSE,FALSE,FALSE,FALSE,FALSE,FALSE,FALSE,1,1,"singleton",0,0,0,0,0,0,0,0,0,0,0,1
"235475",25.81,1,2025-11-24,"21219011",57.4,"G53456","7402563907","800823",1538,"2025",11,"Autumn",2023-09-24,2024-05-02,18.7333333333333,FALSE,"2023",9,"Autumn","G-coded","male","1",25.81,"<=30",FALSE,FALSE,FALSE,FALSE,FALSE,FALSE,FALSE,FALSE,FALSE,FALSE,1,1,"singleton",0,1,0,1,0,1,0,1,0,1,0,11
"235058",25.81,1,2025-09-05,"15618075",45.2,"G53088","854773威吉吉","00193",2245,"2025",9,"Autumn",2023-07-05,2024-05-02,16.1,FALSE,"2023",7,"Summer","G-coded","male","1",25.81,"<=30",FALSE,FALSE,FALSE,FALSE,FALSE,FALSE,FALSE,FALSE,FALSE,FALSE,1,1,"singleton",0,0,0,0,0,0,0,0,0,0,0,9
"213703",25.81,1,2024-01-07,"865530狼血",45.9,"G40046","606306","800665",6895,"2024",1,"Winter",2021-11-07,2024-05-02,-3.83870967741935,TRUE,"2021",11,"Autumn","G-coded","male","1",25.81,"<=30",FALSE,FALSE,FALSE,FALSE,FALSE,FALSE,FALSE,FALSE,FALSE,FALSE,1,1,"singleton",0,0,0,0,0,0,0,0,0,0,0,1
"235974",25.87,1,2026-02-21,"862920",39.6,"G62155",NA,"01246",930,"2026",2,"Winter",2023-12-21,2024-05-02,21.6785714285714,FALSE,"2023",12,"Winter","G-coded","male","1",25.87,"<=30",FALSE,FALSE,FALSE,FALSE,FALSE,FALSE,FALSE,FALSE,FALSE,FALSE,1,1,"singleton",0,0,0,0,1,0,0,0,0,0,0,2
"234348",25.87,1,2025-04-30,"22218621",38.7,"G52637",NA,NA,3099,"2025",4,"Spring",2023-02-28,2024-05-02,11.9333333333333,TRUE,"2023",2,"Winter","G-coded","male","1",25.87,"<=30",FALSE,FALSE,FALSE,FALSE,FALSE,FALSE,FALSE,FALSE,FALSE,FALSE,1,1,"singleton",0,0,0,0,1,0,0,0,0,0,0,4
"213884",25.9,1,2024-02-13,"862025瓦特罗",43.7,"G40261","6868671111","581",6514,"2024",2,"Winter",2021-12-13,2024-05-02,-2.62068965517241,TRUE,"2021",12,"Winter","G-coded","male","1",25.9,"<=30",FALSE,FALSE,FALSE,FALSE,FALSE,FALSE,FALSE,FALSE,FALSE,FALSE,1,1,"singleton",0,0,0,0,0,0,0,0,0,0,0,2
"212218",25.9,1,2023-03-26,"65118599",38.6,"G8594","180781","800792",8794,"2023",3,"Spring",2021-01-26,2024-05-02,-13.2258064516129,TRUE,"2021",1,"Winter","G-coded","male","1",25.9,"<=30",FALSE,FALSE,FALSE,FALSE,FALSE,FALSE,FALSE,FALSE,FALSE,FALSE,1,1,"singleton",0,0,0,0,1,0,0,0,0,0,0,3
"240418",25.97,1,2026-04-29,"21219011",46.4,"G62464","FR7045049997","201338",324,"2026",4,"Spring",2024-02-29,2024-05-02,23.9,FALSE,"2024",2,"Winter","G-coded","male","1",25.97,"<=30",FALSE,FALSE,FALSE,FALSE,FALSE,FALSE,FALSE,FALSE,FALSE,FALSE,1,1,"singleton",0,0,0,0,0,0,0,0,0,0,0,4
"H213032",25.97,1,2024-03-08,"865530狼血",45.3,"G40449","6868671111","60045",6200,"2024",3,"Spring",2022-01-08,2024-05-02,-1.80645161290323,TRUE,"2022",1,"Winter","G-coded","male","1",25.97,"<=30",FALSE,FALSE,FALSE,FALSE,FALSE,FALSE,FALSE,FALSE,FALSE,FALSE,1,1,"singleton",0,0,0,0,0,0,0,0,0,0,0,3
"234980",26,1,2025-08-31,"15618075",45.8,"G53074","854773威吉吉","212069",2263,"2025",8,"Summer",2023-06-30,2024-05-02,15.9354838709677,FALSE,"2023",6,"Summer","G-coded","male","1",26,"<=30",FALSE,FALSE,FALSE,FALSE,FALSE,FALSE,FALSE,FALSE,FALSE,FALSE,1,1,"singleton",0,0,0,0,0,0,0,0,0,0,0,8
"L212410",26.04,1,2024-02-11,"862025瓦特罗",50.8,"G40239",NA,NA,6541,"2024",2,"Winter",2021-12-11,2024-05-02,-2.68965517241379,TRUE,"2021",12,"Winter","G-coded","male","1",26.04,"<=30",FALSE,FALSE,FALSE,FALSE,FALSE,FALSE,FALSE,FALSE,FALSE,FALSE,1,1,"singleton",0,0,0,0,0,0,0,0,0,0,0,2
"234170",26.07,1,2025-04-08,"427059",43.6,"G52538","871041文尼哥","60587",3307,"2025",4,"Spring",2023-02-08,2024-05-02,11.2,TRUE,"2023",2,"Winter","G-coded","male","1",26.07,"<=30",FALSE,FALSE,FALSE,FALSE,FALSE,FALSE,FALSE,FALSE,FALSE,FALSE,1,1,"singleton",0,0,0,0,0,0,0,0,0,0,0,4
"240280",26.1,1,2026-04-19,"21219011",41.2,"G62427","862025瓦特罗","224605",388,"2026",4,"Spring",2024-02-19,2024-05-02,23.5666666666667,FALSE,"2024",2,"Winter","G-coded","male","1",26.1,"<=30",FALSE,FALSE,FALSE,FALSE,FALSE,FALSE,FALSE,FALSE,FALSE,FALSE,1,1,"singleton",0,0,0,0,0,0,0,0,0,0,0,4
"240157",26.13,1,2026-03-30,"41422157",50.2,"G62348","865530狼血","224057",568,"2026",3,"Spring",2024-01-30,2024-05-02,22.9032258064516,FALSE,"2024",1,"Winter","G-coded","male","1",26.13,"<=30",FALSE,FALSE,FALSE,FALSE,FALSE,FALSE,FALSE,FALSE,FALSE,FALSE,1,1,"singleton",0,0,0,0,0,0,0,0,0,0,0,3
"235147",26.13,1,2025-10-04,"15618075",56.4,"G53210","854773威吉吉","213046",2014,"2025",10,"Autumn",2023-08-04,2024-05-02,17.0645161290323,FALSE,"2023",8,"Summer","G-coded","male","1",26.13,"<=30",FALSE,FALSE,FALSE,FALSE,FALSE,FALSE,FALSE,FALSE,FALSE,FALSE,1,1,"singleton",0,1,0,0,0,1,0,1,0,1,0,10
"235280",26.17,1,2025-10-30,"22217329",43.8,"G53327","871041文尼哥","213098",1793,"2025",10,"Autumn",2023-08-30,2024-05-02,17.9032258064516,FALSE,"2023",8,"Summer","G-coded","male","1",26.17,"<=30",FALSE,FALSE,FALSE,FALSE,FALSE,FALSE,FALSE,FALSE,FALSE,FALSE,1,1,"singleton",0,0,0,0,0,0,0,0,0,0,0,10
"235409",26.2,1,2025-11-23,"41121286",37.8,"G53451","865530狼血","91152",1551,"2025",11,"Autumn",2023-09-23,2024-05-02,18.7,FALSE,"2023",9,"Autumn","G-coded","male","1",26.2,"<=30",FALSE,FALSE,FALSE,FALSE,FALSE,FALSE,FALSE,FALSE,FALSE,FALSE,1,1,"singleton",0,0,0,0,1,0,0,0,0,0,0,11
"213577",26.2,1,2023-12-23,"854773威吉吉",43.5,"G10077","606306","800829",7025,"2023",12,"Winter",2021-10-23,2024-05-02,-4.32258064516129,TRUE,"2021",10,"Autumn","G-coded","male","1",26.2,"<=30",FALSE,FALSE,FALSE,FALSE,FALSE,FALSE,FALSE,FALSE,FALSE,FALSE,1,1,"singleton",0,0,0,0,0,0,0,0,0,0,0,12
"235104",26.23,1,2025-09-27,"15618075",42.2,"G53182","854773威吉吉","91156",2081,"2025",9,"Autumn",2023-07-27,2024-05-02,16.8333333333333,FALSE,"2023",7,"Summer","G-coded","male","1",26.23,"<=30",FALSE,FALSE,FALSE,FALSE,FALSE,FALSE,FALSE,FALSE,FALSE,FALSE,1,1,"singleton",0,0,0,0,0,0,0,0,0,0,0,9
"213832",26.23,1,2024-02-13,"862025瓦特罗",48.5,"G40259","6868671111","60733",6518,"2024",2,"Winter",2021-12-13,2024-05-02,-2.62068965517241,TRUE,"2021",12,"Winter","G-coded","male","1",26.23,"<=30",FALSE,FALSE,FALSE,FALSE,FALSE,FALSE,FALSE,FALSE,FALSE,FALSE,1,1,"singleton",0,0,0,0,0,0,0,0,0,0,0,2
"202620",26.27,1,2023-02-18,"13219043",42.3,"G8347","180600","Z70214",9148,"2023",2,"Winter",2020-12-18,2024-05-02,-14.4285714285714,TRUE,"2020",12,"Winter","G-coded","male","1",26.27,"<=30",FALSE,FALSE,FALSE,FALSE,FALSE,FALSE,FALSE,FALSE,FALSE,FALSE,1,1,"singleton",0,0,0,0,0,0,0,0,0,0,0,2
"H213015",26.3,1,2023-08-20,"854282维利纳诺",44,"G9371",NA,NA,7865,"2023",8,"Summer",2021-06-20,2024-05-02,-8.41935483870968,TRUE,"2021",6,"Summer","G-coded","male","1",26.3,"<=30",FALSE,FALSE,FALSE,FALSE,FALSE,FALSE,FALSE,FALSE,FALSE,FALSE,1,1,"singleton",0,0,0,0,0,0,0,0,0,0,0,8
"240067",26.33,1,2026-03-19,"21219011",46.3,"G62319","865530狼血","70141",689,"2026",3,"Spring",2024-01-19,2024-05-02,22.5483870967742,FALSE,"2024",1,"Winter","G-coded","male","1",26.33,"<=30",FALSE,FALSE,FALSE,FALSE,FALSE,FALSE,FALSE,FALSE,FALSE,FALSE,1,1,"singleton",0,0,0,0,0,0,0,0,0,0,0,3
"234253",26.36,1,2025-04-29,"22218621",43.5,"G52632",NA,NA,3105,"2025",4,"Spring",2023-02-28,2024-05-02,11.9,TRUE,"2023",2,"Winter","G-coded","male","1",26.36,"<=30",FALSE,FALSE,FALSE,FALSE,FALSE,FALSE,FALSE,FALSE,FALSE,FALSE,1,1,"singleton",0,0,0,0,0,0,0,0,0,0,0,4
"235195",26.4,1,2025-11-11,"41121286",45.3,"G53380",NA,NA,1673,"2025",11,"Autumn",2023-09-11,2024-05-02,18.3,FALSE,"2023",9,"Autumn","G-coded","male","1",26.4,"<=30",FALSE,FALSE,FALSE,FALSE,FALSE,FALSE,FALSE,FALSE,FALSE,FALSE,1,1,"singleton",0,0,0,0,0,0,0,0,0,0,0,11
"212869",26.4,1,2023-07-14,"854773威吉吉",45.2,"G9169",NA,NA,8098,"2023",7,"Summer",2021-05-14,2024-05-02,-9.61290322580645,TRUE,"2021",5,"Spring","G-coded","male","1",26.4,"<=30",FALSE,FALSE,FALSE,FALSE,FALSE,FALSE,FALSE,FALSE,FALSE,FALSE,1,1,"singleton",0,0,0,0,0,0,0,0,0,0,0,7
"213157",26.43,1,2025-11-18,"41121286",52.3,"G53417",NA,NA,1606,"2025",11,"Autumn",2023-09-18,2024-05-02,18.5333333333333,FALSE,"2023",9,"Autumn","G-coded","male","1",26.43,"<=30",FALSE,FALSE,FALSE,FALSE,FALSE,FALSE,FALSE,FALSE,FALSE,FALSE,1,1,"singleton",0,0,0,0,0,0,0,0,0,0,0,11
"212916",26.43,1,2023-08-07,"854773威吉吉",54.4,"G9310","186967","00642",7939,"2023",8,"Summer",2021-06-07,2024-05-02,-8.83870967741935,TRUE,"2021",6,"Summer","G-coded","male","1",26.43,"<=30",FALSE,FALSE,FALSE,FALSE,FALSE,FALSE,FALSE,FALSE,FALSE,FALSE,1,1,"singleton",0,0,0,0,0,1,0,1,0,0,0,8
"212398",26.46,1,2024-02-23,"862025瓦特罗",36.2,"G3659","854062","201017",6359,"2024",2,"Winter",2021-12-23,2024-05-02,-2.27586206896552,TRUE,"2021",12,"Winter","G-coded","male","1",26.46,"<=30",FALSE,FALSE,FALSE,FALSE,FALSE,FALSE,FALSE,FALSE,FALSE,FALSE,1,1,"singleton",1,0,0,0,1,0,0,0,0,0,0,2
"235709",26.5,1,2026-02-01,"41121286",55.7,"G62087",NA,NA,1056,"2026",2,"Winter",2023-12-01,2024-05-02,20.9677419354839,FALSE,"2023",12,"Winter","G-coded","male","1",26.5,"<=30",FALSE,FALSE,FALSE,FALSE,FALSE,FALSE,FALSE,FALSE,FALSE,FALSE,1,1,"singleton",0,1,0,0,0,1,0,1,0,1,0,2
"234267",26.5,1,2025-05-06,"22218621",42.2,"G52667",NA,"201325",3049,"2025",5,"Spring",2023-03-06,2024-05-02,12.1290322580645,TRUE,"2023",3,"Spring","G-coded","male","1",26.5,"<=30",FALSE,FALSE,FALSE,FALSE,FALSE,FALSE,FALSE,FALSE,FALSE,FALSE,1,1,"singleton",0,0,0,0,0,0,0,0,0,0,0,5
"234524",26.53,1,2025-06-16,"65121619",48.7,"G52827","871041文尼哥","70053",2738,"2025",6,"Summer",2023-03-16,2024-04-02,14.4666666666667,TRUE,"2023",3,"Spring","G-coded","male","1",26.53,"<=30",FALSE,FALSE,FALSE,FALSE,FALSE,FALSE,FALSE,FALSE,FALSE,FALSE,1,1,"singleton",0,0,0,0,0,0,0,0,0,0,0,6
"H213230",26.53,1,2024-02-03,"862025瓦特罗",44.3,"G40185","854282","800964",6653,"2024",2,"Winter",2021-11-03,2024-04-02,-1.96551724137931,TRUE,"2021",11,"Autumn","G-coded","male","1",26.53,"<=30",FALSE,FALSE,FALSE,FALSE,FALSE,FALSE,FALSE,FALSE,FALSE,FALSE,1,1,"singleton",0,0,0,0,0,0,0,0,0,0,0,2
"213709",26.56,1,2023-09-03,"854282维利纳诺",38.8,"G9463",NA,NA,7759,"2023",9,"Autumn",2021-06-03,2024-04-02,-6.96666666666667,TRUE,"2021",6,"Summer","G-coded","male","1",26.56,"<=30",FALSE,FALSE,FALSE,FALSE,FALSE,FALSE,FALSE,FALSE,FALSE,FALSE,1,1,"singleton",0,0,0,0,1,0,0,0,0,0,0,9
"224161",26.59,1,2024-04-15,"22220785",95.4,"G9645",NA,NA,5866,"2024",4,"Spring",2022-01-15,2024-04-02,0.433333333333333,TRUE,"2022",1,"Winter","G-coded","male","1",26.59,"<=30",FALSE,TRUE,TRUE,FALSE,FALSE,FALSE,FALSE,FALSE,FALSE,FALSE,1,1,"singleton",0,1,0,1,0,1,0,1,0,1,1,4
"213624",26.63,1,2024-01-15,"865530狼血",43.8,"G40087","606306","800714",6830,"2024",1,"Winter",2021-10-15,2024-04-02,-2.58064516129032,TRUE,"2021",10,"Autumn","G-coded","male","1",26.63,"<=30",FALSE,FALSE,FALSE,FALSE,FALSE,FALSE,FALSE,FALSE,FALSE,FALSE,1,1,"singleton",0,0,0,0,0,0,0,0,0,0,0,1
"212515",26.66,1,2023-06-13,"65118599",36.8,"G9029","62544424506","70693",8237,"2023",6,"Summer",2021-03-13,2024-04-02,-9.63333333333333,TRUE,"2021",3,"Spring","G-coded","male","1",26.66,"<=30",FALSE,FALSE,FALSE,FALSE,FALSE,FALSE,FALSE,FALSE,FALSE,FALSE,1,1,"singleton",1,0,0,0,1,0,0,0,0,0,0,6
"H213564",26.69,1,2024-04-11,"15420602",45.3,"G40486","6868671111","61057",5894,"2024",4,"Spring",2022-01-11,2024-04-02,0.3,TRUE,"2022",1,"Winter","G-coded","male","1",26.69,"<=30",FALSE,FALSE,FALSE,FALSE,FALSE,FALSE,FALSE,FALSE,FALSE,FALSE,1,1,"singleton",0,0,0,0,0,0,0,0,0,0,0,4
"10016",26.73,1,2026-03-07,"22222103",52.3,"G62222",NA,NA,805,"2026",3,"Spring",2023-12-07,2024-04-02,23.1612903225806,FALSE,"2023",12,"Winter","G-coded","male","1",26.73,"<=30",FALSE,FALSE,FALSE,FALSE,FALSE,FALSE,FALSE,FALSE,FALSE,FALSE,1,1,"singleton",0,0,0,0,0,0,0,0,0,0,0,3
"235010",26.76,1,2025-09-29,"15618075",40.4,"G53189","854773威吉吉","61109",2063,"2025",9,"Autumn",2023-06-29,2024-04-02,17.9,FALSE,"2023",6,"Summer","G-coded","male","1",26.76,"<=30",FALSE,FALSE,FALSE,FALSE,FALSE,FALSE,FALSE,FALSE,FALSE,FALSE,1,1,"singleton",0,0,0,0,0,0,0,0,0,0,0,9
"212362L",26.82,1,2024-02-21,"862025瓦特罗",50.3,"G40324",NA,NA,6416,"2024",2,"Winter",2021-11-21,2024-04-02,-1.3448275862069,TRUE,"2021",11,"Autumn","G-coded","male","1",26.82,"<=30",FALSE,FALSE,FALSE,FALSE,FALSE,FALSE,FALSE,FALSE,FALSE,FALSE,1,1,"singleton",0,0,0,0,0,0,0,0,0,0,0,2
"240351",26.86,1,2026-05-25,"41221179",43.2,"G62535",NA,NA,180,"2026",5,"Spring",2024-02-25,2024-04-02,25.741935483871,FALSE,"2024",2,"Winter","G-coded","male","1",26.86,"<=30",FALSE,FALSE,FALSE,FALSE,FALSE,FALSE,FALSE,FALSE,FALSE,FALSE,1,1,"singleton",0,0,0,0,0,0,0,0,0,0,0,5
"213793",26.86,1,2024-02-23,"862025瓦特罗",47.3,"G40348","854282","62362",6362,"2024",2,"Winter",2021-11-23,2024-04-02,-1.27586206896552,TRUE,"2021",11,"Autumn","G-coded","male","1",26.86,"<=30",FALSE,FALSE,FALSE,FALSE,FALSE,FALSE,FALSE,FALSE,FALSE,FALSE,1,1,"singleton",0,0,0,0,0,0,0,0,0,0,0,2
"235837",26.92,1,2026-03-05,"41122940",46.4,"G62213",NA,NA,826,"2026",3,"Spring",2023-12-05,2024-04-02,23.0967741935484,FALSE,"2023",12,"Winter","G-coded","male","1",26.92,"<=30",FALSE,FALSE,FALSE,FALSE,FALSE,FALSE,FALSE,FALSE,FALSE,FALSE,1,1,"singleton",0,0,0,0,0,0,0,0,0,0,0,3
"213764",26.96,1,2024-02-21,"862025瓦特罗",39.8,"G40329",NA,NA,6410,"2024",2,"Winter",2021-11-21,2024-04-02,-1.3448275862069,TRUE,"2021",11,"Autumn","G-coded","male","1",26.96,"<=30",FALSE,FALSE,FALSE,FALSE,FALSE,FALSE,FALSE,FALSE,FALSE,FALSE,1,1,"singleton",0,0,0,0,0,0,0,0,0,0,0,2
"240373",26.99,1,2026-05-24,"41422157",41.2,"G62530","FR3917468802","13056",186,"2026",5,"Spring",2024-02-24,2024-04-02,25.7096774193548,FALSE,"2024",2,"Winter","G-coded","male","1",26.99,"<=30",FALSE,FALSE,FALSE,FALSE,FALSE,FALSE,FALSE,FALSE,FALSE,FALSE,1,1,"singleton",0,0,0,0,0,0,0,0,0,0,0,5
"235183",27.02,1,2025-11-07,"41121286",47.8,"G53358","865530狼血","62586",1724,"2025",11,"Autumn",2023-08-07,2024-04-02,19.1666666666667,FALSE,"2023",8,"Summer","G-coded","male","1",27.02,"<=30",FALSE,FALSE,FALSE,FALSE,FALSE,FALSE,FALSE,FALSE,FALSE,FALSE,1,1,"singleton",0,0,0,0,0,0,0,0,0,0,0,11
"213553",27.05,1,2024-01-12,"865530狼血",34.6,"G40070","606306","62172",6848,"2024",1,"Winter",2021-10-12,2024-04-02,-2.67741935483871,TRUE,"2021",10,"Autumn","G-coded","male","1",27.05,"<=30",FALSE,FALSE,FALSE,FALSE,FALSE,FALSE,FALSE,FALSE,FALSE,FALSE,1,1,"singleton",1,0,0,0,1,0,1,0,0,0,0,1
"213755",27.09,1,2024-02-24,"862025瓦特罗",42.4,"G40360","2544424506","70577",6347,"2024",2,"Winter",2021-11-24,2024-04-02,-1.24137931034483,TRUE,"2021",11,"Autumn","G-coded","male","1",27.09,"<=30",FALSE,FALSE,FALSE,FALSE,FALSE,FALSE,FALSE,FALSE,FALSE,FALSE,1,1,"singleton",0,0,0,0,0,0,0,0,0,0,0,2
"240014",27.15,1,2026-04-03,"41422157",43.4,"G62376L","865530狼血","213371",515,"2026",4,"Spring",2024-01-03,2024-04-02,24.0333333333333,FALSE,"2024",1,"Winter","G-coded","male","1",27.15,"<=30",FALSE,FALSE,FALSE,FALSE,FALSE,FALSE,FALSE,FALSE,FALSE,FALSE,1,1,"singleton",0,0,0,0,0,0,0,0,0,0,0,4
"212298",27.15,1,2023-05-20,"65118581",51.5,"G8886","740640209","70043",8409,"2023",5,"Spring",2021-02-20,2024-04-02,-10.4193548387097,TRUE,"2021",2,"Winter","G-coded","male","1",27.15,"<=30",FALSE,FALSE,FALSE,FALSE,FALSE,FALSE,FALSE,FALSE,FALSE,FALSE,1,1,"singleton",0,0,0,0,0,0,0,0,0,0,0,5
"235230",27.19,1,2025-11-24,"21219011",46.6,"G53453","7402563907","201507",1541,"2025",11,"Autumn",2023-08-24,2024-04-02,19.7333333333333,FALSE,"2023",8,"Summer","G-coded","male","1",27.19,"<=30",FALSE,FALSE,FALSE,FALSE,FALSE,FALSE,FALSE,FALSE,FALSE,FALSE,1,1,"singleton",0,0,0,0,0,0,0,0,0,0,0,11
"235914",27.28,1,2026-03-27,"41221179",41.4,"G62335",NA,NA,605,"2026",3,"Spring",2023-12-27,2024-04-02,23.8064516129032,FALSE,"2023",12,"Winter","G-coded","male","1",27.28,"<=30",FALSE,FALSE,FALSE,FALSE,FALSE,FALSE,FALSE,FALSE,FALSE,FALSE,1,1,"singleton",0,0,0,0,0,0,0,0,0,0,0,3
"213851",27.32,1,2024-03-22,"22121001",46.3,"G40532","871041","L40481",6054,"2024",3,"Spring",2021-12-22,2024-04-02,-0.354838709677419,TRUE,"2021",12,"Winter","G-coded","male","1",27.32,"<=30",FALSE,FALSE,FALSE,FALSE,FALSE,FALSE,FALSE,FALSE,FALSE,FALSE,1,1,"singleton",0,0,0,0,0,0,0,0,0,0,0,3
"235008",27.38,1,2025-10-17,"41119226",50.6,"G53262","854773威吉吉","50414",1905,"2025",10,"Autumn",2023-07-17,2024-04-02,18.4838709677419,FALSE,"2023",7,"Summer","G-coded","male","1",27.38,"<=30",FALSE,FALSE,FALSE,FALSE,FALSE,FALSE,FALSE,FALSE,FALSE,FALSE,1,1,"singleton",0,0,0,0,0,0,0,0,0,0,0,10
"212604",27.38,1,2023-07-19,"XM-22218621",52.4,"G9199","606306","61396",8057,"2023",7,"Summer",2021-04-19,2024-04-02,-8.45161290322581,TRUE,"2021",4,"Spring","G-coded","male","1",27.38,"<=30",FALSE,FALSE,FALSE,FALSE,FALSE,FALSE,FALSE,FALSE,FALSE,FALSE,1,1,"singleton",0,0,0,0,0,0,0,0,0,0,0,7
"213402",27.45,1,2023-12-31,"865530狼血",48.4,"G40013",NA,NA,6954,"2023",12,"Winter",2021-09-30,2024-04-02,-3.06451612903226,TRUE,"2021",9,"Autumn","G-coded","male","1",27.45,"<=30",FALSE,FALSE,FALSE,FALSE,FALSE,FALSE,FALSE,FALSE,FALSE,FALSE,1,1,"singleton",0,0,0,0,0,0,0,0,0,0,0,12
"213630",27.48,1,2024-02-10,"862025瓦特罗",40.1,"G40233","606306","60318",6546,"2024",2,"Winter",2021-11-10,2024-04-02,-1.72413793103448,TRUE,"2021",11,"Autumn","G-coded","male","1",27.48,"<=30",FALSE,FALSE,FALSE,FALSE,FALSE,FALSE,FALSE,FALSE,FALSE,FALSE,1,1,"singleton",0,0,0,0,0,0,0,0,0,0,0,2
"234371",27.51,1,2025-06-23,"22218621",48.2,"G52850","854773威吉吉","61847",2686,"2025",6,"Summer",2023-02-23,2024-03-02,15.7,FALSE,"2023",2,"Winter","G-coded","male","1",27.51,"<=30",FALSE,FALSE,FALSE,FALSE,FALSE,FALSE,FALSE,FALSE,FALSE,FALSE,1,1,"singleton",0,0,0,0,0,0,0,0,0,0,0,6
"234761",27.58,1,2025-09-03,"22220783",39.2,"G53084","865530狼血","70359",2254,"2025",9,"Autumn",2023-05-03,2024-03-02,18.0333333333333,FALSE,"2023",5,"Spring","G-coded","male","1",27.58,"<=30",FALSE,FALSE,FALSE,FALSE,FALSE,FALSE,FALSE,FALSE,FALSE,FALSE,1,1,"singleton",0,0,0,0,1,0,0,0,0,0,0,9
"213766",27.61,1,2024-03-12,"862025瓦特罗",35.4,"GL40844",NA,NA,6155,"2024",3,"Spring",2021-11-12,2024-03-02,0.32258064516129,TRUE,"2021",11,"Autumn","G-coded","male","1",27.61,"<=30",FALSE,FALSE,FALSE,FALSE,FALSE,FALSE,FALSE,FALSE,FALSE,FALSE,1,1,"singleton",1,0,0,0,1,0,1,0,0,0,0,3
"235704",27.65,1,2026-03-08,"21219011",46.8,"G62379","FR2545422137","00837",789,"2026",3,"Spring",2023-11-08,2024-03-02,24.1935483870968,FALSE,"2023",11,"Autumn","G-coded","male","1",27.65,"<=30",FALSE,FALSE,FALSE,FALSE,FALSE,FALSE,FALSE,FALSE,FALSE,FALSE,1,1,"singleton",0,0,0,0,0,0,0,0,0,0,0,3
"234844",27.68,1,2025-09-23,"863302",42.7,"G53158","854773威吉吉","00698",2118,"2025",9,"Autumn",2023-05-23,2024-03-02,18.7,FALSE,"2023",5,"Spring","G-coded","male","1",27.68,"<=30",FALSE,FALSE,FALSE,FALSE,FALSE,FALSE,FALSE,FALSE,FALSE,FALSE,1,1,"singleton",0,0,0,0,0,0,0,0,0,0,0,9
"212830",27.71,1,2023-08-27,"854773威吉吉",49.5,"G9415","186967","62501",7820,"2023",8,"Summer",2021-04-27,2024-03-02,-6.19354838709677,TRUE,"2021",4,"Spring","G-coded","male","1",27.71,"<=30",FALSE,FALSE,FALSE,FALSE,FALSE,FALSE,FALSE,FALSE,FALSE,FALSE,1,1,"singleton",0,0,0,0,0,0,0,0,0,0,0,8
"235964",27.74,1,2026-04-17,"21219011",36.7,"G62424",NA,NA,407,"2026",4,"Spring",2023-12-17,2024-03-02,25.5,FALSE,"2023",12,"Winter","G-coded","male","1",27.74,"<=30",FALSE,FALSE,FALSE,FALSE,FALSE,FALSE,FALSE,FALSE,FALSE,FALSE,1,1,"singleton",1,0,0,0,1,0,0,0,0,0,0,4
"235647",27.78,1,2026-02-28,"603335",43.2,"G62190","854282维利纳诺","212389",875,"2026",2,"Winter",2023-10-28,2024-03-02,23.9285714285714,FALSE,"2023",10,"Autumn","G-coded","male","1",27.78,"<=30",FALSE,FALSE,FALSE,FALSE,FALSE,FALSE,FALSE,FALSE,FALSE,FALSE,1,1,"singleton",0,0,0,0,0,0,0,0,0,0,0,2
"213750",27.78,1,2024-03-16,"862025瓦特罗",48.4,"G40504","854282","01225",6103,"2024",3,"Spring",2021-11-16,2024-03-02,0.451612903225806,TRUE,"2021",11,"Autumn","G-coded","male","1",27.78,"<=30",FALSE,FALSE,FALSE,FALSE,FALSE,FALSE,FALSE,FALSE,FALSE,FALSE,1,1,"singleton",0,0,0,0,0,0,0,0,0,0,0,3
"212635",27.84,1,2024-05-23,"22220785",29.6,"G40755","606318","60313",5625,"2024",5,"Spring",2022-01-23,2024-03-02,2.67741935483871,TRUE,"2022",1,"Winter","G-coded","male","1",27.84,"<=30",FALSE,FALSE,FALSE,FALSE,FALSE,FALSE,FALSE,FALSE,FALSE,FALSE,1,1,"singleton",1,0,1,0,1,0,1,0,1,0,0,5
"212268",27.91,1,2023-06-07,"65117547",30.2,"G8995","606306","HHH800088",8279,"2023",6,"Summer",2021-02-07,2024-03-02,-8.83333333333333,TRUE,"2021",2,"Winter","G-coded","male","1",27.91,"<=30",FALSE,FALSE,FALSE,FALSE,FALSE,FALSE,FALSE,FALSE,FALSE,FALSE,1,1,"singleton",1,0,1,0,1,0,1,0,0,0,0,6
"213533",27.94,1,2024-02-05,"854773威吉吉",40,"G10080",NA,NA,6620,"2024",2,"Winter",2021-10-05,2024-03-02,-0.896551724137931,TRUE,"2021",10,"Autumn","G-coded","male","1",27.94,"<=30",FALSE,FALSE,FALSE,FALSE,FALSE,FALSE,FALSE,FALSE,FALSE,FALSE,1,1,"singleton",0,0,0,0,0,0,0,0,0,0,0,2
"213614",27.98,1,2024-02-22,"862025瓦特罗",44.7,"G40331",NA,NA,6381,"2024",2,"Winter",2021-10-22,2024-03-02,-0.310344827586207,TRUE,"2021",10,"Autumn","G-coded","male","1",27.98,"<=30",FALSE,FALSE,FALSE,FALSE,FALSE,FALSE,FALSE,FALSE,FALSE,FALSE,1,1,"singleton",0,0,0,0,0,0,0,0,0,0,0,2
"212248",28.01,1,2023-06-05,"65118598",38.2,"G8979","606306","61594",8295,"2023",6,"Summer",2021-02-05,2024-03-02,-8.9,TRUE,"2021",2,"Winter","G-coded","male","1",28.01,"<=30",FALSE,FALSE,FALSE,FALSE,FALSE,FALSE,FALSE,FALSE,FALSE,FALSE,1,1,"singleton",0,0,0,0,1,0,0,0,0,0,0,6
"235865",28.04,1,2026-04-14,"21219011",40.6,"G62414",NA,NA,432,"2026",4,"Spring",2023-12-14,2024-03-02,25.4,FALSE,"2023",12,"Winter","G-coded","male","1",28.04,"<=30",FALSE,FALSE,FALSE,FALSE,FALSE,FALSE,FALSE,FALSE,FALSE,FALSE,1,1,"singleton",0,0,0,0,0,0,0,0,0,0,0,4
"212296",28.04,1,2023-06-16,"65117532",43.5,"G9049","606306","63014",8220,"2023",6,"Summer",2021-02-16,2024-03-02,-8.53333333333333,TRUE,"2021",2,"Winter","G-coded","male","1",28.04,"<=30",FALSE,FALSE,FALSE,FALSE,FALSE,FALSE,FALSE,FALSE,FALSE,FALSE,1,1,"singleton",0,0,0,0,0,0,0,0,0,0,0,6
"212831",28.07,1,2023-09-07,"865530狼血",42.3,"G9483","186967","00404",7731,"2023",9,"Autumn",2021-05-07,2024-03-02,-5.83333333333333,TRUE,"2021",5,"Spring","G-coded","male","1",28.07,"<=30",FALSE,FALSE,FALSE,FALSE,FALSE,FALSE,FALSE,FALSE,FALSE,FALSE,1,1,"singleton",0,0,0,0,0,0,0,0,0,0,0,9
"235553",28.11,1,2026-02-23,"861404",43.2,"G62170",NA,NA,919,"2026",2,"Winter",2023-10-23,2024-03-02,23.75,FALSE,"2023",10,"Autumn","G-coded","male","1",28.11,"<=30",FALSE,FALSE,FALSE,FALSE,FALSE,FALSE,FALSE,FALSE,FALSE,FALSE,1,1,"singleton",0,0,0,0,0,0,0,0,0,0,0,2
"224008",28.11,1,2024-05-04,"15420616",46.8,"G40691","854062","201193",5735,"2024",5,"Spring",2022-01-04,2024-03-02,2.06451612903226,TRUE,"2022",1,"Winter","G-coded","male","1",28.11,"<=30",FALSE,FALSE,FALSE,FALSE,FALSE,FALSE,FALSE,FALSE,FALSE,FALSE,1,1,"singleton",0,0,0,0,0,0,0,0,0,0,0,5
"235727",28.14,1,2026-03-26,"21219011",41.3,"G62326","FR2545422137","800992",628,"2026",3,"Spring",2023-11-26,2024-03-02,24.7741935483871,FALSE,"2023",11,"Autumn","G-coded","male","1",28.14,"<=30",FALSE,FALSE,FALSE,FALSE,FALSE,FALSE,FALSE,FALSE,FALSE,FALSE,1,1,"singleton",0,0,0,0,0,0,0,0,0,0,0,3
"213465",28.21,1,2024-02-01,"865530狼血",54.6,"G40163",NA,NA,6674,"2024",2,"Winter",2021-10-01,2024-03-02,-1.03225806451613,TRUE,"2021",10,"Autumn","G-coded","male","1",28.21,"<=30",FALSE,FALSE,FALSE,FALSE,FALSE,FALSE,FALSE,FALSE,FALSE,FALSE,1,1,"singleton",0,1,0,0,0,1,0,1,0,0,0,2
"240110",28.27,1,2026-05-26,"41120238",25.2,"G62539",NA,NA,169,"2026",5,"Spring",2024-01-26,2024-03-02,26.7741935483871,FALSE,"2024",1,"Winter","G-coded","male","1",28.27,"<=30",FALSE,FALSE,FALSE,FALSE,FALSE,FALSE,FALSE,FALSE,FALSE,FALSE,1,1,"singleton",1,0,1,0,1,0,1,0,1,0,0,5
"234511",28.3,1,2025-08-06,"22220783",45.4,"G53012","871041文尼哥","50338",2386,"2025",8,"Summer",2023-04-06,2024-03-02,17.1290322580645,FALSE,"2023",4,"Spring","G-coded","male","1",28.3,"<=30",FALSE,FALSE,FALSE,FALSE,FALSE,FALSE,FALSE,FALSE,FALSE,FALSE,1,1,"singleton",0,0,0,0,0,0,0,0,0,0,0,8
"213583",28.34,1,2024-02-28,"862025瓦特罗",44.8,"G40396",NA,NA,6281,"2024",2,"Winter",2021-10-28,2024-03-02,-0.103448275862069,TRUE,"2021",10,"Autumn","G-coded","male","1",28.34,"<=30",FALSE,FALSE,FALSE,FALSE,FALSE,FALSE,FALSE,FALSE,FALSE,FALSE,1,1,"singleton",0,0,0,0,0,0,0,0,0,0,0,2
"202449",28.37,1,2023-03-20,"871041文尼哥",48.2,"G8544",NA,NA,8867,"2023",3,"Spring",2020-11-20,2024-03-02,-11.4193548387097,TRUE,"2020",11,"Autumn","G-coded","male","1",28.37,"<=30",FALSE,FALSE,FALSE,FALSE,FALSE,FALSE,FALSE,FALSE,FALSE,FALSE,1,1,"singleton",0,0,0,0,0,0,0,0,0,0,0,3
"235074",28.4,1,2025-11-25,"41121286",52.6,"G53460",NA,NA,1532,"2025",11,"Autumn",2023-07-25,2024-03-02,20.7666666666667,FALSE,"2023",7,"Summer","G-coded","male","1",28.4,"<=30",FALSE,FALSE,FALSE,FALSE,FALSE,FALSE,FALSE,FALSE,FALSE,FALSE,1,1,"singleton",0,0,0,0,0,0,0,1,0,0,0,11
"202256",28.4,1,2023-02-25,"22218005",46.3,"G8395","163940","70470",9082,"2023",2,"Winter",2020-10-25,2024-03-02,-12.1785714285714,TRUE,"2020",10,"Autumn","G-coded","male","1",28.4,"<=30",FALSE,FALSE,FALSE,FALSE,FALSE,FALSE,FALSE,FALSE,FALSE,FALSE,1,1,"singleton",0,0,0,0,0,0,0,0,0,0,0,2
"234122",28.47,1,2025-06-08,"22218621",55.2,"G52806L","854282维利纳诺","60791",2782,"2025",6,"Summer",2023-02-08,2024-03-02,15.2,FALSE,"2023",2,"Winter","G-coded","male","1",28.47,"<=30",FALSE,FALSE,FALSE,FALSE,FALSE,FALSE,FALSE,FALSE,FALSE,FALSE,1,1,"singleton",0,1,0,0,0,1,0,1,0,1,0,6
"212770",28.53,1,2023-09-16,"865530狼血",24.8,"G9519","186967","00790",7686,"2023",9,"Autumn",2021-04-16,2024-02-02,-4.53333333333333,TRUE,"2021",4,"Spring","G-coded","male","1",28.53,"<=30",TRUE,FALSE,FALSE,FALSE,FALSE,FALSE,FALSE,FALSE,FALSE,FALSE,1,1,"singleton",1,0,1,0,1,0,1,0,1,0,0,9
"235059",28.6,1,2025-11-29,"21219011",47.4,"G53482","7402563907","61574",1494,"2025",11,"Autumn",2023-06-29,2024-02-02,21.9,FALSE,"2023",6,"Summer","G-coded","male","1",28.6,"<=30",FALSE,FALSE,FALSE,FALSE,FALSE,FALSE,FALSE,FALSE,FALSE,FALSE,1,1,"singleton",0,0,0,0,0,0,0,0,0,0,0,11
"235511",28.63,1,2026-02-27,"61221015",47.2,"G62184","854282维利纳诺","800888",887,"2026",2,"Winter",2023-09-27,2024-02-02,24.8928571428571,FALSE,"2023",9,"Autumn","G-coded","male","1",28.63,"<=30",FALSE,FALSE,FALSE,FALSE,FALSE,FALSE,FALSE,FALSE,FALSE,FALSE,1,1,"singleton",0,0,0,0,0,0,0,0,0,0,0,2
"H213234",28.67,1,2024-01-06,"865530狼血",51.3,"G40042","603268","60718",6906,"2024",1,"Winter",2021-08-06,2024-02-02,-0.870967741935484,TRUE,"2021",8,"Summer","G-coded","male","1",28.67,"<=30",FALSE,FALSE,FALSE,FALSE,FALSE,FALSE,FALSE,FALSE,FALSE,FALSE,1,1,"singleton",0,0,0,0,0,0,0,0,0,0,0,1
"202054",28.7,1,2023-01-21,"854282维利纳诺",42.3,"G8116","606244","13058",9349,"2023",1,"Winter",2020-08-21,2024-02-02,-12.3870967741935,TRUE,"2020",8,"Summer","G-coded","male","1",28.7,"<=30",FALSE,FALSE,FALSE,FALSE,FALSE,FALSE,FALSE,FALSE,FALSE,FALSE,1,1,"singleton",0,0,0,0,0,0,0,0,0,0,0,1
"235919",28.76,1,2026-05-12,"21219011",34.8,"G62489","FR7045049997","202255",260,"2026",5,"Spring",2023-12-12,2024-02-02,27.3225806451613,FALSE,"2023",12,"Winter","G-coded","male","1",28.76,"<=30",FALSE,FALSE,FALSE,FALSE,FALSE,FALSE,FALSE,FALSE,FALSE,FALSE,1,1,"singleton",1,0,0,0,1,0,1,0,0,0,0,5
"202139",28.83,1,2023-02-13,"13219043",41.3,"G8313","606244","61217",9192,"2023",2,"Winter",2020-09-13,2024-02-02,-11.6071428571429,TRUE,"2020",9,"Autumn","G-coded","male","1",28.83,"<=30",FALSE,FALSE,FALSE,FALSE,FALSE,FALSE,FALSE,FALSE,FALSE,FALSE,1,1,"singleton",0,0,0,0,0,0,0,0,0,0,0,2
"212788",28.86,1,2023-09-27,"865530狼血",40.1,"G9562","606306","800906",7626,"2023",9,"Autumn",2021-04-27,2024-02-02,-4.16666666666667,TRUE,"2021",4,"Spring","G-coded","male","1",28.86,"<=30",FALSE,FALSE,FALSE,FALSE,FALSE,FALSE,FALSE,FALSE,FALSE,FALSE,1,1,"singleton",0,0,0,0,0,0,0,0,0,0,0,9
"235261",28.93,1,2026-01-20,"41121296",34.6,"G62052",NA,NA,1128,"2026",1,"Winter",2023-08-20,2024-02-02,23.5806451612903,FALSE,"2023",8,"Summer","G-coded","male","1",28.93,"<=30",FALSE,FALSE,FALSE,FALSE,FALSE,FALSE,FALSE,FALSE,FALSE,FALSE,1,1,"singleton",1,0,0,0,1,0,1,0,0,0,0,1
"212483",28.96,1,2023-08-17,"公牛",46.8,"G9352","62544424506","Z62409",7891,"2023",8,"Summer",2021-03-17,2024-02-02,-5.51612903225806,TRUE,"2021",3,"Spring","G-coded","male","1",28.96,"<=30",FALSE,FALSE,FALSE,FALSE,FALSE,FALSE,FALSE,FALSE,FALSE,FALSE,1,1,"singleton",0,0,0,0,0,0,0,0,0,0,0,8
"234661",29.06,1,2025-09-26,"15618075",43.5,"G53173","871041文尼哥","00175",2089,"2025",9,"Autumn",2023-04-26,2024-02-02,19.8,FALSE,"2023",4,"Spring","G-coded","male","1",29.06,"<=30",FALSE,FALSE,FALSE,FALSE,FALSE,FALSE,FALSE,FALSE,FALSE,FALSE,1,1,"singleton",0,0,0,0,0,0,0,0,0,0,0,9
"212992",29.13,1,2023-11-04,"854282维利纳诺",39.2,"G9746",NA,NA,7412,"2023",11,"Autumn",2021-06-04,2024-02-02,-2.93333333333333,TRUE,"2021",6,"Summer","G-coded","male","1",29.13,"<=30",FALSE,FALSE,FALSE,FALSE,FALSE,FALSE,FALSE,FALSE,FALSE,FALSE,1,1,"singleton",0,0,0,0,1,0,0,0,0,0,0,11
"235839",29.22,1,2026-05-14,"41221179",34.8,"G62497","865530狼血","70303",249,"2026",5,"Spring",2023-12-14,2024-02-02,27.3870967741935,FALSE,"2023",12,"Winter","G-coded","male","1",29.22,"<=30",FALSE,FALSE,FALSE,FALSE,FALSE,FALSE,FALSE,FALSE,FALSE,FALSE,1,1,"singleton",1,0,0,0,1,0,1,0,0,0,0,5
"212416",29.32,1,2023-08-18,"865530狼血",41.8,"G9360","603268","801033",7881,"2023",8,"Summer",2021-03-18,2024-02-02,-5.48387096774194,TRUE,"2021",3,"Spring","G-coded","male","1",29.32,"<=30",FALSE,FALSE,FALSE,FALSE,FALSE,FALSE,FALSE,FALSE,FALSE,FALSE,1,1,"singleton",0,0,0,0,0,0,0,0,0,0,0,8
"235528",29.52,1,2026-04-02,"41121296",45.6,"G62368","854282维利纳诺","70197",530,"2026",4,"Spring",2023-10-02,2024-01-02,27,FALSE,"2023",10,"Autumn","G-coded","male","1",29.52,"<=30",FALSE,FALSE,FALSE,FALSE,FALSE,FALSE,FALSE,FALSE,FALSE,FALSE,1,1,"singleton",0,0,0,0,0,0,0,0,0,0,0,4
"212228",29.62,1,2023-07-20,"22218717",63.4,"G9204",NA,NA,8053,"2023",7,"Summer",2021-01-20,2024-01-02,-5.41935483870968,TRUE,"2021",1,"Winter","G-coded","male","1",29.62,"<=30",FALSE,FALSE,FALSE,FALSE,FALSE,FALSE,FALSE,FALSE,FALSE,FALSE,1,1,"singleton",0,1,0,1,0,1,0,1,0,1,1,7
"202074",29.75,1,2023-11-09,"854282维利纳诺",49.7,"G9780","606244","61327",7380,"2023",11,"Autumn",2021-05-09,2024-01-02,-1.76666666666667,TRUE,"2021",5,"Spring","G-coded","male","1",29.75,"<=30",FALSE,FALSE,FALSE,FALSE,FALSE,FALSE,FALSE,FALSE,FALSE,FALSE,1,1,"singleton",0,0,0,0,0,0,0,0,0,0,0,11
"225222",29.82,1,2025-03-24,"22220783",34.2,"G52461","865530","800412",3452,"2025",3,"Spring",2022-09-24,2024-01-02,14.7096774193548,TRUE,"2022",9,"Autumn","G-coded","male","1",29.82,"<=30",FALSE,FALSE,FALSE,FALSE,FALSE,FALSE,FALSE,FALSE,FALSE,FALSE,1,1,"singleton",1,0,1,0,1,0,1,0,0,0,0,3
"235293",29.88,1,2026-02-22,"13222529",39.4,"G62164",NA,NA,927,"2026",2,"Winter",2023-08-22,2024-01-02,25.7142857142857,FALSE,"2023",8,"Summer","G-coded","male","1",29.88,"<=30",FALSE,FALSE,FALSE,FALSE,FALSE,FALSE,FALSE,FALSE,FALSE,FALSE,1,1,"singleton",0,0,0,0,1,0,0,0,0,0,0,2
"202625",29.91,1,2023-06-10,"65117532",42.3,"G9009","740640209","61660",8262,"2023",6,"Summer",2020-12-10,2024-01-02,-6.73333333333333,TRUE,"2020",12,"Winter","G-coded","male","1",29.91,"<=30",FALSE,FALSE,FALSE,FALSE,FALSE,FALSE,FALSE,FALSE,FALSE,FALSE,1,1,"singleton",0,0,0,0,0,0,0,0,0,0,0,6
"212330",30.01,1,2023-12-02,"865530狼血",49.3,"G9925",NA,NA,7243,"2023",12,"Winter",2021-06-02,2024-01-02,-1,TRUE,"2021",6,"Summer","G-coded","male","1",30.01,"31-42",FALSE,FALSE,FALSE,FALSE,FALSE,FALSE,FALSE,FALSE,FALSE,FALSE,1,1,"singleton",0,0,0,0,0,0,0,0,0,0,0,12
"235693",30.18,1,2026-05-21,"41221179",40.4,"G62521",NA,NA,210,"2026",5,"Spring",2023-11-21,2024-01-02,28.6129032258065,FALSE,"2023",11,"Autumn","G-coded","male","1",30.18,"31-42",FALSE,FALSE,FALSE,FALSE,FALSE,FALSE,FALSE,FALSE,FALSE,FALSE,1,1,"singleton",0,0,0,0,0,0,0,0,0,0,0,5
"202000",30.34,1,2023-02-24,"22218119",46.3,"G8386",NA,NA,9096,"2023",2,"Winter",2020-08-24,2024-01-02,-10.2142857142857,TRUE,"2020",8,"Summer","G-coded","male","1",30.34,"31-42",FALSE,FALSE,FALSE,FALSE,FALSE,FALSE,FALSE,FALSE,FALSE,FALSE,1,1,"singleton",0,0,0,0,0,0,0,0,0,0,0,2
"235489",30.47,1,2026-04-19,"41421125",39.4,"G62428",NA,NA,390,"2026",4,"Spring",2023-10-19,2024-01-02,27.5666666666667,FALSE,"2023",10,"Autumn","G-coded","male","1",30.47,"31-42",FALSE,FALSE,FALSE,FALSE,FALSE,FALSE,FALSE,FALSE,FALSE,FALSE,1,1,"singleton",0,0,0,0,1,0,0,0,0,0,0,4
"H212412",30.57,1,2024-08-19,"171206",49.3,"G41011","871041","809997",5167,"2024",8,"Summer",2022-01-19,2023-12-02,8.54838709677419,TRUE,"2022",1,"Winter","G-coded","male","1",30.57,"31-42",FALSE,FALSE,FALSE,FALSE,FALSE,FALSE,FALSE,FALSE,FALSE,FALSE,1,1,"singleton",0,0,0,0,0,0,0,0,0,0,0,8
"235645",30.67,1,2026-05-27,"41221179",28.2,"G62544","854773威吉吉","201571",162,"2026",5,"Spring",2023-10-27,2023-12-02,29.8064516129032,FALSE,"2023",10,"Autumn","G-coded","male","1",30.67,"31-42",FALSE,FALSE,FALSE,FALSE,FALSE,FALSE,FALSE,FALSE,FALSE,FALSE,1,1,"singleton",1,0,1,0,1,0,1,0,1,0,0,5
"202548",30.7,1,2023-06-19,"65117543",45.7,"G9062","7402563907","61927",8206,"2023",6,"Summer",2020-11-19,2023-12-02,-5.43333333333333,TRUE,"2020",11,"Autumn","G-coded","male","1",30.7,"31-42",FALSE,FALSE,FALSE,FALSE,FALSE,FALSE,FALSE,FALSE,FALSE,FALSE,1,1,"singleton",0,0,0,0,0,0,0,0,0,0,0,6
"235263",30.77,2,2026-03-17,NA,45.6,"G62283",NA,NA,714,"2026",3,"Spring",2023-08-17,2023-12-02,27.4838709677419,FALSE,"2023",8,"Summer","G-coded","male","2",30.77,"31-42",FALSE,FALSE,FALSE,FALSE,FALSE,FALSE,FALSE,FALSE,FALSE,FALSE,1,1,"singleton",0,0,0,0,0,0,0,0,0,0,0,3
"235438",30.93,1,2026-04-22,"41422157",35.6,"G62438",NA,NA,377,"2026",4,"Spring",2023-09-22,2023-12-02,28.6666666666667,FALSE,"2023",9,"Autumn","G-coded","male","1",30.93,"31-42",FALSE,FALSE,FALSE,FALSE,FALSE,FALSE,FALSE,FALSE,FALSE,FALSE,1,1,"singleton",1,0,0,0,1,0,1,0,0,0,0,4
"H70426",31.2,1,2023-12-06,"865530狼血",42.5,"G9959",NA,NA,7215,"2023",12,"Winter",2021-05-06,2023-12-02,0.129032258064516,TRUE,"2021",5,"Spring","G-coded","male","1",31.2,"31-42",FALSE,FALSE,FALSE,FALSE,FALSE,FALSE,FALSE,FALSE,FALSE,FALSE,1,1,"singleton",0,0,0,0,0,0,0,0,0,0,0,12
"212824",31.26,1,2023-12-12,"865530狼血",39,"G9983","606306","00555",7168,"2023",12,"Winter",2021-05-12,2023-12-02,0.32258064516129,TRUE,"2021",5,"Spring","G-coded","male","1",31.26,"31-42",FALSE,FALSE,FALSE,FALSE,FALSE,FALSE,FALSE,FALSE,FALSE,FALSE,1,1,"singleton",0,0,0,0,1,0,0,0,0,0,0,12
"235543",31.46,1,2026-06-03,"41221179",22.8,"G62571","854282维利纳诺","201023",109,"2026",6,"Summer",2023-11-03,2023-12-02,30.0333333333333,FALSE,"2023",11,"Autumn","G-coded","male","1",31.46,"31-42",TRUE,FALSE,FALSE,FALSE,FALSE,FALSE,FALSE,FALSE,FALSE,FALSE,1,1,"singleton",1,0,1,0,1,0,1,0,1,0,0,6
"201900",31.72,2,2023-03-07,"871041文尼哥",32.6,"G8454",NA,NA,8996,"2023",3,"Spring",2020-07-07,2023-11-02,-7.83870967741935,TRUE,"2020",7,"Summer","G-coded","male","2",31.72,"31-42",FALSE,FALSE,FALSE,FALSE,FALSE,FALSE,FALSE,FALSE,FALSE,FALSE,1,1,"singleton",1,0,1,0,1,0,1,0,0,0,0,3
"212206",31.85,1,2023-09-22,"854282维利纳诺",53.8,"G9543","180781","62601",7650,"2023",9,"Autumn",2021-01-22,2023-11-02,-1.33333333333333,TRUE,"2021",1,"Winter","G-coded","male","1",31.85,"31-42",FALSE,FALSE,FALSE,FALSE,FALSE,FALSE,FALSE,FALSE,FALSE,FALSE,1,1,"singleton",0,0,0,0,0,1,0,1,0,0,0,9
"225305",31.95,1,2025-06-18,"863302",39.9,"G52830","865530","01291",2729,"2025",6,"Summer",2022-10-18,2023-11-02,19.5333333333333,FALSE,"2022",10,"Autumn","G-coded","male","1",31.95,"31-42",FALSE,FALSE,FALSE,FALSE,FALSE,FALSE,FALSE,FALSE,FALSE,FALSE,1,1,"singleton",0,0,0,0,0,0,0,0,0,0,0,6
"202126",32.18,1,2023-05-24,"41119912",47.5,"G8912","11117951","62075",8391,"2023",5,"Spring",2020-09-24,2023-11-02,-5.29032258064516,TRUE,"2020",9,"Autumn","G-coded","male","1",32.18,"31-42",FALSE,FALSE,FALSE,FALSE,FALSE,FALSE,FALSE,FALSE,FALSE,FALSE,1,1,"singleton",0,0,0,0,0,0,0,0,0,0,0,5
"235328",32.77,1,2026-05-26,"603335",36.6,"G62537",NA,"L213042",165,"2026",5,"Spring",2023-08-26,2023-10-02,31.7741935483871,FALSE,"2023",8,"Summer","G-coded","male","1",32.77,"31-42",FALSE,FALSE,FALSE,FALSE,FALSE,FALSE,FALSE,FALSE,FALSE,FALSE,1,1,"singleton",1,0,0,0,1,0,0,0,0,0,0,5
"234155",33.04,2,2025-11-02,"41121286",58.3,"G53343","871041文尼哥","800076",1759,"2025",11,"Autumn",2023-02-02,2023-10-02,25,FALSE,"2023",2,"Winter","G-coded","male","2",33.04,"31-42",FALSE,FALSE,FALSE,FALSE,FALSE,FALSE,FALSE,FALSE,FALSE,FALSE,1,1,"singleton",0,1,0,1,0,1,0,1,0,1,0,11
"201718",33.17,1,2023-02-27,"854773威吉吉",41.3,"G8408",NA,NA,9062,"2023",2,"Winter",2020-05-27,2023-10-02,-7.10714285714286,TRUE,"2020",5,"Spring","G-coded","male","1",33.17,"31-42",FALSE,FALSE,FALSE,FALSE,FALSE,FALSE,FALSE,FALSE,FALSE,FALSE,1,1,"singleton",0,0,0,0,0,0,0,0,0,0,0,2
"225508",33.37,1,2025-09-23,"15618075",45,"G53160","7028157563","61531",2115,"2025",9,"Autumn",2022-12-23,2023-10-02,23.7,FALSE,"2022",12,"Winter","G-coded","male","1",33.37,"31-42",FALSE,FALSE,FALSE,FALSE,FALSE,FALSE,FALSE,FALSE,FALSE,FALSE,1,1,"singleton",0,0,0,0,0,0,0,0,0,0,0,9
"H212382",33.6,2,2023-03-02,"7029225762",45.2,"G8417",NA,NA,9038,"2023",3,"Spring",2020-05-02,2023-09-02,-6,TRUE,"2020",5,"Spring","G-coded","male","2",33.6,"31-42",FALSE,FALSE,FALSE,FALSE,FALSE,FALSE,FALSE,FALSE,FALSE,FALSE,1,1,"singleton",0,0,0,0,0,0,0,0,0,0,0,3
"201746",33.76,2,2023-03-26,"871041文尼哥",38.6,"G8593","865530","62530",8797,"2023",3,"Spring",2020-05-26,2023-09-02,-5.2258064516129,TRUE,"2020",5,"Spring","G-coded","male","2",33.76,"31-42",FALSE,FALSE,FALSE,FALSE,FALSE,FALSE,FALSE,FALSE,FALSE,FALSE,1,1,"singleton",0,0,0,0,1,0,0,0,0,0,0,3
"234294",33.83,1,2025-12-20,"41121286",50.2,"G53576L",NA,NA,1293,"2025",12,"Winter",2023-02-20,2023-09-02,27.5806451612903,FALSE,"2023",2,"Winter","G-coded","male","1",33.83,"31-42",FALSE,FALSE,FALSE,FALSE,FALSE,FALSE,FALSE,FALSE,FALSE,FALSE,1,1,"singleton",0,0,0,0,0,0,0,0,0,0,0,12
"225416",33.86,2,2025-09-20,"863302",46.4,"G53146","7028157563","61593",2146,"2025",9,"Autumn",2022-11-20,2023-09-02,24.6,FALSE,"2022",11,"Autumn","G-coded","male","2",33.86,"31-42",FALSE,FALSE,FALSE,FALSE,FALSE,FALSE,FALSE,FALSE,FALSE,FALSE,1,1,"singleton",0,0,0,0,0,0,0,0,0,0,0,9
"201938",33.96,2,2023-05-29,"7402563907",47.8,"G8933","606244","1411",8352,"2023",5,"Spring",2020-07-29,2023-09-02,-3.12903225806452,TRUE,"2020",7,"Summer","G-coded","male","2",33.96,"31-42",FALSE,FALSE,FALSE,FALSE,FALSE,FALSE,FALSE,FALSE,FALSE,FALSE,1,1,"singleton",0,0,0,0,0,0,0,0,0,0,0,5
"202261",34.09,2,2023-08-18,"865530狼血",49.1,"G9361","163940","61380",7882,"2023",8,"Summer",2020-10-18,2023-09-02,-0.483870967741935,TRUE,"2020",10,"Autumn","G-coded","male","2",34.09,"31-42",FALSE,FALSE,FALSE,FALSE,FALSE,FALSE,FALSE,FALSE,FALSE,FALSE,1,1,"singleton",0,0,0,0,0,0,0,0,0,0,0,8
"234962",34.16,2,2026-05-03,"41120238",45.7,"G62471","XM-22218621","212123",301,"2026",5,"Spring",2023-07-03,2023-09-02,32.0322580645161,FALSE,"2023",7,"Summer","G-coded","male","2",34.16,"31-42",FALSE,FALSE,FALSE,FALSE,FALSE,FALSE,FALSE,FALSE,FALSE,FALSE,1,1,"singleton",0,0,0,0,0,0,0,0,0,0,0,5
"201520",34.16,2,2023-02-21,"865530狼血",48.3,"G8370",NA,NA,9117,"2023",2,"Winter",2020-04-21,2023-09-02,-6.32142857142857,TRUE,"2020",4,"Spring","G-coded","male","2",34.16,"31-42",FALSE,FALSE,FALSE,FALSE,FALSE,FALSE,FALSE,FALSE,FALSE,FALSE,1,1,"singleton",0,0,0,0,0,0,0,0,0,0,0,2
"201497",34.25,2,2023-02-18,"854773威吉吉",49.3,"G8343","606244","62643",9147,"2023",2,"Winter",2020-04-18,2023-09-02,-6.42857142857143,TRUE,"2020",4,"Spring","G-coded","male","2",34.25,"31-42",FALSE,FALSE,FALSE,FALSE,FALSE,FALSE,FALSE,FALSE,FALSE,FALSE,1,1,"singleton",0,0,0,0,0,0,0,0,0,0,0,2
"212637",34.32,2,2024-02-22,"862025瓦特罗",52.7,"G40342","62544424506","63075",6398,"2024",2,"Winter",2021-04-22,2023-09-02,5.68965517241379,TRUE,"2021",4,"Spring","G-coded","male","2",34.32,"31-42",FALSE,FALSE,FALSE,FALSE,FALSE,FALSE,FALSE,FALSE,FALSE,FALSE,1,1,"singleton",0,0,0,0,0,0,0,1,0,0,0,2
"235085",34.39,2,2026-05-28,"41120238",44.2,"G62548","854773威吉吉","201697",149,"2026",5,"Spring",2023-07-28,2023-09-02,32.8387096774194,FALSE,"2023",7,"Summer","G-coded","male","2",34.39,"31-42",FALSE,FALSE,FALSE,FALSE,FALSE,FALSE,FALSE,FALSE,FALSE,FALSE,1,1,"singleton",0,0,0,0,0,0,0,0,0,0,0,5
"202502",34.42,2,2023-09-30,"865530狼血",58.9,"G9584","163940","800702",7606,"2023",9,"Autumn",2020-11-30,2023-09-02,0.933333333333333,TRUE,"2020",11,"Autumn","G-coded","male","2",34.42,"31-42",FALSE,FALSE,FALSE,FALSE,FALSE,FALSE,FALSE,FALSE,FALSE,FALSE,1,1,"singleton",0,1,0,1,0,1,0,1,0,1,0,9
"234407",34.48,2,2026-01-27,"41121286",55.3,"G62071","871041文尼哥","00645",1087,"2026",1,"Winter",2023-03-27,2023-09-02,28.8064516129032,FALSE,"2023",3,"Spring","G-coded","male","2",34.48,"31-42",FALSE,FALSE,FALSE,FALSE,FALSE,FALSE,FALSE,FALSE,FALSE,FALSE,1,1,"singleton",0,1,0,0,0,1,0,1,0,1,0,1
"225387",34.55,1,2025-09-30,"15620193",35.7,"G53197","甘露606318","00007",2055,"2025",9,"Autumn",2022-10-30,2023-08-02,25.9333333333333,FALSE,"2022",10,"Autumn","G-coded","male","1",34.55,"31-42",FALSE,FALSE,FALSE,FALSE,FALSE,FALSE,FALSE,FALSE,FALSE,FALSE,1,1,"singleton",1,0,0,0,1,0,1,0,0,0,0,9
"225239",34.55,2,2025-08-21,"15621315",49.3,"G53051",NA,NA,2305,"2025",8,"Summer",2022-09-21,2023-08-02,24.6129032258065,FALSE,"2022",9,"Autumn","G-coded","male","2",34.55,"31-42",FALSE,FALSE,FALSE,FALSE,FALSE,FALSE,FALSE,FALSE,FALSE,FALSE,1,1,"singleton",0,0,0,0,0,0,0,0,0,0,0,8
"201578",34.65,2,2023-03-17,"871041文尼哥",46.3,"G8528","606244","62156",8893,"2023",3,"Spring",2020-04-17,2023-08-02,-4.51612903225806,TRUE,"2020",4,"Spring","G-coded","male","2",34.65,"31-42",FALSE,FALSE,FALSE,FALSE,FALSE,FALSE,FALSE,FALSE,FALSE,FALSE,1,1,"singleton",0,0,0,0,0,0,0,0,0,0,0,3
"212236",34.71,1,2023-12-23,"865530狼血",36.2,"G10081","180781","800748",7026,"2023",12,"Winter",2021-01-23,2023-08-02,4.67741935483871,TRUE,"2021",1,"Winter","G-coded","male","1",34.71,"31-42",FALSE,FALSE,FALSE,FALSE,FALSE,FALSE,FALSE,FALSE,FALSE,FALSE,1,1,"singleton",1,0,0,0,1,0,0,0,0,0,0,12
"234998",34.75,2,2026-05-28,"21219011",41.4,"G62549",NA,"212846",151,"2026",5,"Spring",2023-06-28,2023-08-02,33.8387096774194,FALSE,"2023",6,"Summer","G-coded","male","2",34.75,"31-42",FALSE,FALSE,FALSE,FALSE,FALSE,FALSE,FALSE,FALSE,FALSE,FALSE,1,1,"singleton",0,0,0,0,0,0,0,0,0,0,0,5
"212131",34.75,2,2023-12-05,"865530狼血",51,"G9947","7402563907","61777",7220,"2023",12,"Winter",2021-01-05,2023-08-02,4.09677419354839,TRUE,"2021",1,"Winter","G-coded","male","2",34.75,"31-42",FALSE,FALSE,FALSE,FALSE,FALSE,FALSE,FALSE,FALSE,FALSE,FALSE,1,1,"singleton",0,0,0,0,0,0,0,0,0,0,0,12
"201749",34.81,2,2023-04-27,"871041文尼哥",37.6,"G8768","606244","70599",8534,"2023",4,"Spring",2020-05-27,2023-08-02,-3.16666666666667,TRUE,"2020",5,"Spring","G-coded","male","2",34.81,"31-42",FALSE,FALSE,FALSE,FALSE,FALSE,FALSE,FALSE,FALSE,FALSE,FALSE,1,1,"singleton",0,0,0,0,1,0,0,0,0,0,0,4
"234592",34.88,2,2026-03-09,"13222529",47.2,"G62238","871041文尼哥","70565",785,"2026",3,"Spring",2023-04-09,2023-08-02,31.2258064516129,FALSE,"2023",4,"Spring","G-coded","male","2",34.88,"31-42",FALSE,FALSE,FALSE,FALSE,FALSE,FALSE,FALSE,FALSE,FALSE,FALSE,1,1,"singleton",0,0,0,0,0,0,0,0,0,0,0,3
"212940",34.88,2,2024-04-17,"22220785",50.4,"G40641","186967","800361",5850,"2024",4,"Spring",2021-05-17,2023-08-02,8.5,TRUE,"2021",5,"Spring","G-coded","male","2",34.88,"31-42",FALSE,FALSE,FALSE,FALSE,FALSE,FALSE,FALSE,FALSE,FALSE,FALSE,1,1,"singleton",0,0,0,0,0,0,0,0,0,0,0,4
"224674",34.91,2,2025-03-17,"427151",60,"G52420",NA,NA,3538,"2025",3,"Spring",2022-04-17,2023-08-02,19.4838709677419,FALSE,"2022",4,"Spring","G-coded","male","2",34.91,"31-42",FALSE,FALSE,FALSE,FALSE,FALSE,FALSE,FALSE,FALSE,FALSE,FALSE,1,1,"singleton",0,1,0,1,0,1,0,1,0,1,0,3
"212502",34.94,2,2024-02-13,"862025瓦特罗",55.3,"G40260","62544424506","800057",6509,"2024",2,"Winter",2021-03-13,2023-08-02,6.37931034482759,TRUE,"2021",3,"Spring","G-coded","male","2",34.94,"31-42",FALSE,FALSE,FALSE,FALSE,FALSE,FALSE,FALSE,FALSE,FALSE,FALSE,1,1,"singleton",0,1,0,0,0,1,0,1,0,1,0,2
"201892",35.01,1,2023-06-14,"65117547",44.6,"G9033","865530","800509",8235,"2023",6,"Summer",2020-07-14,2023-08-02,-1.6,TRUE,"2020",7,"Summer","G-coded","male","1",35.01,"31-42",FALSE,FALSE,FALSE,FALSE,FALSE,FALSE,FALSE,FALSE,FALSE,FALSE,1,1,"singleton",0,0,0,0,0,0,0,0,0,0,0,6
"201029",35.01,2,2023-02-16,"854773威吉吉",47.5,"G8333",NA,NA,9166,"2023",2,"Winter",2020-03-16,2023-08-02,-5.5,TRUE,"2020",3,"Spring","G-coded","male","2",35.01,"31-42",FALSE,FALSE,FALSE,FALSE,FALSE,FALSE,FALSE,FALSE,FALSE,FALSE,1,1,"singleton",0,0,0,0,0,0,0,0,0,0,0,2
"225281",35.08,1,2025-09-16,"863302",42.4,"G53128","865530","01364",2172,"2025",9,"Autumn",2022-10-16,2023-08-02,25.4666666666667,FALSE,"2022",10,"Autumn","G-coded","male","1",35.08,"31-42",FALSE,FALSE,FALSE,FALSE,FALSE,FALSE,FALSE,FALSE,FALSE,FALSE,1,1,"singleton",0,0,0,0,0,0,0,0,0,0,0,9
"202555",35.08,2,2023-10-31,"854400西部公园",32.4,"G9713","606318","50400",7436,"2023",10,"Autumn",2020-11-30,2023-08-02,2.93548387096774,TRUE,"2020",11,"Autumn","G-coded","male","2",35.08,"31-42",FALSE,FALSE,FALSE,FALSE,FALSE,FALSE,FALSE,FALSE,FALSE,FALSE,1,1,"singleton",1,0,1,0,1,0,1,0,0,0,0,10
"235070",35.14,2,2026-06-18,"41120238",52.4,"G62601","7402563907","61832",24,"2026",6,"Summer",2023-07-18,2023-08-02,34.5333333333333,FALSE,"2023",7,"Summer","G-coded","male","2",35.14,"31-42",FALSE,FALSE,FALSE,FALSE,FALSE,FALSE,FALSE,FALSE,FALSE,FALSE,1,1,"singleton",0,0,0,0,0,0,0,0,0,0,0,6
"212413",35.17,2,2024-02-12,"862025瓦特罗",44.8,"G40250","606306","62801",6533,"2024",2,"Winter",2021-03-12,2023-08-02,6.3448275862069,TRUE,"2021",3,"Spring","G-coded","male","2",35.17,"31-42",FALSE,FALSE,FALSE,FALSE,FALSE,FALSE,FALSE,FALSE,FALSE,FALSE,1,1,"singleton",0,0,0,0,0,0,0,0,0,0,0,2
"202179",35.21,2,2023-12-09,"865530狼血",49.4,"G9971",NA,NA,7193,"2023",12,"Winter",2021-01-09,2023-08-02,4.2258064516129,TRUE,"2021",1,"Winter","G-coded","male","2",35.21,"31-42",FALSE,FALSE,FALSE,FALSE,FALSE,FALSE,FALSE,FALSE,FALSE,FALSE,1,1,"singleton",0,0,0,0,0,0,0,0,0,0,0,12
"201022",35.24,2,2023-09-05,"871041文尼哥",53.8,"G9472","41116220","60501",7748,"2023",9,"Autumn",2020-10-05,2023-08-02,1.1,TRUE,"2020",10,"Autumn","G-coded","male","2",35.24,"31-42",FALSE,FALSE,FALSE,FALSE,FALSE,FALSE,FALSE,FALSE,FALSE,FALSE,1,1,"singleton",0,0,0,0,0,1,0,1,0,0,0,9
"234426",35.27,1,2026-02-23,"41121296",49.8,"G62172","65117528","202635",920,"2026",2,"Winter",2023-03-23,2023-08-02,30.75,FALSE,"2023",3,"Spring","G-coded","male","1",35.27,"31-42",FALSE,FALSE,FALSE,FALSE,FALSE,FALSE,FALSE,FALSE,FALSE,FALSE,1,1,"singleton",0,0,0,0,0,0,0,0,0,0,0,2
"225500",35.31,2,2025-11-19,"21219011",43.2,"G53434","606045维泽","50966",1601,"2025",11,"Autumn",2022-12-19,2023-08-02,27.5666666666667,FALSE,"2022",12,"Winter","G-coded","male","2",35.31,"31-42",FALSE,FALSE,FALSE,FALSE,FALSE,FALSE,FALSE,FALSE,FALSE,FALSE,1,1,"singleton",0,0,0,0,0,0,0,0,0,0,0,11
"234321",35.34,2,2026-02-08,"41121286",47.8,"G62111","854773威吉吉","800063",1017,"2026",2,"Winter",2023-03-08,2023-08-02,30.2142857142857,FALSE,"2023",3,"Spring","G-coded","male","2",35.34,"31-42",FALSE,FALSE,FALSE,FALSE,FALSE,FALSE,FALSE,FALSE,FALSE,FALSE,1,1,"singleton",0,0,0,0,0,0,0,0,0,0,0,2
"213763",35.34,2,2024-05-14,"22220785",50.1,"G40210",NA,NA,5672,"2024",5,"Spring",2021-06-14,2023-08-02,9.38709677419355,TRUE,"2021",6,"Summer","G-coded","male","2",35.34,"31-42",FALSE,FALSE,FALSE,FALSE,FALSE,FALSE,FALSE,FALSE,FALSE,FALSE,1,1,"singleton",0,0,0,0,0,0,0,0,0,0,0,5
"202200",35.37,2,2023-09-15,"7402563907",50,"G9512",NA,NA,7691,"2023",9,"Autumn",2020-10-15,2023-08-02,1.43333333333333,TRUE,"2020",10,"Autumn","G-coded","male","2",35.37,"31-42",FALSE,FALSE,FALSE,FALSE,FALSE,FALSE,FALSE,FALSE,FALSE,FALSE,1,1,"singleton",0,0,0,0,0,0,0,0,0,0,0,9
"202079",35.4,2,2023-08-20,"7402563907",44.3,"G9373","606244","T13057",7867,"2023",8,"Summer",2020-09-20,2023-08-02,0.580645161290323,TRUE,"2020",9,"Autumn","G-coded","male","2",35.4,"31-42",FALSE,FALSE,FALSE,FALSE,FALSE,FALSE,FALSE,FALSE,FALSE,FALSE,1,1,"singleton",0,0,0,0,0,0,0,0,0,0,0,8
"H225512",35.47,2,2025-12-05,"41121286",56.3,"G53523","606045","201069",1423,"2025",12,"Winter",2023-01-05,2023-08-02,28.0967741935484,FALSE,"2023",1,"Winter","G-coded","male","2",35.47,"31-42",FALSE,FALSE,FALSE,FALSE,FALSE,FALSE,FALSE,FALSE,FALSE,FALSE,1,1,"singleton",0,1,0,0,0,1,0,1,0,1,0,12
"234997",35.54,1,2026-06-21,"41121286",49.2,"G62608","854773威吉吉","212648",5,"2026",6,"Summer",2023-06-21,2023-07-02,35.6333333333333,FALSE,"2023",6,"Summer","G-coded","male","1",35.54,"31-42",FALSE,FALSE,FALSE,FALSE,FALSE,FALSE,FALSE,FALSE,FALSE,FALSE,1,1,"singleton",0,0,0,0,0,0,0,0,0,0,0,6
"L212643",35.57,1,2024-03-29,"15620128",59.2,"G40575","606318","Z00407",5978,"2024",3,"Spring",2021-03-29,2023-07-02,8.87096774193548,TRUE,"2021",3,"Spring","G-coded","male","1",35.57,"31-42",FALSE,FALSE,FALSE,FALSE,FALSE,FALSE,FALSE,FALSE,FALSE,FALSE,1,1,"singleton",0,1,0,1,0,1,0,1,0,1,0,3
"234215",35.6,2,2026-01-31,"21219011",50.8,"G62082",NA,NA,1062,"2026",1,"Winter",2023-01-31,2023-07-02,30.9354838709677,FALSE,"2023",1,"Winter","G-coded","male","2",35.6,"31-42",FALSE,FALSE,FALSE,FALSE,FALSE,FALSE,FALSE,FALSE,FALSE,FALSE,1,1,"singleton",0,0,0,0,0,0,0,0,0,0,0,1
"234635",35.63,2,2026-04-10,"41120238",38.3,"G62402","871041文尼哥","800541",456,"2026",4,"Spring",2023-04-10,2023-07-02,33.2666666666667,FALSE,"2023",4,"Spring","G-coded","male","2",35.63,"31-42",FALSE,FALSE,FALSE,FALSE,FALSE,FALSE,FALSE,FALSE,FALSE,FALSE,1,1,"singleton",0,0,0,0,1,0,0,0,0,0,0,4
"201329",35.63,2,2023-03-03,"854773威吉吉",46.3,"G8429","606244","61223",9036,"2023",3,"Spring",2020-03-03,2023-07-02,-3.96774193548387,TRUE,"2020",3,"Spring","G-coded","male","2",35.63,"31-42",FALSE,FALSE,FALSE,FALSE,FALSE,FALSE,FALSE,FALSE,FALSE,FALSE,1,1,"singleton",0,0,0,0,0,0,0,0,0,0,0,3
"234424",35.77,2,2026-03-10,"41121296",38.4,"G62244","7402563907","00149",778,"2026",3,"Spring",2023-03-10,2023-07-02,32.258064516129,FALSE,"2023",3,"Spring","G-coded","male","2",35.77,"31-42",FALSE,FALSE,FALSE,FALSE,FALSE,FALSE,FALSE,FALSE,FALSE,FALSE,1,1,"singleton",0,0,0,0,1,0,0,0,0,0,0,3
"201606",35.8,2,2023-04-26,"871041文尼哥",39.1,"G8764","606244","62490",8544,"2023",4,"Spring",2020-04-26,2023-07-02,-2.2,TRUE,"2020",4,"Spring","G-coded","male","2",35.8,"31-42",FALSE,FALSE,FALSE,FALSE,FALSE,FALSE,FALSE,FALSE,FALSE,FALSE,1,1,"singleton",0,0,0,0,1,0,0,0,0,0,0,4
"234835",35.9,2,2026-05-30,"41120238",42.8,"G62559","854773威吉吉","00604",136,"2026",5,"Spring",2023-05-30,2023-07-02,34.9032258064516,FALSE,"2023",5,"Spring","G-coded","male","2",35.9,"31-42",FALSE,FALSE,FALSE,FALSE,FALSE,FALSE,FALSE,FALSE,FALSE,FALSE,1,1,"singleton",0,0,0,0,0,0,0,0,0,0,0,5
"234887",35.96,2,2026-06-07,"41120238",49.7,"G62580","公牛","01483",85,"2026",6,"Summer",2023-06-07,2023-07-02,35.1666666666667,FALSE,"2023",6,"Summer","G-coded","male","2",35.96,"31-42",FALSE,FALSE,FALSE,FALSE,FALSE,FALSE,FALSE,FALSE,FALSE,FALSE,1,1,"singleton",0,0,0,0,0,0,0,0,0,0,0,6
"202028",35.96,2,2023-08-22,"865530狼血",44,"G9383","606244","70474",7855,"2023",8,"Summer",2020-08-22,2023-07-02,1.64516129032258,TRUE,"2020",8,"Summer","G-coded","male","2",35.96,"31-42",FALSE,FALSE,FALSE,FALSE,FALSE,FALSE,FALSE,FALSE,FALSE,FALSE,1,1,"singleton",0,0,0,0,0,0,0,0,0,0,0,8
"202425",36.03,2,2023-11-04,"854282维利纳诺",33.8,"G9743","7402563907","61165",7411,"2023",11,"Autumn",2020-11-04,2023-07-02,4.06666666666667,TRUE,"2020",11,"Autumn","G-coded","male","2",36.03,"31-42",FALSE,FALSE,FALSE,FALSE,FALSE,FALSE,FALSE,FALSE,FALSE,FALSE,1,1,"singleton",1,0,1,0,1,0,1,0,0,0,0,11
"234744",36.06,2,2026-05-15,"21219011",40.3,"G62498","871041文尼哥","62758",247,"2026",5,"Spring",2023-05-15,2023-07-02,34.4193548387097,FALSE,"2023",5,"Spring","G-coded","male","2",36.06,"31-42",FALSE,FALSE,FALSE,FALSE,FALSE,FALSE,FALSE,FALSE,FALSE,FALSE,1,1,"singleton",0,0,0,0,0,0,0,0,0,0,0,5
"225472",36.09,2,2025-12-08,"41121286",52.8,"G53536","606045","60184",1386,"2025",12,"Winter",2022-12-08,2023-07-02,29.1935483870968,FALSE,"2022",12,"Winter","G-coded","male","2",36.09,"31-42",FALSE,FALSE,FALSE,FALSE,FALSE,FALSE,FALSE,FALSE,FALSE,FALSE,1,1,"singleton",0,0,0,0,0,1,0,1,0,0,0,12
"H212767",36.13,2,2023-01-15,"854282维利纳诺",46.3,"G8091","186756","50750",9389,"2023",1,"Winter",2020-01-15,2023-07-02,-5.58064516129032,TRUE,"2020",1,"Winter","G-coded","male","2",36.13,"31-42",FALSE,FALSE,FALSE,FALSE,FALSE,FALSE,FALSE,FALSE,FALSE,FALSE,1,1,"singleton",0,0,0,0,0,0,0,0,0,0,0,1
"224671",36.16,2,2025-04-24,"427133",45.3,"G52608","180781","201188",3162,"2025",4,"Spring",2022-04-24,2023-07-02,21.7333333333333,FALSE,"2022",4,"Spring","G-coded","male","2",36.16,"31-42",FALSE,FALSE,FALSE,FALSE,FALSE,FALSE,FALSE,FALSE,FALSE,FALSE,1,1,"singleton",0,0,0,0,0,0,0,0,0,0,0,4
"234377",36.23,2,2026-03-17,"41121286",41.5,"G62321","871041文尼哥","201665",717,"2026",3,"Spring",2023-03-17,2023-07-02,32.4838709677419,FALSE,"2023",3,"Spring","G-coded","male","2",36.23,"31-42",FALSE,FALSE,FALSE,FALSE,FALSE,FALSE,FALSE,FALSE,FALSE,FALSE,1,1,"singleton",0,0,0,0,0,0,0,0,0,0,0,3
"234402",36.26,2,2026-03-22,"41121296",58.3,"G62305","7029225762","40216",659,"2026",3,"Spring",2023-03-22,2023-07-02,32.6451612903226,FALSE,"2023",3,"Spring","G-coded","male","2",36.26,"31-42",FALSE,FALSE,FALSE,FALSE,FALSE,FALSE,FALSE,FALSE,FALSE,FALSE,1,1,"singleton",0,1,0,1,0,1,0,1,0,1,0,3
"212258",36.29,2,2024-02-13,"862025瓦特罗",44.2,"G40257",NA,NA,6517,"2024",2,"Winter",2021-02-13,2023-07-02,7.37931034482759,TRUE,"2021",2,"Winter","G-coded","male","2",36.29,"31-42",FALSE,FALSE,FALSE,FALSE,FALSE,FALSE,FALSE,FALSE,FALSE,FALSE,1,1,"singleton",0,0,0,0,0,0,0,0,0,0,0,2
"212482",36.32,2,2024-03-28,"FR3917468802",43.6,"G40572",NA,NA,5995,"2024",3,"Spring",2021-03-28,2023-07-02,8.83870967741935,TRUE,"2021",3,"Spring","G-coded","male","2",36.32,"31-42",FALSE,FALSE,FALSE,FALSE,FALSE,FALSE,FALSE,FALSE,FALSE,FALSE,1,1,"singleton",0,0,0,0,0,0,0,0,0,0,0,3
"212003",36.36,2,2024-01-11,"FR7045049997",50.6,"G40065",NA,NA,6853,"2024",1,"Winter",2021-01-11,2023-07-02,6.29032258064516,TRUE,"2021",1,"Winter","G-coded","male","2",36.36,"31-42",FALSE,FALSE,FALSE,FALSE,FALSE,FALSE,FALSE,FALSE,FALSE,FALSE,1,1,"singleton",0,0,0,0,0,0,0,0,0,0,0,1
"H212974",36.42,2,2025-10-19,"15620193",46.5,"G53275","865530","01132",1892,"2025",10,"Autumn",2022-10-19,2023-07-02,27.5483870967742,FALSE,"2022",10,"Autumn","G-coded","male","2",36.42,"31-42",FALSE,FALSE,FALSE,FALSE,FALSE,FALSE,FALSE,FALSE,FALSE,FALSE,1,1,"singleton",0,0,0,0,0,0,0,0,0,0,0,10
"212367",36.46,2,2024-03-16,"862025瓦特罗",40.8,"G40505",NA,NA,6092,"2024",3,"Spring",2021-03-16,2023-07-02,8.45161290322581,TRUE,"2021",3,"Spring","G-coded","male","2",36.46,"31-42",FALSE,FALSE,FALSE,FALSE,FALSE,FALSE,FALSE,FALSE,FALSE,FALSE,1,1,"singleton",0,0,0,0,0,0,0,0,0,0,0,3
"212260",36.52,2,2024-02-22,"FR3917468802",60.1,"G40340","606306","61760",6393,"2024",2,"Winter",2021-01-22,2023-06-02,8.68965517241379,TRUE,"2021",1,"Winter","G-coded","male","2",36.52,"31-42",FALSE,FALSE,FALSE,FALSE,FALSE,FALSE,FALSE,FALSE,FALSE,FALSE,1,1,"singleton",0,1,0,1,0,1,0,1,0,1,1,2
"212275",36.55,2,2024-02-26,"862025瓦特罗",52.1,"G40376","7402563907","62033",6322,"2024",2,"Winter",2021-01-26,2023-06-02,8.82758620689655,TRUE,"2021",1,"Winter","G-coded","male","2",36.55,"31-42",FALSE,FALSE,FALSE,FALSE,FALSE,FALSE,FALSE,FALSE,FALSE,FALSE,1,1,"singleton",0,0,0,0,0,0,0,0,0,0,0,2
"202367",36.59,2,2023-11-16,"854400西部公园",36.4,"G9829",NA,NA,7341,"2023",11,"Autumn",2020-10-16,2023-06-02,5.46666666666667,TRUE,"2020",10,"Autumn","G-coded","male","2",36.59,"31-42",FALSE,FALSE,FALSE,FALSE,FALSE,FALSE,FALSE,FALSE,FALSE,FALSE,1,1,"singleton",1,0,0,0,1,0,0,0,0,0,0,11
"H212053",36.62,2,2024-07-29,"15620126",30.7,"G40964",NA,NA,5261,"2024",7,"Summer",2021-06-29,2023-06-02,13.8709677419355,TRUE,"2021",6,"Summer","G-coded","male","2",36.62,"31-42",FALSE,FALSE,FALSE,FALSE,FALSE,FALSE,FALSE,FALSE,FALSE,FALSE,1,1,"singleton",1,0,1,0,1,0,1,0,0,0,0,7
"225290",36.72,2,2025-11-06,"21219011",43.6,"G53355","西西弗斯180561","800900",1739,"2025",11,"Autumn",2022-10-06,2023-06-02,29.1333333333333,FALSE,"2022",10,"Autumn","G-coded","male","2",36.72,"31-42",FALSE,FALSE,FALSE,FALSE,FALSE,FALSE,FALSE,FALSE,FALSE,FALSE,1,1,"singleton",0,0,0,0,0,0,0,0,0,0,0,11
"234170",36.75,2,2026-02-27,"12120012",43.5,"G62185","871041文尼哥","60587",885,"2026",2,"Winter",2023-01-27,2023-06-02,32.8928571428571,FALSE,"2023",1,"Winter","G-coded","male","2",36.75,"31-42",FALSE,FALSE,FALSE,FALSE,FALSE,FALSE,FALSE,FALSE,FALSE,FALSE,1,1,"singleton",0,0,0,0,0,0,0,0,0,0,0,2
"212309",36.79,2,2024-03-14,"862025瓦特罗",51,"G40485",NA,NA,6133,"2024",3,"Spring",2021-02-14,2023-06-02,9.38709677419355,TRUE,"2021",2,"Winter","G-coded","male","2",36.79,"31-42",FALSE,FALSE,FALSE,FALSE,FALSE,FALSE,FALSE,FALSE,FALSE,FALSE,1,1,"singleton",0,0,0,0,0,0,0,0,0,0,0,3
"H212971",36.85,2,2024-06-17,"22220785",45.6,"G40854","7029225762","800463",5433,"2024",6,"Summer",2021-05-17,2023-06-02,12.5,TRUE,"2021",5,"Spring","G-coded","male","2",36.85,"31-42",FALSE,FALSE,FALSE,FALSE,FALSE,FALSE,FALSE,FALSE,FALSE,FALSE,1,1,"singleton",0,0,0,0,0,0,0,0,0,0,0,6
"212031",36.92,2,2024-01-31,"862025瓦特罗",38.6,"G40155","740640209","61537",6694,"2024",1,"Winter",2020-12-31,2023-06-02,7.93548387096774,TRUE,"2020",12,"Winter","G-coded","male","2",36.92,"31-42",FALSE,FALSE,FALSE,FALSE,FALSE,FALSE,FALSE,FALSE,FALSE,FALSE,1,1,"singleton",0,0,0,0,1,0,0,0,0,0,0,1
"201445",36.95,2,2023-05-05,"871041文尼哥",40.5,"G8819",NA,NA,8484,"2023",5,"Spring",2020-04-05,2023-06-02,-0.903225806451613,TRUE,"2020",4,"Spring","G-coded","male","2",36.95,"31-42",FALSE,FALSE,FALSE,FALSE,FALSE,FALSE,FALSE,FALSE,FALSE,FALSE,1,1,"singleton",0,0,0,0,0,0,0,0,0,0,0,5
"225446",36.98,2,2025-12-30,"21219011",45.2,"G53606","甘露606318","01333",1227,"2025",12,"Winter",2022-11-30,2023-06-02,30.9032258064516,FALSE,"2022",11,"Autumn","G-coded","male","2",36.98,"31-42",FALSE,FALSE,FALSE,FALSE,FALSE,FALSE,FALSE,FALSE,FALSE,FALSE,1,1,"singleton",0,0,0,0,0,0,0,0,0,0,0,12
"212055",37.02,2,2024-02-04,"862025瓦特罗",40.3,"G40193",NA,NA,6639,"2024",2,"Winter",2021-01-04,2023-06-02,8.06896551724138,TRUE,"2021",1,"Winter","G-coded","male","2",37.02,"31-42",FALSE,FALSE,FALSE,FALSE,FALSE,FALSE,FALSE,FALSE,FALSE,FALSE,1,1,"singleton",0,0,0,0,0,0,0,0,0,0,0,2
"234643",37.08,2,2026-05-26,"41120238",48.8,"G62541","871041文尼哥","201608",170,"2026",5,"Spring",2023-04-26,2023-06-02,35.7741935483871,FALSE,"2023",4,"Spring","G-coded","male","2",37.08,"31-42",FALSE,FALSE,FALSE,FALSE,FALSE,FALSE,FALSE,FALSE,FALSE,FALSE,1,1,"singleton",0,0,0,0,0,0,0,0,0,0,0,5
"213046",37.11,2,2024-07-19,"22220785",49.6,"G40925","7029225762","70189",5336,"2024",7,"Summer",2021-06-19,2023-06-02,13.5483870967742,TRUE,"2021",6,"Summer","G-coded","male","2",37.11,"31-42",FALSE,FALSE,FALSE,FALSE,FALSE,FALSE,FALSE,FALSE,FALSE,FALSE,1,1,"singleton",0,0,0,0,0,0,0,0,0,0,0,7
"202562",37.18,2,2024-01-04,"865530狼血",45.8,"G40030","180600","70584",6925,"2024",1,"Winter",2020-12-04,2023-06-02,7.06451612903226,TRUE,"2020",12,"Winter","G-coded","male","2",37.18,"31-42",FALSE,FALSE,FALSE,FALSE,FALSE,FALSE,FALSE,FALSE,FALSE,FALSE,1,1,"singleton",0,0,0,0,0,0,0,0,0,0,0,1
"201556",37.25,1,2023-06-02,"865530狼血",41.2,"G8957","606244","61254",8320,"2023",6,"Summer",2020-05-02,2023-06-02,0,TRUE,"2020",5,"Spring","G-coded","male","1",37.25,"31-42",FALSE,FALSE,FALSE,FALSE,FALSE,FALSE,FALSE,FALSE,FALSE,FALSE,1,1,"singleton",0,0,0,0,0,0,0,0,0,0,0,6
"234038",37.28,2,2026-02-14,"41120238",46.8,"G62128","854282维利纳诺","00133",980,"2026",2,"Winter",2023-01-14,2023-06-02,32.4285714285714,FALSE,"2023",1,"Winter","G-coded","male","2",37.28,"31-42",FALSE,FALSE,FALSE,FALSE,FALSE,FALSE,FALSE,FALSE,FALSE,FALSE,1,1,"singleton",0,0,0,0,0,0,0,0,0,0,0,2
"234320",37.31,2,2026-04-09,"41120238",45.5,"G62400","854773威吉吉","70092",463,"2026",4,"Spring",2023-03-09,2023-06-02,34.2333333333333,FALSE,"2023",3,"Spring","G-coded","male","2",37.31,"31-42",FALSE,FALSE,FALSE,FALSE,FALSE,FALSE,FALSE,FALSE,FALSE,FALSE,1,1,"singleton",0,0,0,0,0,0,0,0,0,0,0,4
"212289",37.34,2,2024-03-25,"862025瓦特罗",47.3,"G40547","606306","140292",6017,"2024",3,"Spring",2021-02-25,2023-06-02,9.74193548387097,TRUE,"2021",2,"Winter","G-coded","male","2",37.34,"31-42",FALSE,FALSE,FALSE,FALSE,FALSE,FALSE,FALSE,FALSE,FALSE,FALSE,1,1,"singleton",0,0,0,0,0,0,0,0,0,0,0,3
"212049",37.38,2,2024-02-08,"865530狼血",54,"G40220",NA,NA,6582,"2024",2,"Winter",2021-01-08,2023-06-02,8.20689655172414,TRUE,"2021",1,"Winter","G-coded","male","2",37.38,"31-42",FALSE,FALSE,FALSE,FALSE,FALSE,FALSE,FALSE,FALSE,FALSE,FALSE,1,1,"singleton",0,0,0,0,0,1,0,1,0,0,0,2
"202365",37.48,1,2023-12-13,"865530狼血",52.4,"G9990","163940","70706",7164,"2023",12,"Winter",2020-11-13,2023-06-02,6.35483870967742,TRUE,"2020",11,"Autumn","G-coded","male","1",37.48,"31-42",FALSE,FALSE,FALSE,FALSE,FALSE,FALSE,FALSE,FALSE,FALSE,FALSE,1,1,"singleton",0,0,0,0,0,0,0,0,0,0,0,12
"201814",37.54,2,2023-08-11,"854773威吉吉",41.5,"G9326","865530","800439",7921,"2023",8,"Summer",2020-06-11,2023-05-02,3.29032258064516,TRUE,"2020",6,"Summer","G-coded","male","2",37.54,"31-42",FALSE,FALSE,FALSE,FALSE,FALSE,FALSE,FALSE,FALSE,FALSE,FALSE,1,1,"singleton",0,0,0,0,0,0,0,0,0,0,0,8
"202450",37.57,2,2023-12-25,"854773威吉吉",33.6,"G10107","163940","61130",7008,"2023",12,"Winter",2020-10-25,2023-05-02,7.74193548387097,TRUE,"2020",10,"Autumn","G-coded","male","2",37.57,"31-42",FALSE,FALSE,FALSE,FALSE,FALSE,FALSE,FALSE,FALSE,FALSE,FALSE,1,1,"singleton",1,0,1,0,1,0,1,0,0,0,0,12
"225249",37.61,2,2025-11-26,"41121286",44.4,"G53466","西西弗斯180561","801121",1519,"2025",11,"Autumn",2022-09-26,2023-05-02,30.8,FALSE,"2022",9,"Autumn","G-coded","male","2",37.61,"31-42",FALSE,FALSE,FALSE,FALSE,FALSE,FALSE,FALSE,FALSE,FALSE,FALSE,1,1,"singleton",0,0,0,0,0,0,0,0,0,0,0,11
"213033",37.67,2,2024-08-01,"171206",43.4,"G40969",NA,NA,5248,"2024",8,"Summer",2021-06-01,2023-05-02,14.9677419354839,TRUE,"2021",6,"Summer","G-coded","male","2",37.67,"31-42",FALSE,FALSE,FALSE,FALSE,FALSE,FALSE,FALSE,FALSE,FALSE,FALSE,1,1,"singleton",0,0,0,0,0,0,0,0,0,0,0,8
"201325",37.71,2,2024-02-09,"862025瓦特罗",50.6,"G41402","180600","62265",6558,"2024",2,"Winter",2020-12-09,2023-05-02,9.24137931034483,TRUE,"2020",12,"Winter","G-coded","male","2",37.71,"31-42",FALSE,FALSE,FALSE,FALSE,FALSE,FALSE,FALSE,TRUE,FALSE,FALSE,1,1,"singleton",0,0,0,0,0,0,0,0,0,0,0,2
"234573",37.77,2,2026-05-31,"41120238",45.4,"G62564",NA,NA,129,"2026",5,"Spring",2023-03-31,2023-05-02,36.9354838709677,FALSE,"2023",3,"Spring","G-coded","male","2",37.77,"31-42",FALSE,FALSE,FALSE,FALSE,FALSE,FALSE,FALSE,FALSE,FALSE,FALSE,1,1,"singleton",0,0,0,0,0,0,0,0,0,0,0,5
"234650",37.87,2,2026-06-20,"41120238",34.4,"G62605","7029225762","61941",15,"2026",6,"Summer",2023-04-20,2023-05-02,37.6,FALSE,"2023",4,"Spring","G-coded","male","2",37.87,"31-42",FALSE,FALSE,FALSE,FALSE,FALSE,FALSE,FALSE,FALSE,FALSE,FALSE,1,1,"singleton",1,0,1,0,1,0,1,0,0,0,0,6
"202319",37.87,2,2023-12-19,"865530狼血",62.2,"G10037",NA,NA,7085,"2023",12,"Winter",2020-10-19,2023-05-02,7.54838709677419,TRUE,"2020",10,"Autumn","G-coded","male","2",37.87,"31-42",FALSE,FALSE,FALSE,FALSE,FALSE,FALSE,FALSE,FALSE,FALSE,FALSE,1,1,"singleton",0,1,0,1,0,1,0,1,0,1,1,12
"201729L",37.94,2,2024-03-03,"862025瓦特罗",50.3,"G40413",NA,NA,6250,"2024",3,"Spring",2021-01-03,2023-05-02,10.0322580645161,TRUE,"2021",1,"Winter","G-coded","male","2",37.94,"31-42",FALSE,FALSE,FALSE,FALSE,FALSE,FALSE,FALSE,FALSE,FALSE,FALSE,1,1,"singleton",0,0,0,0,0,0,0,0,0,0,0,3
"225404",37.97,2,2026-01-17,"41121286",38.9,"G62045","606045","00899",1141,"2026",1,"Winter",2022-11-17,2023-05-02,32.4838709677419,FALSE,"2022",11,"Autumn","G-coded","male","2",37.97,"31-42",FALSE,FALSE,FALSE,FALSE,FALSE,FALSE,FALSE,FALSE,FALSE,FALSE,1,1,"singleton",0,0,0,0,1,0,0,0,0,0,0,1
"224691",38,1,2025-06-20,"863302",35.6,"G52840",NA,NA,2709,"2025",6,"Summer",2022-04-20,2023-05-02,25.6,FALSE,"2022",4,"Spring","G-coded","male","1",38,"31-42",FALSE,FALSE,FALSE,FALSE,FALSE,FALSE,FALSE,FALSE,FALSE,FALSE,1,1,"singleton",1,0,0,0,1,0,1,0,0,0,0,6
"212978",38,2,2024-07-28,"171206",35.2,"G40962","606306","61990",5266,"2024",7,"Summer",2021-05-28,2023-05-02,14.8387096774194,TRUE,"2021",5,"Spring","G-coded","male","2",38,"31-42",FALSE,FALSE,FALSE,FALSE,FALSE,FALSE,FALSE,FALSE,FALSE,FALSE,1,1,"singleton",1,0,0,0,1,0,1,0,0,0,0,7
"01249",38.03,2,2023-01-06,"606045维泽",48.2,"G8055","606192","61916",9444,"2023",1,"Winter",2019-11-06,2023-05-02,-3.87096774193548,TRUE,"2019",11,"Autumn","G-coded","male","2",38.03,"31-42",FALSE,FALSE,FALSE,FALSE,FALSE,FALSE,FALSE,FALSE,FALSE,FALSE,1,1,"singleton",0,0,0,0,0,0,0,0,0,0,0,1
"225374",38.1,1,2026-01-12,"41121286",46.2,"G62032","865530","01182",1164,"2026",1,"Winter",2022-11-12,2023-05-02,32.3225806451613,FALSE,"2022",11,"Autumn","G-coded","male","1",38.1,"31-42",FALSE,FALSE,FALSE,FALSE,FALSE,FALSE,FALSE,FALSE,FALSE,FALSE,1,1,"singleton",0,0,0,0,0,0,0,0,0,0,0,1
"234497",38.13,2,2026-05-30,"41120238",40.4,"G62558","871041文尼哥","00674",137,"2026",5,"Spring",2023-03-30,2023-05-02,36.9032258064516,FALSE,"2023",3,"Spring","G-coded","male","2",38.13,"31-42",FALSE,FALSE,FALSE,FALSE,FALSE,FALSE,FALSE,FALSE,FALSE,FALSE,1,1,"singleton",0,0,0,0,0,0,0,0,0,0,0,5
"202392",38.13,2,2024-01-04,"FR7045049997",52.8,"G40025","163940","63042",6926,"2024",1,"Winter",2020-11-04,2023-05-02,8.06451612903226,TRUE,"2020",11,"Autumn","G-coded","male","2",38.13,"31-42",FALSE,FALSE,FALSE,FALSE,FALSE,FALSE,FALSE,FALSE,FALSE,FALSE,1,1,"singleton",0,0,0,0,0,1,0,1,0,0,0,1
"225043",38.2,2,2025-10-19,"41121286",50.1,"G53274","865530","801061",1889,"2025",10,"Autumn",2022-08-19,2023-05-02,29.5483870967742,FALSE,"2022",8,"Summer","G-coded","male","2",38.2,"31-42",FALSE,FALSE,FALSE,FALSE,FALSE,FALSE,FALSE,FALSE,FALSE,FALSE,1,1,"singleton",0,0,0,0,0,0,0,0,0,0,0,10
"224074",38.23,2,2025-03-16,"427151",41.2,"G52414","6868671111","L150112",3542,"2025",3,"Spring",2022-01-16,2023-05-02,22.4516129032258,FALSE,"2022",1,"Winter","G-coded","male","2",38.23,"31-42",FALSE,FALSE,FALSE,FALSE,FALSE,FALSE,FALSE,FALSE,FALSE,FALSE,1,1,"singleton",0,0,0,0,0,0,0,0,0,0,0,3
"212365",38.26,2,2024-05-09,"FR3917468802",51.4,"G40706","7402563907","70068",5704,"2024",5,"Spring",2021-03-09,2023-05-02,12.2258064516129,TRUE,"2021",3,"Spring","G-coded","male","2",38.26,"31-42",FALSE,FALSE,FALSE,FALSE,FALSE,FALSE,FALSE,FALSE,FALSE,FALSE,1,1,"singleton",0,0,0,0,0,0,0,0,0,0,0,5
"224141",38.33,2,2025-04-02,"22220783",50.4,"G52506","871041","Z62473",3360,"2025",4,"Spring",2022-02-02,2023-05-02,23,FALSE,"2022",2,"Winter","G-coded","male","2",38.33,"31-42",FALSE,FALSE,FALSE,FALSE,FALSE,FALSE,FALSE,FALSE,FALSE,FALSE,1,1,"singleton",0,0,0,0,0,0,0,0,0,0,0,4
"201208",38.36,2,2023-05-04,"871041文尼哥",45.7,"G8808",NA,NA,8489,"2023",5,"Spring",2020-03-04,2023-05-02,0.0645161290322581,TRUE,"2020",3,"Spring","G-coded","male","2",38.36,"31-42",FALSE,FALSE,FALSE,FALSE,FALSE,FALSE,FALSE,FALSE,FALSE,FALSE,1,1,"singleton",0,0,0,0,0,0,0,0,0,0,0,5
"201962",38.43,2,2023-10-19,"854282维利纳诺",50.3,"G9655","606244","800648",7502,"2023",10,"Autumn",2020-08-19,2023-05-02,5.54838709677419,TRUE,"2020",8,"Summer","G-coded","male","2",38.43,"31-42",FALSE,FALSE,FALSE,FALSE,FALSE,FALSE,FALSE,FALSE,FALSE,FALSE,1,1,"singleton",0,0,0,0,0,0,0,0,0,0,0,10
"212426",38.46,2,2024-05-24,"171206",34.8,"G40757",NA,NA,5617,"2024",5,"Spring",2021-03-24,2023-05-02,12.7096774193548,TRUE,"2021",3,"Spring","G-coded","male","2",38.46,"31-42",FALSE,FALSE,FALSE,FALSE,FALSE,FALSE,FALSE,FALSE,FALSE,FALSE,1,1,"singleton",1,0,0,0,1,0,1,0,0,0,0,5
"00253",38.56,1,2023-04-06,"854773威吉吉",38.9,"G8666",NA,NA,8683,"2023",4,"Spring",2020-01-06,2023-04-02,0.133333333333333,TRUE,"2020",1,"Winter","G-coded","male","1",38.56,"31-42",FALSE,FALSE,FALSE,FALSE,FALSE,FALSE,FALSE,FALSE,FALSE,FALSE,1,1,"singleton",0,0,0,0,1,0,0,0,0,0,0,4
"234456",38.63,1,2026-06-09,"21219011",39.2,"G62584","7402563907","00027",71,"2026",6,"Summer",2023-03-09,2023-04-02,38.2333333333333,FALSE,"2023",3,"Spring","G-coded","male","1",38.63,"31-42",FALSE,FALSE,FALSE,FALSE,FALSE,FALSE,FALSE,FALSE,FALSE,FALSE,1,1,"singleton",0,0,0,0,1,0,0,0,0,0,0,6
"225083",38.69,2,2025-11-16,"21219011",40.8,"G53403","甘露606318","201547",1641,"2025",11,"Autumn",2022-08-16,2023-04-02,31.4666666666667,FALSE,"2022",8,"Summer","G-coded","male","2",38.69,"31-42",FALSE,FALSE,FALSE,FALSE,FALSE,FALSE,FALSE,FALSE,FALSE,FALSE,1,1,"singleton",0,0,0,0,0,0,0,0,0,0,0,11
"224239",38.76,2,2025-05-07,"22218621",53.2,"G52681",NA,NA,3033,"2025",5,"Spring",2022-02-07,2023-04-02,25.1612903225806,FALSE,"2022",2,"Winter","G-coded","male","2",38.76,"31-42",FALSE,FALSE,FALSE,FALSE,FALSE,FALSE,FALSE,FALSE,FALSE,FALSE,1,1,"singleton",0,0,0,0,0,1,0,1,0,0,0,5
"H213763",38.86,2,2024-02-14,"FR7045049997",47.3,"G40269","163940","91125",6491,"2024",2,"Winter",2020-11-14,2023-04-02,10.4137931034483,TRUE,"2020",11,"Autumn","G-coded","male","2",38.86,"31-42",FALSE,FALSE,FALSE,FALSE,FALSE,FALSE,FALSE,FALSE,FALSE,FALSE,1,1,"singleton",0,0,0,0,0,0,0,0,0,0,0,2
"212152",38.92,2,2024-04-14,"FR3917468802",43.4,"G40627","180781","801141",5878,"2024",4,"Spring",2021-01-14,2023-04-02,12.4,TRUE,"2021",1,"Winter","G-coded","male","2",38.92,"31-42",FALSE,FALSE,FALSE,FALSE,FALSE,FALSE,FALSE,FALSE,FALSE,FALSE,1,1,"singleton",0,0,0,0,0,0,0,0,0,0,0,4
"201676",39.05,2,2023-08-14,"865530狼血",53.4,"G9338","606244","61278",7907,"2023",8,"Summer",2020-05-14,2023-04-02,4.38709677419355,TRUE,"2020",5,"Spring","G-coded","male","2",39.05,"31-42",FALSE,FALSE,FALSE,FALSE,FALSE,FALSE,FALSE,FALSE,FALSE,FALSE,1,1,"singleton",0,0,0,0,0,1,0,1,0,0,0,8
"212241",39.12,2,2024-05-07,"22220785",54.5,"G40704","740640209","60307",5717,"2024",5,"Spring",2021-02-07,2023-04-02,13.1612903225806,TRUE,"2021",2,"Winter","G-coded","male","2",39.12,"31-42",FALSE,FALSE,FALSE,FALSE,FALSE,FALSE,FALSE,FALSE,FALSE,FALSE,1,1,"singleton",0,1,0,0,0,1,0,1,0,0,0,5
"225479",39.18,2,2026-03-14,"21219011",46.4,"G62261","606045","800619",743,"2026",3,"Spring",2022-12-14,2023-04-02,35.3870967741936,FALSE,"2022",12,"Winter","G-coded","male","2",39.18,"31-42",FALSE,FALSE,FALSE,FALSE,FALSE,FALSE,FALSE,FALSE,FALSE,FALSE,1,1,"singleton",0,0,0,0,0,0,0,0,0,0,0,3
"213263",39.28,1,2024-03-18,"862025瓦特罗",51.3,"G40515","180600","800649",6079,"2024",3,"Spring",2020-12-18,2023-04-02,11.5161290322581,TRUE,"2020",12,"Winter","G-coded","male","1",39.28,"31-42",FALSE,FALSE,FALSE,FALSE,FALSE,FALSE,FALSE,FALSE,FALSE,FALSE,1,1,"singleton",0,0,0,0,0,0,0,0,0,0,0,3
"234323",39.35,2,2026-06-10,"21219011",50.2,"G62585","7402563907","00546",66,"2026",6,"Summer",2023-03-10,2023-04-02,38.2666666666667,FALSE,"2023",3,"Spring","G-coded","male","2",39.35,"31-42",FALSE,FALSE,FALSE,FALSE,FALSE,FALSE,FALSE,FALSE,FALSE,FALSE,1,1,"singleton",0,0,0,0,0,0,0,0,0,0,0,6
"201086",39.38,1,2023-05-02,"22218717",41.8,"G8796",NA,NA,8504,"2023",5,"Spring",2020-02-02,2023-04-02,1,TRUE,"2020",2,"Winter","G-coded","male","1",39.38,"31-42",FALSE,FALSE,FALSE,FALSE,FALSE,FALSE,FALSE,FALSE,FALSE,FALSE,1,1,"singleton",0,0,0,0,0,0,0,0,0,0,0,5
"201741",39.45,2,2023-05-31,"41417171",47.5,"G8944",NA,NA,8339,"2023",5,"Spring",2020-02-29,2023-04-02,1.93548387096774,TRUE,"2020",2,"Winter","G-coded","male","2",39.45,"31-42",FALSE,FALSE,FALSE,FALSE,FALSE,FALSE,FALSE,FALSE,FALSE,FALSE,1,1,"singleton",0,0,0,0,0,0,0,0,0,0,0,5
"L212389",39.55,2,2024-06-26,"22220785",49.2,"G40869","62544424506","800102",5394,"2024",6,"Summer",2021-02-26,2023-03-02,15.8,FALSE,"2021",2,"Winter","G-coded","male","2",39.55,"31-42",FALSE,FALSE,FALSE,FALSE,FALSE,FALSE,FALSE,FALSE,FALSE,FALSE,1,1,"singleton",0,0,0,0,0,0,0,0,0,0,0,6
"212835L",39.61,2,2024-08-24,"15620126",42.4,"G41024",NA,NA,5145,"2024",8,"Summer",2021-04-24,2023-03-02,17.7096774193548,FALSE,"2021",4,"Spring","G-coded","male","2",39.61,"31-42",FALSE,FALSE,FALSE,FALSE,FALSE,FALSE,FALSE,FALSE,FALSE,FALSE,1,1,"singleton",0,0,0,0,0,0,0,0,0,0,0,8
"H224074",39.71,2,2025-05-03,"427133",47.2,"G52656","854062","63014",3073,"2025",5,"Spring",2022-01-03,2023-03-02,26.0322580645161,FALSE,"2022",1,"Winter","G-coded","male","2",39.71,"31-42",FALSE,FALSE,FALSE,FALSE,FALSE,FALSE,FALSE,FALSE,FALSE,FALSE,1,1,"singleton",0,0,0,0,0,0,0,0,0,0,0,5
"224343",39.91,1,2025-05-26,"22220783",48.8,"G52758",NA,NA,2865,"2025",5,"Spring",2022-01-26,2023-03-02,26.7741935483871,FALSE,"2022",1,"Winter","G-coded","male","1",39.91,"31-42",FALSE,FALSE,FALSE,FALSE,FALSE,FALSE,FALSE,FALSE,FALSE,FALSE,1,1,"singleton",0,0,0,0,0,0,0,0,0,0,0,5
"213764",39.94,2,2025-03-22,"22218621",39.4,"G52451",NA,NA,3486,"2025",3,"Spring",2021-11-22,2023-03-02,24.6451612903226,FALSE,"2021",11,"Autumn","G-coded","male","2",39.94,"31-42",FALSE,FALSE,FALSE,FALSE,FALSE,FALSE,FALSE,FALSE,FALSE,FALSE,1,1,"singleton",0,0,0,0,1,0,0,0,0,0,0,3
"225248",40.07,2,2026-02-08,"41121296",53.6,"G62113","865530","63016",1013,"2026",2,"Winter",2022-10-08,2023-03-02,35.2142857142857,FALSE,"2022",10,"Autumn","G-coded","male","2",40.07,"31-42",FALSE,FALSE,FALSE,FALSE,FALSE,FALSE,FALSE,FALSE,FALSE,FALSE,1,1,"singleton",0,0,0,0,0,1,0,1,0,0,0,2
"202512",40.17,2,2024-02-04,"865530狼血",55.4,"G40188",NA,NA,6633,"2024",2,"Winter",2020-10-04,2023-03-02,11.0689655172414,TRUE,"2020",10,"Autumn","G-coded","male","2",40.17,"31-42",FALSE,FALSE,FALSE,FALSE,FALSE,FALSE,FALSE,FALSE,FALSE,FALSE,1,1,"singleton",0,1,0,0,0,1,0,1,0,1,0,2
"202506",40.24,2,2024-03-25,"862025瓦特罗",52.3,"G40551","163940","800744",6030,"2024",3,"Spring",2020-11-25,2023-03-02,12.741935483871,TRUE,"2020",11,"Autumn","G-coded","male","2",40.24,"31-42",FALSE,FALSE,FALSE,FALSE,FALSE,FALSE,FALSE,FALSE,FALSE,FALSE,1,1,"singleton",0,0,0,0,0,0,0,0,0,0,0,3
"225336",40.27,1,2026-03-08,"15222135",47.9,"G62228","865530","800858",793,"2026",3,"Spring",2022-11-08,2023-03-02,36.1935483870968,FALSE,"2022",11,"Autumn","G-coded","male","1",40.27,"31-42",FALSE,FALSE,FALSE,FALSE,FALSE,FALSE,FALSE,FALSE,FALSE,FALSE,1,1,"singleton",0,0,0,0,0,0,0,0,0,0,0,3
"225424",40.34,3,2026-04-06,"41121286",47.2,"G62388L","甘露606318","95113",488,"2026",4,"Spring",2022-12-06,2023-03-02,37.1333333333333,FALSE,"2022",12,"Winter","G-coded","male","3",40.34,"31-42",FALSE,FALSE,FALSE,FALSE,FALSE,FALSE,FALSE,FALSE,FALSE,FALSE,1,1,"singleton",0,0,0,0,0,0,0,0,0,0,0,4
"202283",40.4,2,2024-02-29,"862025瓦特罗",53.2,"G40401",NA,NA,6274,"2024",2,"Winter",2020-10-29,2023-03-02,11.9310344827586,TRUE,"2020",10,"Autumn","G-coded","male","2",40.4,"31-42",FALSE,FALSE,FALSE,FALSE,FALSE,FALSE,FALSE,FALSE,FALSE,FALSE,1,1,"singleton",0,0,0,0,0,1,0,1,0,0,0,2
"201335",40.6,2,2023-08-02,"854773威吉吉",44.5,"G9290","606244","62188",7970,"2023",8,"Summer",2020-03-02,2023-02-02,6,TRUE,"2020",3,"Spring","G-coded","male","2",40.6,"31-42",FALSE,FALSE,FALSE,FALSE,FALSE,FALSE,FALSE,FALSE,FALSE,FALSE,1,1,"singleton",0,0,0,0,0,0,0,0,0,0,0,8
"212196",40.7,2,2024-06-15,"863025",40.1,"G40843",NA,NA,5443,"2024",6,"Summer",2021-01-15,2023-02-02,16.4333333333333,FALSE,"2021",1,"Winter","G-coded","male","2",40.7,"31-42",FALSE,FALSE,FALSE,FALSE,FALSE,FALSE,FALSE,FALSE,FALSE,FALSE,1,1,"singleton",0,0,0,0,0,0,0,0,0,0,0,6
"213553",40.76,2,2025-03-04,"22220783",50.6,"G52352","606306","62172",3670,"2025",3,"Spring",2021-10-04,2023-02-02,25.0645161290323,FALSE,"2021",10,"Autumn","G-coded","male","2",40.76,"31-42",FALSE,FALSE,FALSE,FALSE,FALSE,FALSE,FALSE,FALSE,FALSE,FALSE,1,1,"singleton",0,0,0,0,0,0,0,0,0,0,0,3
"01328",40.83,2,2024-01-29,"865530狼血",51.2,"G40140L","606244","60520",6713,"2024",1,"Winter",2020-08-29,2023-02-02,11.8709677419355,TRUE,"2020",8,"Summer","G-coded","male","2",40.83,"31-42",FALSE,FALSE,FALSE,FALSE,FALSE,FALSE,FALSE,FALSE,FALSE,FALSE,1,1,"singleton",0,0,0,0,0,0,0,0,0,0,0,1
"212404",40.89,2,2024-08-03,"171206",45.4,"G40974","180781","910092",5241,"2024",8,"Summer",2021-03-03,2023-02-02,18.0322580645161,FALSE,"2021",3,"Spring","G-coded","male","2",40.89,"31-42",FALSE,FALSE,FALSE,FALSE,FALSE,FALSE,FALSE,FALSE,FALSE,FALSE,1,1,"singleton",0,0,0,0,0,0,0,0,0,0,0,8
"213545",40.99,2,2025-03-10,"22220783",56.5,"G52382","606306","X242",3611,"2025",3,"Spring",2021-10-10,2023-02-02,25.258064516129,FALSE,"2021",10,"Autumn","G-coded","male","2",40.99,"31-42",FALSE,FALSE,FALSE,FALSE,FALSE,FALSE,FALSE,FALSE,FALSE,FALSE,1,1,"singleton",0,1,0,0,0,1,0,1,0,1,0,3
"225279",41.16,2,2026-03-19,"41121296",50.3,"G62250",NA,NA,688,"2026",3,"Spring",2022-10-19,2023-02-02,37.5483870967742,FALSE,"2022",10,"Autumn","G-coded","male","2",41.16,"31-42",FALSE,FALSE,FALSE,FALSE,FALSE,FALSE,FALSE,FALSE,FALSE,FALSE,1,1,"singleton",0,0,0,0,0,0,0,0,0,0,0,3
"225078",41.29,1,2026-02-01,"41121286",64.6,"G62086","606045","50472",1052,"2026",2,"Winter",2022-09-01,2023-02-02,35.9677419354839,FALSE,"2022",9,"Autumn","G-coded","male","1",41.29,"31-42",FALSE,FALSE,FALSE,FALSE,FALSE,FALSE,FALSE,FALSE,FALSE,FALSE,1,1,"singleton",0,1,0,1,0,1,0,1,0,1,1,2
"213522",41.35,2,2025-03-16,"22218621",49.2,"G52418","2544424506","60474",3550,"2025",3,"Spring",2021-10-16,2023-02-02,25.4516129032258,FALSE,"2021",10,"Autumn","G-coded","male","2",41.35,"31-42",FALSE,FALSE,FALSE,FALSE,FALSE,FALSE,FALSE,FALSE,FALSE,FALSE,1,1,"singleton",0,0,0,0,0,0,0,0,0,0,0,3
"01037",41.45,2,2023-03-01,"871041文尼哥",46.3,"G8414",NA,NA,9055,"2023",3,"Spring",2019-10-01,2023-02-02,0.964285714285714,TRUE,"2019",10,"Autumn","G-coded","male","2",41.45,"31-42",FALSE,FALSE,FALSE,FALSE,FALSE,FALSE,FALSE,FALSE,FALSE,FALSE,1,1,"singleton",0,0,0,0,0,0,0,0,0,0,0,3
"224299",41.58,2,2025-08-11,"863302",47.3,"G53019","6868671111","91102",2353,"2025",8,"Summer",2022-02-11,2023-01-02,31.2903225806452,FALSE,"2022",2,"Winter","G-coded","male","2",41.58,"31-42",FALSE,FALSE,FALSE,FALSE,FALSE,FALSE,FALSE,FALSE,FALSE,FALSE,1,1,"singleton",0,0,0,0,0,0,0,0,0,0,0,8
"20047",41.88,1,2024-01-26,"865530狼血",48.7,"G40127","865530","60565",6738,"2024",1,"Winter",2020-07-26,2023-01-02,12.7741935483871,TRUE,"2020",7,"Summer","G-coded","male","1",41.88,"31-42",FALSE,FALSE,FALSE,FALSE,FALSE,FALSE,FALSE,FALSE,FALSE,FALSE,1,1,"singleton",0,0,0,0,0,0,0,0,0,0,0,1
"H212255",41.95,3,2024-08-03,"171206",58.2,"G40975","740640209","L40389",5240,"2024",8,"Summer",2021-02-03,2023-01-02,19.0322580645161,FALSE,"2021",2,"Winter","G-coded","male","3",41.95,"31-42",FALSE,FALSE,FALSE,FALSE,FALSE,FALSE,FALSE,FALSE,FALSE,FALSE,1,1,"singleton",0,1,0,1,0,1,0,1,0,1,0,8
"224072",41.98,2,2025-07-07,"863302",30,"G52899",NA,NA,2578,"2025",7,"Summer",2022-01-07,2023-01-02,30.1612903225806,FALSE,"2022",1,"Winter","G-coded","male","2",41.98,"31-42",FALSE,FALSE,FALSE,FALSE,FALSE,FALSE,FALSE,FALSE,FALSE,FALSE,1,1,"singleton",1,0,1,0,1,0,1,0,0,0,0,7
"01126",42.08,2,2023-04-07,"871041文尼哥",53.2,"G8672",NA,NA,8679,"2023",4,"Spring",2019-10-07,2023-01-02,3.16666666666667,TRUE,"2019",10,"Autumn","G-coded","male","2",42.08,"43-60",FALSE,FALSE,FALSE,FALSE,FALSE,FALSE,FALSE,FALSE,FALSE,FALSE,1,1,"singleton",0,0,0,0,0,1,0,1,0,0,0,4
"213778",42.24,2,2025-06-02,"863302",28.2,"G52782","2544424506","70503",2819,"2025",6,"Summer",2021-12-02,2023-01-02,29,FALSE,"2021",12,"Winter","G-coded","male","2",42.24,"43-60",FALSE,FALSE,FALSE,FALSE,FALSE,FALSE,FALSE,FALSE,FALSE,FALSE,1,1,"singleton",1,0,1,0,1,0,1,0,1,0,0,6
"201068",42.34,2,2023-07-27,"865530狼血",30.2,"G9262",NA,NA,7998,"2023",7,"Summer",2020-01-27,2023-01-02,6.80645161290323,TRUE,"2020",1,"Winter","G-coded","male","2",42.34,"43-60",FALSE,FALSE,FALSE,FALSE,FALSE,FALSE,FALSE,FALSE,FALSE,FALSE,1,1,"singleton",1,0,1,0,1,0,1,0,0,0,0,7
"00922",42.47,3,2023-03-02,"871041文尼哥",46.2,"G8419",NA,NA,9045,"2023",3,"Spring",2019-09-02,2023-01-02,2,TRUE,"2019",9,"Autumn","G-coded","male","3",42.47,"43-60",FALSE,FALSE,FALSE,FALSE,FALSE,FALSE,FALSE,FALSE,FALSE,FALSE,1,1,"singleton",0,0,0,0,0,0,0,0,0,0,0,3
"213623",42.57,2,2025-05-14,"427133",40.2,"G52710","2544424506","70365",2959,"2025",5,"Spring",2021-10-14,2022-12-02,29.3870967741935,FALSE,"2021",10,"Autumn","G-coded","male","2",42.57,"43-60",FALSE,FALSE,FALSE,FALSE,FALSE,FALSE,FALSE,FALSE,FALSE,FALSE,1,1,"singleton",0,0,0,0,0,0,0,0,0,0,0,5
"201440",42.64,2,2023-10-25,"854282维利纳诺",50.8,"G9683","606244","800219",7470,"2023",10,"Autumn",2020-03-25,2022-12-02,10.741935483871,TRUE,"2020",3,"Spring","G-coded","male","2",42.64,"43-60",FALSE,FALSE,FALSE,FALSE,FALSE,FALSE,FALSE,FALSE,FALSE,FALSE,1,1,"singleton",0,0,0,0,0,0,0,0,0,0,0,10
"213796",42.8,2,2025-06-23,"41121286",48.6,"G52849","854282","62547",2688,"2025",6,"Summer",2021-11-23,2022-12-02,30.7,FALSE,"2021",11,"Autumn","G-coded","male","2",42.8,"43-60",FALSE,FALSE,FALSE,FALSE,FALSE,FALSE,FALSE,FALSE,FALSE,FALSE,1,1,"singleton",0,0,0,0,0,0,0,0,0,0,0,6
"213342",42.87,2,2025-04-01,"22220783",47.4,"G52496","180781","01081",3369,"2025",4,"Spring",2021-09-01,2022-12-02,27.9677419354839,FALSE,"2021",9,"Autumn","G-coded","male","2",42.87,"43-60",FALSE,FALSE,FALSE,FALSE,FALSE,FALSE,FALSE,FALSE,FALSE,FALSE,1,1,"singleton",0,0,0,0,0,0,0,0,0,0,0,4
"224146",43.2,2,2025-08-29,"15620193",45.4,"G53069","871041","800792",2275,"2025",8,"Summer",2022-01-29,2022-12-02,32.8709677419355,FALSE,"2022",1,"Winter","G-coded","male","2",43.2,"43-60",FALSE,FALSE,FALSE,FALSE,FALSE,FALSE,FALSE,FALSE,FALSE,FALSE,1,1,"singleton",0,0,0,0,0,0,0,0,0,0,0,8
"201527",43.29,2,2023-11-26,"854400西部公园",41.3,"G9876","606244","70184",7285,"2023",11,"Autumn",2020-04-26,2022-12-02,11.8,TRUE,"2020",4,"Spring","G-coded","male","2",43.29,"43-60",FALSE,FALSE,FALSE,FALSE,FALSE,FALSE,FALSE,FALSE,FALSE,FALSE,1,1,"singleton",0,0,0,0,0,0,0,0,0,0,0,11
"H212751",43.46,3,2023-12-09,"865530狼血",52.4,"G9973","606244","62112",7192,"2023",12,"Winter",2020-05-09,2022-12-02,12.2258064516129,TRUE,"2020",5,"Spring","G-coded","male","3",43.46,"43-60",FALSE,FALSE,FALSE,FALSE,FALSE,FALSE,FALSE,FALSE,FALSE,FALSE,1,1,"singleton",0,0,0,0,0,0,0,0,0,0,0,12
"225264",43.62,2,2026-05-30,"21219011",40.4,"G62560","871041文尼哥","60938",133,"2026",5,"Spring",2022-09-30,2022-11-02,42.9032258064516,FALSE,"2022",9,"Autumn","G-coded","male","2",43.62,"43-60",FALSE,FALSE,FALSE,FALSE,FALSE,FALSE,FALSE,FALSE,FALSE,FALSE,1,1,"singleton",0,0,0,0,0,0,0,0,0,0,0,5
"00727",43.69,2,2023-01-26,"871041文尼哥",41.2,"G8242","167285","60140",9320,"2023",1,"Winter",2019-05-26,2022-11-02,2.7741935483871,TRUE,"2019",5,"Spring","G-coded","male","2",43.69,"43-60",FALSE,FALSE,FALSE,FALSE,FALSE,FALSE,FALSE,FALSE,FALSE,FALSE,1,1,"singleton",0,0,0,0,0,0,0,0,0,0,0,1
"225015",43.72,3,2026-03-26,"21219011",43.5,"G62323","606045","800636",610,"2026",3,"Spring",2022-07-26,2022-11-02,40.7741935483871,FALSE,"2022",7,"Summer","G-coded","male","3",43.72,"43-60",FALSE,FALSE,FALSE,FALSE,FALSE,FALSE,FALSE,FALSE,FALSE,FALSE,1,1,"singleton",0,0,0,0,0,0,0,0,0,0,0,3
"224116",43.82,3,2025-09-11,"15618075",45.6,"G53109","871041","00110",2212,"2025",9,"Autumn",2022-01-11,2022-11-02,34.3,FALSE,"2022",1,"Winter","G-coded","male","3",43.82,"43-60",FALSE,FALSE,FALSE,FALSE,FALSE,FALSE,FALSE,FALSE,FALSE,FALSE,1,1,"singleton",0,0,0,0,0,0,0,0,0,0,0,9
"201634",43.89,3,2024-01-02,"FR7045049997",53.7,"G40017","606244","70062",6940,"2024",1,"Winter",2020-05-02,2022-11-02,14,TRUE,"2020",5,"Spring","G-coded","male","3",43.89,"43-60",FALSE,FALSE,FALSE,FALSE,FALSE,FALSE,FALSE,FALSE,FALSE,FALSE,1,1,"singleton",0,0,0,0,0,1,0,1,0,0,0,1
"20064",44.08,3,2024-02-03,"FR7045049997",50.4,"G40184",NA,NA,6647,"2024",2,"Winter",2020-06-03,2022-11-02,15.0344827586207,FALSE,"2020",6,"Summer","G-coded","male","3",44.08,"43-60",FALSE,FALSE,FALSE,FALSE,FALSE,FALSE,FALSE,FALSE,FALSE,FALSE,1,1,"singleton",0,0,0,0,0,0,0,0,0,0,0,2
"01171",44.18,3,2023-06-22,"7402563907",33,"G9078","606192","70622",8188,"2023",6,"Summer",2019-10-22,2022-11-02,7.66666666666667,TRUE,"2019",10,"Autumn","G-coded","male","3",44.18,"43-60",FALSE,FALSE,FALSE,FALSE,FALSE,FALSE,FALSE,FALSE,FALSE,FALSE,1,1,"singleton",1,0,1,0,1,0,1,0,0,0,0,6
"225231",44.31,2,2026-06-12,"41120238",53.5,"G62590","865530","70070",59,"2026",6,"Summer",2022-10-12,2022-11-02,43.3333333333333,FALSE,"2022",10,"Autumn","G-coded","male","2",44.31,"43-60",FALSE,FALSE,FALSE,FALSE,FALSE,FALSE,FALSE,FALSE,FALSE,FALSE,1,1,"singleton",0,0,0,0,0,1,0,1,0,0,0,6
"201107",44.35,2,2023-10-06,"854282维利纳诺",37.8,"G9609",NA,NA,7566,"2023",10,"Autumn",2020-02-06,2022-11-02,11.1290322580645,TRUE,"2020",2,"Winter","G-coded","male","2",44.35,"43-60",FALSE,FALSE,FALSE,FALSE,FALSE,FALSE,FALSE,FALSE,FALSE,FALSE,1,1,"singleton",0,0,0,0,1,0,0,0,0,0,0,10
"00867",44.51,3,2023-03-31,"7402563907",47.1,"G8621","606192","61636",8753,"2023",3,"Spring",2019-06-30,2022-10-02,5.93548387096774,TRUE,"2019",6,"Summer","G-coded","male","3",44.51,"43-60",FALSE,FALSE,FALSE,FALSE,FALSE,FALSE,FALSE,FALSE,FALSE,FALSE,1,1,"singleton",0,0,0,0,0,0,0,0,0,0,0,3
"201487",44.61,2,2023-11-12,"865530狼血",41.6,"G9797",NA,NA,7366,"2023",11,"Autumn",2020-02-12,2022-10-02,13.3333333333333,TRUE,"2020",2,"Winter","G-coded","male","2",44.61,"43-60",FALSE,FALSE,FALSE,FALSE,FALSE,FALSE,FALSE,FALSE,FALSE,FALSE,1,1,"singleton",0,0,0,0,0,0,0,0,0,0,0,11
"213458",44.77,2,2025-06-18,"863302",29.3,"G52835",NA,NA,2726,"2025",6,"Summer",2021-09-18,2022-10-02,32.5333333333333,FALSE,"2021",9,"Autumn","G-coded","male","2",44.77,"43-60",FALSE,FALSE,FALSE,FALSE,FALSE,FALSE,FALSE,FALSE,FALSE,FALSE,1,1,"singleton",1,0,1,0,1,0,1,0,1,0,0,6
"H212382",44.94,3,2024-02-10,"862025瓦特罗",45.5,"G40234",NA,NA,6547,"2024",2,"Winter",2020-05-10,2022-10-02,16.2758620689655,FALSE,"2020",5,"Spring","G-coded","male","3",44.94,"43-60",FALSE,FALSE,FALSE,FALSE,FALSE,FALSE,FALSE,FALSE,FALSE,FALSE,1,1,"singleton",0,0,0,0,0,0,0,0,0,0,0,2
"01161",45.04,2,2023-07-14,"公牛",41.3,"G9167","186756","61684",8097,"2023",7,"Summer",2019-10-14,2022-10-02,9.38709677419355,TRUE,"2019",10,"Autumn","G-coded","male","2",45.04,"43-60",FALSE,FALSE,FALSE,FALSE,FALSE,FALSE,FALSE,FALSE,FALSE,FALSE,1,1,"singleton",0,0,0,0,0,0,0,0,0,0,0,7
"201787",45.07,3,2024-03-17,"862025瓦特罗",47.4,"G40510","22217027","800190",6086,"2024",3,"Spring",2020-06-17,2022-10-02,17.4838709677419,FALSE,"2020",6,"Summer","G-coded","male","3",45.07,"43-60",FALSE,FALSE,FALSE,FALSE,FALSE,FALSE,FALSE,FALSE,FALSE,FALSE,1,1,"singleton",0,0,0,0,0,0,0,0,0,0,0,3
"201885",45.13,3,2024-04-14,"FR3917468802",47.5,"G40628","865530","61256",5881,"2024",4,"Spring",2020-07-14,2022-10-02,18.4,FALSE,"2020",7,"Summer","G-coded","male","3",45.13,"43-60",FALSE,FALSE,FALSE,FALSE,FALSE,FALSE,FALSE,FALSE,FALSE,FALSE,1,1,"singleton",0,0,0,0,0,0,0,0,0,0,0,4
"01449",45.27,2,2023-07-27,"公牛",50.8,"G9263",NA,NA,8001,"2023",7,"Summer",2019-10-27,2022-10-02,9.80645161290323,TRUE,"2019",10,"Autumn","G-coded","male","2",45.27,"43-60",FALSE,FALSE,FALSE,FALSE,FALSE,FALSE,FALSE,FALSE,FALSE,FALSE,1,1,"singleton",0,0,0,0,0,0,0,0,0,0,0,7
"00778",45.3,3,2023-03-24,"7402563907",49.3,"G8570","167285","70153",8824,"2023",3,"Spring",2019-06-24,2022-10-02,5.70967741935484,TRUE,"2019",6,"Summer","G-coded","male","3",45.3,"43-60",FALSE,FALSE,FALSE,FALSE,FALSE,FALSE,FALSE,FALSE,FALSE,FALSE,1,1,"singleton",0,0,0,0,0,0,0,0,0,0,0,3
"01451",45.43,3,2024-04-03,"862025瓦特罗",43.44,"G40598","865530","X175",5944,"2024",4,"Spring",2020-07-03,2022-10-02,18.0333333333333,FALSE,"2020",7,"Summer","G-coded","male","3",45.43,"43-60",FALSE,FALSE,FALSE,FALSE,FALSE,FALSE,FALSE,FALSE,FALSE,FALSE,1,1,"singleton",0,0,0,0,0,0,0,0,0,0,0,4
"212990",45.5,2,2025-03-15,"427151",48,"G52411","186967","62813",3558,"2025",3,"Spring",2021-05-15,2022-09-02,30.4193548387097,FALSE,"2021",5,"Spring","G-coded","male","2",45.5,"43-60",FALSE,FALSE,FALSE,FALSE,FALSE,FALSE,FALSE,FALSE,FALSE,FALSE,1,1,"singleton",0,0,0,0,0,0,0,0,0,0,0,3
"201837",45.56,3,2024-04-16,"FR3917468802",39.8,"G40635","15217112","Z70372",5860,"2024",4,"Spring",2020-06-16,2022-09-02,19.4666666666667,FALSE,"2020",6,"Summer","G-coded","male","3",45.56,"43-60",FALSE,FALSE,FALSE,FALSE,FALSE,FALSE,FALSE,FALSE,FALSE,FALSE,1,1,"singleton",0,0,0,0,0,0,0,0,0,0,0,4
"201497",45.6,3,2024-01-29,"865530狼血",48.7,"G40141","606244","62643",6714,"2024",1,"Winter",2020-03-29,2022-09-02,16.8709677419355,FALSE,"2020",3,"Spring","G-coded","male","3",45.6,"43-60",FALSE,FALSE,FALSE,FALSE,FALSE,FALSE,FALSE,FALSE,FALSE,FALSE,1,1,"singleton",0,0,0,0,0,0,0,0,0,0,0,1
"00832",45.69,3,2023-04-18,"871041文尼哥",38.2,"G8728","167285","12035",8600,"2023",4,"Spring",2019-06-18,2022-09-02,7.53333333333333,TRUE,"2019",6,"Summer","G-coded","male","3",45.69,"43-60",FALSE,FALSE,FALSE,FALSE,FALSE,FALSE,FALSE,FALSE,FALSE,FALSE,1,1,"singleton",0,0,0,0,1,0,0,0,0,0,0,4
"01117",45.79,3,2023-07-26,"公牛",53,"G9246","186756","61870",8003,"2023",7,"Summer",2019-09-26,2022-09-02,10.7741935483871,TRUE,"2019",9,"Autumn","G-coded","male","3",45.79,"43-60",FALSE,FALSE,FALSE,FALSE,FALSE,FALSE,FALSE,FALSE,FALSE,FALSE,1,1,"singleton",0,0,0,0,0,1,0,1,0,0,0,7
"20064L",45.89,2,2023-07-28,"854773威吉吉",52.7,"G9265",NA,NA,7989,"2023",7,"Summer",2019-09-28,2022-09-02,10.8387096774194,TRUE,"2019",9,"Autumn","G-coded","male","2",45.89,"43-60",FALSE,FALSE,FALSE,FALSE,FALSE,FALSE,FALSE,FALSE,FALSE,FALSE,1,1,"singleton",0,0,0,0,0,0,0,1,0,0,0,7
"224617",45.96,2,2026-02-10,"21219011",44.6,"G62188","2545109367","70649",1007,"2026",2,"Winter",2022-04-10,2022-09-02,41.2857142857143,FALSE,"2022",4,"Spring","G-coded","male","2",45.96,"43-60",FALSE,FALSE,FALSE,FALSE,FALSE,FALSE,FALSE,FALSE,FALSE,FALSE,1,1,"singleton",0,0,0,0,0,0,0,0,0,0,0,2
"00633",45.99,3,2023-03-19,"7029225762",46.2,"G8539","167285","62750",8874,"2023",3,"Spring",2019-05-19,2022-09-02,6.54838709677419,TRUE,"2019",5,"Spring","G-coded","male","3",45.99,"43-60",FALSE,FALSE,FALSE,FALSE,FALSE,FALSE,FALSE,FALSE,FALSE,FALSE,1,1,"singleton",0,0,0,0,0,0,0,0,0,0,0,3
"00762",46.02,3,2023-04-12,"7402563907",46.5,"G8697",NA,NA,8645,"2023",4,"Spring",2019-06-12,2022-09-02,7.33333333333333,TRUE,"2019",6,"Summer","G-coded","male","3",46.02,"43-60",FALSE,FALSE,FALSE,FALSE,FALSE,FALSE,FALSE,FALSE,FALSE,FALSE,1,1,"singleton",0,0,0,0,0,0,0,0,0,0,0,4
"224102",46.09,2,2025-11-16,"41121286",38.4,"G53400","854062","62601",1635,"2025",11,"Autumn",2022-01-16,2022-09-02,38.4666666666667,FALSE,"2022",1,"Winter","G-coded","male","2",46.09,"43-60",FALSE,FALSE,FALSE,FALSE,FALSE,FALSE,FALSE,FALSE,FALSE,FALSE,1,1,"singleton",0,0,0,0,1,0,0,0,0,0,0,11
"20048",46.19,3,2023-04-30,"871041文尼哥",53.6,"G8789",NA,NA,8511,"2023",4,"Spring",2019-06-30,2022-09-02,7.93333333333333,TRUE,"2019",6,"Summer","G-coded","male","3",46.19,"43-60",FALSE,FALSE,FALSE,FALSE,FALSE,FALSE,FALSE,FALSE,FALSE,FALSE,1,1,"singleton",0,0,0,0,0,1,0,1,0,0,0,4
"00695",46.22,2,2023-04-06,"65117532",36.7,"G8663","167285","61664",8681,"2023",4,"Spring",2019-06-06,2022-09-02,7.13333333333333,TRUE,"2019",6,"Summer","G-coded","male","2",46.22,"43-60",FALSE,FALSE,FALSE,FALSE,FALSE,FALSE,FALSE,FALSE,FALSE,FALSE,1,1,"singleton",1,0,0,0,1,0,0,0,0,0,0,4
"201854",46.25,3,2023-11-27,"865530狼血",41.6,"G9881",NA,NA,7275,"2023",11,"Autumn",2020-01-27,2022-09-02,14.8333333333333,TRUE,"2020",1,"Winter","G-coded","male","3",46.25,"43-60",FALSE,FALSE,FALSE,FALSE,FALSE,FALSE,FALSE,FALSE,FALSE,FALSE,1,1,"singleton",0,0,0,0,0,0,0,0,0,0,0,11
"00207",46.25,3,2023-01-04,"854282维利纳诺",45.3,"G8049","171790","61717",9453,"2023",1,"Winter",2019-03-04,2022-09-02,4.06451612903226,TRUE,"2019",3,"Spring","G-coded","male","3",46.25,"43-60",FALSE,FALSE,FALSE,FALSE,FALSE,FALSE,FALSE,FALSE,FALSE,FALSE,1,1,"singleton",0,0,0,0,0,0,0,0,0,0,0,1
"01265",46.29,3,2023-09-19,"865530狼血",55.8,"G9532",NA,NA,7670,"2023",9,"Autumn",2019-11-19,2022-09-02,12.5666666666667,TRUE,"2019",11,"Autumn","G-coded","male","3",46.29,"43-60",FALSE,FALSE,FALSE,FALSE,FALSE,FALSE,FALSE,FALSE,FALSE,FALSE,1,1,"singleton",0,1,0,0,0,1,0,1,0,1,0,9
"00844",46.32,3,2023-05-15,"7402563907",42.5,"G8855","167285","61673",8439,"2023",5,"Spring",2019-07-15,2022-09-02,8.41935483870968,TRUE,"2019",7,"Summer","G-coded","male","3",46.32,"43-60",FALSE,FALSE,FALSE,FALSE,FALSE,FALSE,FALSE,FALSE,FALSE,FALSE,1,1,"singleton",0,0,0,0,0,0,0,0,0,0,0,5
"201539",46.42,2,2024-03-02,"862025瓦特罗",47.8,"G40405","606244","140246",6257,"2024",3,"Spring",2020-05-02,2022-09-02,18,FALSE,"2020",5,"Spring","G-coded","male","2",46.42,"43-60",FALSE,FALSE,FALSE,FALSE,FALSE,FALSE,FALSE,FALSE,FALSE,FALSE,1,1,"singleton",0,0,0,0,0,0,0,0,0,0,0,3
"00399",46.52,3,2023-02-23,"854773威吉吉",46.3,"G8374","171790","10128",9103,"2023",2,"Winter",2019-03-23,2022-08-02,6.75,TRUE,"2019",3,"Spring","G-coded","male","3",46.52,"43-60",FALSE,FALSE,FALSE,FALSE,FALSE,FALSE,FALSE,FALSE,FALSE,FALSE,1,1,"singleton",0,0,0,0,0,0,0,0,0,0,0,2
"224406",46.58,3,2026-01-26,"41121286",59.5,"G62069","180781","61665",1091,"2026",1,"Winter",2022-02-26,2022-08-02,41.7741935483871,FALSE,"2022",2,"Winter","G-coded","male","3",46.58,"43-60",FALSE,FALSE,FALSE,FALSE,FALSE,FALSE,FALSE,FALSE,FALSE,FALSE,1,1,"singleton",0,1,0,1,0,1,0,1,0,1,0,1
"201790",46.65,2,2024-05-04,"22220785",50.1,"G40321",NA,NA,5732,"2024",5,"Spring",2020-06-04,2022-08-02,21.0645161290323,FALSE,"2020",6,"Summer","G-coded","male","2",46.65,"43-60",FALSE,FALSE,FALSE,FALSE,FALSE,FALSE,FALSE,FALSE,FALSE,FALSE,1,1,"singleton",0,0,0,0,0,0,0,0,0,0,0,5
"00584",46.75,3,2023-04-13,"871041文尼哥",40.7,"G8701",NA,NA,8642,"2023",4,"Spring",2019-05-13,2022-08-02,8.36666666666667,TRUE,"2019",5,"Spring","G-coded","male","3",46.75,"43-60",FALSE,FALSE,FALSE,FALSE,FALSE,FALSE,FALSE,FALSE,FALSE,FALSE,1,1,"singleton",0,0,0,0,0,0,0,0,0,0,0,4
"00825",46.78,3,2023-05-19,"871041文尼哥",45.2,"G8875","167285","5033",8415,"2023",5,"Spring",2019-06-19,2022-08-02,9.54838709677419,TRUE,"2019",6,"Summer","G-coded","male","3",46.78,"43-60",FALSE,FALSE,FALSE,FALSE,FALSE,FALSE,FALSE,FALSE,FALSE,FALSE,1,1,"singleton",0,0,0,0,0,0,0,0,0,0,0,5
"00299",46.84,3,2023-02-14,"871041文尼哥",46.2,"G8324","171790","62045",9190,"2023",2,"Winter",2019-03-14,2022-08-02,6.42857142857143,TRUE,"2019",3,"Spring","G-coded","male","3",46.84,"43-60",FALSE,FALSE,FALSE,FALSE,FALSE,FALSE,FALSE,FALSE,FALSE,FALSE,1,1,"singleton",0,0,0,0,0,0,0,0,0,0,0,2
"212787",46.94,2,2025-03-30,"22218621",58.6,"G52484",NA,NA,3397,"2025",3,"Spring",2021-04-30,2022-08-02,31.9032258064516,FALSE,"2021",4,"Spring","G-coded","male","2",46.94,"43-60",FALSE,FALSE,FALSE,FALSE,FALSE,FALSE,FALSE,FALSE,FALSE,FALSE,1,1,"singleton",0,1,0,1,0,1,0,1,0,1,0,3
"212748",46.94,3,2026-01-12,"41121286",67.2,"G62031",NA,NA,1161,"2026",1,"Winter",2022-02-12,2022-08-02,41.3225806451613,FALSE,"2022",2,"Winter","G-coded","male","3",46.94,"43-60",FALSE,TRUE,FALSE,FALSE,FALSE,FALSE,FALSE,FALSE,FALSE,FALSE,1,1,"singleton",0,1,0,1,0,1,0,1,0,1,1,1
"213588L",46.98,2,2025-09-17,"22121071",48.4,"G53131",NA,NA,2161,"2025",9,"Autumn",2021-10-17,2022-08-02,37.5,FALSE,"2021",10,"Autumn","G-coded","male","2",46.98,"43-60",FALSE,FALSE,FALSE,FALSE,FALSE,FALSE,FALSE,FALSE,FALSE,FALSE,1,1,"singleton",0,0,0,0,0,0,0,0,0,0,0,9
"00401",46.98,3,2023-03-09,"7029225762",48.2,"G8467","171790","12114",8973,"2023",3,"Spring",2019-04-09,2022-08-02,7.2258064516129,TRUE,"2019",4,"Spring","G-coded","male","3",46.98,"43-60",FALSE,FALSE,FALSE,FALSE,FALSE,FALSE,FALSE,FALSE,FALSE,FALSE,1,1,"singleton",0,0,0,0,0,0,0,0,0,0,0,3
"00601",47.04,3,2023-04-15,"871041文尼哥",40.6,"G8706",NA,NA,8624,"2023",4,"Spring",2019-05-15,2022-08-02,8.43333333333333,TRUE,"2019",5,"Spring","G-coded","male","3",47.04,"43-60",FALSE,FALSE,FALSE,FALSE,FALSE,FALSE,FALSE,FALSE,FALSE,FALSE,1,1,"singleton",0,0,0,0,0,0,0,0,0,0,0,4
"00199",47.07,3,2023-01-26,"871041文尼哥",43.2,"G8138","171790","61571",9316,"2023",1,"Winter",2019-02-26,2022-08-02,5.7741935483871,TRUE,"2019",2,"Winter","G-coded","male","3",47.07,"43-60",FALSE,FALSE,FALSE,FALSE,FALSE,FALSE,FALSE,FALSE,FALSE,FALSE,1,1,"singleton",0,0,0,0,0,0,0,0,0,0,0,1
"01143",47.14,3,2023-09-12,"公牛",42.8,"G9500","186756","48003",7712,"2023",9,"Autumn",2019-10-12,2022-08-02,13.3333333333333,TRUE,"2019",10,"Autumn","G-coded","male","3",47.14,"43-60",FALSE,FALSE,FALSE,FALSE,FALSE,FALSE,FALSE,FALSE,FALSE,FALSE,1,1,"singleton",0,0,0,0,0,0,0,0,0,0,0,9
"00576",47.17,3,2023-04-16,"871041文尼哥",49.3,"G8715","167285","40560",8616,"2023",4,"Spring",2019-05-16,2022-08-02,8.46666666666667,TRUE,"2019",5,"Spring","G-coded","male","3",47.17,"43-60",FALSE,FALSE,FALSE,FALSE,FALSE,FALSE,FALSE,FALSE,FALSE,FALSE,1,1,"singleton",0,0,0,0,0,0,0,0,0,0,0,4
"01299",47.24,2,2023-09-26,"854282维利纳诺",38,"G9556",NA,NA,7633,"2023",9,"Autumn",2019-10-26,2022-08-02,13.8,TRUE,"2019",10,"Autumn","G-coded","male","2",47.24,"43-60",FALSE,FALSE,FALSE,FALSE,FALSE,FALSE,FALSE,FALSE,FALSE,FALSE,1,1,"singleton",0,0,0,0,1,0,0,0,0,0,0,9
"224259",47.27,3,2026-01-25,"21219011",52.3,"G62065","180781","201243",1098,"2026",1,"Winter",2022-02-25,2022-08-02,41.741935483871,FALSE,"2022",2,"Winter","G-coded","male","3",47.27,"43-60",FALSE,FALSE,FALSE,FALSE,FALSE,FALSE,FALSE,FALSE,FALSE,FALSE,1,1,"singleton",0,0,0,0,0,0,0,0,0,0,0,1
"00329",47.3,3,2023-03-09,"7029225762",48.2,"G8470",NA,NA,8979,"2023",3,"Spring",2019-04-09,2022-08-02,7.2258064516129,TRUE,"2019",4,"Spring","G-coded","male","3",47.3,"43-60",FALSE,FALSE,FALSE,FALSE,FALSE,FALSE,FALSE,FALSE,FALSE,FALSE,1,1,"singleton",0,0,0,0,0,0,0,0,0,0,0,3
"212930",47.34,3,2025-04-30,"427133",45.8,"G52638","186967","00288",3092,"2025",4,"Spring",2021-05-30,2022-08-02,32.9333333333333,FALSE,"2021",5,"Spring","G-coded","male","3",47.34,"43-60",FALSE,FALSE,FALSE,FALSE,FALSE,FALSE,FALSE,FALSE,FALSE,FALSE,1,1,"singleton",0,0,0,0,0,0,0,0,0,0,0,4
"212770",47.37,2,2025-04-11,"427151",40.7,"G52556","186967","00790",3284,"2025",4,"Spring",2021-05-11,2022-08-02,32.3,FALSE,"2021",5,"Spring","G-coded","male","2",47.37,"43-60",FALSE,FALSE,FALSE,FALSE,FALSE,FALSE,FALSE,FALSE,FALSE,FALSE,1,1,"singleton",0,0,0,0,0,0,0,0,0,0,0,4
"213647",47.4,3,2025-10-14,"15620193",44.6,"G53253L","606306","60694",1926,"2025",10,"Autumn",2021-11-14,2022-08-02,38.3870967741936,FALSE,"2021",11,"Autumn","G-coded","male","3",47.4,"43-60",FALSE,FALSE,FALSE,FALSE,FALSE,FALSE,FALSE,FALSE,FALSE,FALSE,1,1,"singleton",0,0,0,0,0,0,0,0,0,0,0,10
"201256",47.44,3,2024-02-14,"862025瓦特罗",44.3,"G40276","606244","70074",6503,"2024",2,"Winter",2020-03-14,2022-08-02,18.4137931034483,FALSE,"2020",3,"Spring","G-coded","male","3",47.44,"43-60",FALSE,FALSE,FALSE,FALSE,FALSE,FALSE,FALSE,FALSE,FALSE,FALSE,1,1,"singleton",0,0,0,0,0,0,0,0,0,0,0,2
"201577",47.47,3,2024-04-10,"FR3917468802",36.8,"G40555","606244","800153",5898,"2024",4,"Spring",2020-05-10,2022-08-02,20.2666666666667,FALSE,"2020",5,"Spring","G-coded","male","3",47.47,"43-60",FALSE,FALSE,FALSE,FALSE,FALSE,FALSE,FALSE,FALSE,FALSE,FALSE,1,1,"singleton",1,0,0,0,1,0,0,0,0,0,0,4
"212489",47.53,3,2025-03-05,"427151",44.4,"G52359","62544424506","40100",3662,"2025",3,"Spring",2021-03-05,2022-07-02,32.0967741935484,FALSE,"2021",3,"Spring","G-coded","male","3",47.53,"43-60",FALSE,FALSE,FALSE,FALSE,FALSE,FALSE,FALSE,FALSE,FALSE,FALSE,1,1,"singleton",0,0,0,0,0,0,0,0,0,0,0,3
"00453",47.53,3,2023-04-04,"871041文尼哥",43,"G8650",NA,NA,8716,"2023",4,"Spring",2019-04-04,2022-07-02,9.06666666666667,TRUE,"2019",4,"Spring","G-coded","male","3",47.53,"43-60",FALSE,FALSE,FALSE,FALSE,FALSE,FALSE,FALSE,FALSE,FALSE,FALSE,1,1,"singleton",0,0,0,0,0,0,0,0,0,0,0,4
"L800884",47.6,3,2023-01-25,"871041文尼哥",42.3,"G8126",NA,NA,9322,"2023",1,"Winter",2019-01-25,2022-07-02,6.74193548387097,TRUE,"2019",1,"Winter","G-coded","male","3",47.6,"43-60",FALSE,FALSE,FALSE,FALSE,FALSE,FALSE,FALSE,FALSE,FALSE,FALSE,1,1,"singleton",0,0,0,0,0,0,0,0,0,0,0,1
"00283",47.63,3,2023-03-02,"854773威吉吉",46.3,"G8423","171790","60805",9037,"2023",3,"Spring",2019-03-02,2022-07-02,8,TRUE,"2019",3,"Spring","G-coded","male","3",47.63,"43-60",FALSE,FALSE,FALSE,FALSE,FALSE,FALSE,FALSE,FALSE,FALSE,FALSE,1,1,"singleton",0,0,0,0,0,0,0,0,0,0,0,3
"213058",47.67,3,2025-10-05,"15620193",42.3,"G53221",NA,NA,2000,"2025",10,"Autumn",2021-10-05,2022-07-02,39.0967741935484,FALSE,"2021",10,"Autumn","G-coded","male","3",47.67,"43-60",FALSE,FALSE,FALSE,FALSE,FALSE,FALSE,FALSE,FALSE,FALSE,FALSE,1,1,"singleton",0,0,0,0,0,0,0,0,0,0,0,10
"213739",47.73,3,2025-11-10,"41121286",51.4,"G53379","854282","L62392",1689,"2025",11,"Autumn",2021-11-10,2022-07-02,40.2666666666667,FALSE,"2021",11,"Autumn","G-coded","male","3",47.73,"43-60",FALSE,FALSE,FALSE,FALSE,FALSE,FALSE,FALSE,FALSE,FALSE,FALSE,1,1,"singleton",0,0,0,0,0,0,0,0,0,0,0,11
"01479",47.8,1,2023-10-12,"854282维利纳诺",45.3,"G9630",NA,NA,7533,"2023",10,"Autumn",2019-10-12,2022-07-02,15.3225806451613,FALSE,"2019",10,"Autumn","G-coded","male","1",47.8,"43-60",FALSE,FALSE,FALSE,FALSE,FALSE,FALSE,FALSE,FALSE,FALSE,FALSE,1,1,"singleton",0,0,0,0,0,0,0,0,0,0,0,10
"212553",47.83,2,2025-03-22,"427151",44.2,"G52452",NA,NA,3475,"2025",3,"Spring",2021-03-22,2022-07-02,32.6451612903226,FALSE,"2021",3,"Spring","G-coded","male","2",47.83,"43-60",FALSE,FALSE,FALSE,FALSE,FALSE,FALSE,FALSE,FALSE,FALSE,FALSE,1,1,"singleton",0,0,0,0,0,0,0,0,0,0,0,3
"00109",47.86,2,2023-01-25,"871041文尼哥",46.2,"G8128","171790","62139",9323,"2023",1,"Winter",2019-01-25,2022-07-02,6.74193548387097,TRUE,"2019",1,"Winter","G-coded","male","2",47.86,"43-60",FALSE,FALSE,FALSE,FALSE,FALSE,FALSE,FALSE,FALSE,FALSE,FALSE,1,1,"singleton",0,0,0,0,0,0,0,0,0,0,0,1
"201789",47.93,3,2024-04-16,"22220785",39.7,"G9397","606244","1651",5853,"2024",4,"Spring",2020-04-16,2022-07-02,21.4666666666667,FALSE,"2020",4,"Spring","G-coded","male","3",47.93,"43-60",FALSE,FALSE,FALSE,FALSE,FALSE,FALSE,FALSE,FALSE,FALSE,FALSE,1,1,"singleton",0,0,0,0,0,0,0,0,0,0,0,4
"00234",47.99,2,2023-03-29,"871041文尼哥",50.6,"G8617",NA,NA,8761,"2023",3,"Spring",2019-03-29,2022-07-02,8.87096774193548,TRUE,"2019",3,"Spring","G-coded","male","2",47.99,"43-60",FALSE,FALSE,FALSE,FALSE,FALSE,FALSE,FALSE,FALSE,FALSE,FALSE,1,1,"singleton",0,0,0,0,0,0,0,0,0,0,0,3
"241368",47.99,3,2023-04-20,"7402563907",53.6,"G8745","171790","50428",8582,"2023",4,"Spring",2019-04-20,2022-07-02,9.6,TRUE,"2019",4,"Spring","G-coded","male","3",47.99,"43-60",FALSE,FALSE,FALSE,FALSE,FALSE,FALSE,FALSE,FALSE,FALSE,FALSE,1,1,"singleton",0,0,0,0,0,1,0,1,0,0,0,4
"212377",48.09,2,2025-03-06,"427151",46.4,"G52363","7402563907","61153",3654,"2025",3,"Spring",2021-03-06,2022-07-02,32.1290322580645,FALSE,"2021",3,"Spring","G-coded","male","2",48.09,"43-60",FALSE,FALSE,FALSE,FALSE,FALSE,FALSE,FALSE,FALSE,FALSE,FALSE,1,1,"singleton",0,0,0,0,0,0,0,0,0,0,0,3
"224010",48.16,3,2026-01-04,"41121286",52.1,"G62006","854062","65004",1200,"2026",1,"Winter",2022-01-04,2022-07-02,42.0645161290323,FALSE,"2022",1,"Winter","G-coded","male","3",48.16,"43-60",FALSE,FALSE,FALSE,FALSE,FALSE,FALSE,FALSE,FALSE,FALSE,FALSE,1,1,"singleton",0,0,0,0,0,0,0,0,0,0,0,1
"213046",48.22,3,2025-06-22,"22218621",50.2,"G52845","7029225762","70189",2696,"2025",6,"Summer",2021-06-22,2022-07-02,35.6666666666667,FALSE,"2021",6,"Summer","G-coded","male","3",48.22,"43-60",FALSE,FALSE,FALSE,FALSE,FALSE,FALSE,FALSE,FALSE,FALSE,FALSE,1,1,"singleton",0,0,0,0,0,0,0,0,0,0,0,6
"212395",48.29,2,2025-03-14,"22218621",47,"G52399","62544424506","62173",3567,"2025",3,"Spring",2021-03-14,2022-07-02,32.3870967741936,FALSE,"2021",3,"Spring","G-coded","male","2",48.29,"43-60",FALSE,FALSE,FALSE,FALSE,FALSE,FALSE,FALSE,FALSE,FALSE,FALSE,1,1,"singleton",0,0,0,0,0,0,0,0,0,0,0,3
"00102",48.32,3,2023-02-08,"871041文尼哥",47,"G8288","171790","61006",9240,"2023",2,"Winter",2019-02-08,2022-07-02,7.21428571428571,TRUE,"2019",2,"Winter","G-coded","male","3",48.32,"43-60",FALSE,FALSE,FALSE,FALSE,FALSE,FALSE,FALSE,FALSE,FALSE,FALSE,1,1,"singleton",0,0,0,0,0,0,0,0,0,0,0,2
"201606",48.36,3,2024-05-12,"22220785",45.4,"G40718","606244","62490",5683,"2024",5,"Spring",2020-05-12,2022-07-02,22.3225806451613,FALSE,"2020",5,"Spring","G-coded","male","3",48.36,"43-60",FALSE,FALSE,FALSE,FALSE,FALSE,FALSE,FALSE,FALSE,FALSE,FALSE,1,1,"singleton",0,0,0,0,0,0,0,0,0,0,0,5
"00086",48.36,3,2023-02-05,"871041文尼哥",46.5,"G8277","171790","X224",9261,"2023",2,"Winter",2019-02-05,2022-07-02,7.10714285714286,TRUE,"2019",2,"Winter","G-coded","male","3",48.36,"43-60",FALSE,FALSE,FALSE,FALSE,FALSE,FALSE,FALSE,FALSE,FALSE,FALSE,1,1,"singleton",0,0,0,0,0,0,0,0,0,0,0,2
"01273",48.39,3,2023-11-24,"FR2545422137",46.2,"G9868","865530","60383",7289,"2023",11,"Autumn",2019-11-24,2022-07-02,16.7333333333333,FALSE,"2019",11,"Autumn","G-coded","male","3",48.39,"43-60",FALSE,FALSE,FALSE,FALSE,FALSE,FALSE,FALSE,FALSE,FALSE,FALSE,1,1,"singleton",0,0,0,0,0,0,0,0,0,0,0,11
"00177",48.42,3,2023-02-28,"854773威吉吉",48.2,"G8411",NA,NA,9058,"2023",2,"Winter",2019-02-28,2022-07-02,7.92857142857143,TRUE,"2019",2,"Winter","G-coded","male","3",48.42,"43-60",FALSE,FALSE,FALSE,FALSE,FALSE,FALSE,FALSE,FALSE,FALSE,FALSE,1,1,"singleton",0,0,0,0,0,0,0,0,0,0,0,2
"201551",48.49,3,2024-05-06,"22220785",47.4,"G40305","606244","61391",5724,"2024",5,"Spring",2020-05-06,2022-07-02,22.1290322580645,FALSE,"2020",5,"Spring","G-coded","male","3",48.49,"43-60",FALSE,FALSE,FALSE,FALSE,FALSE,FALSE,FALSE,FALSE,FALSE,FALSE,1,1,"singleton",0,0,0,0,0,0,0,0,0,0,0,5
"201650",48.59,3,2024-05-26,"22220785",38.4,"G40764","606244","62131",5602,"2024",5,"Spring",2020-04-26,2022-06-02,23.7741935483871,FALSE,"2020",4,"Spring","G-coded","male","3",48.59,"43-60",FALSE,FALSE,FALSE,FALSE,FALSE,FALSE,FALSE,FALSE,FALSE,FALSE,1,1,"singleton",0,0,0,0,1,0,0,0,0,0,0,5
"00384",48.69,2,2023-04-27,"871041文尼哥",37.9,"G8767","171790","60095",8530,"2023",4,"Spring",2019-03-27,2022-06-02,10.8333333333333,TRUE,"2019",3,"Spring","G-coded","male","2",48.69,"43-60",FALSE,FALSE,FALSE,FALSE,FALSE,FALSE,FALSE,FALSE,FALSE,FALSE,1,1,"singleton",0,0,0,0,1,0,0,0,0,0,0,4
"212606",48.75,3,2025-04-30,"427133",52.2,"G52640","7029225762","60951",3094,"2025",4,"Spring",2021-03-30,2022-06-02,34.9333333333333,FALSE,"2021",3,"Spring","G-coded","male","3",48.75,"43-60",FALSE,FALSE,FALSE,FALSE,FALSE,FALSE,FALSE,FALSE,FALSE,FALSE,1,1,"singleton",0,0,0,0,0,0,0,0,0,0,0,4
"212916",48.78,2,2025-06-10,"427133",51.8,"G52810","186967","00642",2774,"2025",6,"Summer",2021-05-10,2022-06-02,36.2666666666667,FALSE,"2021",5,"Spring","G-coded","male","2",48.78,"43-60",FALSE,FALSE,FALSE,FALSE,FALSE,FALSE,FALSE,FALSE,FALSE,FALSE,1,1,"singleton",0,0,0,0,0,0,0,0,0,0,0,6
"00176",48.78,3,2023-03-11,"7029225762",46.3,"G8484","171790","60783",8958,"2023",3,"Spring",2019-02-11,2022-06-02,9.29032258064516,TRUE,"2019",2,"Winter","G-coded","male","3",48.78,"43-60",FALSE,FALSE,FALSE,FALSE,FALSE,FALSE,FALSE,FALSE,FALSE,FALSE,1,1,"singleton",0,0,0,0,0,0,0,0,0,0,0,3
"212439",48.85,2,2025-04-06,"427133",37.2,"G52525","7402563907","61058",3331,"2025",4,"Spring",2021-03-06,2022-06-02,34.1333333333333,FALSE,"2021",3,"Spring","G-coded","male","2",48.85,"43-60",FALSE,FALSE,FALSE,FALSE,FALSE,FALSE,FALSE,FALSE,FALSE,FALSE,1,1,"singleton",1,0,0,0,1,0,0,0,0,0,0,4
"201302",48.88,3,2024-04-04,"862025瓦特罗",45.4,"G40563",NA,NA,5940,"2024",4,"Spring",2020-03-04,2022-06-02,22.0666666666667,FALSE,"2020",3,"Spring","G-coded","male","3",48.88,"43-60",FALSE,FALSE,FALSE,FALSE,FALSE,FALSE,FALSE,FALSE,FALSE,FALSE,1,1,"singleton",0,0,0,0,0,0,0,0,0,0,0,4
"212499",48.92,3,2025-04-17,"427133",36.2,"G52579","606306","00039",3237,"2025",4,"Spring",2021-03-17,2022-06-02,34.5,FALSE,"2021",3,"Spring","G-coded","male","3",48.92,"43-60",FALSE,FALSE,FALSE,FALSE,FALSE,FALSE,FALSE,FALSE,FALSE,FALSE,1,1,"singleton",1,0,0,0,1,0,0,0,0,0,0,4
"212978",49.08,3,2025-06-30,"41121266",39.1,"G52871","606306","61990",2632,"2025",6,"Summer",2021-05-30,2022-06-02,36.9333333333333,FALSE,"2021",5,"Spring","G-coded","male","3",49.08,"43-60",FALSE,FALSE,FALSE,FALSE,FALSE,FALSE,FALSE,FALSE,FALSE,FALSE,1,1,"singleton",0,0,0,0,1,0,0,0,0,0,0,6
"01157",49.24,2,2023-11-18,"865530狼血",43.4,"G9840","186756","L40166",7329,"2023",11,"Autumn",2019-10-18,2022-06-02,17.5333333333333,FALSE,"2019",10,"Autumn","G-coded","male","2",49.24,"43-60",FALSE,FALSE,FALSE,FALSE,FALSE,FALSE,FALSE,FALSE,FALSE,FALSE,1,1,"singleton",0,0,0,0,0,0,0,0,0,0,0,11
"213408",49.28,3,2025-10-26,"15619011",55.2,"G53303","180781","x127",1831,"2025",10,"Autumn",2021-09-26,2022-06-02,40.7741935483871,FALSE,"2021",9,"Autumn","G-coded","male","3",49.28,"43-60",FALSE,FALSE,FALSE,FALSE,FALSE,FALSE,FALSE,FALSE,FALSE,FALSE,1,1,"singleton",0,1,0,0,0,1,0,1,0,1,0,10
"212278",49.31,3,2025-03-21,"427151",33.5,"G52445","606306","40574",3494,"2025",3,"Spring",2021-02-21,2022-06-02,33.6129032258064,FALSE,"2021",2,"Winter","G-coded","male","3",49.31,"43-60",FALSE,FALSE,FALSE,FALSE,FALSE,FALSE,FALSE,FALSE,FALSE,FALSE,1,1,"singleton",1,0,1,0,1,0,1,0,0,0,0,3
"H00140",49.34,3,2024-07-17,"171206",41.7,"G40915",NA,NA,5346,"2024",7,"Summer",2020-06-17,2022-06-02,25.4838709677419,FALSE,"2020",6,"Summer","G-coded","male","3",49.34,"43-60",FALSE,FALSE,FALSE,FALSE,FALSE,FALSE,FALSE,FALSE,FALSE,FALSE,1,1,"singleton",0,0,0,0,0,0,0,0,0,0,0,7
"213560",49.44,3,2025-11-25,"21219011",50.1,"G53461","606306","63042",1533,"2025",11,"Autumn",2021-10-25,2022-06-02,41.7666666666667,FALSE,"2021",10,"Autumn","G-coded","male","3",49.44,"43-60",FALSE,FALSE,FALSE,FALSE,FALSE,FALSE,FALSE,FALSE,FALSE,FALSE,1,1,"singleton",0,0,0,0,0,0,0,0,0,0,0,11
"212757",49.51,3,2025-06-14,"863302",38,"G52818","186967","00728",2752,"2025",6,"Summer",2021-04-14,2022-05-02,37.4,FALSE,"2021",4,"Spring","G-coded","male","3",49.51,"43-60",FALSE,FALSE,FALSE,FALSE,FALSE,FALSE,FALSE,FALSE,FALSE,FALSE,1,1,"singleton",0,0,0,0,1,0,0,0,0,0,0,6
"224523",49.61,2,2026-05-19,"21219011",52.4,"G62507","2545109367","60545",226,"2026",5,"Spring",2022-03-19,2022-05-02,48.5483870967742,FALSE,"2022",3,"Spring","G-coded","male","2",49.61,"43-60",FALSE,FALSE,FALSE,FALSE,FALSE,FALSE,FALSE,FALSE,FALSE,FALSE,1,1,"singleton",0,0,0,0,0,0,0,0,0,0,0,5
"201493",49.61,3,2024-05-29,"863025",36.8,"G40780","606244","70251",5575,"2024",5,"Spring",2020-03-29,2022-05-02,24.8709677419355,FALSE,"2020",3,"Spring","G-coded","male","3",49.61,"43-60",FALSE,FALSE,FALSE,FALSE,FALSE,FALSE,FALSE,FALSE,FALSE,FALSE,1,1,"singleton",1,0,0,0,1,0,0,0,0,0,0,5
"212357",49.7,3,2025-04-22,"427133",36.7,"G52594","180781","61038",3195,"2025",4,"Spring",2021-02-22,2022-05-02,35.6666666666667,FALSE,"2021",2,"Winter","G-coded","male","3",49.7,"43-60",FALSE,FALSE,FALSE,FALSE,FALSE,FALSE,FALSE,FALSE,FALSE,FALSE,1,1,"singleton",1,0,0,0,1,0,0,0,0,0,0,4
"01341",49.74,3,2024-01-16,"865530狼血",36.8,"G40092",NA,NA,6812,"2024",1,"Winter",2019-11-16,2022-05-02,20.4516129032258,FALSE,"2019",11,"Autumn","G-coded","male","3",49.74,"43-60",FALSE,FALSE,FALSE,FALSE,FALSE,FALSE,FALSE,FALSE,FALSE,FALSE,1,1,"singleton",1,0,0,0,1,0,0,0,0,0,0,1
"212642",49.77,3,2023-05-07,"7402563907",24.6,"G8824",NA,NA,8475,"2023",5,"Spring",2019-03-07,2022-05-02,12.1612903225806,TRUE,"2019",3,"Spring","G-coded","male","3",49.77,"43-60",TRUE,FALSE,FALSE,FALSE,FALSE,FALSE,FALSE,FALSE,FALSE,FALSE,1,1,"singleton",1,0,1,0,1,0,1,0,1,0,0,5
"212612",49.87,2,2025-07-21,"15420626",47.2,"G52950",NA,NA,2489,"2025",7,"Summer",2021-05-21,2022-05-02,38.6129032258064,FALSE,"2021",5,"Spring","G-coded","male","2",49.87,"43-60",FALSE,FALSE,FALSE,FALSE,FALSE,FALSE,FALSE,FALSE,FALSE,FALSE,1,1,"singleton",0,0,0,0,0,0,0,0,0,0,0,7
"213413",49.87,3,2025-11-14,"21219011",64.3,"G53394","2544424506","60520",1648,"2025",11,"Autumn",2021-09-14,2022-05-02,42.4,FALSE,"2021",9,"Autumn","G-coded","male","3",49.87,"43-60",FALSE,FALSE,FALSE,FALSE,FALSE,FALSE,FALSE,FALSE,FALSE,FALSE,1,1,"singleton",0,1,0,1,0,1,0,1,0,1,1,11
"00748L",49.9,3,2023-08-06,"865530狼血",48.5,"G9306",NA,NA,7943,"2023",8,"Summer",2019-06-06,2022-05-02,15.1290322580645,FALSE,"2019",6,"Summer","G-coded","male","3",49.9,"43-60",FALSE,FALSE,FALSE,FALSE,FALSE,FALSE,FALSE,FALSE,FALSE,FALSE,1,1,"singleton",0,0,0,0,0,0,0,0,0,0,0,8
"01133",49.93,3,2023-12-04,"FR2545422137",38.5,"G9944",NA,NA,7233,"2023",12,"Winter",2019-10-04,2022-05-02,19.0645161290323,FALSE,"2019",10,"Autumn","G-coded","male","3",49.93,"43-60",FALSE,FALSE,FALSE,FALSE,FALSE,FALSE,FALSE,FALSE,FALSE,FALSE,1,1,"singleton",0,0,0,0,1,0,0,0,0,0,0,12
"801093",50.03,3,2023-02-17,"854773威吉吉",55.1,"G8338","171790","LX221",9164,"2023",2,"Winter",2018-12-17,2022-05-02,9.53571428571429,TRUE,"2018",12,"Winter","G-coded","male","3",50.03,"43-60",FALSE,FALSE,FALSE,FALSE,FALSE,FALSE,FALSE,FALSE,FALSE,FALSE,1,1,"singleton",0,1,0,0,0,1,0,1,0,1,0,2
"801044",50.07,3,2023-02-13,"854773威吉吉",43.2,"G8314","171790","62088",9206,"2023",2,"Winter",2018-12-13,2022-05-02,9.39285714285714,TRUE,"2018",12,"Winter","G-coded","male","3",50.07,"43-60",FALSE,FALSE,FALSE,FALSE,FALSE,FALSE,FALSE,FALSE,FALSE,FALSE,1,1,"singleton",0,0,0,0,0,0,0,0,0,0,0,2
"224305",50.13,3,2026-04-29,"21219011",51.7,"G62462",NA,NA,323,"2026",4,"Spring",2022-02-28,2022-05-02,47.9,FALSE,"2022",2,"Winter","G-coded","male","3",50.13,"43-60",FALSE,FALSE,FALSE,FALSE,FALSE,FALSE,FALSE,FALSE,FALSE,FALSE,1,1,"singleton",0,0,0,0,0,0,0,0,0,0,0,4
"01079",50.23,2,2023-12-02,"854400西部公园",54.4,"G9926","186756","60314",7244,"2023",12,"Winter",2019-10-02,2022-05-02,19,FALSE,"2019",10,"Autumn","G-coded","male","2",50.23,"43-60",FALSE,FALSE,FALSE,FALSE,FALSE,FALSE,FALSE,FALSE,FALSE,FALSE,1,1,"singleton",0,0,0,0,0,1,0,1,0,0,0,12
"00048",50.26,3,2023-03-22,"7402563907",45.3,"G8555",NA,NA,8838,"2023",3,"Spring",2019-01-22,2022-05-02,10.6451612903226,TRUE,"2019",1,"Winter","G-coded","male","3",50.26,"43-60",FALSE,FALSE,FALSE,FALSE,FALSE,FALSE,FALSE,FALSE,FALSE,FALSE,1,1,"singleton",0,0,0,0,0,0,0,0,0,0,0,3
"212835L",50.33,3,2025-07-16,"863302",30.5,"G52932",NA,NA,2527,"2025",7,"Summer",2021-05-16,2022-05-02,38.4516129032258,FALSE,"2021",5,"Spring","G-coded","male","3",50.33,"43-60",FALSE,FALSE,FALSE,FALSE,FALSE,FALSE,FALSE,FALSE,FALSE,FALSE,1,1,"singleton",1,0,1,0,1,0,1,0,0,0,0,7
"212115",50.36,3,2025-03-21,"22218621",52.3,"G52446","7402563907","40594",3493,"2025",3,"Spring",2021-01-21,2022-05-02,34.6129032258064,FALSE,"2021",1,"Winter","G-coded","male","3",50.36,"43-60",FALSE,FALSE,FALSE,FALSE,FALSE,FALSE,FALSE,FALSE,FALSE,FALSE,1,1,"singleton",0,0,0,0,0,0,0,0,0,0,0,3
"00170",50.39,3,2023-08-28,"7402563907",44.5,"G9418",NA,NA,7811,"2023",8,"Summer",2019-06-28,2022-05-02,15.8387096774194,FALSE,"2019",6,"Summer","G-coded","male","3",50.39,"43-60",FALSE,FALSE,FALSE,FALSE,FALSE,FALSE,FALSE,FALSE,FALSE,FALSE,1,1,"singleton",0,0,0,0,0,0,0,0,0,0,0,8
"01202",50.46,3,2024-01-12,"865530狼血",56.8,"G40068","606192","60938",6844,"2024",1,"Winter",2019-11-12,2022-05-02,20.3225806451613,FALSE,"2019",11,"Autumn","G-coded","male","3",50.46,"43-60",FALSE,FALSE,FALSE,FALSE,FALSE,FALSE,FALSE,FALSE,FALSE,FALSE,1,1,"singleton",0,1,0,0,0,1,0,1,0,1,0,1
"213676",50.53,3,2026-01-23,"21219011",49.6,"G62062","606306","62344",1106,"2026",1,"Winter",2021-10-23,2022-04-02,45.6774193548387,FALSE,"2021",10,"Autumn","G-coded","male","3",50.53,"43-60",FALSE,FALSE,FALSE,FALSE,FALSE,FALSE,FALSE,FALSE,FALSE,FALSE,1,1,"singleton",0,0,0,0,0,0,0,0,0,0,0,1
"801119",50.62,3,2023-03-10,"871041文尼哥",46.3,"G8474",NA,NA,8961,"2023",3,"Spring",2018-12-10,2022-04-02,11.258064516129,TRUE,"2018",12,"Winter","G-coded","male","3",50.62,"43-60",FALSE,FALSE,FALSE,FALSE,FALSE,FALSE,FALSE,FALSE,FALSE,FALSE,1,1,"singleton",0,0,0,0,0,0,0,0,0,0,0,3
"224114",50.79,3,2026-04-11,"41120238",45.6,"G62403","871041","50332",449,"2026",4,"Spring",2022-01-11,2022-04-02,48.3,FALSE,"2022",1,"Winter","G-coded","male","3",50.79,"43-60",FALSE,FALSE,FALSE,FALSE,FALSE,FALSE,FALSE,FALSE,FALSE,FALSE,1,1,"singleton",0,0,0,0,0,0,0,0,0,0,0,4
"201729L",50.79,3,2025-03-29,"22220783",48.4,"G52482",NA,NA,3403,"2025",3,"Spring",2020-12-29,2022-04-02,35.8709677419355,FALSE,"2020",12,"Winter","G-coded","male","3",50.79,"43-60",FALSE,FALSE,FALSE,FALSE,FALSE,FALSE,FALSE,FALSE,FALSE,FALSE,1,1,"singleton",0,0,0,0,0,0,0,0,0,0,0,3
"212913",50.85,3,2025-08-12,"15618075",40.4,"G53022","606306","00820",2350,"2025",8,"Summer",2021-05-12,2022-04-02,40.3225806451613,FALSE,"2021",5,"Spring","G-coded","male","3",50.85,"43-60",FALSE,FALSE,FALSE,FALSE,FALSE,FALSE,FALSE,FALSE,FALSE,FALSE,1,1,"singleton",0,0,0,0,0,0,0,0,0,0,0,8
"225044",50.89,2,2026-06-01,"41221179",42.6,"G62566",NA,NA,125,"2026",6,"Summer",2022-03-01,2022-04-02,49.9677419354839,FALSE,"2022",3,"Spring","G-coded","male","2",50.89,"43-60",FALSE,FALSE,FALSE,FALSE,FALSE,FALSE,FALSE,FALSE,FALSE,FALSE,1,1,"singleton",0,0,0,0,0,0,0,0,0,0,0,6
"801030",50.95,3,2023-03-11,"7029225762",49.2,"G8481",NA,NA,8956,"2023",3,"Spring",2018-12-11,2022-04-02,11.2903225806452,TRUE,"2018",12,"Winter","G-coded","male","3",50.95,"43-60",FALSE,FALSE,FALSE,FALSE,FALSE,FALSE,FALSE,FALSE,FALSE,FALSE,1,1,"singleton",0,0,0,0,0,0,0,0,0,0,0,3
"217004",51.02,2,2026-01-24,"41121286",61.4,"G62063","854282","01377",1100,"2026",1,"Winter",2021-10-24,2022-04-02,45.7096774193548,FALSE,"2021",10,"Autumn","G-coded","male","2",51.02,"43-60",FALSE,FALSE,FALSE,FALSE,FALSE,FALSE,FALSE,FALSE,FALSE,FALSE,1,1,"singleton",0,1,0,1,0,1,0,1,0,1,1,1
"213719",51.12,3,2026-02-17,"41121296",53.2,"G62140",NA,NA,962,"2026",2,"Winter",2021-11-17,2022-04-02,46.5357142857143,FALSE,"2021",11,"Autumn","G-coded","male","3",51.12,"43-60",FALSE,FALSE,FALSE,FALSE,FALSE,FALSE,FALSE,FALSE,FALSE,FALSE,1,1,"singleton",0,0,0,0,0,1,0,1,0,0,0,2
"224032",51.22,3,2026-04-07,"41120238",50.4,"G62390","6868671111","00007",478,"2026",4,"Spring",2022-01-07,2022-04-02,48.1666666666667,FALSE,"2022",1,"Winter","G-coded","male","3",51.22,"43-60",FALSE,FALSE,FALSE,FALSE,FALSE,FALSE,FALSE,FALSE,FALSE,FALSE,1,1,"singleton",0,0,0,0,0,0,0,0,0,0,0,4
"00881",51.28,3,2023-11-04,"854282维利纳诺",55.4,"G9747",NA,NA,7414,"2023",11,"Autumn",2019-08-04,2022-04-02,19.0666666666667,FALSE,"2019",8,"Summer","G-coded","male","3",51.28,"43-60",FALSE,FALSE,FALSE,FALSE,FALSE,FALSE,FALSE,FALSE,FALSE,FALSE,1,1,"singleton",0,1,0,0,0,1,0,1,0,1,0,11
"212175",51.35,2,2025-05-01,"22218621",52.2,"G52645","180781","800437",3087,"2025",5,"Spring",2021-02-01,2022-04-02,36.9666666666667,FALSE,"2021",2,"Winter","G-coded","male","2",51.35,"43-60",FALSE,FALSE,FALSE,FALSE,FALSE,FALSE,FALSE,FALSE,FALSE,FALSE,1,1,"singleton",0,0,0,0,0,0,0,0,0,0,0,5
"212029",51.45,2,2025-04-07,"22218621",46.4,"G52527","180600","61379",3328,"2025",4,"Spring",2021-01-07,2022-04-02,36.1666666666667,FALSE,"2021",1,"Winter","G-coded","male","2",51.45,"43-60",FALSE,FALSE,FALSE,FALSE,FALSE,FALSE,FALSE,FALSE,FALSE,FALSE,1,1,"singleton",0,0,0,0,0,0,0,0,0,0,0,4
"202378",51.48,3,2025-11-20,"41121286",59.6,"G53433","180781","60657",1590,"2025",11,"Autumn",2021-08-20,2022-04-02,43.6,FALSE,"2021",8,"Summer","G-coded","male","3",51.48,"43-60",FALSE,FALSE,FALSE,FALSE,FALSE,FALSE,FALSE,FALSE,FALSE,FALSE,1,1,"singleton",0,1,0,1,0,1,0,1,0,1,0,11
"213664",51.58,2,2026-02-22,"41121296",45.4,"G62163","2544424506","70732",928,"2026",2,"Winter",2021-10-22,2022-03-02,47.7142857142857,FALSE,"2021",10,"Autumn","G-coded","male","2",51.58,"43-60",FALSE,FALSE,FALSE,FALSE,FALSE,FALSE,FALSE,FALSE,FALSE,FALSE,1,1,"singleton",0,0,0,0,0,0,0,0,0,0,0,2
"910093",51.71,3,2023-07-24,"854773威吉吉",52.6,"G9235",NA,NA,8031,"2023",7,"Summer",2019-03-24,2022-03-02,16.7096774193548,FALSE,"2019",3,"Spring","G-coded","male","3",51.71,"43-60",FALSE,FALSE,FALSE,FALSE,FALSE,FALSE,FALSE,FALSE,FALSE,FALSE,1,1,"singleton",0,0,0,0,0,0,0,1,0,0,0,7
"212014",51.74,3,2025-04-25,"427133",54.4,"G52613","740640209","61458",3147,"2025",4,"Spring",2020-12-25,2022-03-02,37.7666666666667,FALSE,"2020",12,"Winter","G-coded","male","3",51.74,"43-60",FALSE,FALSE,FALSE,FALSE,FALSE,FALSE,FALSE,FALSE,FALSE,FALSE,1,1,"singleton",0,0,0,0,0,1,0,1,0,0,0,4
"202506",51.84,3,2025-03-13,"22218621",49,"G52391","163940","800744",3581,"2025",3,"Spring",2020-11-13,2022-03-02,36.3548387096774,FALSE,"2020",11,"Autumn","G-coded","male","3",51.84,"43-60",FALSE,FALSE,FALSE,FALSE,FALSE,FALSE,FALSE,FALSE,FALSE,FALSE,1,1,"singleton",0,0,0,0,0,0,0,0,0,0,0,3
"00767",51.97,3,2023-10-11,"854282维利纳诺",48.5,"G9625",NA,NA,7541,"2023",10,"Autumn",2019-06-11,2022-03-02,19.2903225806452,FALSE,"2019",6,"Summer","G-coded","male","3",51.97,"43-60",FALSE,FALSE,FALSE,FALSE,FALSE,FALSE,FALSE,FALSE,FALSE,FALSE,1,1,"singleton",0,0,0,0,0,0,0,0,0,0,0,10
"00323",52.01,3,2023-07-30,"854773威吉吉",45.6,"G9278",NA,NA,7977,"2023",7,"Summer",2019-03-30,2022-03-02,16.9032258064516,FALSE,"2019",3,"Spring","G-coded","male","3",52.01,"43-60",FALSE,FALSE,FALSE,FALSE,FALSE,FALSE,FALSE,FALSE,FALSE,FALSE,1,1,"singleton",0,0,0,0,0,0,0,0,0,0,0,7
"01529",52.14,3,2023-08-22,"公牛",47,"G9382",NA,NA,7856,"2023",8,"Summer",2019-04-22,2022-03-02,17.6451612903226,FALSE,"2019",4,"Spring","G-coded","male","3",52.14,"43-60",FALSE,FALSE,FALSE,FALSE,FALSE,FALSE,FALSE,FALSE,FALSE,FALSE,1,1,"singleton",0,0,0,0,0,0,0,0,0,0,0,8
"H213550",52.2,3,2024-02-23,"862025瓦特罗",41.4,"G40352",NA,NA,6358,"2024",2,"Winter",2019-10-23,2022-03-02,23.7241379310345,FALSE,"2019",10,"Autumn","G-coded","male","3",52.2,"43-60",FALSE,FALSE,FALSE,FALSE,FALSE,FALSE,FALSE,FALSE,FALSE,FALSE,1,1,"singleton",0,0,0,0,0,0,0,0,0,0,0,2
"H212612",52.3,2,2025-10-03,"15620193",30.8,"G53205","606306","00902",2031,"2025",10,"Autumn",2021-06-03,2022-03-02,43.0322580645161,FALSE,"2021",6,"Summer","G-coded","male","2",52.3,"43-60",FALSE,FALSE,FALSE,FALSE,FALSE,FALSE,FALSE,FALSE,FALSE,FALSE,1,1,"singleton",1,0,1,0,1,0,1,0,0,0,0,10
"213565",52.4,3,2026-02-23,"41222118",61.4,"G62169","606306","62345",911,"2026",2,"Winter",2021-10-23,2022-03-02,47.75,FALSE,"2021",10,"Autumn","G-coded","male","3",52.4,"43-60",FALSE,FALSE,FALSE,FALSE,FALSE,FALSE,FALSE,FALSE,FALSE,FALSE,1,1,"singleton",0,1,0,1,0,1,0,1,0,1,1,2
"202364",52.5,3,2025-03-14,"427151",58.4,"G52405",NA,NA,3566,"2025",3,"Spring",2020-11-14,2022-03-02,36.3870967741936,FALSE,"2020",11,"Autumn","G-coded","male","3",52.5,"43-60",FALSE,FALSE,FALSE,FALSE,FALSE,FALSE,FALSE,FALSE,FALSE,FALSE,1,1,"singleton",0,1,0,1,0,1,0,1,0,1,0,3
"212365",52.6,3,2025-07-19,"21219011",61,"G52942","7402563907","70068",2507,"2025",7,"Summer",2021-02-19,2022-02-02,41.5483870967742,FALSE,"2021",2,"Winter","G-coded","male","3",52.6,"43-60",FALSE,FALSE,FALSE,FALSE,FALSE,FALSE,FALSE,FALSE,FALSE,FALSE,1,1,"singleton",0,1,0,1,0,1,0,1,0,1,1,7
"00133",52.66,3,2024-03-08,"854400西部公园",49.5,"G40443",NA,NA,6195,"2024",3,"Spring",2019-10-08,2022-02-02,25.1935483870968,FALSE,"2019",10,"Autumn","G-coded","male","3",52.66,"43-60",FALSE,FALSE,FALSE,FALSE,FALSE,FALSE,FALSE,FALSE,FALSE,FALSE,1,1,"singleton",0,0,0,0,0,0,0,0,0,0,0,3
"202341",52.7,3,2025-03-18,"427151",48.4,"G52429","163940","61087",3518,"2025",3,"Spring",2020-10-18,2022-02-02,37.5161290322581,FALSE,"2020",10,"Autumn","G-coded","male","3",52.7,"43-60",FALSE,FALSE,FALSE,FALSE,FALSE,FALSE,FALSE,FALSE,FALSE,FALSE,1,1,"singleton",0,0,0,0,0,0,0,0,0,0,0,3
"212244",52.79,3,2025-06-27,"863302",43.2,"G52864","7402563907","L150112",2651,"2025",6,"Summer",2021-01-27,2022-02-02,40.8333333333333,FALSE,"2021",1,"Winter","G-coded","male","3",52.79,"43-60",FALSE,FALSE,FALSE,FALSE,FALSE,FALSE,FALSE,FALSE,FALSE,FALSE,1,1,"singleton",0,0,0,0,0,0,0,0,0,0,0,6
"213444",52.89,3,2026-02-18,"41222015",57.4,"G62142","180781","61636",950,"2026",2,"Winter",2021-09-18,2022-02-02,48.5714285714286,FALSE,"2021",9,"Autumn","G-coded","male","3",52.89,"43-60",FALSE,FALSE,FALSE,FALSE,FALSE,FALSE,FALSE,FALSE,FALSE,FALSE,1,1,"singleton",0,1,0,1,0,1,0,1,0,1,0,2
"01327",53.02,3,2024-03-19,"862025瓦特罗",51.4,"G40520",NA,NA,6077,"2024",3,"Spring",2019-10-19,2022-02-02,25.5483870967742,FALSE,"2019",10,"Autumn","G-coded","male","3",53.02,"43-60",FALSE,FALSE,FALSE,FALSE,FALSE,FALSE,FALSE,FALSE,FALSE,FALSE,1,1,"singleton",0,0,0,0,0,0,0,0,0,0,0,3
"00391",53.06,3,2023-09-08,"865530狼血",41.3,"G9486","171790","151112",7726,"2023",9,"Autumn",2019-04-08,2022-02-02,19.2,FALSE,"2019",4,"Spring","G-coded","male","3",53.06,"43-60",FALSE,FALSE,FALSE,FALSE,FALSE,FALSE,FALSE,FALSE,FALSE,FALSE,1,1,"singleton",0,0,0,0,0,0,0,0,0,0,0,9
"212848",53.12,3,2025-10-10,"41221179",39.6,"G53238",NA,NA,1963,"2025",10,"Autumn",2021-05-10,2022-02-02,44.258064516129,FALSE,"2021",5,"Spring","G-coded","male","3",53.12,"43-60",FALSE,FALSE,FALSE,FALSE,FALSE,FALSE,FALSE,FALSE,FALSE,FALSE,1,1,"singleton",0,0,0,0,1,0,0,0,0,0,0,10
"212087L",53.22,3,2026-03-31,"41120238",51.8,"G62353",NA,NA,552,"2026",3,"Spring",2021-10-31,2022-02-02,49.9354838709677,FALSE,"2021",10,"Autumn","G-coded","male","3",53.22,"43-60",FALSE,FALSE,FALSE,FALSE,FALSE,FALSE,FALSE,FALSE,FALSE,FALSE,1,1,"singleton",0,0,0,0,0,0,0,0,0,0,0,3
"202367",53.29,3,2025-04-07,"427151",42.3,"G52535",NA,NA,3325,"2025",4,"Spring",2020-11-07,2022-02-02,38.1666666666667,FALSE,"2020",11,"Autumn","G-coded","male","3",53.29,"43-60",FALSE,FALSE,FALSE,FALSE,FALSE,FALSE,FALSE,FALSE,FALSE,FALSE,1,1,"singleton",0,0,0,0,0,0,0,0,0,0,0,4
"202630",53.35,3,2025-05-24,"427133",50.6,"G52757","180600","50706",2868,"2025",5,"Spring",2020-12-24,2022-02-02,39.7096774193548,FALSE,"2020",12,"Winter","G-coded","male","3",53.35,"43-60",FALSE,FALSE,FALSE,FALSE,FALSE,FALSE,FALSE,FALSE,FALSE,FALSE,1,1,"singleton",0,0,0,0,0,0,0,0,0,0,0,5
"202237",53.48,3,2025-03-26,"427151",38.1,"G52472","606244","801058",3422,"2025",3,"Spring",2020-10-26,2022-02-02,37.7741935483871,FALSE,"2020",10,"Autumn","G-coded","male","3",53.48,"43-60",FALSE,FALSE,FALSE,FALSE,FALSE,FALSE,FALSE,FALSE,FALSE,FALSE,1,1,"singleton",0,0,0,0,1,0,0,0,0,0,0,3
"H20044",53.55,3,2026-04-28,"41120238",30.2,"G62461","854282","800902",329,"2026",4,"Spring",2021-10-28,2022-01-02,51.8666666666667,FALSE,"2021",10,"Autumn","G-coded","male","3",53.55,"43-60",FALSE,FALSE,FALSE,FALSE,FALSE,FALSE,FALSE,FALSE,FALSE,FALSE,1,1,"singleton",1,0,1,0,1,0,1,0,0,0,0,4
"800761",53.62,3,2023-04-02,"871041文尼哥",48.2,"G8631","171350","61520",8740,"2023",4,"Spring",2018-10-02,2022-01-02,15,FALSE,"2018",10,"Autumn","G-coded","male","3",53.62,"43-60",FALSE,FALSE,FALSE,FALSE,FALSE,FALSE,FALSE,FALSE,FALSE,FALSE,1,1,"singleton",0,0,0,0,0,0,0,0,0,0,0,4
"801131",53.68,3,2023-06-15,"854773威吉吉",47.8,"G9045","171790","62416",8225,"2023",6,"Summer",2018-12-15,2022-01-02,17.4333333333333,FALSE,"2018",12,"Winter","G-coded","male","3",53.68,"43-60",FALSE,FALSE,FALSE,FALSE,FALSE,FALSE,FALSE,FALSE,FALSE,FALSE,1,1,"singleton",0,0,0,0,0,0,0,0,0,0,0,6
"213623",53.91,3,2026-04-24,"21219011",48.9,"G62450","2544424506","70365",362,"2026",4,"Spring",2021-10-24,2022-01-02,51.7333333333333,FALSE,"2021",10,"Autumn","G-coded","male","3",53.91,"43-60",FALSE,FALSE,FALSE,FALSE,FALSE,FALSE,FALSE,FALSE,FALSE,FALSE,1,1,"singleton",0,0,0,0,0,0,0,0,0,0,0,4
"H213118",54.11,3,2023-11-29,"865530狼血",45.2,"G9899","167285","61391",7262,"2023",11,"Autumn",2019-05-29,2022-01-02,22.9,FALSE,"2019",5,"Spring","G-coded","male","3",54.11,"43-60",FALSE,FALSE,FALSE,FALSE,FALSE,FALSE,FALSE,FALSE,FALSE,FALSE,1,1,"singleton",0,0,0,0,0,0,0,0,0,0,0,11
"00862",54.14,4,2024-01-16,"865530狼血",45,"G40091","167285","61402",6813,"2024",1,"Winter",2019-07-16,2022-01-02,24.4516129032258,FALSE,"2019",7,"Summer","G-coded","male","4",54.14,"43-60",FALSE,FALSE,FALSE,FALSE,FALSE,FALSE,FALSE,FALSE,FALSE,FALSE,1,1,"singleton",0,0,0,0,0,0,0,0,0,0,0,1
"800505",54.24,3,2023-01-17,"871041文尼哥",42.3,"G8097",NA,NA,9374,"2023",1,"Winter",2018-07-17,2022-01-02,12.4838709677419,TRUE,"2018",7,"Summer","G-coded","male","3",54.24,"43-60",FALSE,FALSE,FALSE,FALSE,FALSE,FALSE,FALSE,FALSE,FALSE,FALSE,1,1,"singleton",0,0,0,0,0,0,0,0,0,0,0,1
"201182",54.37,3,2025-05-12,"22218621",48.1,"G52704","163940","61346",2983,"2025",5,"Spring",2020-11-12,2022-01-02,40.3225806451613,FALSE,"2020",11,"Autumn","G-coded","male","3",54.37,"43-60",FALSE,FALSE,FALSE,FALSE,FALSE,FALSE,FALSE,FALSE,FALSE,FALSE,1,1,"singleton",0,0,0,0,0,0,0,0,0,0,0,5
"212688",54.44,2,2025-11-01,"41419127",44.3,"G53339","606318","50754",1772,"2025",11,"Autumn",2021-05-01,2022-01-02,45.9677419354839,FALSE,"2021",5,"Spring","G-coded","male","2",54.44,"43-60",FALSE,FALSE,FALSE,FALSE,FALSE,FALSE,FALSE,FALSE,FALSE,FALSE,1,1,"singleton",0,0,0,0,0,0,0,0,0,0,0,11
"201741",54.47,3,2024-08-30,"171206",56.6,"G41046",NA,NA,5108,"2024",8,"Summer",2020-02-29,2022-01-02,31.9032258064516,FALSE,"2020",2,"Winter","G-coded","male","3",54.47,"43-60",FALSE,FALSE,FALSE,FALSE,FALSE,FALSE,FALSE,FALSE,FALSE,FALSE,1,1,"singleton",0,1,0,0,0,1,0,1,0,1,0,8
"213309",54.54,3,2026-03-19,"21219011",38.5,"G62290","180781","L40162",694,"2026",3,"Spring",2021-08-19,2021-12-02,51.5483870967742,FALSE,"2021",8,"Summer","G-coded","male","3",54.54,"43-60",FALSE,FALSE,FALSE,FALSE,FALSE,FALSE,FALSE,FALSE,FALSE,FALSE,1,1,"singleton",0,0,0,0,1,0,0,0,0,0,0,3
"00270",54.57,3,2023-09-26,"7402563907",54.8,"G9558",NA,NA,7630,"2023",9,"Autumn",2019-02-26,2021-12-02,21.8,FALSE,"2019",2,"Winter","G-coded","male","3",54.57,"43-60",FALSE,FALSE,FALSE,FALSE,FALSE,FALSE,FALSE,FALSE,FALSE,FALSE,1,1,"singleton",0,1,0,0,0,1,0,1,0,0,0,9
"212416",54.9,2,2025-10-04,"15618075",50.2,"G53576","603268","801033",2012,"2025",10,"Autumn",2021-03-04,2021-12-02,46.0645161290323,FALSE,"2021",3,"Spring","G-coded","male","2",54.9,"43-60",FALSE,FALSE,FALSE,FALSE,FALSE,FALSE,FALSE,FALSE,FALSE,FALSE,1,1,"singleton",0,0,0,0,0,0,0,0,0,0,0,10
"213342",55,3,2026-04-05,"41120238",45.4,"G62386L","180781","01081",500,"2026",4,"Spring",2021-09-05,2021-12-02,52.1,FALSE,"2021",9,"Autumn","G-coded","male","3",55,"43-60",FALSE,FALSE,FALSE,FALSE,FALSE,FALSE,FALSE,FALSE,FALSE,FALSE,1,1,"singleton",0,0,0,0,0,0,0,0,0,0,0,4
"00684",55.33,3,2024-01-06,"FR7045049997",48.4,"G40038","167285","61371",6899,"2024",1,"Winter",2019-06-06,2021-12-02,25.1290322580645,FALSE,"2019",6,"Summer","G-coded","male","3",55.33,"43-60",FALSE,FALSE,FALSE,FALSE,FALSE,FALSE,FALSE,FALSE,FALSE,FALSE,1,1,"singleton",0,0,0,0,0,0,0,0,0,0,0,1
"800732",55.46,4,2023-09-10,"7402563907",32.8,"G9491","171790","60542",7721,"2023",9,"Autumn",2019-02-10,2021-12-02,21.2666666666667,FALSE,"2019",2,"Winter","G-coded","male","4",55.46,"43-60",FALSE,FALSE,FALSE,FALSE,FALSE,FALSE,FALSE,FALSE,FALSE,FALSE,1,1,"singleton",1,0,1,0,1,0,1,0,0,0,0,9
"01219",55.59,3,2024-06-14,"863025",46.8,"G40842","186756","91108",5450,"2024",6,"Summer",2019-10-14,2021-11-02,31.4,FALSE,"2019",10,"Autumn","G-coded","male","3",55.59,"43-60",FALSE,FALSE,FALSE,FALSE,FALSE,FALSE,FALSE,FALSE,FALSE,FALSE,1,1,"singleton",0,0,0,0,0,0,0,0,0,0,0,6
"01168",55.72,3,2024-06-06,"22220785",52.2,"G40807","186756","60219",5514,"2024",6,"Summer",2019-10-06,2021-11-02,31.1333333333333,FALSE,"2019",10,"Autumn","G-coded","male","3",55.72,"43-60",FALSE,FALSE,FALSE,FALSE,FALSE,FALSE,FALSE,FALSE,FALSE,FALSE,1,1,"singleton",0,0,0,0,0,0,0,0,0,0,0,6
"00768",55.79,3,2024-02-04,"FR7045049997",52.4,"G40191","186756","63030",6637,"2024",2,"Winter",2019-06-04,2021-11-02,27.0689655172414,FALSE,"2019",6,"Summer","G-coded","male","3",55.79,"43-60",FALSE,FALSE,FALSE,FALSE,FALSE,FALSE,FALSE,FALSE,FALSE,FALSE,1,1,"singleton",0,0,0,0,0,0,0,0,0,0,0,2
"213099",55.85,3,2026-03-02,"15620193",44.2,"G62193","603268","60354",861,"2026",3,"Spring",2021-07-02,2021-11-02,52,FALSE,"2021",7,"Summer","G-coded","male","3",55.85,"43-60",FALSE,FALSE,FALSE,FALSE,FALSE,FALSE,FALSE,FALSE,FALSE,FALSE,1,1,"singleton",0,0,0,0,0,0,0,0,0,0,0,3
"212087",55.92,3,2025-12-19,"41121286",58.4,"G53562",NA,NA,1297,"2025",12,"Winter",2021-04-19,2021-11-02,49.5483870967742,FALSE,"2021",4,"Spring","G-coded","male","3",55.92,"43-60",FALSE,FALSE,FALSE,FALSE,FALSE,FALSE,FALSE,FALSE,FALSE,FALSE,1,1,"singleton",0,1,0,1,0,1,0,1,0,1,0,12
"202068",55.95,3,2023-06-07,"7402563907",39.4,"G8993","171350","61531",8282,"2023",6,"Summer",2018-10-07,2021-11-02,19.1666666666667,FALSE,"2018",10,"Autumn","G-coded","male","3",55.95,"43-60",FALSE,FALSE,FALSE,FALSE,FALSE,FALSE,FALSE,FALSE,FALSE,FALSE,1,1,"singleton",0,0,0,0,1,0,0,0,0,0,0,6
"202491",56.05,3,2025-07-18,"41121918",51,"G52938","7402563907","70628",2513,"2025",7,"Summer",2020-11-18,2021-11-02,44.5161290322581,FALSE,"2020",11,"Autumn","G-coded","male","3",56.05,"43-60",FALSE,FALSE,FALSE,FALSE,FALSE,FALSE,FALSE,FALSE,FALSE,FALSE,1,1,"singleton",0,0,0,0,0,0,0,0,0,0,0,7
"212006",56.11,4,2025-09-04,"21219011",40.5,"G53087","740640209","60235",2252,"2025",9,"Autumn",2021-01-04,2021-11-02,46.0666666666667,FALSE,"2021",1,"Winter","G-coded","male","4",56.11,"43-60",FALSE,FALSE,FALSE,FALSE,FALSE,FALSE,FALSE,FALSE,FALSE,FALSE,1,1,"singleton",0,0,0,0,0,0,0,0,0,0,0,9
"202261",56.18,4,2025-06-20,"22218621",56.4,"G52842","163940","61380",2703,"2025",6,"Summer",2020-10-20,2021-11-02,43.6,FALSE,"2020",10,"Autumn","G-coded","male","4",56.18,"43-60",FALSE,FALSE,FALSE,FALSE,FALSE,FALSE,FALSE,FALSE,FALSE,FALSE,1,1,"singleton",0,1,0,0,0,1,0,1,0,1,0,6
"00060",56.48,3,2023-10-03,"854282维利纳诺",46.2,"G9592",NA,NA,7580,"2023",10,"Autumn",2019-02-03,2021-11-02,23.0322580645161,FALSE,"2019",2,"Winter","G-coded","male","3",56.48,"43-60",FALSE,FALSE,FALSE,FALSE,FALSE,FALSE,FALSE,FALSE,FALSE,FALSE,1,1,"singleton",0,0,0,0,0,0,0,0,0,0,0,10
"212070",56.61,4,2025-09-23,"863302",63,"G53159","740640209","61845",2111,"2025",9,"Autumn",2020-12-23,2021-10-02,47.7,FALSE,"2020",12,"Winter","G-coded","male","4",56.61,"43-60",FALSE,FALSE,FALSE,FALSE,FALSE,FALSE,FALSE,FALSE,FALSE,FALSE,1,1,"singleton",0,1,0,1,0,1,0,1,0,1,1,9
"212276",56.74,4,2025-11-01,"22217329",59.1,"G53337","606306","62292",1766,"2025",11,"Autumn",2021-02-01,2021-10-02,48.9677419354839,FALSE,"2021",2,"Winter","G-coded","male","4",56.74,"43-60",FALSE,FALSE,FALSE,FALSE,FALSE,FALSE,FALSE,FALSE,FALSE,FALSE,1,1,"singleton",0,1,0,1,0,1,0,1,0,1,0,11
"H801094",56.84,4,2024-06-22,"22220785",51.8,"G40861","171790","61860",5414,"2024",6,"Summer",2019-09-22,2021-10-02,32.6666666666667,FALSE,"2019",9,"Autumn","G-coded","male","4",56.84,"43-60",FALSE,FALSE,FALSE,FALSE,FALSE,FALSE,FALSE,FALSE,FALSE,FALSE,1,1,"singleton",0,0,0,0,0,0,0,0,0,0,0,6
"213009",56.9,3,2026-03-04,"863302",48.6,"G62206","606306","800486",841,"2026",3,"Spring",2021-06-04,2021-10-02,53.0645161290323,FALSE,"2021",6,"Summer","G-coded","male","3",56.9,"43-60",FALSE,FALSE,FALSE,FALSE,FALSE,FALSE,FALSE,FALSE,FALSE,FALSE,1,1,"singleton",0,0,0,0,0,0,0,0,0,0,0,3
"213068",56.97,3,2026-03-22,"41121296",57.1,"G62306",NA,NA,656,"2026",3,"Spring",2021-06-22,2021-10-02,53.6451612903226,FALSE,"2021",6,"Summer","G-coded","male","3",56.97,"43-60",FALSE,FALSE,FALSE,FALSE,FALSE,FALSE,FALSE,FALSE,FALSE,FALSE,1,1,"singleton",0,1,0,0,0,1,0,1,0,1,0,3
"801039L",57,2,2024-06-24,"22220785",55.4,"G40863",NA,NA,5401,"2024",6,"Summer",2019-09-24,2021-10-02,32.7333333333333,FALSE,"2019",9,"Autumn","G-coded","male","2",57,"43-60",FALSE,FALSE,FALSE,FALSE,FALSE,FALSE,FALSE,FALSE,FALSE,FALSE,1,1,"singleton",0,1,0,0,0,1,0,1,0,1,0,6
"800211",57.07,3,2023-01-09,"871041文尼哥",51.2,"G8073",NA,NA,9419,"2023",1,"Winter",2018-04-09,2021-10-02,15.2258064516129,FALSE,"2018",4,"Spring","G-coded","male","3",57.07,"43-60",FALSE,FALSE,FALSE,FALSE,FALSE,FALSE,FALSE,FALSE,FALSE,FALSE,1,1,"singleton",0,0,0,0,0,0,0,0,0,0,0,1
"H00170",57.13,4,2023-10-28,"7402563907",48.5,"G9694",NA,NA,7455,"2023",10,"Autumn",2019-01-28,2021-10-02,24.8387096774194,FALSE,"2019",1,"Winter","G-coded","male","4",57.13,"43-60",FALSE,FALSE,FALSE,FALSE,FALSE,FALSE,FALSE,FALSE,FALSE,FALSE,1,1,"singleton",0,0,0,0,0,0,0,0,0,0,0,10
"00786",57.17,4,2024-03-20,"862025瓦特罗",56.8,"G40523","167285","62472",6064,"2024",3,"Spring",2019-06-20,2021-10-02,29.5806451612903,FALSE,"2019",6,"Summer","G-coded","male","4",57.17,"43-60",FALSE,FALSE,FALSE,FALSE,FALSE,FALSE,FALSE,FALSE,FALSE,FALSE,1,1,"singleton",0,1,0,0,0,1,0,1,0,1,0,3
"212855",57.3,3,2026-02-15,"21219011",53.8,"G62135","606306","62558",969,"2026",2,"Winter",2021-05-15,2021-10-02,52.4642857142857,FALSE,"2021",5,"Spring","G-coded","male","3",57.3,"43-60",FALSE,FALSE,FALSE,FALSE,FALSE,FALSE,FALSE,FALSE,FALSE,FALSE,1,1,"singleton",0,0,0,0,0,1,0,1,0,0,0,2
"00710",57.46,4,2024-03-16,"FR3917468802",49.4,"G40503","167285","60470",6093,"2024",3,"Spring",2019-06-16,2021-10-02,29.4516129032258,FALSE,"2019",6,"Summer","G-coded","male","4",57.46,"43-60",FALSE,FALSE,FALSE,FALSE,FALSE,FALSE,FALSE,FALSE,FALSE,FALSE,1,1,"singleton",0,0,0,0,0,0,0,0,0,0,0,3
"00067",57.56,4,2023-11-08,"FR2545422137",48.5,"G9771","171790","60764",7387,"2023",11,"Autumn",2019-01-08,2021-09-02,26.2,FALSE,"2019",1,"Winter","G-coded","male","4",57.56,"43-60",FALSE,FALSE,FALSE,FALSE,FALSE,FALSE,FALSE,FALSE,FALSE,FALSE,1,1,"singleton",0,0,0,0,0,0,0,0,0,0,0,11
"800966",57.63,4,2023-09-19,"7402563907",44.5,"G9531","171350","61743",7669,"2023",9,"Autumn",2018-11-19,2021-09-02,24.5666666666667,FALSE,"2018",11,"Autumn","G-coded","male","4",57.63,"43-60",FALSE,FALSE,FALSE,FALSE,FALSE,FALSE,FALSE,FALSE,FALSE,FALSE,1,1,"singleton",0,0,0,0,0,0,0,0,0,0,0,9
"212179",57.73,4,2025-11-12,"21219011",56.4,"G53387","180781","L40180",1669,"2025",11,"Autumn",2021-01-12,2021-09-02,50.3333333333333,FALSE,"2021",1,"Winter","G-coded","male","4",57.73,"43-60",FALSE,FALSE,FALSE,FALSE,FALSE,FALSE,FALSE,FALSE,FALSE,FALSE,1,1,"singleton",0,1,0,0,0,1,0,1,0,1,0,11
"H201987",57.79,3,2025-09-30,"15620193",40.7,"G53192","180600","91120",2043,"2025",9,"Autumn",2020-11-30,2021-09-02,48.9333333333333,FALSE,"2020",11,"Autumn","G-coded","male","3",57.79,"43-60",FALSE,FALSE,FALSE,FALSE,FALSE,FALSE,FALSE,FALSE,FALSE,FALSE,1,1,"singleton",0,0,0,0,0,0,0,0,0,0,0,9
"202572",57.89,3,2025-09-28,"15618075",44.6,"G53186",NA,NA,2065,"2025",9,"Autumn",2020-11-28,2021-09-02,48.8666666666667,FALSE,"2020",11,"Autumn","G-coded","male","3",57.89,"43-60",FALSE,FALSE,FALSE,FALSE,FALSE,FALSE,FALSE,FALSE,FALSE,FALSE,1,1,"singleton",0,0,0,0,0,0,0,0,0,0,0,9
"90018",57.99,4,2023-10-11,"7402563907",51.4,"G9624",NA,NA,7538,"2023",10,"Autumn",2018-12-11,2021-09-02,25.2903225806452,FALSE,"2018",12,"Winter","G-coded","male","4",57.99,"43-60",FALSE,FALSE,FALSE,FALSE,FALSE,FALSE,FALSE,FALSE,FALSE,FALSE,1,1,"singleton",0,0,0,0,0,0,0,0,0,0,0,10
"00705",58.02,4,2024-04-01,"FR3917468802",48.1,"G40590",NA,NA,5961,"2024",4,"Spring",2019-06-01,2021-09-02,30.9677419354839,FALSE,"2019",6,"Summer","G-coded","male","4",58.02,"43-60",FALSE,FALSE,FALSE,FALSE,FALSE,FALSE,FALSE,FALSE,FALSE,FALSE,1,1,"singleton",0,0,0,0,0,0,0,0,0,0,0,4
"212306",58.12,3,2025-12-22,"21219011",53.7,"G53584","7402563907","70038",1278,"2025",12,"Winter",2021-02-22,2021-09-02,51.6451612903226,FALSE,"2021",2,"Winter","G-coded","male","3",58.12,"43-60",FALSE,FALSE,FALSE,FALSE,FALSE,FALSE,FALSE,FALSE,FALSE,FALSE,1,1,"singleton",0,0,0,0,0,1,0,1,0,0,0,12
"00763",58.12,4,2024-04-14,"65119600",52.3,"G40629",NA,NA,5876,"2024",4,"Spring",2019-06-14,2021-09-02,31.4,FALSE,"2019",6,"Summer","G-coded","male","4",58.12,"43-60",FALSE,FALSE,FALSE,FALSE,FALSE,FALSE,FALSE,FALSE,FALSE,FALSE,1,1,"singleton",0,0,0,0,0,0,0,0,0,0,0,4
"00567",58.15,4,2024-06-12,"863025",41.7,"G40835",NA,NA,5464,"2024",6,"Summer",2019-08-12,2021-09-02,33.3333333333333,FALSE,"2019",8,"Summer","G-coded","male","4",58.15,"43-60",FALSE,FALSE,FALSE,FALSE,FALSE,FALSE,FALSE,FALSE,FALSE,FALSE,1,1,"singleton",0,0,0,0,0,0,0,0,0,0,0,6
"212028",58.19,4,2025-11-08,"21219011",49.2,"G53360","740640209","61378",1710,"2025",11,"Autumn",2021-01-08,2021-09-02,50.2,FALSE,"2021",1,"Winter","G-coded","male","4",58.19,"43-60",FALSE,FALSE,FALSE,FALSE,FALSE,FALSE,FALSE,FALSE,FALSE,FALSE,1,1,"singleton",0,0,0,0,0,0,0,0,0,0,0,11
"00319",58.25,4,2024-02-03,"FR7045049997",54.2,"G40181",NA,NA,6654,"2024",2,"Winter",2019-04-03,2021-09-02,29.0344827586207,FALSE,"2019",4,"Spring","G-coded","male","4",58.25,"43-60",FALSE,FALSE,FALSE,FALSE,FALSE,FALSE,FALSE,FALSE,FALSE,FALSE,1,1,"singleton",0,0,0,0,0,1,0,1,0,0,0,2
"801132",58.28,3,2023-11-02,"854282维利纳诺",38.5,"G9731","171790","61626",7429,"2023",11,"Autumn",2019-01-02,2021-09-02,26,FALSE,"2019",1,"Winter","G-coded","male","3",58.28,"43-60",FALSE,FALSE,FALSE,FALSE,FALSE,FALSE,FALSE,FALSE,FALSE,FALSE,1,1,"singleton",0,0,0,0,1,0,0,0,0,0,0,11
"212010",58.32,3,2025-11-10,"41121286",52.1,"G53376",NA,NA,1688,"2025",11,"Autumn",2021-01-10,2021-09-02,50.2666666666667,FALSE,"2021",1,"Winter","G-coded","male","3",58.32,"43-60",FALSE,FALSE,FALSE,FALSE,FALSE,FALSE,FALSE,FALSE,FALSE,FALSE,1,1,"singleton",0,0,0,0,0,0,0,0,0,0,0,11
"800590",58.38,4,2023-07-12,"7402563907",47.5,"G9155","171350","60402",8111,"2023",7,"Summer",2018-09-12,2021-09-02,22.3225806451613,FALSE,"2018",9,"Autumn","G-coded","male","4",58.38,"43-60",FALSE,FALSE,FALSE,FALSE,FALSE,FALSE,FALSE,FALSE,FALSE,FALSE,1,1,"singleton",0,0,0,0,0,0,0,0,0,0,0,7
"202112",58.42,4,2025-07-28,"41421178",57.6,"G52979","606244","70626",2440,"2025",7,"Summer",2020-09-28,2021-09-02,46.8387096774194,FALSE,"2020",9,"Autumn","G-coded","male","4",58.42,"43-60",FALSE,FALSE,FALSE,FALSE,FALSE,FALSE,FALSE,FALSE,FALSE,FALSE,1,1,"singleton",0,1,0,1,0,1,0,1,0,1,0,7
"00199",58.45,4,2024-01-07,"FR7045049997",45.9,"G40049","171790","61571",6898,"2024",1,"Winter",2019-03-07,2021-09-02,28.1612903225806,FALSE,"2019",3,"Spring","G-coded","male","4",58.45,"43-60",FALSE,FALSE,FALSE,FALSE,FALSE,FALSE,FALSE,FALSE,FALSE,FALSE,1,1,"singleton",0,0,0,0,0,0,0,0,0,0,0,1
"H213122",58.48,4,2026-02-19,"41121296",45.2,"G62149","7029225762","62069",946,"2026",2,"Winter",2021-04-19,2021-09-02,53.6071428571429,FALSE,"2021",4,"Spring","G-coded","male","4",58.48,"43-60",FALSE,FALSE,FALSE,FALSE,FALSE,FALSE,FALSE,FALSE,FALSE,FALSE,1,1,"singleton",0,0,0,0,0,0,0,0,0,0,0,2
"201547",58.55,3,2025-03-07,"22220783",41.3,"G52367","606244","1437",3642,"2025",3,"Spring",2020-04-07,2021-08-02,43.1612903225806,FALSE,"2020",4,"Spring","G-coded","male","3",58.55,"43-60",FALSE,FALSE,FALSE,FALSE,FALSE,FALSE,FALSE,FALSE,FALSE,FALSE,1,1,"singleton",0,0,0,0,0,0,0,0,0,0,0,3
"800683",58.55,4,2023-08-13,"7402563907",50.4,"G9336",NA,NA,7909,"2023",8,"Summer",2018-09-13,2021-08-02,24.3548387096774,FALSE,"2018",9,"Autumn","G-coded","male","4",58.55,"43-60",FALSE,FALSE,FALSE,FALSE,FALSE,FALSE,FALSE,FALSE,FALSE,FALSE,1,1,"singleton",0,0,0,0,0,0,0,0,0,0,0,8
"201892",58.61,3,2025-06-01,"427133",48.4,"G52781","865530","800509",2829,"2025",6,"Summer",2020-07-01,2021-08-02,45.9677419354839,FALSE,"2020",7,"Summer","G-coded","male","3",58.61,"43-60",FALSE,FALSE,FALSE,FALSE,FALSE,FALSE,FALSE,FALSE,FALSE,FALSE,1,1,"singleton",0,0,0,0,0,0,0,0,0,0,0,6
"910403",58.68,3,2024-08-01,"171206",47.3,"G40966",NA,NA,5252,"2024",8,"Summer",2019-09-01,2021-08-02,35.9677419354839,FALSE,"2019",9,"Autumn","G-coded","male","3",58.68,"43-60",FALSE,FALSE,FALSE,FALSE,FALSE,FALSE,FALSE,FALSE,FALSE,FALSE,1,1,"singleton",0,0,0,0,0,0,0,0,0,0,0,8
"212311",58.81,3,2026-01-15,"41121286",68.8,"G62037",NA,NA,1150,"2026",1,"Winter",2021-02-15,2021-08-02,53.4193548387097,FALSE,"2021",2,"Winter","G-coded","male","3",58.81,"43-60",FALSE,TRUE,FALSE,FALSE,FALSE,FALSE,FALSE,FALSE,FALSE,FALSE,1,1,"singleton",0,1,0,1,0,1,0,1,0,1,1,1
"212504",58.84,4,2026-02-14,"41222015",47.2,"G62130","62544424506","L60200",984,"2026",2,"Winter",2021-03-14,2021-08-02,54.4285714285714,FALSE,"2021",3,"Spring","G-coded","male","4",58.84,"43-60",FALSE,FALSE,FALSE,FALSE,FALSE,FALSE,FALSE,FALSE,FALSE,FALSE,1,1,"singleton",0,0,0,0,0,0,0,0,0,0,0,2
"202174",58.88,4,2025-08-24,"863302",57.3,"G53056","41217462","61942",2297,"2025",8,"Summer",2020-09-24,2021-08-02,48.7096774193548,FALSE,"2020",9,"Autumn","G-coded","male","4",58.88,"43-60",FALSE,FALSE,FALSE,FALSE,FALSE,FALSE,FALSE,FALSE,FALSE,FALSE,1,1,"singleton",0,1,0,1,0,1,0,1,0,1,0,8
"00538",58.94,4,2024-04-04,"22220785",51.6,"G40603","167285","62749",5939,"2024",4,"Spring",2019-05-04,2021-08-02,32.0666666666667,FALSE,"2019",5,"Spring","G-coded","male","4",58.94,"43-60",FALSE,FALSE,FALSE,FALSE,FALSE,FALSE,FALSE,FALSE,FALSE,FALSE,1,1,"singleton",0,0,0,0,0,0,0,0,0,0,0,4
"212174",59.01,3,2025-12-20,"41121286",59.2,"G53579","180781","60735",1290,"2025",12,"Winter",2021-01-20,2021-08-02,52.5806451612903,FALSE,"2021",1,"Winter","G-coded","male","3",59.01,"43-60",FALSE,FALSE,FALSE,FALSE,FALSE,FALSE,FALSE,FALSE,FALSE,FALSE,1,1,"singleton",0,1,0,1,0,1,0,1,0,1,0,12
"202300",59.04,4,2025-09-21,"863302",59,"G53149",NA,NA,2131,"2025",9,"Autumn",2020-10-21,2021-08-02,49.6333333333333,FALSE,"2020",10,"Autumn","G-coded","male","4",59.04,"43-60",FALSE,FALSE,FALSE,FALSE,FALSE,FALSE,FALSE,FALSE,FALSE,FALSE,1,1,"singleton",0,1,0,1,0,1,0,1,0,1,0,9
"00828",59.07,4,2024-05-28,"22220785",46.2,"G40773","167285","70017",5588,"2024",5,"Spring",2019-06-28,2021-08-02,33.8387096774194,FALSE,"2019",6,"Summer","G-coded","male","4",59.07,"43-60",FALSE,FALSE,FALSE,FALSE,FALSE,FALSE,FALSE,FALSE,FALSE,FALSE,1,1,"singleton",0,0,0,0,0,0,0,0,0,0,0,5
"00826",59.14,3,2024-05-29,"22220785",44.2,"G40779",NA,NA,5574,"2024",5,"Spring",2019-06-29,2021-08-02,33.8709677419355,FALSE,"2019",6,"Summer","G-coded","male","3",59.14,"43-60",FALSE,FALSE,FALSE,FALSE,FALSE,FALSE,FALSE,FALSE,FALSE,FALSE,1,1,"singleton",0,0,0,0,0,0,0,0,0,0,0,5
"00086",59.14,4,2023-12-30,"FR7045049997",41.2,"G40007","171790","X224",6961,"2023",12,"Winter",2019-01-30,2021-08-02,28.9032258064516,FALSE,"2019",1,"Winter","G-coded","male","4",59.14,"43-60",FALSE,FALSE,FALSE,FALSE,FALSE,FALSE,FALSE,FALSE,FALSE,FALSE,1,1,"singleton",0,0,0,0,0,0,0,0,0,0,0,12
"00401",59.24,4,2024-03-16,"FR3917468802",39.3,"G40500","171790","12114",6095,"2024",3,"Spring",2019-04-16,2021-08-02,31.4516129032258,FALSE,"2019",4,"Spring","G-coded","male","4",59.24,"43-60",FALSE,FALSE,FALSE,FALSE,FALSE,FALSE,FALSE,FALSE,FALSE,FALSE,1,1,"singleton",0,0,0,0,1,0,0,0,0,0,0,3
"910092",59.3,4,2024-03-11,"FR3917468802",52.1,"G40461",NA,NA,6168,"2024",3,"Spring",2019-04-11,2021-08-02,31.2903225806452,FALSE,"2019",4,"Spring","G-coded","male","4",59.3,"43-60",FALSE,FALSE,FALSE,FALSE,FALSE,FALSE,FALSE,FALSE,FALSE,FALSE,1,1,"singleton",0,0,0,0,0,0,0,0,0,0,0,3
"213046",59.37,4,2026-05-27,"41120238",40.6,"G62545","7029225762","70189",158,"2026",5,"Spring",2021-06-27,2021-08-02,57.8064516129032,FALSE,"2021",6,"Summer","G-coded","male","4",59.37,"43-60",FALSE,FALSE,FALSE,FALSE,FALSE,FALSE,FALSE,FALSE,FALSE,FALSE,1,1,"singleton",0,0,0,0,0,0,0,0,0,0,0,5
"800100",59.47,2,2023-02-09,"871041文尼哥",45.6,"G8299",NA,NA,9232,"2023",2,"Winter",2018-03-09,2021-08-02,18.25,FALSE,"2018",3,"Spring","G-coded","male","2",59.47,"43-60",FALSE,FALSE,FALSE,FALSE,FALSE,FALSE,FALSE,FALSE,FALSE,FALSE,1,1,"singleton",0,0,0,0,0,0,0,0,0,0,0,2
"202324",59.5,4,2025-10-10,"15618075",52.2,"G53239","163940","62278",1968,"2025",10,"Autumn",2020-10-10,2021-07-02,51.258064516129,FALSE,"2020",10,"Autumn","G-coded","male","4",59.5,"43-60",FALSE,FALSE,FALSE,FALSE,FALSE,FALSE,FALSE,FALSE,FALSE,FALSE,1,1,"singleton",0,0,0,0,0,0,0,0,0,0,0,10
"201650",59.57,4,2025-04-25,"427133",41.6,"G52617","606244","62131",3155,"2025",4,"Spring",2020-04-25,2021-07-02,45.7666666666667,FALSE,"2020",4,"Spring","G-coded","male","4",59.57,"43-60",FALSE,FALSE,FALSE,FALSE,FALSE,FALSE,FALSE,FALSE,FALSE,FALSE,1,1,"singleton",0,0,0,0,0,0,0,0,0,0,0,4
"H212779",59.7,3,2025-10-29,"41121286",40.9,"G53322","163940","70197",1804,"2025",10,"Autumn",2020-10-29,2021-07-02,51.8709677419355,FALSE,"2020",10,"Autumn","G-coded","male","3",59.7,"43-60",FALSE,FALSE,FALSE,FALSE,FALSE,FALSE,FALSE,FALSE,FALSE,FALSE,1,1,"singleton",0,0,0,0,0,0,0,0,0,0,0,10
"212630",59.73,4,2026-04-03,"21219011",46.8,"G62370","7029225762","62646",518,"2026",4,"Spring",2021-04-03,2021-07-02,57.0333333333333,FALSE,"2021",4,"Spring","G-coded","male","4",59.73,"43-60",FALSE,FALSE,FALSE,FALSE,FALSE,FALSE,FALSE,FALSE,FALSE,FALSE,1,1,"singleton",0,0,0,0,0,0,0,0,0,0,0,4
"00709",59.76,4,2024-05-25,"22220785",51.2,"G40760",NA,NA,5606,"2024",5,"Spring",2019-05-25,2021-07-02,34.741935483871,FALSE,"2019",5,"Spring","G-coded","male","4",59.76,"43-60",FALSE,FALSE,FALSE,FALSE,FALSE,FALSE,FALSE,FALSE,FALSE,FALSE,1,1,"singleton",0,0,0,0,0,0,0,0,0,0,0,5
"201611",59.83,2,2025-04-27,"427133",41.8,"G52626","606244","63030",3128,"2025",4,"Spring",2020-04-27,2021-07-02,45.8333333333333,FALSE,"2020",4,"Spring","G-coded","male","2",59.83,"43-60",FALSE,FALSE,FALSE,FALSE,FALSE,FALSE,FALSE,FALSE,FALSE,FALSE,1,1,"singleton",0,0,0,0,0,0,0,0,0,0,0,4
"201486",59.89,3,2025-04-07,"22218621",52.4,"G52528",NA,NA,3318,"2025",4,"Spring",2020-04-07,2021-07-02,45.1666666666667,FALSE,"2020",4,"Spring","G-coded","male","3",59.89,"43-60",FALSE,FALSE,FALSE,FALSE,FALSE,FALSE,FALSE,FALSE,FALSE,FALSE,1,1,"singleton",0,0,0,0,0,0,0,0,0,0,0,4
"00435",60.03,3,2024-04-15,"FR3917468802",55.2,"G40631",NA,NA,5867,"2024",4,"Spring",2019-04-15,2021-07-02,33.4333333333333,FALSE,"2019",4,"Spring","G-coded","male","3",60.03,">60",FALSE,FALSE,FALSE,FALSE,FALSE,FALSE,FALSE,FALSE,FALSE,FALSE,1,1,"singleton",0,1,0,0,0,1,0,1,0,1,0,4
"201406",60.06,4,2025-04-02,"427151",63.6,"G52507",NA,NA,3362,"2025",4,"Spring",2020-04-02,2021-07-02,45,FALSE,"2020",4,"Spring","G-coded","male","4",60.06,">60",FALSE,FALSE,FALSE,FALSE,FALSE,FALSE,FALSE,FALSE,FALSE,FALSE,1,1,"singleton",0,1,0,1,0,1,0,1,0,1,1,4
"00671",60.16,4,2024-05-31,"863025",43.2,"G40787",NA,NA,5552,"2024",5,"Spring",2019-05-31,2021-07-02,34.9354838709677,FALSE,"2019",5,"Spring","G-coded","male","4",60.16,">60",FALSE,FALSE,FALSE,FALSE,FALSE,FALSE,FALSE,FALSE,FALSE,FALSE,1,1,"singleton",0,0,0,0,0,0,0,0,0,0,0,5
"201453",60.26,4,2025-05-13,"427133",36.2,"G52708",NA,NA,2971,"2025",5,"Spring",2020-05-13,2021-07-02,46.3548387096774,FALSE,"2020",5,"Spring","G-coded","male","4",60.26,">60",FALSE,FALSE,FALSE,FALSE,FALSE,FALSE,FALSE,FALSE,FALSE,FALSE,1,1,"singleton",1,0,0,0,1,0,0,0,0,0,0,5
"202541",60.32,4,2025-12-05,"41121286",49.8,"G53512","180600","70586",1414,"2025",12,"Winter",2020-12-05,2021-07-02,53.0967741935484,FALSE,"2020",12,"Winter","G-coded","male","4",60.32,">60",FALSE,FALSE,FALSE,FALSE,FALSE,FALSE,FALSE,FALSE,FALSE,FALSE,1,1,"singleton",0,0,0,0,0,0,0,0,0,0,0,12
"213128",60.39,4,2023-12-23,"FR7045049997",44.5,"G10083",NA,NA,7038,"2023",12,"Winter",2018-12-23,2021-07-02,29.6774193548387,FALSE,"2018",12,"Winter","G-coded","male","4",60.39,">60",FALSE,FALSE,FALSE,FALSE,FALSE,FALSE,FALSE,FALSE,FALSE,FALSE,1,1,"singleton",0,0,0,0,0,0,0,0,0,0,0,12
"H00204",60.42,3,2023-04-02,"871041文尼哥",46.3,"G8630",NA,NA,8736,"2023",4,"Spring",2018-04-02,2021-07-02,21,FALSE,"2018",4,"Spring","G-coded","male","3",60.42,">60",FALSE,FALSE,FALSE,FALSE,FALSE,FALSE,FALSE,FALSE,FALSE,FALSE,1,1,"singleton",0,0,0,0,0,0,0,0,0,0,0,4
"201923",60.55,4,2025-08-10,"15621315",40.6,"G53017L","606244","800334",2362,"2025",8,"Summer",2020-07-10,2021-06-02,50.258064516129,FALSE,"2020",7,"Summer","G-coded","male","4",60.55,">60",FALSE,FALSE,FALSE,FALSE,FALSE,FALSE,FALSE,FALSE,FALSE,FALSE,1,1,"singleton",0,0,0,0,0,0,0,0,0,0,0,8
"800379",60.68,4,2023-06-12,"7402563907",67.6,"G9021","426871","3003",8252,"2023",6,"Summer",2018-05-12,2021-06-02,24.3333333333333,FALSE,"2018",5,"Spring","G-coded","male","4",60.68,">60",FALSE,TRUE,FALSE,FALSE,FALSE,FALSE,FALSE,FALSE,FALSE,FALSE,1,1,"singleton",0,1,0,1,0,1,0,1,0,1,1,6
"201422",60.75,4,2025-04-26,"427133",44.6,"G52623","606244","L800049",3140,"2025",4,"Spring",2020-03-26,2021-06-02,46.8,FALSE,"2020",3,"Spring","G-coded","male","4",60.75,">60",FALSE,FALSE,FALSE,FALSE,FALSE,FALSE,FALSE,FALSE,FALSE,FALSE,1,1,"singleton",0,0,0,0,0,0,0,0,0,0,0,4
"00216",60.88,4,2024-03-27,"862025瓦特罗",56.4,"G40563L","171790","62209",6002,"2024",3,"Spring",2019-02-27,2021-06-02,33.8064516129032,FALSE,"2019",2,"Winter","G-coded","male","4",60.88,">60",FALSE,FALSE,FALSE,FALSE,FALSE,FALSE,FALSE,FALSE,FALSE,FALSE,1,1,"singleton",0,1,0,0,0,1,0,1,0,1,0,3
"212928",60.91,4,2026-06-17,"41120238",61,"G62599","606306","802450",34,"2026",6,"Summer",2021-05-17,2021-06-02,60.5,FALSE,"2021",5,"Spring","G-coded","male","4",60.91,">60",FALSE,FALSE,FALSE,FALSE,FALSE,FALSE,FALSE,FALSE,FALSE,FALSE,1,1,"singleton",0,1,0,1,0,1,0,1,0,1,1,6
"202224",60.95,3,2025-11-06,"21219011",56.3,"G53356","606244","800709",1734,"2025",11,"Autumn",2020-10-06,2021-06-02,53.1333333333333,FALSE,"2020",10,"Autumn","G-coded","male","3",60.95,">60",FALSE,FALSE,FALSE,FALSE,FALSE,FALSE,FALSE,FALSE,FALSE,FALSE,1,1,"singleton",0,1,0,0,0,1,0,1,0,1,0,11
"202424",60.98,4,2025-12-02,"41121286",62.6,"G53496","163940","62092",1468,"2025",12,"Winter",2020-11-02,2021-06-02,54,FALSE,"2020",11,"Autumn","G-coded","male","4",60.98,">60",FALSE,FALSE,FALSE,FALSE,FALSE,FALSE,FALSE,FALSE,FALSE,FALSE,1,1,"singleton",0,1,0,1,0,1,0,1,0,1,1,12
"H202327",61.11,4,2024-03-03,"862025瓦特罗",56.3,"G40415",NA,NA,6243,"2024",3,"Spring",2019-02-03,2021-06-02,33.0322580645161,FALSE,"2019",2,"Winter","G-coded","male","4",61.11,">60",FALSE,FALSE,FALSE,FALSE,FALSE,FALSE,FALSE,FALSE,FALSE,FALSE,1,1,"singleton",0,1,0,0,0,1,0,1,0,1,0,3
"800157",61.28,4,2023-12-13,"FR2545422137",43.7,"G9996",NA,NA,7153,"2023",12,"Winter",2018-11-13,2021-06-02,30.3548387096774,FALSE,"2018",11,"Autumn","G-coded","male","4",61.28,">60",FALSE,FALSE,FALSE,FALSE,FALSE,FALSE,FALSE,FALSE,FALSE,FALSE,1,1,"singleton",0,0,0,0,0,0,0,0,0,0,0,12
"201569",61.34,4,2025-06-05,"863302",33,"G52798","606244","62089",2800,"2025",6,"Summer",2020-05-05,2021-06-02,48.1,FALSE,"2020",5,"Spring","G-coded","male","4",61.34,">60",FALSE,FALSE,FALSE,FALSE,FALSE,FALSE,FALSE,FALSE,FALSE,FALSE,1,1,"singleton",1,0,1,0,1,0,1,0,0,0,0,6
"00048",61.44,4,2024-02-25,"862025瓦特罗",52.2,"G40370",NA,NA,6333,"2024",2,"Winter",2019-01-25,2021-06-02,32.7931034482759,FALSE,"2019",1,"Winter","G-coded","male","4",61.44,">60",FALSE,FALSE,FALSE,FALSE,FALSE,FALSE,FALSE,FALSE,FALSE,FALSE,1,1,"singleton",0,0,0,0,0,0,0,0,0,0,0,2
"212113",61.47,3,2026-02-21,"41121296",51.3,"G62157","7402563907","61973",934,"2026",2,"Winter",2021-01-21,2021-06-02,56.6785714285714,FALSE,"2021",1,"Winter","G-coded","male","3",61.47,">60",FALSE,FALSE,FALSE,FALSE,FALSE,FALSE,FALSE,FALSE,FALSE,FALSE,1,1,"singleton",0,0,0,0,0,0,0,0,0,0,0,2
"240316",61.51,4,2024-02-19,"862025瓦特罗",49.1,"G40310",NA,NA,6430,"2024",2,"Winter",2018-12-19,2021-05-02,33.5862068965517,FALSE,"2018",12,"Winter","G-coded","male","4",61.51,">60",FALSE,FALSE,FALSE,FALSE,FALSE,FALSE,FALSE,FALSE,FALSE,FALSE,1,1,"singleton",0,0,0,0,0,0,0,0,0,0,0,2
"00461",61.6,4,2024-06-07,"22220785",45.1,"G40813",NA,NA,5509,"2024",6,"Summer",2019-04-07,2021-05-02,37.1666666666667,FALSE,"2019",4,"Spring","G-coded","male","4",61.6,">60",FALSE,FALSE,FALSE,FALSE,FALSE,FALSE,FALSE,FALSE,FALSE,FALSE,1,1,"singleton",0,0,0,0,0,0,0,0,0,0,0,6
"800396",61.77,4,2023-07-22,"7402563907",43.4,"G9215",NA,NA,8043,"2023",7,"Summer",2018-05-22,2021-05-02,26.6451612903226,FALSE,"2018",5,"Spring","G-coded","male","4",61.77,">60",FALSE,FALSE,FALSE,FALSE,FALSE,FALSE,FALSE,FALSE,FALSE,FALSE,1,1,"singleton",0,0,0,0,0,0,0,0,0,0,0,7
"201699",61.97,4,2025-07-16,"15220402",48.8,"G52933","606244","61469",2530,"2025",7,"Summer",2020-05-16,2021-05-02,50.4516129032258,FALSE,"2020",5,"Spring","G-coded","male","4",61.97,">60",FALSE,FALSE,FALSE,FALSE,FALSE,FALSE,FALSE,FALSE,FALSE,FALSE,1,1,"singleton",0,0,0,0,0,0,0,0,0,0,0,7
"212357",62,4,2026-05-01,"21219011",28.6,"G62467","180781","61038",312,"2026",5,"Spring",2021-03-01,2021-05-02,59.9666666666667,FALSE,"2021",3,"Spring","G-coded","male","4",62,">60",FALSE,FALSE,FALSE,FALSE,FALSE,FALSE,FALSE,FALSE,FALSE,FALSE,1,1,"singleton",1,0,1,0,1,0,1,0,1,0,0,5
"801049",62.06,4,2024-02-13,"FR7045049997",53.2,"G40264",NA,NA,6519,"2024",2,"Winter",2018-12-13,2021-05-02,33.3793103448276,FALSE,"2018",12,"Winter","G-coded","male","4",62.06,">60",FALSE,FALSE,FALSE,FALSE,FALSE,FALSE,FALSE,FALSE,FALSE,FALSE,1,1,"singleton",0,0,0,0,0,1,0,1,0,0,0,2
"00659",62.16,4,2024-07-28,"171206",47.4,"G40961","167285","40456",5268,"2024",7,"Summer",2019-05-28,2021-05-02,38.8387096774194,FALSE,"2019",5,"Spring","G-coded","male","4",62.16,">60",FALSE,FALSE,FALSE,FALSE,FALSE,FALSE,FALSE,FALSE,FALSE,FALSE,1,1,"singleton",0,0,0,0,0,0,0,0,0,0,0,7
"202523",62.26,3,2025-11-28,"21219011",38.8,"G53476",NA,NA,1498,"2025",11,"Autumn",2020-09-28,2021-05-02,54.8666666666667,FALSE,"2020",9,"Autumn","G-coded","male","3",62.26,">60",FALSE,FALSE,FALSE,FALSE,FALSE,FALSE,FALSE,FALSE,FALSE,FALSE,1,1,"singleton",0,0,0,0,1,0,0,0,0,0,0,11
"202660",62.29,4,2026-02-23,"41121296",63.4,"G62176",NA,NA,913,"2026",2,"Winter",2020-12-23,2021-05-02,57.75,FALSE,"2020",12,"Winter","G-coded","male","4",62.29,">60",FALSE,FALSE,FALSE,FALSE,FALSE,FALSE,FALSE,FALSE,FALSE,FALSE,1,1,"singleton",0,1,0,1,0,1,0,1,0,1,1,2
"202175",62.36,3,2025-12-08,"41121286",52.2,"G53534","606244","60938",1393,"2025",12,"Winter",2020-10-08,2021-05-02,55.1935483870968,FALSE,"2020",10,"Autumn","G-coded","male","3",62.36,">60",FALSE,FALSE,FALSE,FALSE,FALSE,FALSE,FALSE,FALSE,FALSE,FALSE,1,1,"singleton",0,0,0,0,0,0,0,0,0,0,0,12
"H20039",62.39,4,2025-06-24,"863302",46.8,"G52856","606244","50510",2682,"2025",6,"Summer",2020-04-24,2021-05-02,49.7333333333333,FALSE,"2020",4,"Spring","G-coded","male","4",62.39,">60",FALSE,FALSE,FALSE,FALSE,FALSE,FALSE,FALSE,FALSE,FALSE,FALSE,1,1,"singleton",0,0,0,0,0,0,0,0,0,0,0,6
"201006",62.52,4,2025-03-18,"22218621",53.4,"G52430",NA,NA,3530,"2025",3,"Spring",2019-12-18,2021-04-02,47.5161290322581,FALSE,"2019",12,"Winter","G-coded","male","4",62.52,">60",FALSE,FALSE,FALSE,FALSE,FALSE,FALSE,FALSE,FALSE,FALSE,FALSE,1,1,"singleton",0,0,0,0,0,1,0,1,0,0,0,3
"801010",62.56,4,2024-02-23,"FR7045049997",43.6,"G40350","171350","60145",6366,"2024",2,"Winter",2018-11-23,2021-04-02,34.7241379310345,FALSE,"2018",11,"Autumn","G-coded","male","4",62.56,">60",FALSE,FALSE,FALSE,FALSE,FALSE,FALSE,FALSE,FALSE,FALSE,FALSE,1,1,"singleton",0,0,0,0,0,0,0,0,0,0,0,2
"212049",62.62,4,2026-03-16,"41121286",35.4,"G62361",NA,NA,723,"2026",3,"Spring",2020-12-16,2021-04-02,59.4516129032258,FALSE,"2020",12,"Winter","G-coded","male","4",62.62,">60",FALSE,FALSE,FALSE,FALSE,FALSE,FALSE,FALSE,FALSE,FALSE,FALSE,1,1,"singleton",1,0,0,0,1,0,1,0,0,0,0,3
"800045",62.62,4,2023-04-03,"7402563907",48.2,"G8646",NA,NA,8733,"2023",4,"Spring",2018-01-03,2021-04-02,24.0333333333333,FALSE,"2018",1,"Winter","G-coded","male","4",62.62,">60",FALSE,FALSE,FALSE,FALSE,FALSE,FALSE,FALSE,FALSE,FALSE,FALSE,1,1,"singleton",0,0,0,0,0,0,0,0,0,0,0,4
"202092",62.69,4,2025-12-01,"21219011",51.4,"G53493","606244","140536",1478,"2025",12,"Winter",2020-09-01,2021-04-02,55.9666666666667,FALSE,"2020",9,"Autumn","G-coded","male","4",62.69,">60",FALSE,FALSE,FALSE,FALSE,FALSE,FALSE,FALSE,FALSE,FALSE,FALSE,1,1,"singleton",0,0,0,0,0,0,0,0,0,0,0,12
"201648",62.79,4,2025-08-01,"41122238",43.2,"G52995","606244","60233",2412,"2025",8,"Summer",2020-05-01,2021-04-02,51.9677419354839,FALSE,"2020",5,"Spring","G-coded","male","4",62.79,">60",FALSE,FALSE,FALSE,FALSE,FALSE,FALSE,FALSE,FALSE,FALSE,FALSE,1,1,"singleton",0,0,0,0,0,0,0,0,0,0,0,8
"201891",62.89,4,2025-10-29,"15620193",62.3,"G53316",NA,NA,1803,"2025",10,"Autumn",2020-07-29,2021-04-02,54.8709677419355,FALSE,"2020",7,"Summer","G-coded","male","4",62.89,">60",FALSE,FALSE,FALSE,FALSE,FALSE,FALSE,FALSE,FALSE,FALSE,FALSE,1,1,"singleton",0,1,0,1,0,1,0,1,0,1,1,10
"201543",62.95,4,2025-07-19,"41421178",51.2,"G52946",NA,NA,2511,"2025",7,"Summer",2020-04-19,2021-04-02,51.5483870967742,FALSE,"2020",4,"Spring","G-coded","male","4",62.95,">60",FALSE,FALSE,FALSE,FALSE,FALSE,FALSE,FALSE,FALSE,FALSE,FALSE,1,1,"singleton",0,0,0,0,0,0,0,0,0,0,0,7
"202327",63.12,4,2026-01-20,"41121286",59.4,"G62050",NA,NA,1121,"2026",1,"Winter",2020-10-20,2021-04-02,57.5806451612903,FALSE,"2020",10,"Autumn","G-coded","male","4",63.12,">60",FALSE,FALSE,FALSE,FALSE,FALSE,FALSE,FALSE,FALSE,FALSE,FALSE,1,1,"singleton",0,1,0,1,0,1,0,1,0,1,0,1
"800598L",63.18,4,2024-07-23,"22220785",53.2,"G40945",NA,NA,5309,"2024",7,"Summer",2019-04-23,2021-04-02,39.6774193548387,FALSE,"2019",4,"Spring","G-coded","male","4",63.18,">60",FALSE,FALSE,FALSE,FALSE,FALSE,FALSE,FALSE,FALSE,FALSE,FALSE,1,1,"singleton",0,0,0,0,0,1,0,1,0,0,0,7
"01481",63.28,3,2025-10-03,"15618075",47.2,"G53201","865530","61303",2025,"2025",10,"Autumn",2020-07-03,2021-04-02,54.0322580645161,FALSE,"2020",7,"Summer","G-coded","male","3",63.28,">60",FALSE,FALSE,FALSE,FALSE,FALSE,FALSE,FALSE,FALSE,FALSE,FALSE,1,1,"singleton",0,0,0,0,0,0,0,0,0,0,0,10
"800643",63.35,4,2023-12-30,"865530狼血",46.7,"G40005","171350","63066",6962,"2023",12,"Winter",2018-09-30,2021-04-02,32.9032258064516,FALSE,"2018",9,"Autumn","G-coded","male","4",63.35,">60",FALSE,FALSE,FALSE,FALSE,FALSE,FALSE,FALSE,FALSE,FALSE,FALSE,1,1,"singleton",0,0,0,0,0,0,0,0,0,0,0,12
"202131",63.48,4,2026-01-02,"21219011",47.4,"G62003","65117502","61213",1207,"2026",1,"Winter",2020-10-02,2021-04-02,57,FALSE,"2020",10,"Autumn","G-coded","male","4",63.48,">60",FALSE,FALSE,FALSE,FALSE,FALSE,FALSE,FALSE,FALSE,FALSE,FALSE,1,1,"singleton",0,0,0,0,0,0,0,0,0,0,0,1
"800014",63.51,4,2023-04-15,"871041文尼哥",44.5,"G8708",NA,NA,8626,"2023",4,"Spring",2017-12-15,2021-03-02,25.4333333333333,FALSE,"2017",12,"Winter","G-coded","male","4",63.51,">60",FALSE,FALSE,FALSE,FALSE,FALSE,FALSE,FALSE,FALSE,FALSE,FALSE,1,1,"singleton",0,0,0,0,0,0,0,0,0,0,0,4
"00342",63.58,4,2024-07-18,"22220785",41.6,"G40918","171790","62291",5344,"2024",7,"Summer",2019-03-18,2021-03-02,40.5161290322581,FALSE,"2019",3,"Spring","G-coded","male","4",63.58,">60",FALSE,FALSE,FALSE,FALSE,FALSE,FALSE,FALSE,FALSE,FALSE,FALSE,1,1,"singleton",0,0,0,0,0,0,0,0,0,0,0,7
"800692",63.68,3,2024-01-18,"865530狼血",49.8,"G40100","171350","61226",6805,"2024",1,"Winter",2018-09-18,2021-03-02,34.5161290322581,FALSE,"2018",9,"Autumn","G-coded","male","3",63.68,">60",FALSE,FALSE,FALSE,FALSE,FALSE,FALSE,FALSE,FALSE,FALSE,FALSE,1,1,"singleton",0,0,0,0,0,0,0,0,0,0,0,1
"800547",63.68,4,2023-11-26,"FR2545422137",52.6,"G9874","171350","60100",7279,"2023",11,"Autumn",2018-07-26,2021-03-02,32.8,FALSE,"2018",7,"Summer","G-coded","male","4",63.68,">60",FALSE,FALSE,FALSE,FALSE,FALSE,FALSE,FALSE,FALSE,FALSE,FALSE,1,1,"singleton",0,0,0,0,0,0,0,1,0,0,0,11
"201951",63.77,4,2025-11-25,"41121286",63,"G53462","606244","201715",1529,"2025",11,"Autumn",2020-07-25,2021-03-02,56.7666666666667,FALSE,"2020",7,"Summer","G-coded","male","4",63.77,">60",FALSE,FALSE,FALSE,FALSE,FALSE,FALSE,FALSE,FALSE,FALSE,FALSE,1,1,"singleton",0,1,0,1,0,1,0,1,0,1,1,11
"201672",64.17,4,2025-09-16,"15618075",42.6,"G53126",NA,NA,2167,"2025",9,"Autumn",2020-05-16,2021-03-02,54.4666666666667,FALSE,"2020",5,"Spring","G-coded","male","4",64.17,">60",FALSE,FALSE,FALSE,FALSE,FALSE,FALSE,FALSE,FALSE,FALSE,FALSE,1,1,"singleton",0,0,0,0,0,0,0,0,0,0,0,9
"212003",64.23,4,2026-05-08,"21219011",43.4,"G62481",NA,NA,277,"2026",5,"Spring",2021-01-08,2021-03-02,62.1935483870968,FALSE,"2021",1,"Winter","G-coded","male","4",64.23,">60",FALSE,FALSE,FALSE,FALSE,FALSE,FALSE,FALSE,FALSE,FALSE,FALSE,1,1,"singleton",0,0,0,0,0,0,0,0,0,0,0,5
"202015",64.33,3,2025-12-28,"21219011",39.88,"G53597",NA,NA,1240,"2025",12,"Winter",2020-08-28,2021-03-02,57.8387096774194,FALSE,"2020",8,"Summer","G-coded","male","3",64.33,">60",FALSE,FALSE,FALSE,FALSE,FALSE,FALSE,FALSE,FALSE,FALSE,FALSE,1,1,"singleton",0,0,0,0,0,0,0,0,0,0,0,12
"00110",64.4,4,2024-06-13,"22220785",53.5,"G40837",NA,NA,5463,"2024",6,"Summer",2019-02-13,2021-03-02,39.3666666666667,FALSE,"2019",2,"Winter","G-coded","male","4",64.4,">60",FALSE,FALSE,FALSE,FALSE,FALSE,FALSE,FALSE,FALSE,FALSE,FALSE,1,1,"singleton",0,0,0,0,0,1,0,1,0,0,0,6
"95113",64.43,4,2025-03-08,"427151",36.2,"G52368",NA,NA,3632,"2025",3,"Spring",2019-11-08,2021-03-02,48.1935483870968,FALSE,"2019",11,"Autumn","G-coded","male","4",64.43,">60",FALSE,FALSE,FALSE,FALSE,FALSE,FALSE,FALSE,FALSE,FALSE,FALSE,1,1,"singleton",1,0,0,0,1,0,0,0,0,0,0,3
"201807",64.63,4,2025-11-10,"41121286",48.7,"G53374",NA,NA,1690,"2025",11,"Autumn",2020-06-10,2021-02-02,57.2666666666667,FALSE,"2020",6,"Summer","G-coded","male","4",64.63,">60",FALSE,FALSE,FALSE,FALSE,FALSE,FALSE,FALSE,FALSE,FALSE,FALSE,1,1,"singleton",0,0,0,0,0,0,0,0,0,0,0,11
"00380",64.69,4,2024-08-25,"15620128",44.7,"G41028","171790","60585",5136,"2024",8,"Summer",2019-03-25,2021-02-02,42.741935483871,FALSE,"2019",3,"Spring","G-coded","male","4",64.69,">60",FALSE,FALSE,FALSE,FALSE,FALSE,FALSE,FALSE,FALSE,FALSE,FALSE,1,1,"singleton",0,0,0,0,0,0,0,0,0,0,0,8
"201968",64.89,3,2026-01-03,"41121286",57.2,"G62005","606244","01557",1203,"2026",1,"Winter",2020-08-03,2021-02-02,59.0322580645161,FALSE,"2020",8,"Summer","G-coded","male","3",64.89,">60",FALSE,FALSE,FALSE,FALSE,FALSE,FALSE,FALSE,FALSE,FALSE,FALSE,1,1,"singleton",0,1,0,1,0,1,0,1,0,1,0,1
"800622",65.12,4,2024-02-17,"862025瓦特罗",54.3,"G40295",NA,NA,6458,"2024",2,"Winter",2018-09-17,2021-02-02,36.5172413793103,FALSE,"2018",9,"Autumn","G-coded","male","4",65.12,">60",FALSE,FALSE,FALSE,FALSE,FALSE,FALSE,FALSE,FALSE,FALSE,FALSE,1,1,"singleton",0,0,0,0,0,1,0,1,0,0,0,2
"70535",65.22,4,2023-01-29,"871041文尼哥",42.3,"G8252",NA,NA,9300,"2023",1,"Winter",2017-08-29,2021-02-02,23.8709677419355,FALSE,"2017",8,"Summer","G-coded","male","4",65.22,">60",FALSE,FALSE,FALSE,FALSE,FALSE,FALSE,FALSE,FALSE,FALSE,FALSE,1,1,"singleton",0,0,0,0,0,0,0,0,0,0,0,1
"202396",65.38,3,2026-04-12,"21219011",51.2,"G62408","163940","801054",442,"2026",4,"Spring",2020-11-12,2021-02-02,62.3333333333333,FALSE,"2020",11,"Autumn","G-coded","male","3",65.38,">60",FALSE,FALSE,FALSE,FALSE,FALSE,FALSE,FALSE,FALSE,FALSE,FALSE,1,1,"singleton",0,0,0,0,0,0,0,0,0,0,0,4
"H213110",65.45,3,2024-02-06,"865530狼血",43.8,"G40207","171350","40693",6602,"2024",2,"Winter",2018-09-06,2021-02-02,36.1379310344828,FALSE,"2018",9,"Autumn","G-coded","male","3",65.45,">60",FALSE,FALSE,FALSE,FALSE,FALSE,FALSE,FALSE,FALSE,FALSE,FALSE,1,1,"singleton",0,0,0,0,0,0,0,0,0,0,0,2
"01469",65.78,3,2025-04-11,"22220783",50.8,"G52555",NA,NA,3282,"2025",4,"Spring",2019-10-11,2021-01-02,51.3,FALSE,"2019",10,"Autumn","G-coded","male","3",65.78,">60",FALSE,FALSE,FALSE,FALSE,FALSE,FALSE,FALSE,FALSE,FALSE,FALSE,1,1,"singleton",0,0,0,0,0,0,0,0,0,0,0,4
"800494",65.88,4,2024-01-07,"865530狼血",51.5,"G40043",NA,NA,6893,"2024",1,"Winter",2018-07-07,2021-01-02,36.1612903225806,FALSE,"2018",7,"Summer","G-coded","male","4",65.88,">60",FALSE,FALSE,FALSE,FALSE,FALSE,FALSE,FALSE,FALSE,FALSE,FALSE,1,1,"singleton",0,0,0,0,0,0,0,0,0,0,0,1
"00131",65.98,4,2024-08-03,"22220785",63.4,"G40976",NA,NA,5239,"2024",8,"Summer",2019-02-03,2021-01-02,43.0322580645161,FALSE,"2019",2,"Winter","G-coded","male","4",65.98,">60",FALSE,FALSE,FALSE,FALSE,FALSE,FALSE,FALSE,FALSE,FALSE,FALSE,1,1,"singleton",0,1,0,1,0,1,0,1,0,1,1,8
"800906",66.27,4,2024-05-30,"863025",38.8,"G40784","171350","60664",5568,"2024",5,"Spring",2018-11-30,2021-01-02,40.9032258064516,FALSE,"2018",11,"Autumn","G-coded","male","4",66.27,">60",FALSE,FALSE,FALSE,FALSE,FALSE,FALSE,FALSE,FALSE,FALSE,FALSE,1,1,"singleton",0,0,0,0,1,0,0,0,0,0,0,5
"01022",66.44,4,2025-03-26,"427151",47.6,"G52468","186756","50431",3430,"2025",3,"Spring",2019-09-26,2021-01-02,50.7741935483871,FALSE,"2019",9,"Autumn","G-coded","male","4",66.44,">60",FALSE,FALSE,FALSE,FALSE,FALSE,FALSE,FALSE,FALSE,FALSE,FALSE,1,1,"singleton",0,0,0,0,0,0,0,0,0,0,0,3
"70522",66.67,3,2023-03-08,"871041文尼哥",49.3,"G8459",NA,NA,8989,"2023",3,"Spring",2017-08-08,2020-12-02,27.1935483870968,FALSE,"2017",8,"Summer","G-coded","male","3",66.67,">60",FALSE,FALSE,FALSE,FALSE,FALSE,FALSE,FALSE,FALSE,FALSE,FALSE,1,1,"singleton",0,0,0,0,0,0,0,0,0,0,0,3
"201791",66.77,4,2026-01-06,"15618075",61.5,"G62014","865530","BU13027",1188,"2026",1,"Winter",2020-06-06,2020-12-02,61.1290322580645,FALSE,"2020",6,"Summer","G-coded","male","4",66.77,">60",FALSE,FALSE,FALSE,FALSE,FALSE,FALSE,FALSE,FALSE,FALSE,FALSE,1,1,"singleton",0,1,0,1,0,1,0,1,0,1,1,1
"01161",66.86,4,2025-05-08,"22218621",43.4,"G52684","186756","61684",3020,"2025",5,"Spring",2019-10-08,2020-12-02,53.1935483870968,FALSE,"2019",10,"Autumn","G-coded","male","4",66.86,">60",FALSE,FALSE,FALSE,FALSE,FALSE,FALSE,FALSE,FALSE,FALSE,FALSE,1,1,"singleton",0,0,0,0,0,0,0,0,0,0,0,5
"800978",67.06,4,2024-07-04,"22220785",52.4,"G40887","171350","Z61082",5376,"2024",7,"Summer",2018-12-04,2020-12-02,43.0645161290323,FALSE,"2018",12,"Winter","G-coded","male","4",67.06,">60",FALSE,FALSE,FALSE,FALSE,FALSE,FALSE,FALSE,FALSE,FALSE,FALSE,1,1,"singleton",0,0,0,0,0,0,0,0,0,0,0,7
"201604",67.26,3,2025-12-08,"41121286",51.5,"G53531",NA,NA,1385,"2025",12,"Winter",2020-05-08,2020-12-02,60.1935483870968,FALSE,"2020",5,"Spring","G-coded","male","3",67.26,">60",FALSE,FALSE,FALSE,FALSE,FALSE,FALSE,FALSE,FALSE,FALSE,FALSE,1,1,"singleton",0,0,0,0,0,0,0,0,0,0,0,12
"20010",67.29,4,2024-08-27,"171206",56.5,"G41033",NA,NA,5127,"2024",8,"Summer",2019-01-27,2020-12-02,44.8064516129032,FALSE,"2019",1,"Winter","G-coded","male","4",67.29,">60",FALSE,FALSE,FALSE,FALSE,FALSE,FALSE,FALSE,FALSE,FALSE,FALSE,1,1,"singleton",0,1,0,0,0,1,0,1,0,1,0,8
"01305",67.42,4,2025-05-31,"22218621",54.2,"G52770",NA,NA,2832,"2025",5,"Spring",2019-10-31,2020-12-02,53.9354838709677,FALSE,"2019",10,"Autumn","G-coded","male","4",67.42,">60",FALSE,FALSE,FALSE,FALSE,FALSE,FALSE,FALSE,FALSE,FALSE,FALSE,1,1,"singleton",0,0,0,0,0,1,0,1,0,0,0,5
"201419",67.75,4,2025-11-24,"41121286",57.2,"G53458","606244","61790",1546,"2025",11,"Autumn",2020-03-24,2020-11-02,60.7333333333333,FALSE,"2020",3,"Spring","G-coded","male","4",67.75,">60",FALSE,FALSE,FALSE,FALSE,FALSE,FALSE,FALSE,FALSE,FALSE,FALSE,1,1,"singleton",0,1,0,1,0,1,0,1,0,1,0,11
"70384",68.11,4,2023-02-01,"871041文尼哥",45.7,"G8264",NA,NA,9283,"2023",2,"Winter",2017-06-01,2020-11-02,26.9677419354839,FALSE,"2017",6,"Summer","G-coded","male","4",68.11,">60",FALSE,FALSE,FALSE,FALSE,FALSE,FALSE,FALSE,FALSE,FALSE,FALSE,1,1,"singleton",0,0,0,0,0,0,0,0,0,0,0,2
"H212967",68.41,5,2023-12-30,"865530狼血",47.7,"G40006","606192","410005",6965,"2023",12,"Winter",2018-04-30,2020-11-02,37.9032258064516,FALSE,"2018",4,"Spring","G-coded","male","5",68.41,">60",FALSE,FALSE,FALSE,FALSE,FALSE,FALSE,FALSE,FALSE,FALSE,FALSE,1,1,"singleton",0,0,0,0,0,0,0,0,0,0,0,12
"801152",68.47,5,2024-02-25,"862025瓦特罗",52.3,"G40373",NA,NA,6327,"2024",2,"Winter",2018-06-25,2020-11-02,39.7931034482759,FALSE,"2018",6,"Summer","G-coded","male","5",68.47,">60",FALSE,FALSE,FALSE,FALSE,FALSE,FALSE,FALSE,FALSE,FALSE,FALSE,1,1,"singleton",0,0,0,0,0,0,0,0,0,0,0,2
"201414",68.57,4,2025-12-19,"21219011",36.8,"G53559","606244","91167",1302,"2025",12,"Winter",2020-03-19,2020-10-02,62.5483870967742,FALSE,"2020",3,"Spring","G-coded","male","4",68.57,">60",FALSE,FALSE,FALSE,FALSE,FALSE,FALSE,FALSE,FALSE,FALSE,FALSE,1,1,"singleton",1,0,0,0,1,0,0,0,0,0,0,12
"201405",68.74,3,2025-12-22,"21219011",40.2,"G53582","606244","800185",1282,"2025",12,"Winter",2020-03-22,2020-10-02,62.6451612903226,FALSE,"2020",3,"Spring","G-coded","male","3",68.74,">60",FALSE,FALSE,FALSE,FALSE,FALSE,FALSE,FALSE,FALSE,FALSE,FALSE,1,1,"singleton",0,0,0,0,0,0,0,0,0,0,0,12
"910091",68.93,5,2025-07-06,"22218621",45.4,"G52897",NA,NA,2590,"2025",7,"Summer",2019-10-06,2020-10-02,57.1290322580645,FALSE,"2019",10,"Autumn","G-coded","male","5",68.93,">60",FALSE,FALSE,FALSE,FALSE,FALSE,FALSE,FALSE,FALSE,FALSE,FALSE,1,1,"singleton",0,0,0,0,0,0,0,0,0,0,0,7
"201578",69.07,5,2026-01-27,"21219011",40.2,"G62072","606244","62156",1082,"2026",1,"Winter",2020-04-27,2020-10-02,63.8064516129032,FALSE,"2020",4,"Spring","G-coded","male","5",69.07,">60",FALSE,FALSE,FALSE,FALSE,FALSE,FALSE,FALSE,FALSE,FALSE,FALSE,1,1,"singleton",0,0,0,0,0,0,0,0,0,0,0,1
"70272",69.17,4,2023-01-23,"854282维利纳诺",42.3,"G8122",NA,NA,9337,"2023",1,"Winter",2017-04-23,2020-10-02,27.6774193548387,FALSE,"2017",4,"Spring","G-coded","male","4",69.17,">60",FALSE,FALSE,FALSE,FALSE,FALSE,FALSE,FALSE,FALSE,FALSE,FALSE,1,1,"singleton",0,0,0,0,0,0,0,0,0,0,0,1
"00787",69.3,5,2025-03-25,"427151",39.6,"G52466","167285","61752",3436,"2025",3,"Spring",2019-06-25,2020-10-02,53.741935483871,FALSE,"2019",6,"Summer","G-coded","male","5",69.3,">60",FALSE,FALSE,FALSE,FALSE,FALSE,FALSE,FALSE,FALSE,FALSE,FALSE,1,1,"singleton",0,0,0,0,1,0,0,0,0,0,0,3
"70244",69.36,3,2023-01-20,"871041文尼哥",45.2,"G8111",NA,NA,9355,"2023",1,"Winter",2017-04-20,2020-10-02,27.5806451612903,FALSE,"2017",4,"Spring","G-coded","male","3",69.36,">60",FALSE,FALSE,FALSE,FALSE,FALSE,FALSE,FALSE,FALSE,FALSE,FALSE,1,1,"singleton",0,0,0,0,0,0,0,0,0,0,0,1
"01464",69.46,4,2025-08-01,"22122089",58.8,"G52993",NA,NA,2414,"2025",8,"Summer",2019-11-01,2020-10-02,57.9677419354839,FALSE,"2019",11,"Autumn","G-coded","male","4",69.46,">60",FALSE,FALSE,FALSE,FALSE,FALSE,FALSE,FALSE,FALSE,FALSE,FALSE,1,1,"singleton",0,1,0,1,0,1,0,1,0,1,0,8
"800858",69.66,5,2024-08-28,"15620126",49.6,"G41039",NA,NA,5117,"2024",8,"Summer",2018-10-28,2020-09-02,47.8387096774194,FALSE,"2018",10,"Autumn","G-coded","male","5",69.66,">60",FALSE,FALSE,FALSE,FALSE,FALSE,FALSE,FALSE,FALSE,FALSE,FALSE,1,1,"singleton",0,0,0,0,0,0,0,0,0,0,0,8
"800839",69.86,5,2024-08-29,"171206",49.8,"G41042","171350","61891",5114,"2024",8,"Summer",2018-10-29,2020-09-02,47.8709677419355,FALSE,"2018",10,"Autumn","G-coded","male","5",69.86,">60",FALSE,FALSE,FALSE,FALSE,FALSE,FALSE,FALSE,FALSE,FALSE,FALSE,1,1,"singleton",0,0,0,0,0,0,0,0,0,0,0,8
"201023",69.95,4,2025-11-02,"41121286",52.1,"G53344","186756","60717",1765,"2025",11,"Autumn",2020-01-02,2020-09-02,62,FALSE,"2020",1,"Winter","G-coded","male","4",69.95,">60",FALSE,FALSE,FALSE,FALSE,FALSE,FALSE,FALSE,FALSE,FALSE,FALSE,1,1,"singleton",0,0,0,0,0,0,0,0,0,0,0,11
"01486",70.15,3,2025-08-22,"15618075",52.7,"G53052",NA,NA,2300,"2025",8,"Summer",2019-10-22,2020-09-02,59.6451612903226,FALSE,"2019",10,"Autumn","G-coded","male","3",70.15,">60",FALSE,FALSE,FALSE,FALSE,FALSE,FALSE,FALSE,FALSE,FALSE,FALSE,1,1,"singleton",0,0,0,0,0,0,0,1,0,0,0,8
"201744",70.28,5,2026-04-09,"21219011",54.2,"G62398",NA,NA,462,"2026",4,"Spring",2020-06-09,2020-09-02,67.2333333333333,FALSE,"2020",6,"Summer","G-coded","male","5",70.28,">60",FALSE,FALSE,FALSE,FALSE,FALSE,FALSE,FALSE,FALSE,FALSE,FALSE,1,1,"singleton",0,0,0,0,0,1,0,1,0,0,0,4
"01352",70.38,5,2025-10-08,"15620193",48.9,"G53230","186756","70461",1981,"2025",10,"Autumn",2019-12-08,2020-09-02,61.1935483870968,FALSE,"2019",12,"Winter","G-coded","male","5",70.38,">60",FALSE,FALSE,FALSE,FALSE,FALSE,FALSE,FALSE,FALSE,FALSE,FALSE,1,1,"singleton",0,0,0,0,0,0,0,0,0,0,0,10
"01418",70.48,4,2025-09-01,"15618075",54.8,"G53078",NA,NA,2258,"2025",9,"Autumn",2019-11-01,2020-09-02,59.9677419354839,FALSE,"2019",11,"Autumn","G-coded","male","4",70.48,">60",FALSE,FALSE,FALSE,FALSE,FALSE,FALSE,FALSE,FALSE,FALSE,FALSE,1,1,"singleton",0,1,0,0,0,1,0,1,0,0,0,9
"800505",70.61,4,2024-05-29,"171206",43.8,"G40778",NA,NA,5578,"2024",5,"Spring",2018-06-29,2020-08-02,45.8709677419355,FALSE,"2018",6,"Summer","G-coded","male","4",70.61,">60",FALSE,FALSE,FALSE,FALSE,FALSE,FALSE,FALSE,FALSE,FALSE,FALSE,1,1,"singleton",0,0,0,0,0,0,0,0,0,0,0,5
"70688",70.71,4,2023-10-10,"854282维利纳诺",42.5,"G9621",NA,NA,7552,"2023",10,"Autumn",2017-11-10,2020-08-02,38.258064516129,FALSE,"2017",11,"Autumn","G-coded","male","4",70.71,">60",FALSE,FALSE,FALSE,FALSE,FALSE,FALSE,FALSE,FALSE,FALSE,FALSE,1,1,"singleton",0,0,0,0,0,0,0,0,0,0,0,10
"01475",70.78,4,2025-09-10,"863302",39.8,"G53104",NA,NA,2218,"2025",9,"Autumn",2019-10-10,2020-08-02,61.2666666666667,FALSE,"2019",10,"Autumn","G-coded","male","4",70.78,">60",FALSE,FALSE,FALSE,FALSE,FALSE,FALSE,FALSE,FALSE,FALSE,FALSE,1,1,"singleton",0,0,0,0,0,0,0,0,0,0,0,9
"20027",70.91,5,2025-10-25,"15620193",39.2,"G53297","65116511","70557",1844,"2025",10,"Autumn",2019-11-25,2020-08-02,62.741935483871,FALSE,"2019",11,"Autumn","G-coded","male","5",70.91,">60",FALSE,FALSE,FALSE,FALSE,FALSE,FALSE,FALSE,FALSE,FALSE,FALSE,1,1,"singleton",0,0,0,0,1,0,0,0,0,0,0,10
"70630",71.01,4,2023-09-24,"854282维利纳诺",44.8,"G9551",NA,NA,7643,"2023",9,"Autumn",2017-10-24,2020-08-02,37.7333333333333,FALSE,"2017",10,"Autumn","G-coded","male","4",71.01,">60",FALSE,FALSE,FALSE,FALSE,FALSE,FALSE,FALSE,FALSE,FALSE,FALSE,1,1,"singleton",0,0,0,0,0,0,0,0,0,0,0,9
"70339",71.07,5,2023-07-31,"854773威吉吉",51.5,"G9279",NA,NA,7975,"2023",7,"Summer",2017-08-31,2020-08-02,35.9354838709677,FALSE,"2017",8,"Summer","G-coded","male","5",71.07,">60",FALSE,FALSE,FALSE,FALSE,FALSE,FALSE,FALSE,FALSE,FALSE,FALSE,1,1,"singleton",0,0,0,0,0,0,0,0,0,0,0,7
"00755",71.17,4,2025-05-15,"427133",54,"G52716",NA,NA,2945,"2025",5,"Spring",2019-06-15,2020-08-02,57.4193548387097,FALSE,"2019",6,"Summer","G-coded","male","4",71.17,">60",FALSE,FALSE,FALSE,FALSE,FALSE,FALSE,FALSE,FALSE,FALSE,FALSE,1,1,"singleton",0,0,0,0,0,1,0,1,0,0,0,5
"01116",71.27,5,2025-09-08,"15618075",48.9,"G53098","186756","70678",2230,"2025",9,"Autumn",2019-10-08,2020-08-02,61.2,FALSE,"2019",10,"Autumn","G-coded","male","5",71.27,">60",FALSE,FALSE,FALSE,FALSE,FALSE,FALSE,FALSE,FALSE,FALSE,FALSE,1,1,"singleton",0,0,0,0,0,0,0,0,0,0,0,9
"70562",71.4,5,2023-09-02,"7402563907",48.3,"G9461",NA,NA,7773,"2023",9,"Autumn",2017-10-02,2020-08-02,37,FALSE,"2017",10,"Autumn","G-coded","male","5",71.4,">60",FALSE,FALSE,FALSE,FALSE,FALSE,FALSE,FALSE,FALSE,FALSE,FALSE,1,1,"singleton",0,0,0,0,0,0,0,0,0,0,0,9
"00730",71.5,5,2025-05-21,"427133",49.2,"G52744","167285","140282",2888,"2025",5,"Spring",2019-05-21,2020-07-02,58.6129032258064,FALSE,"2019",5,"Spring","G-coded","male","5",71.5,">60",FALSE,FALSE,FALSE,FALSE,FALSE,FALSE,FALSE,FALSE,FALSE,FALSE,1,1,"singleton",0,0,0,0,0,0,0,0,0,0,0,5
"800609",71.53,5,2024-08-27,"171206",41.6,"GL40682","171350","Z60815",5122,"2024",8,"Summer",2018-08-27,2020-07-02,49.8064516129032,FALSE,"2018",8,"Summer","G-coded","male","5",71.53,">60",FALSE,FALSE,FALSE,FALSE,FALSE,FALSE,FALSE,FALSE,FALSE,FALSE,1,1,"singleton",0,0,0,0,0,0,0,0,0,0,0,8
"00651",71.79,4,2025-05-16,"22218621",49.1,"G52721","167285","60156",2934,"2025",5,"Spring",2019-05-16,2020-07-02,58.4516129032258,FALSE,"2019",5,"Spring","G-coded","male","4",71.79,">60",FALSE,FALSE,FALSE,FALSE,FALSE,FALSE,FALSE,FALSE,FALSE,FALSE,1,1,"singleton",0,0,0,0,0,0,0,0,0,0,0,5
"70432",71.96,5,2023-06-21,"854773威吉吉",57.3,"G9074",NA,NA,8193,"2023",6,"Summer",2017-06-21,2020-07-02,35.6333333333333,FALSE,"2017",6,"Summer","G-coded","male","5",71.96,">60",FALSE,FALSE,FALSE,FALSE,FALSE,FALSE,FALSE,FALSE,FALSE,FALSE,1,1,"singleton",0,1,0,1,0,1,0,1,0,1,0,6
"00940",72.12,4,2025-08-25,"15618075",53.7,"G53061","606192","70519",2289,"2025",8,"Summer",2019-08-25,2020-07-02,61.741935483871,FALSE,"2019",8,"Summer","G-coded","male","4",72.12,">60",FALSE,FALSE,FALSE,FALSE,FALSE,FALSE,FALSE,FALSE,FALSE,FALSE,1,1,"singleton",0,0,0,0,0,1,0,1,0,0,0,8
"800340",72.19,5,2024-05-15,"22220785",36.6,"G40731",NA,NA,5658,"2024",5,"Spring",2018-05-15,2020-07-02,46.4193548387097,FALSE,"2018",5,"Spring","G-coded","male","5",72.19,">60",FALSE,FALSE,FALSE,FALSE,FALSE,FALSE,FALSE,FALSE,FALSE,FALSE,1,1,"singleton",1,0,0,0,1,0,0,0,0,0,0,5
"00748L",72.26,5,2025-06-16,"22218621",42.4,"G52829",NA,NA,2742,"2025",6,"Summer",2019-06-16,2020-07-02,59.4666666666667,FALSE,"2019",6,"Summer","G-coded","male","5",72.26,">60",FALSE,FALSE,FALSE,FALSE,FALSE,FALSE,FALSE,FALSE,FALSE,FALSE,1,1,"singleton",0,0,0,0,0,0,0,0,0,0,0,6
"800451",72.32,5,2024-06-29,"171206",32.8,"G40872",NA,NA,5384,"2024",6,"Summer",2018-06-29,2020-07-02,47.9,FALSE,"2018",6,"Summer","G-coded","male","5",72.32,">60",FALSE,FALSE,FALSE,FALSE,FALSE,FALSE,FALSE,FALSE,FALSE,FALSE,1,1,"singleton",1,0,1,0,1,0,1,0,0,0,0,6
"800244",72.39,5,2024-04-26,"FR3917468802",31.2,"G40667",NA,NA,5788,"2024",4,"Spring",2018-04-26,2020-07-02,45.8,FALSE,"2018",4,"Spring","G-coded","male","5",72.39,">60",FALSE,FALSE,FALSE,FALSE,FALSE,FALSE,FALSE,FALSE,FALSE,FALSE,1,1,"singleton",1,0,1,0,1,0,1,0,0,0,0,4
"213361",72.55,5,2025-05-28,"22218621",49.2,"G52761","167285","62068",2855,"2025",5,"Spring",2019-04-28,2020-06-02,59.8387096774194,FALSE,"2019",4,"Spring","G-coded","male","5",72.55,">60",FALSE,FALSE,FALSE,FALSE,FALSE,FALSE,FALSE,FALSE,FALSE,FALSE,1,1,"singleton",0,0,0,0,0,0,0,0,0,0,0,5
"70621",72.65,4,2023-11-09,"854282维利纳诺",45.5,"G9782",NA,NA,7383,"2023",11,"Autumn",2017-10-09,2020-06-02,41.2333333333333,FALSE,"2017",10,"Autumn","G-coded","male","4",72.65,">60",FALSE,FALSE,FALSE,FALSE,FALSE,FALSE,FALSE,FALSE,FALSE,FALSE,1,1,"singleton",0,0,0,0,0,0,0,0,0,0,0,11
"01453",72.78,3,2025-11-10,"41121286",33.2,"G53373",NA,NA,1694,"2025",11,"Autumn",2019-10-10,2020-06-02,65.2666666666667,FALSE,"2019",10,"Autumn","G-coded","male","3",72.78,">60",FALSE,FALSE,FALSE,FALSE,FALSE,FALSE,FALSE,FALSE,FALSE,FALSE,1,1,"singleton",1,0,1,0,1,0,1,0,0,0,0,11
"801133",72.88,5,2024-07-26,"22220785",50.4,"G40956",NA,NA,5276,"2024",7,"Summer",2018-06-26,2020-06-02,49.7741935483871,FALSE,"2018",6,"Summer","G-coded","male","5",72.88,">60",FALSE,FALSE,FALSE,FALSE,FALSE,FALSE,FALSE,FALSE,FALSE,FALSE,1,1,"singleton",0,0,0,0,0,0,0,0,0,0,0,7
"70059",73.08,5,2023-02-23,"854773威吉吉",48.5,"G8380",NA,NA,9105,"2023",2,"Winter",2017-01-23,2020-06-02,32.75,FALSE,"2017",1,"Winter","G-coded","male","5",73.08,">60",FALSE,FALSE,FALSE,FALSE,FALSE,FALSE,FALSE,FALSE,FALSE,FALSE,1,1,"singleton",0,0,0,0,0,0,0,0,0,0,0,2
"70130",73.14,5,2023-04-05,"7402563907",54.3,"G8653",NA,NA,8701,"2023",4,"Spring",2017-03-05,2020-06-02,34.1,FALSE,"2017",3,"Spring","G-coded","male","5",73.14,">60",FALSE,FALSE,FALSE,FALSE,FALSE,FALSE,FALSE,FALSE,FALSE,FALSE,1,1,"singleton",0,0,0,0,0,1,0,1,0,0,0,4
"91147",73.31,5,2023-05-15,"871041文尼哥",45.2,"G8852",NA,NA,8438,"2023",5,"Spring",2017-04-15,2020-06-02,35.4193548387097,FALSE,"2017",4,"Spring","G-coded","male","5",73.31,">60",FALSE,FALSE,FALSE,FALSE,FALSE,FALSE,FALSE,FALSE,FALSE,FALSE,1,1,"singleton",0,0,0,0,0,0,0,0,0,0,0,5
"802450",73.37,5,2024-03-25,"862025瓦特罗",50.3,"G9871",NA,NA,6021,"2024",3,"Spring",2018-02-25,2020-06-02,45.741935483871,FALSE,"2018",2,"Winter","G-coded","male","5",73.37,">60",FALSE,FALSE,FALSE,FALSE,FALSE,FALSE,FALSE,FALSE,FALSE,FALSE,1,1,"singleton",0,0,0,0,0,0,0,0,0,0,0,3
"70659",73.44,3,2024-03-16,"41220100",45.6,"G40506","160885","12100",6098,"2024",3,"Spring",2018-02-16,2020-06-02,45.4516129032258,FALSE,"2018",2,"Winter","G-coded","male","3",73.44,">60",FALSE,FALSE,FALSE,FALSE,FALSE,FALSE,FALSE,FALSE,FALSE,FALSE,1,1,"singleton",0,0,0,0,0,0,0,0,0,0,0,3
"201287",73.57,3,2026-04-24,"21219011",38.2,"G62447",NA,NA,357,"2026",4,"Spring",2020-02-24,2020-05-02,71.7333333333333,FALSE,"2020",2,"Winter","G-coded","male","3",73.57,">60",FALSE,FALSE,FALSE,FALSE,FALSE,FALSE,FALSE,FALSE,FALSE,FALSE,1,1,"singleton",0,0,0,0,1,0,0,0,0,0,0,4
"01208",73.64,4,2025-12-18,"41120238",54.8,"G53552","186756","60528",1315,"2025",12,"Winter",2019-10-18,2020-05-02,67.5161290322581,FALSE,"2019",10,"Autumn","G-coded","male","4",73.64,">60",FALSE,FALSE,FALSE,FALSE,FALSE,FALSE,FALSE,FALSE,FALSE,FALSE,1,1,"singleton",0,1,0,0,0,1,0,1,0,0,0,12
"201230",73.73,5,2026-04-16,"21219011",29.2,"G62423","606192","91102",414,"2026",4,"Spring",2020-02-16,2020-05-02,71.4666666666667,FALSE,"2020",2,"Winter","G-coded","male","5",73.73,">60",FALSE,FALSE,FALSE,FALSE,FALSE,FALSE,FALSE,FALSE,FALSE,FALSE,1,1,"singleton",1,0,1,0,1,0,1,0,1,0,0,4
"800306",73.93,4,2024-06-26,"22220785",44.5,"G40866",NA,NA,5391,"2024",6,"Summer",2018-04-26,2020-05-02,49.8,FALSE,"2018",4,"Spring","G-coded","male","4",73.93,">60",FALSE,FALSE,FALSE,FALSE,FALSE,FALSE,FALSE,FALSE,FALSE,FALSE,1,1,"singleton",0,0,0,0,0,0,0,0,0,0,0,6
"70685",73.93,5,2024-01-15,"FR7045049997",59.6,"G40086",NA,NA,6820,"2024",1,"Winter",2017-11-15,2020-05-02,44.4193548387097,FALSE,"2017",11,"Autumn","G-coded","male","5",73.93,">60",FALSE,FALSE,FALSE,FALSE,FALSE,FALSE,FALSE,FALSE,FALSE,FALSE,1,1,"singleton",0,1,0,1,0,1,0,1,0,1,0,1
"70229",74.06,5,2023-06-06,"854773威吉吉",40,"G8989",NA,NA,8288,"2023",6,"Summer",2017-04-06,2020-05-02,37.1333333333333,FALSE,"2017",4,"Spring","G-coded","male","5",74.06,">60",FALSE,FALSE,FALSE,FALSE,FALSE,FALSE,FALSE,FALSE,FALSE,FALSE,1,1,"singleton",0,0,0,0,0,0,0,0,0,0,0,6
"201176",74.23,5,2026-04-21,"41120238",51.3,"G62437","186756","12029",379,"2026",4,"Spring",2020-02-21,2020-05-02,71.6333333333333,FALSE,"2020",2,"Winter","G-coded","male","5",74.23,">60",FALSE,FALSE,FALSE,FALSE,FALSE,FALSE,FALSE,FALSE,FALSE,FALSE,1,1,"singleton",0,0,0,0,0,0,0,0,0,0,0,4
"800089",74.29,5,2024-04-30,"22220785",45.2,"G40676",NA,NA,5765,"2024",4,"Spring",2018-02-28,2020-05-02,47.9333333333333,FALSE,"2018",2,"Winter","G-coded","male","5",74.29,">60",FALSE,FALSE,FALSE,FALSE,FALSE,FALSE,FALSE,FALSE,FALSE,FALSE,1,1,"singleton",0,0,0,0,0,0,0,0,0,0,0,4
"70693",74.33,4,2024-01-30,"854773威吉吉",44.7,"G40144L",NA,NA,6695,"2024",1,"Winter",2017-11-30,2020-05-02,44.9032258064516,FALSE,"2017",11,"Autumn","G-coded","male","4",74.33,">60",FALSE,FALSE,FALSE,FALSE,FALSE,FALSE,FALSE,FALSE,FALSE,FALSE,1,1,"singleton",0,0,0,0,0,0,0,0,0,0,0,1
"201045",74.36,5,2026-03-22,"41121296",46.3,"G62309","41115288","50226",657,"2026",3,"Spring",2020-01-22,2020-05-02,70.6451612903226,FALSE,"2020",1,"Winter","G-coded","male","5",74.36,">60",FALSE,FALSE,FALSE,FALSE,FALSE,FALSE,FALSE,FALSE,FALSE,FALSE,1,1,"singleton",0,0,0,0,0,0,0,0,0,0,0,3
"00606",74.46,5,2025-07-28,"22220119",44.3,"G52974",NA,NA,2442,"2025",7,"Summer",2019-05-28,2020-05-02,62.8387096774194,FALSE,"2019",5,"Spring","G-coded","male","5",74.46,">60",FALSE,FALSE,FALSE,FALSE,FALSE,FALSE,FALSE,FALSE,FALSE,FALSE,1,1,"singleton",0,0,0,0,0,0,0,0,0,0,0,7
"00659",74.52,5,2025-08-08,"22121105",44.8,"G53013","167285","40456",2371,"2025",8,"Summer",2019-05-08,2020-04-02,64.1935483870968,FALSE,"2019",5,"Spring","G-coded","male","5",74.52,">60",FALSE,FALSE,FALSE,FALSE,FALSE,FALSE,FALSE,FALSE,FALSE,FALSE,1,1,"singleton",0,0,0,0,0,0,0,0,0,0,0,8
"60533",74.62,5,2023-01-22,"871041文尼哥",42.1,"G8117",NA,NA,9347,"2023",1,"Winter",2016-10-22,2020-04-02,33.6451612903226,FALSE,"2016",10,"Autumn","G-coded","male","5",74.62,">60",FALSE,FALSE,FALSE,FALSE,FALSE,FALSE,FALSE,FALSE,FALSE,FALSE,1,1,"singleton",0,0,0,0,0,0,0,0,0,0,0,1
"801127",74.72,4,2025-03-14,"22218621",64.4,"G52402",NA,NA,3571,"2025",3,"Spring",2018-12-14,2020-04-02,59.3870967741936,FALSE,"2018",12,"Winter","G-coded","male","4",74.72,">60",FALSE,FALSE,FALSE,FALSE,FALSE,FALSE,FALSE,FALSE,FALSE,FALSE,1,1,"singleton",0,1,0,1,0,1,0,1,0,1,1,3
"70149",74.95,5,2023-06-07,"7402563907",40.7,"G8994",NA,NA,8286,"2023",6,"Summer",2017-03-07,2020-04-02,38.1666666666667,FALSE,"2017",3,"Spring","G-coded","male","5",74.95,">60",FALSE,FALSE,FALSE,FALSE,FALSE,FALSE,FALSE,FALSE,FALSE,FALSE,1,1,"singleton",0,0,0,0,0,0,0,0,0,0,0,6
"70135",75.02,4,2023-06-04,"854773威吉吉",41.6,"G8962",NA,NA,8306,"2023",6,"Summer",2017-03-04,2020-04-02,38.0666666666667,FALSE,"2017",3,"Spring","G-coded","male","4",75.02,">60",FALSE,FALSE,FALSE,FALSE,FALSE,FALSE,FALSE,FALSE,FALSE,FALSE,1,1,"singleton",0,0,0,0,0,0,0,0,0,0,0,6
"70747",75.12,5,2024-03-26,"862025瓦特罗",43.2,"G40554",NA,NA,6012,"2024",3,"Spring",2017-12-26,2020-04-02,47.7741935483871,FALSE,"2017",12,"Winter","G-coded","male","5",75.12,">60",FALSE,FALSE,FALSE,FALSE,FALSE,FALSE,FALSE,FALSE,FALSE,FALSE,1,1,"singleton",0,0,0,0,0,0,0,0,0,0,0,3
"01500",75.18,5,2026-01-22,"21219011",40.2,"G62059",NA,NA,1108,"2026",1,"Winter",2019-10-22,2020-04-02,69.6451612903226,FALSE,"2019",10,"Autumn","G-coded","male","5",75.18,">60",FALSE,FALSE,FALSE,FALSE,FALSE,FALSE,FALSE,FALSE,FALSE,FALSE,1,1,"singleton",0,0,0,0,0,0,0,0,0,0,0,1
"70613",75.25,5,2024-01-25,"FR7045049997",52.8,"G40124",NA,NA,6747,"2024",1,"Winter",2017-10-25,2020-04-02,45.741935483871,FALSE,"2017",10,"Autumn","G-coded","male","5",75.25,">60",FALSE,FALSE,FALSE,FALSE,FALSE,FALSE,FALSE,FALSE,FALSE,FALSE,1,1,"singleton",0,0,0,0,0,1,0,1,0,0,0,1
"212654",75.51,5,2025-07-08,"22121207",40.9,"G52908","171790","70030",2576,"2025",7,"Summer",2019-03-08,2020-03-02,64.1935483870968,FALSE,"2019",3,"Spring","G-coded","male","5",75.51,">60",FALSE,FALSE,FALSE,FALSE,FALSE,FALSE,FALSE,FALSE,FALSE,FALSE,1,1,"singleton",0,0,0,0,0,0,0,0,0,0,0,7
"00435",75.58,4,2025-08-01,"22220119",43.3,"G52994",NA,NA,2418,"2025",8,"Summer",2019-04-01,2020-03-02,64.9677419354839,FALSE,"2019",4,"Spring","G-coded","male","4",75.58,">60",FALSE,FALSE,FALSE,FALSE,FALSE,FALSE,FALSE,FALSE,FALSE,FALSE,1,1,"singleton",0,0,0,0,0,0,0,0,0,0,0,8
"01145",75.71,4,2026-01-28,"41120238",54.5,"G62074","186756","61187",1072,"2026",1,"Winter",2019-09-28,2020-03-02,70.8387096774194,FALSE,"2019",9,"Autumn","G-coded","male","4",75.71,">60",FALSE,FALSE,FALSE,FALSE,FALSE,FALSE,FALSE,FALSE,FALSE,FALSE,1,1,"singleton",0,1,0,0,0,1,0,1,0,0,0,1
"800079",75.87,5,2024-06-14,"862025瓦特罗",57.4,"G40840",NA,NA,5459,"2024",6,"Summer",2018-02-14,2020-03-02,51.4,FALSE,"2018",2,"Winter","G-coded","male","5",75.87,">60",FALSE,FALSE,FALSE,FALSE,FALSE,FALSE,FALSE,FALSE,FALSE,FALSE,1,1,"singleton",0,1,0,1,0,1,0,1,0,1,0,6
"800047",75.97,5,2024-05-15,"FR3917468802",52.3,"G40732",NA,NA,5668,"2024",5,"Spring",2018-01-15,2020-03-02,50.4193548387097,FALSE,"2018",1,"Winter","G-coded","male","5",75.97,">60",FALSE,FALSE,FALSE,FALSE,FALSE,FALSE,FALSE,FALSE,FALSE,FALSE,1,1,"singleton",0,0,0,0,0,0,0,0,0,0,0,5
"70345",76.1,5,2023-09-16,"7402563907",39.6,"G9522",NA,NA,7685,"2023",9,"Autumn",2017-05-16,2020-03-02,42.4666666666667,FALSE,"2017",5,"Spring","G-coded","male","5",76.1,">60",FALSE,FALSE,FALSE,FALSE,FALSE,FALSE,FALSE,FALSE,FALSE,FALSE,1,1,"singleton",0,0,0,0,1,0,0,0,0,0,0,9
"70175",76.23,5,2023-07-25,"854773威吉吉",54.2,"G9241",NA,NA,8027,"2023",7,"Summer",2017-03-25,2020-03-02,40.741935483871,FALSE,"2017",3,"Spring","G-coded","male","5",76.23,">60",FALSE,FALSE,FALSE,FALSE,FALSE,FALSE,FALSE,FALSE,FALSE,FALSE,1,1,"singleton",0,0,0,0,0,1,0,1,0,0,0,7
"800017",76.56,4,2024-05-17,"22220785",48.6,"G40738",NA,NA,5642,"2024",5,"Spring",2017-12-17,2020-02-02,51.4838709677419,FALSE,"2017",12,"Winter","G-coded","male","4",76.56,">60",FALSE,FALSE,FALSE,FALSE,FALSE,FALSE,FALSE,FALSE,FALSE,FALSE,1,1,"singleton",0,0,0,0,0,0,0,0,0,0,0,5
"70442",76.86,5,2023-11-29,"FR2545422137",53.8,"G9897",NA,NA,7260,"2023",11,"Autumn",2017-06-29,2020-02-02,45.9,FALSE,"2017",6,"Summer","G-coded","male","5",76.86,">60",FALSE,FALSE,FALSE,FALSE,FALSE,FALSE,FALSE,FALSE,FALSE,FALSE,1,1,"singleton",0,0,0,0,0,1,0,1,0,0,0,11
"801081",77.02,4,2025-05-16,"427133",51.4,"G52724","171350","62360",2932,"2025",5,"Spring",2018-12-16,2020-02-02,63.4516129032258,FALSE,"2018",12,"Winter","G-coded","male","4",77.02,">60",FALSE,FALSE,FALSE,FALSE,FALSE,FALSE,FALSE,FALSE,FALSE,FALSE,1,1,"singleton",0,0,0,0,0,0,0,0,0,0,0,5
"00082",77.09,6,2025-06-27,"22218621",55.3,"G52865","171790","61928",2654,"2025",6,"Summer",2019-01-27,2020-02-02,64.8333333333333,FALSE,"2019",1,"Winter","G-coded","male","6",77.09,">60",FALSE,FALSE,FALSE,FALSE,FALSE,FALSE,FALSE,FALSE,FALSE,FALSE,1,1,"singleton",0,1,0,0,0,1,0,1,0,1,0,6
"70460",77.28,5,2023-12-23,"854773威吉吉",60.2,"G10079",NA,NA,7033,"2023",12,"Winter",2017-07-23,2020-02-02,46.6774193548387,FALSE,"2017",7,"Summer","G-coded","male","5",77.28,">60",FALSE,FALSE,FALSE,FALSE,FALSE,FALSE,FALSE,FALSE,FALSE,FALSE,1,1,"singleton",0,1,0,1,0,1,0,1,0,1,1,12
"00110",77.38,5,2025-07-13,"22220619",51.2,"G52926",NA,NA,2542,"2025",7,"Summer",2019-02-13,2020-02-02,65.3548387096774,FALSE,"2019",2,"Winter","G-coded","male","5",77.38,">60",FALSE,FALSE,FALSE,FALSE,FALSE,FALSE,FALSE,FALSE,FALSE,FALSE,1,1,"singleton",0,0,0,0,0,0,0,0,0,0,0,7
"70627",77.74,5,2024-04-16,"FR3917468802",32.6,"G40634",NA,NA,5855,"2024",4,"Spring",2017-10-16,2020-01-02,51.4666666666667,FALSE,"2017",10,"Autumn","G-coded","male","5",77.74,">60",FALSE,FALSE,FALSE,FALSE,FALSE,FALSE,FALSE,FALSE,FALSE,FALSE,1,1,"singleton",1,0,1,0,1,0,1,0,0,0,0,4
"800906",77.78,5,2025-05-15,"427133",24.3,"G52718","171350","60664",2946,"2025",5,"Spring",2018-11-15,2020-01-02,64.4193548387097,FALSE,"2018",11,"Autumn","G-coded","male","5",77.78,">60",TRUE,FALSE,FALSE,FALSE,FALSE,FALSE,FALSE,FALSE,FALSE,FALSE,1,1,"singleton",1,0,1,0,1,0,1,0,1,0,0,5
"70282",77.94,5,2023-10-21,"854282维利纳诺",47.5,"G9668",NA,NA,7489,"2023",10,"Autumn",2017-04-21,2020-01-02,45.6129032258064,FALSE,"2017",4,"Spring","G-coded","male","5",77.94,">60",FALSE,FALSE,FALSE,FALSE,FALSE,FALSE,FALSE,FALSE,FALSE,FALSE,1,1,"singleton",0,0,0,0,0,0,0,0,0,0,0,10
"H60177",78.01,4,2023-04-03,"871041文尼哥",49.2,"G8644",NA,NA,8722,"2023",4,"Spring",2016-10-03,2020-01-02,39.0333333333333,FALSE,"2016",10,"Autumn","G-coded","male","4",78.01,">60",FALSE,FALSE,FALSE,FALSE,FALSE,FALSE,FALSE,FALSE,FALSE,FALSE,1,1,"singleton",0,0,0,0,0,0,0,0,0,0,0,4
"60479",78.17,5,2023-04-06,"7402563907",36.4,"G8665",NA,NA,8686,"2023",4,"Spring",2016-10-06,2020-01-02,39.1333333333333,FALSE,"2016",10,"Autumn","G-coded","male","5",78.17,">60",FALSE,FALSE,FALSE,FALSE,FALSE,FALSE,FALSE,FALSE,FALSE,FALSE,1,1,"singleton",1,0,0,0,1,0,0,0,0,0,0,4
"800077",78.3,6,2024-08-27,"15620128",42.3,"G41037",NA,NA,5123,"2024",8,"Summer",2018-02-27,2020-01-02,55.8064516129032,FALSE,"2018",2,"Winter","G-coded","male","6",78.3,">60",FALSE,FALSE,FALSE,FALSE,FALSE,FALSE,FALSE,FALSE,FALSE,FALSE,1,1,"singleton",0,0,0,0,0,0,0,0,0,0,0,8
"800761",78.5,5,2025-04-28,"22218621",40.4,"G52627","171350","61520",3121,"2025",4,"Spring",2018-10-28,2020-01-02,63.8666666666667,FALSE,"2018",10,"Autumn","G-coded","male","5",78.5,">60",FALSE,FALSE,FALSE,FALSE,FALSE,FALSE,FALSE,FALSE,FALSE,FALSE,1,1,"singleton",0,0,0,0,0,0,0,0,0,0,0,4
"00598",78.6,5,2025-11-30,"21219011",49.2,"G53487","167285","60020",1485,"2025",11,"Autumn",2019-04-30,2019-12-02,71.9333333333333,FALSE,"2019",4,"Spring","G-coded","male","5",78.6,">60",FALSE,FALSE,FALSE,FALSE,FALSE,FALSE,FALSE,FALSE,FALSE,FALSE,1,1,"singleton",0,0,0,0,0,0,0,0,0,0,0,11
"70522",78.83,4,2024-03-12,"862025瓦特罗",51.3,"G40474",NA,NA,6146,"2024",3,"Spring",2017-08-12,2019-12-02,51.3225806451613,FALSE,"2017",8,"Summer","G-coded","male","4",78.83,">60",FALSE,FALSE,FALSE,FALSE,FALSE,FALSE,FALSE,FALSE,FALSE,FALSE,1,1,"singleton",0,0,0,0,0,0,0,0,0,0,0,3
"801017",79.03,5,2025-07-09,"863302",39.2,"G52913","171350","L09016",2568,"2025",7,"Summer",2018-12-09,2019-12-02,67.2258064516129,FALSE,"2018",12,"Winter","G-coded","male","5",79.03,">60",FALSE,FALSE,FALSE,FALSE,FALSE,FALSE,FALSE,FALSE,FALSE,FALSE,1,1,"singleton",0,0,0,0,1,0,0,0,0,0,0,7
"00036",79.19,4,2025-08-14,"15621325",50.3,"G53030",NA,NA,2342,"2025",8,"Summer",2019-01-14,2019-12-02,68.3870967741936,FALSE,"2019",1,"Winter","G-coded","male","4",79.19,">60",FALSE,FALSE,FALSE,FALSE,FALSE,FALSE,FALSE,FALSE,FALSE,FALSE,1,1,"singleton",0,0,0,0,0,0,0,0,0,0,0,8
"00762",79.19,6,2026-01-15,"21219011",50.3,"G62039",NA,NA,1151,"2026",1,"Winter",2019-06-15,2019-12-02,73.4193548387097,FALSE,"2019",6,"Summer","G-coded","male","6",79.19,">60",FALSE,FALSE,FALSE,FALSE,FALSE,FALSE,FALSE,FALSE,FALSE,FALSE,1,1,"singleton",0,0,0,0,0,0,0,0,0,0,0,1
"00399",79.32,5,2025-11-17,"21219011",44.7,"G53407","171790","10128",1622,"2025",11,"Autumn",2019-04-17,2019-12-02,71.5,FALSE,"2019",4,"Spring","G-coded","male","5",79.32,">60",FALSE,FALSE,FALSE,FALSE,FALSE,FALSE,FALSE,FALSE,FALSE,FALSE,1,1,"singleton",0,0,0,0,0,0,0,0,0,0,0,11
"70324",79.55,4,2023-12-22,"854773威吉吉",40.2,"G10075",NA,NA,7046,"2023",12,"Winter",2017-04-22,2019-11-02,49.6451612903226,FALSE,"2017",4,"Spring","G-coded","male","4",79.55,">60",FALSE,FALSE,FALSE,FALSE,FALSE,FALSE,FALSE,FALSE,FALSE,FALSE,1,1,"singleton",0,0,0,0,0,0,0,0,0,0,0,12
"65003",79.65,4,2023-01-27,"854773威吉吉",48.1,"G8247",NA,NA,9309,"2023",1,"Winter",2016-05-27,2019-11-02,38.8064516129032,FALSE,"2016",5,"Spring","G-coded","male","4",79.65,">60",FALSE,FALSE,FALSE,FALSE,FALSE,FALSE,FALSE,FALSE,FALSE,FALSE,1,1,"singleton",0,0,0,0,0,0,0,0,0,0,0,1
"00727",79.82,5,2026-01-29,"21219011",43.5,"G62076","167285","60140",1069,"2026",1,"Winter",2019-05-29,2019-11-02,74.8709677419355,FALSE,"2019",5,"Spring","G-coded","male","5",79.82,">60",FALSE,FALSE,FALSE,FALSE,FALSE,FALSE,FALSE,FALSE,FALSE,FALSE,1,1,"singleton",0,0,0,0,0,0,0,0,0,0,0,1
"00425",79.91,4,2025-12-09,"41121286",55.4,"G53539L","171790","62439",1376,"2025",12,"Winter",2019-04-09,2019-11-02,73.2258064516129,FALSE,"2019",4,"Spring","G-coded","male","4",79.91,">60",FALSE,FALSE,FALSE,FALSE,FALSE,FALSE,FALSE,FALSE,FALSE,FALSE,1,1,"singleton",0,1,0,0,0,1,0,1,0,1,0,12
"800570",80.08,5,2025-04-19,"22218621",54.2,"G52587",NA,NA,3221,"2025",4,"Spring",2018-08-19,2019-11-02,65.5666666666667,FALSE,"2018",8,"Summer","G-coded","male","5",80.08,">60",FALSE,FALSE,FALSE,FALSE,FALSE,FALSE,FALSE,FALSE,FALSE,FALSE,1,1,"singleton",0,0,0,0,0,1,0,1,0,0,0,4
"60300",80.14,5,2023-01-03,"854282维利纳诺",42.7,"G8047",NA,NA,9460,"2023",1,"Winter",2016-05-03,2019-11-02,38.0322580645161,FALSE,"2016",5,"Spring","G-coded","male","5",80.14,">60",FALSE,FALSE,FALSE,FALSE,FALSE,FALSE,FALSE,FALSE,FALSE,FALSE,1,1,"singleton",0,0,0,0,0,0,0,0,0,0,0,1
"800486",80.44,4,2025-03-18,"874165",41,"G52425",NA,NA,3523,"2025",3,"Spring",2018-07-18,2019-11-02,64.5161290322581,FALSE,"2018",7,"Summer","G-coded","male","4",80.44,">60",FALSE,FALSE,FALSE,FALSE,FALSE,FALSE,FALSE,FALSE,FALSE,FALSE,1,1,"singleton",0,0,0,0,0,0,0,0,0,0,0,3
"801144",80.54,4,2025-09-12,"15618075",43.4,"G53113","171790","61448",2206,"2025",9,"Autumn",2018-12-12,2019-10-02,71.3333333333333,FALSE,"2018",12,"Winter","G-coded","male","4",80.54,">60",FALSE,FALSE,FALSE,FALSE,FALSE,FALSE,FALSE,FALSE,FALSE,FALSE,1,1,"singleton",0,0,0,0,0,0,0,0,0,0,0,9
"60517",80.7,5,2023-07-14,"公牛",49.3,"G9168",NA,NA,8095,"2023",7,"Summer",2016-10-14,2019-10-02,45.3870967741936,FALSE,"2016",10,"Autumn","G-coded","male","5",80.7,">60",FALSE,FALSE,FALSE,FALSE,FALSE,FALSE,FALSE,FALSE,FALSE,FALSE,1,1,"singleton",0,0,0,0,0,0,0,0,0,0,0,7
"800557",80.97,5,2025-05-11,"22218621",53.7,"G52700","171350","13074",2989,"2025",5,"Spring",2018-08-11,2019-10-02,67.2903225806452,FALSE,"2018",8,"Summer","G-coded","male","5",80.97,">60",FALSE,FALSE,FALSE,FALSE,FALSE,FALSE,FALSE,FALSE,FALSE,FALSE,1,1,"singleton",0,0,0,0,0,1,0,1,0,0,0,5
"90014",81.1,5,2025-09-13,"41121286",43,"G53116",NA,NA,2192,"2025",9,"Autumn",2018-12-13,2019-10-02,71.3666666666667,FALSE,"2018",12,"Winter","G-coded","male","5",81.1,">60",FALSE,FALSE,FALSE,FALSE,FALSE,FALSE,FALSE,FALSE,FALSE,FALSE,1,1,"singleton",0,0,0,0,0,0,0,0,0,0,0,9
"00274",81.33,6,2025-12-18,"41121286",52.6,"G53554L","171790","62327",1309,"2025",12,"Winter",2019-03-18,2019-10-02,74.5161290322581,FALSE,"2019",3,"Spring","G-coded","male","6",81.33,">60",FALSE,FALSE,FALSE,FALSE,FALSE,FALSE,FALSE,FALSE,FALSE,FALSE,1,1,"singleton",0,0,0,0,0,0,0,1,0,0,0,12
"70309",81.43,4,2024-02-13,"862025瓦特罗",56.8,"G40263",NA,NA,6516,"2024",2,"Winter",2017-05-13,2019-10-02,52.3793103448276,FALSE,"2017",5,"Spring","G-coded","male","4",81.43,">60",FALSE,FALSE,FALSE,FALSE,FALSE,FALSE,FALSE,FALSE,FALSE,FALSE,1,1,"singleton",0,1,0,0,0,1,0,1,0,1,0,2
"00556",81.53,5,2026-02-21,"41222015",46.3,"G62154",NA,NA,932,"2026",2,"Winter",2019-04-21,2019-09-02,77.6785714285714,FALSE,"2019",4,"Spring","G-coded","male","5",81.53,">60",FALSE,FALSE,FALSE,FALSE,FALSE,FALSE,FALSE,FALSE,FALSE,FALSE,1,1,"singleton",0,0,0,0,0,0,0,0,0,0,0,2
"65043",81.76,3,2023-02-02,"871041文尼哥",41.6,"G8266",NA,NA,9272,"2023",2,"Winter",2016-04-02,2019-09-02,41,FALSE,"2016",4,"Spring","G-coded","male","3",81.76,">60",FALSE,FALSE,FALSE,FALSE,FALSE,FALSE,FALSE,FALSE,FALSE,FALSE,1,1,"singleton",0,0,0,0,0,0,0,0,0,0,0,2
"212642",81.92,5,2026-01-09,"21219011",63.4,"G62022",NA,NA,1176,"2026",1,"Winter",2019-03-09,2019-09-02,76.2258064516129,FALSE,"2019",3,"Spring","G-coded","male","5",81.92,">60",FALSE,FALSE,FALSE,FALSE,FALSE,FALSE,FALSE,FALSE,FALSE,FALSE,1,1,"singleton",0,1,0,1,0,1,0,1,0,1,1,1
"70304",81.95,6,2024-02-26,"FR3917468802",56.7,"G40379",NA,NA,6312,"2024",2,"Winter",2017-04-26,2019-09-02,53.8275862068966,FALSE,"2017",4,"Spring","G-coded","male","6",81.95,">60",FALSE,FALSE,FALSE,FALSE,FALSE,FALSE,FALSE,FALSE,FALSE,FALSE,1,1,"singleton",0,1,0,0,0,1,0,1,0,1,0,2
"00094",82.25,4,2025-12-04,"41121286",50,"G53510","171790","62582",1439,"2025",12,"Winter",2019-02-04,2019-09-02,75.0645161290323,FALSE,"2019",2,"Winter","G-coded","male","4",82.25,">60",FALSE,FALSE,FALSE,FALSE,FALSE,FALSE,FALSE,FALSE,FALSE,FALSE,1,1,"singleton",0,0,0,0,0,0,0,0,0,0,0,12
"61237",82.38,5,2023-01-02,"871041文尼哥",42.3,"G8032",NA,NA,9470,"2023",1,"Winter",2016-03-02,2019-09-02,40,FALSE,"2016",3,"Spring","G-coded","male","5",82.38,">60",FALSE,FALSE,FALSE,FALSE,FALSE,FALSE,FALSE,FALSE,FALSE,FALSE,1,1,"singleton",0,0,0,0,0,0,0,0,0,0,0,1
"00748",82.51,6,2026-03-14,"41122282",57.8,"G62260",NA,NA,744,"2026",3,"Spring",2019-04-14,2019-08-02,79.3870967741936,FALSE,"2019",4,"Spring","G-coded","male","6",82.51,">60",FALSE,FALSE,FALSE,FALSE,FALSE,FALSE,FALSE,FALSE,FALSE,FALSE,1,1,"singleton",0,1,0,1,0,1,0,1,0,1,0,3
"90018",82.61,6,2025-10-29,"41121286",50.2,"G53317",NA,NA,1802,"2025",10,"Autumn",2018-11-29,2019-08-02,74.8709677419355,FALSE,"2018",11,"Autumn","G-coded","male","6",82.61,">60",FALSE,FALSE,FALSE,FALSE,FALSE,FALSE,FALSE,FALSE,FALSE,FALSE,1,1,"singleton",0,0,0,0,0,0,0,0,0,0,0,10
"00049",82.64,6,2025-12-01,"21219011",40.5,"G53490",NA,NA,1477,"2025",12,"Winter",2019-01-01,2019-08-02,75.9666666666667,FALSE,"2019",1,"Winter","G-coded","male","6",82.64,">60",FALSE,FALSE,FALSE,FALSE,FALSE,FALSE,FALSE,FALSE,FALSE,FALSE,1,1,"singleton",0,0,0,0,0,0,0,0,0,0,0,12
"00067",82.81,6,2025-12-15,"41121286",38.8,"G53549","171790","60764",1334,"2025",12,"Winter",2019-01-15,2019-08-02,76.4193548387097,FALSE,"2019",1,"Winter","G-coded","male","6",82.81,">60",FALSE,FALSE,FALSE,FALSE,FALSE,FALSE,FALSE,FALSE,FALSE,FALSE,1,1,"singleton",0,0,0,0,1,0,0,0,0,0,0,12
"60568",82.91,5,2023-10-23,"7402563907",35.6,"G9673",NA,NA,7479,"2023",10,"Autumn",2016-11-23,2019-08-02,50.6774193548387,FALSE,"2016",11,"Autumn","G-coded","male","5",82.91,">60",FALSE,FALSE,FALSE,FALSE,FALSE,FALSE,FALSE,FALSE,FALSE,FALSE,1,1,"singleton",1,0,0,0,1,0,1,0,0,0,0,10
"70396",83.04,6,2024-05-03,"22220785",36.8,"G40689",NA,NA,5751,"2024",5,"Spring",2017-06-03,2019-08-02,57.0322580645161,FALSE,"2017",6,"Summer","G-coded","male","6",83.04,">60",FALSE,FALSE,FALSE,FALSE,FALSE,FALSE,FALSE,FALSE,FALSE,FALSE,1,1,"singleton",1,0,0,0,1,0,0,0,0,0,0,5
"61267",83.1,4,2023-01-25,"871041文尼哥",45.1,"G8133",NA,NA,9324,"2023",1,"Winter",2016-02-25,2019-08-02,41.741935483871,FALSE,"2016",2,"Winter","G-coded","male","4",83.1,">60",FALSE,FALSE,FALSE,FALSE,FALSE,FALSE,FALSE,FALSE,FALSE,FALSE,1,1,"singleton",0,0,0,0,0,0,0,0,0,0,0,1
"212042",83.2,5,2024-04-03,"FR3917468802",52.4,"G40599",NA,NA,5949,"2024",4,"Spring",2017-05-03,2019-08-02,56.0333333333333,FALSE,"2017",5,"Spring","G-coded","male","5",83.2,">60",FALSE,FALSE,FALSE,FALSE,FALSE,FALSE,FALSE,FALSE,FALSE,FALSE,1,1,"singleton",0,0,0,0,0,0,0,0,0,0,0,4
"60472",83.27,4,2023-09-01,"854773威吉吉",40.3,"G9449",NA,NA,7778,"2023",9,"Autumn",2016-10-01,2019-08-02,48.9677419354839,FALSE,"2016",10,"Autumn","G-coded","male","4",83.27,">60",FALSE,FALSE,FALSE,FALSE,FALSE,FALSE,FALSE,FALSE,FALSE,FALSE,1,1,"singleton",0,0,0,0,0,0,0,0,0,0,0,9
"00185",83.33,6,2026-01-26,"41121286",54.3,"G62068","171790","1605",1089,"2026",1,"Winter",2019-02-26,2019-08-02,77.7741935483871,FALSE,"2019",2,"Winter","G-coded","male","6",83.33,">60",FALSE,FALSE,FALSE,FALSE,FALSE,FALSE,FALSE,FALSE,FALSE,FALSE,1,1,"singleton",0,0,0,0,0,1,0,1,0,0,0,1
"61378",83.4,5,2023-01-29,"871041文尼哥",46.3,"G8251",NA,NA,9303,"2023",1,"Winter",2016-02-29,2019-08-02,41.8709677419355,FALSE,"2016",2,"Winter","G-coded","male","5",83.4,">60",FALSE,FALSE,FALSE,FALSE,FALSE,FALSE,FALSE,FALSE,FALSE,FALSE,1,1,"singleton",0,0,0,0,0,0,0,0,0,0,0,1
"91116",83.43,5,2023-07-27,"854773威吉吉",39.6,"G9258",NA,NA,8000,"2023",7,"Summer",2016-08-27,2019-08-02,47.8064516129032,FALSE,"2016",8,"Summer","G-coded","male","5",83.43,">60",FALSE,FALSE,FALSE,FALSE,FALSE,FALSE,FALSE,FALSE,FALSE,FALSE,1,1,"singleton",0,0,0,0,1,0,0,0,0,0,0,7
"800564",83.5,6,2025-07-31,"13221223",45.3,"G52989",NA,NA,2426,"2025",7,"Summer",2018-07-31,2019-07-02,72.9354838709677,FALSE,"2018",7,"Summer","G-coded","male","6",83.5,">60",FALSE,FALSE,FALSE,FALSE,FALSE,FALSE,FALSE,FALSE,FALSE,FALSE,1,1,"singleton",0,0,0,0,0,0,0,0,0,0,0,7
"61302",83.56,5,2023-01-16,"854282维利纳诺",43.5,"G8093",NA,NA,9384,"2023",1,"Winter",2016-01-16,2019-07-02,42.4516129032258,FALSE,"2016",1,"Winter","G-coded","male","5",83.56,">60",FALSE,FALSE,FALSE,FALSE,FALSE,FALSE,FALSE,FALSE,FALSE,FALSE,1,1,"singleton",0,0,0,0,0,0,0,0,0,0,0,1
"00234",83.6,5,2026-03-16,"41122282",51.2,"G62271",NA,NA,728,"2026",3,"Spring",2019-03-16,2019-07-02,80.4516129032258,FALSE,"2019",3,"Spring","G-coded","male","5",83.6,">60",FALSE,FALSE,FALSE,FALSE,FALSE,FALSE,FALSE,FALSE,FALSE,FALSE,1,1,"singleton",0,0,0,0,0,0,0,0,0,0,0,3
"61937",83.69,4,2023-01-17,"854282维利纳诺",48.5,"G8095",NA,NA,9373,"2023",1,"Winter",2016-01-17,2019-07-02,42.4838709677419,FALSE,"2016",1,"Winter","G-coded","male","4",83.69,">60",FALSE,FALSE,FALSE,FALSE,FALSE,FALSE,FALSE,FALSE,FALSE,FALSE,1,1,"singleton",0,0,0,0,0,0,0,0,0,0,0,1
"61665",83.73,6,2023-02-03,"871041文尼哥",39.8,"G8273",NA,NA,9265,"2023",2,"Winter",2016-02-03,2019-07-02,43.0357142857143,FALSE,"2016",2,"Winter","G-coded","male","6",83.73,">60",FALSE,FALSE,FALSE,FALSE,FALSE,FALSE,FALSE,FALSE,FALSE,FALSE,1,1,"singleton",0,0,0,0,0,0,0,0,0,0,0,2
"800244",83.79,6,2025-04-08,"22220783",51.3,"G52539",NA,NA,3314,"2025",4,"Spring",2018-04-08,2019-07-02,69.2,FALSE,"2018",4,"Spring","G-coded","male","6",83.79,">60",FALSE,FALSE,FALSE,FALSE,FALSE,FALSE,FALSE,FALSE,FALSE,FALSE,1,1,"singleton",0,0,0,0,0,0,0,0,0,0,0,4
"61155",83.89,5,2023-01-30,"854773威吉吉",42.3,"G8257",NA,NA,9289,"2023",1,"Winter",2016-01-30,2019-07-02,42.9032258064516,FALSE,"2016",1,"Winter","G-coded","male","5",83.89,">60",FALSE,FALSE,FALSE,FALSE,FALSE,FALSE,FALSE,FALSE,FALSE,FALSE,1,1,"singleton",0,0,0,0,0,0,0,0,0,0,0,1
"60274",84.06,5,2023-04-24,"7402563907",43.6,"G8753",NA,NA,8556,"2023",4,"Spring",2016-04-24,2019-07-02,45.7333333333333,FALSE,"2016",4,"Spring","G-coded","male","5",84.06,">60",FALSE,FALSE,FALSE,FALSE,FALSE,FALSE,FALSE,FALSE,FALSE,FALSE,1,1,"singleton",0,0,0,0,0,0,0,0,0,0,0,4
"00177",84.09,6,2026-02-17,"41121296",66.8,"G62138",NA,NA,963,"2026",2,"Winter",2019-02-17,2019-07-02,79.5357142857143,FALSE,"2019",2,"Winter","G-coded","male","6",84.09,">60",FALSE,TRUE,FALSE,FALSE,FALSE,FALSE,FALSE,FALSE,FALSE,FALSE,1,1,"singleton",0,1,0,1,0,1,0,1,0,1,1,2
"00728",84.22,5,2026-06-12,"21219011",44.4,"G62591","167285","60274",56,"2026",6,"Summer",2019-06-12,2019-07-02,83.3333333333333,FALSE,"2019",6,"Summer","G-coded","male","5",84.22,">60",FALSE,FALSE,FALSE,FALSE,FALSE,FALSE,FALSE,FALSE,FALSE,FALSE,1,1,"singleton",0,0,0,0,0,0,0,0,0,0,0,6
"61447",84.32,5,2023-03-07,"854773威吉吉",50.1,"G8456",NA,NA,8995,"2023",3,"Spring",2016-03-07,2019-07-02,44.1612903225806,FALSE,"2016",3,"Spring","G-coded","male","5",84.32,">60",FALSE,FALSE,FALSE,FALSE,FALSE,FALSE,FALSE,FALSE,FALSE,FALSE,1,1,"singleton",0,0,0,0,0,0,0,0,0,0,0,3
"801038",84.48,5,2025-12-26,"41121286",39.2,"G53591","171350","62431",1254,"2025",12,"Winter",2018-12-26,2019-07-02,77.7741935483871,FALSE,"2018",12,"Winter","G-coded","male","5",84.48,">60",FALSE,FALSE,FALSE,FALSE,FALSE,FALSE,FALSE,FALSE,FALSE,FALSE,1,1,"singleton",0,0,0,0,1,0,0,0,0,0,0,12
"60826",84.55,5,2023-02-13,"871041文尼哥",42.3,"G8312",NA,NA,9202,"2023",2,"Winter",2016-01-13,2019-06-02,44.3928571428571,FALSE,"2016",1,"Winter","G-coded","male","5",84.55,">60",FALSE,FALSE,FALSE,FALSE,FALSE,FALSE,FALSE,FALSE,FALSE,FALSE,1,1,"singleton",0,0,0,0,0,0,0,0,0,0,0,2
"62744",84.58,5,2023-03-15,"854773威吉吉",46.3,"G8509",NA,NA,8917,"2023",3,"Spring",2016-02-15,2019-06-02,45.4193548387097,FALSE,"2016",2,"Winter","G-coded","male","5",84.58,">60",FALSE,FALSE,FALSE,FALSE,FALSE,FALSE,FALSE,FALSE,FALSE,FALSE,1,1,"singleton",0,0,0,0,0,0,0,0,0,0,0,3
"62558",84.62,5,2023-03-06,"7029225762",46.3,"G8444",NA,NA,9005,"2023",3,"Spring",2016-02-06,2019-06-02,45.1290322580645,FALSE,"2016",2,"Winter","G-coded","male","5",84.62,">60",FALSE,FALSE,FALSE,FALSE,FALSE,FALSE,FALSE,FALSE,FALSE,FALSE,1,1,"singleton",0,0,0,0,0,0,0,0,0,0,0,3
"61720",84.71,5,2023-02-05,"871041文尼哥",46.3,"G8280",NA,NA,9259,"2023",2,"Winter",2016-01-05,2019-06-02,44.1071428571429,FALSE,"2016",1,"Winter","G-coded","male","5",84.71,">60",FALSE,FALSE,FALSE,FALSE,FALSE,FALSE,FALSE,FALSE,FALSE,FALSE,1,1,"singleton",0,0,0,0,0,0,0,0,0,0,0,2
"00393",84.78,4,2026-04-30,"22220119",23.4,"G62465",NA,NA,316,"2026",4,"Spring",2019-03-30,2019-06-02,82.9333333333333,FALSE,"2019",3,"Spring","G-coded","male","4",84.78,">60",TRUE,FALSE,FALSE,FALSE,FALSE,FALSE,FALSE,FALSE,FALSE,FALSE,1,1,"singleton",1,0,1,0,1,0,1,0,1,0,0,4
"63032",84.78,5,2023-03-05,"854773威吉吉",42.3,"G8441",NA,NA,9017,"2023",3,"Spring",2016-02-05,2019-06-02,45.0967741935484,FALSE,"2016",2,"Winter","G-coded","male","5",84.78,">60",FALSE,FALSE,FALSE,FALSE,FALSE,FALSE,FALSE,FALSE,FALSE,FALSE,1,1,"singleton",0,0,0,0,0,0,0,0,0,0,0,3
"60572",84.88,6,2023-12-26,"854773威吉吉",59,"G10110","公牛","10531",6992,"2023",12,"Winter",2016-11-26,2019-06-02,54.7741935483871,FALSE,"2016",11,"Autumn","G-coded","male","6",84.88,">60",FALSE,FALSE,FALSE,FALSE,FALSE,FALSE,FALSE,FALSE,FALSE,FALSE,1,1,"singleton",0,1,0,1,0,1,0,1,0,1,0,12
"800266",84.98,5,2025-05-17,"427133",44.2,"G52728",NA,NA,2924,"2025",5,"Spring",2018-04-17,2019-06-02,71.4838709677419,FALSE,"2018",4,"Spring","G-coded","male","5",84.98,">60",FALSE,FALSE,FALSE,FALSE,FALSE,FALSE,FALSE,FALSE,FALSE,FALSE,1,1,"singleton",0,0,0,0,0,0,0,0,0,0,0,5
"60587",85.01,5,2024-01-04,"865530狼血",50.3,"G40027",NA,NA,6924,"2024",1,"Winter",2016-12-04,2019-06-02,55.0645161290323,FALSE,"2016",12,"Winter","G-coded","male","5",85.01,">60",FALSE,FALSE,FALSE,FALSE,FALSE,FALSE,FALSE,FALSE,FALSE,FALSE,1,1,"singleton",0,0,0,0,0,0,0,0,0,0,0,1
"62823",85.11,4,2023-03-19,"871041文尼哥",46.3,"G8536",NA,NA,8877,"2023",3,"Spring",2016-02-19,2019-06-02,45.5483870967742,FALSE,"2016",2,"Winter","G-coded","male","4",85.11,">60",FALSE,FALSE,FALSE,FALSE,FALSE,FALSE,FALSE,FALSE,FALSE,FALSE,1,1,"singleton",0,0,0,0,0,0,0,0,0,0,0,3
"70659",85.17,4,2025-03-08,"22218621",31.6,"G52369","160885","12100",3631,"2025",3,"Spring",2018-02-08,2019-06-02,69.1935483870968,FALSE,"2018",2,"Winter","G-coded","male","4",85.17,">60",FALSE,FALSE,FALSE,FALSE,FALSE,FALSE,FALSE,FALSE,FALSE,FALSE,1,1,"singleton",1,0,1,0,1,0,1,0,0,0,0,3
"63009",85.21,5,2023-03-24,"871041文尼哥",45.3,"G8574",NA,NA,8820,"2023",3,"Spring",2016-02-24,2019-06-02,45.7096774193548,FALSE,"2016",2,"Winter","G-coded","male","5",85.21,">60",FALSE,FALSE,FALSE,FALSE,FALSE,FALSE,FALSE,FALSE,FALSE,FALSE,1,1,"singleton",0,0,0,0,0,0,0,0,0,0,0,3
"62079",85.27,5,2023-02-28,"871041文尼哥",46.5,"G8413",NA,NA,9056,"2023",2,"Winter",2016-01-28,2019-06-02,44.9285714285714,FALSE,"2016",1,"Winter","G-coded","male","5",85.27,">60",FALSE,FALSE,FALSE,FALSE,FALSE,FALSE,FALSE,FALSE,FALSE,FALSE,1,1,"singleton",0,0,0,0,0,0,0,0,0,0,0,2
"61875",85.37,5,2023-03-04,"854773威吉吉",48.2,"G8435",NA,NA,9025,"2023",3,"Spring",2016-02-04,2019-06-02,45.0645161290323,FALSE,"2016",2,"Winter","G-coded","male","5",85.37,">60",FALSE,FALSE,FALSE,FALSE,FALSE,FALSE,FALSE,FALSE,FALSE,FALSE,1,1,"singleton",0,0,0,0,0,0,0,0,0,0,0,3
"62451",85.47,5,2023-04-10,"871041文尼哥",33.6,"G8686",NA,NA,8657,"2023",4,"Spring",2016-03-10,2019-06-02,46.2666666666667,FALSE,"2016",3,"Spring","G-coded","male","5",85.47,">60",FALSE,FALSE,FALSE,FALSE,FALSE,FALSE,FALSE,FALSE,FALSE,FALSE,1,1,"singleton",1,0,1,0,1,0,1,0,0,0,0,4
"60951",85.54,5,2023-03-09,"854773威吉吉",46.3,"G8466",NA,NA,8968,"2023",3,"Spring",2016-01-09,2019-05-02,46.2258064516129,FALSE,"2016",1,"Winter","G-coded","male","5",85.54,">60",FALSE,FALSE,FALSE,FALSE,FALSE,FALSE,FALSE,FALSE,FALSE,FALSE,1,1,"singleton",0,0,0,0,0,0,0,0,0,0,0,3
"60990",85.57,5,2023-02-17,"871041文尼哥",48.1,"G8341",NA,NA,9160,"2023",2,"Winter",2015-12-17,2019-05-02,45.5357142857143,FALSE,"2015",12,"Winter","G-coded","male","5",85.57,">60",FALSE,FALSE,FALSE,FALSE,FALSE,FALSE,FALSE,FALSE,FALSE,FALSE,1,1,"singleton",0,0,0,0,0,0,0,0,0,0,0,2
"61540",85.6,5,2023-03-21,"871041文尼哥",48.2,"G8545",NA,NA,8848,"2023",3,"Spring",2016-01-21,2019-05-02,46.6129032258064,FALSE,"2016",1,"Winter","G-coded","male","5",85.6,">60",FALSE,FALSE,FALSE,FALSE,FALSE,FALSE,FALSE,FALSE,FALSE,FALSE,1,1,"singleton",0,0,0,0,0,0,0,0,0,0,0,3
"90004",85.63,5,2026-02-18,"41121296",50.6,"G62144",NA,NA,948,"2026",2,"Winter",2018-12-18,2019-05-02,81.5714285714286,FALSE,"2018",12,"Winter","G-coded","male","5",85.63,">60",FALSE,FALSE,FALSE,FALSE,FALSE,FALSE,FALSE,FALSE,FALSE,FALSE,1,1,"singleton",0,0,0,0,0,0,0,0,0,0,0,2
"60238",85.63,6,2023-06-02,"854773威吉吉",50,"G8958",NA,NA,8326,"2023",6,"Summer",2016-04-02,2019-05-02,49,FALSE,"2016",4,"Spring","G-coded","male","6",85.63,">60",FALSE,FALSE,FALSE,FALSE,FALSE,FALSE,FALSE,FALSE,FALSE,FALSE,1,1,"singleton",0,0,0,0,0,0,0,0,0,0,0,6
"61163",85.7,5,2023-04-01,"7402563907",54.6,"G8623",NA,NA,8747,"2023",4,"Spring",2016-02-01,2019-05-02,46.9677419354839,FALSE,"2016",2,"Winter","G-coded","male","5",85.7,">60",FALSE,FALSE,FALSE,FALSE,FALSE,FALSE,FALSE,FALSE,FALSE,FALSE,1,1,"singleton",0,1,0,0,0,1,0,1,0,0,0,4
"70094",85.73,5,2023-03-14,"871041文尼哥",46.2,"G8499",NA,NA,8931,"2023",3,"Spring",2016-01-14,2019-05-02,46.3870967741936,FALSE,"2016",1,"Winter","G-coded","male","5",85.73,">60",FALSE,FALSE,FALSE,FALSE,FALSE,FALSE,FALSE,FALSE,FALSE,FALSE,1,1,"singleton",0,0,0,0,0,0,0,0,0,0,0,3
"212667",85.8,4,2023-04-09,"7029225762",48.6,"G8677",NA,NA,8666,"2023",4,"Spring",2016-02-09,2019-05-02,47.2333333333333,FALSE,"2016",2,"Winter","G-coded","male","4",85.8,">60",FALSE,FALSE,FALSE,FALSE,FALSE,FALSE,FALSE,FALSE,FALSE,FALSE,1,1,"singleton",0,0,0,0,0,0,0,0,0,0,0,4
"202068",85.83,5,2025-12-02,"41121286",55.1,"G53495","171350","61531",1466,"2025",12,"Winter",2018-10-02,2019-05-02,79,FALSE,"2018",10,"Autumn","G-coded","male","5",85.83,">60",FALSE,FALSE,FALSE,FALSE,FALSE,FALSE,FALSE,FALSE,FALSE,FALSE,1,1,"singleton",0,1,0,0,0,1,0,1,0,1,0,12
"800046",85.9,6,2025-03-12,"427151",49.7,"G52386","160885","40340",3586,"2025",3,"Spring",2018-01-12,2019-05-02,70.3225806451613,FALSE,"2018",1,"Winter","G-coded","male","6",85.9,">60",FALSE,FALSE,FALSE,FALSE,FALSE,FALSE,FALSE,FALSE,FALSE,FALSE,1,1,"singleton",0,0,0,0,0,0,0,0,0,0,0,3
"61709",85.96,5,2023-03-04,"854773威吉吉",48.2,"G8431",NA,NA,9018,"2023",3,"Spring",2016-01-04,2019-05-02,46.0645161290323,FALSE,"2016",1,"Winter","G-coded","male","5",85.96,">60",FALSE,FALSE,FALSE,FALSE,FALSE,FALSE,FALSE,FALSE,FALSE,FALSE,1,1,"singleton",0,0,0,0,0,0,0,0,0,0,0,3
"61684",86.06,5,2023-04-06,"871041文尼哥",41.8,"G8661",NA,NA,8692,"2023",4,"Spring",2016-02-06,2019-05-02,47.1333333333333,FALSE,"2016",2,"Winter","G-coded","male","5",86.06,">60",FALSE,FALSE,FALSE,FALSE,FALSE,FALSE,FALSE,FALSE,FALSE,FALSE,1,1,"singleton",0,0,0,0,0,0,0,0,0,0,0,4
"61930",86.13,6,2023-03-25,"7402563907",52.2,"G8588",NA,NA,8808,"2023",3,"Spring",2016-01-25,2019-05-02,46.741935483871,FALSE,"2016",1,"Winter","G-coded","male","6",86.13,">60",FALSE,FALSE,FALSE,FALSE,FALSE,FALSE,FALSE,FALSE,FALSE,FALSE,1,1,"singleton",0,0,0,0,0,0,0,0,0,0,0,3
"61404",86.23,5,2023-04-22,"7402563907",49.3,"G8752",NA,NA,8568,"2023",4,"Spring",2016-02-22,2019-05-02,47.6666666666667,FALSE,"2016",2,"Winter","G-coded","male","5",86.23,">60",FALSE,FALSE,FALSE,FALSE,FALSE,FALSE,FALSE,FALSE,FALSE,FALSE,1,1,"singleton",0,0,0,0,0,0,0,0,0,0,0,4
"800882",86.26,6,2026-01-23,"41121286",39.3,"G62060",NA,NA,1104,"2026",1,"Winter",2018-11-23,2019-05-02,80.6774193548387,FALSE,"2018",11,"Autumn","G-coded","male","6",86.26,">60",FALSE,FALSE,FALSE,FALSE,FALSE,FALSE,FALSE,FALSE,FALSE,FALSE,1,1,"singleton",0,0,0,0,1,0,0,0,0,0,0,1
"62381",86.32,5,2023-04-22,"7402563907",43.2,"G8749",NA,NA,8562,"2023",4,"Spring",2016-02-22,2019-05-02,47.6666666666667,FALSE,"2016",2,"Winter","G-coded","male","5",86.32,">60",FALSE,FALSE,FALSE,FALSE,FALSE,FALSE,FALSE,FALSE,FALSE,FALSE,1,1,"singleton",0,0,0,0,0,0,0,0,0,0,0,4
"62173",86.39,5,2023-04-19,"871041文尼哥",43.9,"G8735",NA,NA,8589,"2023",4,"Spring",2016-02-19,2019-05-02,47.5666666666667,FALSE,"2016",2,"Winter","G-coded","male","5",86.39,">60",FALSE,FALSE,FALSE,FALSE,FALSE,FALSE,FALSE,FALSE,FALSE,FALSE,1,1,"singleton",0,0,0,0,0,0,0,0,0,0,0,4
"L800509",86.42,6,2025-09-29,"863302",51,"G53191",NA,NA,2059,"2025",9,"Autumn",2018-07-29,2019-05-02,76.9,FALSE,"2018",7,"Summer","G-coded","male","6",86.42,">60",FALSE,FALSE,FALSE,FALSE,FALSE,FALSE,FALSE,FALSE,FALSE,FALSE,1,1,"singleton",0,0,0,0,0,0,0,0,0,0,0,9
"H60630",86.49,5,2023-04-11,"871041文尼哥",45.3,"G8978",NA,NA,8650,"2023",4,"Spring",2016-02-11,2019-05-02,47.3,FALSE,"2016",2,"Winter","G-coded","male","5",86.49,">60",FALSE,FALSE,FALSE,FALSE,FALSE,FALSE,FALSE,FALSE,FALSE,FALSE,1,1,"singleton",0,0,0,0,0,0,0,0,0,0,0,4
"60569",86.55,6,2024-02-13,"862025瓦特罗",46.3,"G40266",NA,NA,6521,"2024",2,"Winter",2016-11-13,2019-04-02,58.3793103448276,FALSE,"2016",11,"Autumn","G-coded","male","6",86.55,">60",FALSE,FALSE,FALSE,FALSE,FALSE,FALSE,FALSE,FALSE,FALSE,FALSE,1,1,"singleton",0,0,0,0,0,0,0,0,0,0,0,2
"H00521",86.65,6,2024-02-02,"FR7045049997",43.6,"G40168",NA,NA,6666,"2024",2,"Winter",2016-11-02,2019-04-02,58,FALSE,"2016",11,"Autumn","G-coded","male","6",86.65,">60",FALSE,FALSE,FALSE,FALSE,FALSE,FALSE,FALSE,FALSE,FALSE,FALSE,1,1,"singleton",0,0,0,0,0,0,0,0,0,0,0,2
"60310",86.72,6,2023-07-27,"7402563907",48.5,"G9261",NA,NA,7999,"2023",7,"Summer",2016-04-27,2019-04-02,51.8064516129032,FALSE,"2016",4,"Spring","G-coded","male","6",86.72,">60",FALSE,FALSE,FALSE,FALSE,FALSE,FALSE,FALSE,FALSE,FALSE,FALSE,1,1,"singleton",0,0,0,0,0,0,0,0,0,0,0,7
"60361",86.88,6,2023-09-01,"854282维利纳诺",49.4,"G9453",NA,NA,7775,"2023",9,"Autumn",2016-06-01,2019-04-02,52.9677419354839,FALSE,"2016",6,"Summer","G-coded","male","6",86.88,">60",FALSE,FALSE,FALSE,FALSE,FALSE,FALSE,FALSE,FALSE,FALSE,FALSE,1,1,"singleton",0,0,0,0,0,0,0,0,0,0,0,9
"800734",87.02,6,2026-01-07,"41121286",39.8,"G62015",NA,NA,1183,"2026",1,"Winter",2018-10-07,2019-04-02,81.1612903225806,FALSE,"2018",10,"Autumn","G-coded","male","6",87.02,">60",FALSE,FALSE,FALSE,FALSE,FALSE,FALSE,FALSE,FALSE,FALSE,FALSE,1,1,"singleton",0,0,0,0,0,0,0,0,0,0,0,1
"60321",87.05,5,2023-08-12,"7402563907",64.2,"G9327",NA,NA,7912,"2023",8,"Summer",2016-05-12,2019-04-02,52.3225806451613,FALSE,"2016",5,"Spring","G-coded","male","5",87.05,">60",FALSE,FALSE,FALSE,FALSE,FALSE,FALSE,FALSE,FALSE,FALSE,FALSE,1,1,"singleton",0,1,0,1,0,1,0,1,0,1,1,8
"70015",87.08,6,2024-04-04,"862025瓦特罗",44.3,"G40601",NA,NA,5941,"2024",4,"Spring",2017-01-04,2019-04-02,60.0666666666667,FALSE,"2017",1,"Winter","G-coded","male","6",87.08,">60",FALSE,FALSE,FALSE,FALSE,FALSE,FALSE,FALSE,FALSE,FALSE,FALSE,1,1,"singleton",0,0,0,0,0,0,0,0,0,0,0,4
"61488",87.21,5,2023-05-17,"7402563907",53.1,"G8864",NA,NA,8427,"2023",5,"Spring",2016-02-17,2019-04-02,49.4838709677419,FALSE,"2016",2,"Winter","G-coded","male","5",87.21,">60",FALSE,FALSE,FALSE,FALSE,FALSE,FALSE,FALSE,FALSE,FALSE,FALSE,1,1,"singleton",0,0,0,0,0,1,0,1,0,0,0,5
"60743",87.31,5,2023-04-17,"871041文尼哥",43.2,"G8718",NA,NA,8605,"2023",4,"Spring",2016-01-17,2019-04-02,48.5,FALSE,"2016",1,"Winter","G-coded","male","5",87.31,">60",FALSE,FALSE,FALSE,FALSE,FALSE,FALSE,FALSE,FALSE,FALSE,FALSE,1,1,"singleton",0,0,0,0,0,0,0,0,0,0,0,4
"61198",87.44,5,2023-05-28,"865530狼血",45.1,"G8929",NA,NA,8359,"2023",5,"Spring",2016-02-28,2019-04-02,49.8387096774194,FALSE,"2016",2,"Winter","G-coded","male","5",87.44,">60",FALSE,FALSE,FALSE,FALSE,FALSE,FALSE,FALSE,FALSE,FALSE,FALSE,1,1,"singleton",0,0,0,0,0,0,0,0,0,0,0,5
"60287",87.48,5,2023-08-10,"7402563907",56.4,"G9320","426585","2101",7924,"2023",8,"Summer",2016-05-10,2019-04-02,52.258064516129,FALSE,"2016",5,"Spring","G-coded","male","5",87.48,">60",FALSE,FALSE,FALSE,FALSE,FALSE,FALSE,FALSE,FALSE,FALSE,FALSE,1,1,"singleton",0,1,0,0,0,1,0,1,0,1,0,8
"60989",87.57,4,2023-04-18,"871041文尼哥",39.1,"G8729",NA,NA,8602,"2023",4,"Spring",2015-12-18,2019-03-02,49.5333333333333,FALSE,"2015",12,"Winter","G-coded","male","4",87.57,">60",FALSE,FALSE,FALSE,FALSE,FALSE,FALSE,FALSE,FALSE,FALSE,FALSE,1,1,"singleton",0,0,0,0,1,0,0,0,0,0,0,4
"91146",87.64,4,2023-06-25,"7402563907",50.3,"G9089",NA,NA,8174,"2023",6,"Summer",2016-02-25,2019-03-02,51.7666666666667,FALSE,"2016",2,"Winter","G-coded","male","4",87.64,">60",FALSE,FALSE,FALSE,FALSE,FALSE,FALSE,FALSE,FALSE,FALSE,FALSE,1,1,"singleton",0,0,0,0,0,0,0,0,0,0,0,6
"61274",87.77,6,2023-05-26,"871041文尼哥",53.3,"G8918",NA,NA,8379,"2023",5,"Spring",2016-01-26,2019-03-02,50.7741935483871,FALSE,"2016",1,"Winter","G-coded","male","6",87.77,">60",FALSE,FALSE,FALSE,FALSE,FALSE,FALSE,FALSE,FALSE,FALSE,FALSE,1,1,"singleton",0,0,0,0,0,1,0,1,0,0,0,5
"62820",87.87,5,2023-05-17,"871041文尼哥",32.4,"G8861",NA,NA,8426,"2023",5,"Spring",2016-01-17,2019-03-02,50.4838709677419,FALSE,"2016",1,"Winter","G-coded","male","5",87.87,">60",FALSE,FALSE,FALSE,FALSE,FALSE,FALSE,FALSE,FALSE,FALSE,FALSE,1,1,"singleton",1,0,1,0,1,0,1,0,0,0,0,5
"62178",87.97,6,2023-06-11,"854773威吉吉",46.3,"G9011",NA,NA,8255,"2023",6,"Summer",2016-02-11,2019-03-02,51.3,FALSE,"2016",2,"Winter","G-coded","male","6",87.97,">60",FALSE,FALSE,FALSE,FALSE,FALSE,FALSE,FALSE,FALSE,FALSE,FALSE,1,1,"singleton",0,0,0,0,0,0,0,0,0,0,0,6
"61395",88.07,6,2023-06-09,"41418180",43.6,"G9003",NA,NA,8268,"2023",6,"Summer",2016-02-09,2019-03-02,51.2333333333333,FALSE,"2016",2,"Winter","G-coded","male","6",88.07,">60",FALSE,FALSE,FALSE,FALSE,FALSE,FALSE,FALSE,FALSE,FALSE,FALSE,1,1,"singleton",0,0,0,0,0,0,0,0,0,0,0,6
"62412",88.13,5,2023-06-13,"854773威吉吉",46.6,"G9026",NA,NA,8239,"2023",6,"Summer",2016-02-13,2019-03-02,51.3666666666667,FALSE,"2016",2,"Winter","G-coded","male","5",88.13,">60",FALSE,FALSE,FALSE,FALSE,FALSE,FALSE,FALSE,FALSE,FALSE,FALSE,1,1,"singleton",0,0,0,0,0,0,0,0,0,0,0,6
"00138",88.23,6,2026-06-12,"41120238",33.8,"G62592","171790","62034",57,"2026",6,"Summer",2019-02-12,2019-03-02,87.3333333333333,FALSE,"2019",2,"Winter","G-coded","male","6",88.23,">60",FALSE,FALSE,FALSE,FALSE,FALSE,FALSE,FALSE,FALSE,FALSE,FALSE,1,1,"singleton",1,0,1,0,1,0,1,0,0,0,0,6
"H60573",88.4,5,2023-06-09,"41418182",44.2,"G9002",NA,NA,8266,"2023",6,"Summer",2016-02-09,2019-03-02,51.2333333333333,FALSE,"2016",2,"Winter","G-coded","male","5",88.4,">60",FALSE,FALSE,FALSE,FALSE,FALSE,FALSE,FALSE,FALSE,FALSE,FALSE,1,1,"singleton",0,0,0,0,0,0,0,0,0,0,0,6
"70019",88.46,6,2024-05-17,"22220785",47.5,"G40741",NA,NA,5649,"2024",5,"Spring",2017-01-17,2019-03-02,62.4838709677419,FALSE,"2017",1,"Winter","G-coded","male","6",88.46,">60",FALSE,FALSE,FALSE,FALSE,FALSE,FALSE,FALSE,FALSE,FALSE,FALSE,1,1,"singleton",0,0,0,0,0,0,0,0,0,0,0,5
"62488",88.56,4,2023-06-23,"854773威吉吉",46.3,"G9082",NA,NA,8185,"2023",6,"Summer",2016-01-23,2019-02-02,52.7,FALSE,"2016",1,"Winter","G-coded","male","4",88.56,">60",FALSE,FALSE,FALSE,FALSE,FALSE,FALSE,FALSE,FALSE,FALSE,FALSE,1,1,"singleton",0,0,0,0,0,0,0,0,0,0,0,6
"L60204",88.63,6,2023-08-25,"7402563907",47,"G9401",NA,NA,7836,"2023",8,"Summer",2016-03-25,2019-02-02,54.741935483871,FALSE,"2016",3,"Spring","G-coded","male","6",88.63,">60",FALSE,FALSE,FALSE,FALSE,FALSE,FALSE,FALSE,FALSE,FALSE,FALSE,1,1,"singleton",0,0,0,0,0,0,0,0,0,0,0,8
"70135",88.72,5,2024-07-25,"171206",52.8,"G40359",NA,NA,5285,"2024",7,"Summer",2017-02-25,2019-02-02,65.741935483871,FALSE,"2017",2,"Winter","G-coded","male","5",88.72,">60",FALSE,FALSE,FALSE,FALSE,FALSE,FALSE,FALSE,FALSE,FALSE,FALSE,1,1,"singleton",0,0,0,0,0,1,0,1,0,0,0,7
"60582",88.82,6,2024-04-28,"22220785",32.4,"G40669L",NA,NA,5779,"2024",4,"Spring",2016-11-28,2019-02-02,62.8666666666667,FALSE,"2016",11,"Autumn","G-coded","male","6",88.82,">60",FALSE,FALSE,FALSE,FALSE,FALSE,FALSE,FALSE,FALSE,FALSE,FALSE,1,1,"singleton",1,0,1,0,1,0,1,0,0,0,0,4
"62339",88.95,5,2023-07-25,"865530狼血",50.1,"G9242",NA,NA,8025,"2023",7,"Summer",2016-02-25,2019-02-02,53.741935483871,FALSE,"2016",2,"Winter","G-coded","male","5",88.95,">60",FALSE,FALSE,FALSE,FALSE,FALSE,FALSE,FALSE,FALSE,FALSE,FALSE,1,1,"singleton",0,0,0,0,0,0,0,0,0,0,0,7
"60479",89.05,6,2024-03-02,"FR3917468802",42.6,"G40408",NA,NA,6258,"2024",3,"Spring",2016-10-02,2019-02-02,61,FALSE,"2016",10,"Autumn","G-coded","male","6",89.05,">60",FALSE,FALSE,FALSE,FALSE,FALSE,FALSE,FALSE,FALSE,FALSE,FALSE,1,1,"singleton",0,0,0,0,0,0,0,0,0,0,0,3
"50872",89.32,4,2023-04-17,"7402563907",29.6,"G8721",NA,NA,8612,"2023",4,"Spring",2015-11-17,2019-02-02,50.5,FALSE,"2015",11,"Autumn","G-coded","male","4",89.32,">60",FALSE,FALSE,FALSE,FALSE,FALSE,FALSE,FALSE,FALSE,FALSE,FALSE,1,1,"singleton",1,0,1,0,1,0,1,0,1,0,0,4
"10247",89.38,5,2023-08-03,"7402563907",43.4,"G9292",NA,NA,7960,"2023",8,"Summer",2016-03-03,2019-02-02,54.0322580645161,FALSE,"2016",3,"Spring","G-coded","male","5",89.38,">60",FALSE,FALSE,FALSE,FALSE,FALSE,FALSE,FALSE,FALSE,FALSE,FALSE,1,1,"singleton",0,0,0,0,0,0,0,0,0,0,0,8
"62072",89.41,2,2023-06-19,"854773威吉吉",51.4,"G9063",NA,NA,8204,"2023",6,"Summer",2016-01-19,2019-02-02,52.5666666666667,FALSE,"2016",1,"Winter","G-coded","male","2",89.41,">60",FALSE,FALSE,FALSE,FALSE,FALSE,FALSE,FALSE,FALSE,FALSE,FALSE,1,1,"singleton",0,0,0,0,0,0,0,0,0,0,0,6
"61402",89.51,4,2023-07-29,"854773威吉吉",39.8,"G9273",NA,NA,7985,"2023",7,"Summer",2016-01-29,2019-01-02,54.8709677419355,FALSE,"2016",1,"Winter","G-coded","male","4",89.51,">60",FALSE,FALSE,FALSE,FALSE,FALSE,FALSE,FALSE,FALSE,FALSE,FALSE,1,1,"singleton",0,0,0,0,0,0,0,0,0,0,0,7
"60494",89.55,6,2024-03-27,"862025瓦特罗",45.6,"G40560",NA,NA,6005,"2024",3,"Spring",2016-09-27,2019-01-02,62.8064516129032,FALSE,"2016",9,"Autumn","G-coded","male","6",89.55,">60",FALSE,FALSE,FALSE,FALSE,FALSE,FALSE,FALSE,FALSE,FALSE,FALSE,1,1,"singleton",0,0,0,0,0,0,0,0,0,0,0,3
"61739",89.61,6,2023-06-24,"854773威吉吉",47.3,"G9086",NA,NA,8181,"2023",6,"Summer",2015-12-24,2019-01-02,53.7333333333333,FALSE,"2015",12,"Winter","G-coded","male","6",89.61,">60",FALSE,FALSE,FALSE,FALSE,FALSE,FALSE,FALSE,FALSE,FALSE,FALSE,1,1,"singleton",0,0,0,0,0,0,0,0,0,0,0,6
"70406",89.68,5,2023-10-03,"854282维利纳诺",50.5,"G9595",NA,NA,7582,"2023",10,"Autumn",2016-04-03,2019-01-02,57.0322580645161,FALSE,"2016",4,"Spring","G-coded","male","5",89.68,">60",FALSE,FALSE,FALSE,FALSE,FALSE,FALSE,FALSE,FALSE,FALSE,FALSE,1,1,"singleton",0,0,0,0,0,0,0,0,0,0,0,10
"50484",89.68,6,2023-04-05,"7402563907",48.2,"G8658",NA,NA,8700,"2023",4,"Spring",2015-10-05,2019-01-02,51.1,FALSE,"2015",10,"Autumn","G-coded","male","6",89.68,">60",FALSE,FALSE,FALSE,FALSE,FALSE,FALSE,FALSE,FALSE,FALSE,FALSE,1,1,"singleton",0,0,0,0,0,0,0,0,0,0,0,4
"800077",89.74,7,2025-08-10,"22220107",43.3,"G53016",NA,NA,2363,"2025",8,"Summer",2018-02-10,2019-01-02,79.258064516129,FALSE,"2018",2,"Winter","G-coded","male",">=7",89.74,">60",FALSE,FALSE,FALSE,FALSE,FALSE,FALSE,FALSE,FALSE,FALSE,FALSE,1,1,"singleton",0,0,0,0,0,0,0,0,0,0,0,8
"61630",89.84,4,2023-08-02,"854282维利纳诺",52.2,"G9287",NA,NA,7968,"2023",8,"Summer",2016-02-02,2019-01-02,55,FALSE,"2016",2,"Winter","G-coded","male","4",89.84,">60",FALSE,FALSE,FALSE,FALSE,FALSE,FALSE,FALSE,FALSE,FALSE,FALSE,1,1,"singleton",0,0,0,0,0,0,0,0,0,0,0,8
"60132",89.97,6,2023-09-18,"854282维利纳诺",44.8,"G9529",NA,NA,7674,"2023",9,"Autumn",2016-03-18,2019-01-02,56.5333333333333,FALSE,"2016",3,"Spring","G-coded","male","6",89.97,">60",FALSE,FALSE,FALSE,FALSE,FALSE,FALSE,FALSE,FALSE,FALSE,FALSE,1,1,"singleton",0,0,0,0,0,0,0,0,0,0,0,9
"61098",90.07,4,2023-07-18,"854773威吉吉",44.4,"G9187",NA,NA,8066,"2023",7,"Summer",2016-01-18,2019-01-02,54.5161290322581,FALSE,"2016",1,"Winter","G-coded","male","4",90.07,">60",FALSE,FALSE,FALSE,FALSE,FALSE,FALSE,FALSE,FALSE,FALSE,FALSE,1,1,"singleton",0,0,0,0,0,0,0,0,0,0,0,7
"60580",90.24,6,2024-06-09,"22220785",43.4,"G40821",NA,NA,5485,"2024",6,"Summer",2016-12-09,2019-01-02,65.2333333333333,FALSE,"2016",12,"Winter","G-coded","male","6",90.24,">60",FALSE,FALSE,FALSE,FALSE,FALSE,FALSE,FALSE,FALSE,FALSE,FALSE,1,1,"singleton",0,0,0,0,0,0,0,0,0,0,0,6
"62214",90.3,5,2023-08-28,"7402563907",39.8,"G9421",NA,NA,7817,"2023",8,"Summer",2016-02-28,2019-01-02,55.8387096774194,FALSE,"2016",2,"Winter","G-coded","male","5",90.3,">60",FALSE,FALSE,FALSE,FALSE,FALSE,FALSE,FALSE,FALSE,FALSE,FALSE,1,1,"singleton",0,0,0,0,0,0,0,0,0,0,0,8
"801072",90.53,6,2026-06-07,"41120238",44,"G62581","171350","91116",83,"2026",6,"Summer",2018-11-07,2018-12-02,90.1666666666667,FALSE,"2018",11,"Autumn","G-coded","male","6",90.53,">60",FALSE,FALSE,FALSE,FALSE,FALSE,FALSE,FALSE,FALSE,FALSE,FALSE,1,1,"singleton",0,0,0,0,0,0,0,0,0,0,0,6
"61705",90.6,4,2023-07-19,"XM-22218621",53.2,"G9201",NA,NA,8056,"2023",7,"Summer",2015-12-19,2018-12-02,55.5483870967742,FALSE,"2015",12,"Winter","G-coded","male","4",90.6,">60",FALSE,FALSE,FALSE,FALSE,FALSE,FALSE,FALSE,FALSE,FALSE,FALSE,1,1,"singleton",0,0,0,0,0,1,0,1,0,0,0,7
"70038",90.8,6,2024-08-07,"171206",31.8,"G40985",NA,NA,5219,"2024",8,"Summer",2017-01-07,2018-12-02,68.1612903225806,FALSE,"2017",1,"Winter","G-coded","male","6",90.8,">60",FALSE,FALSE,FALSE,FALSE,FALSE,FALSE,FALSE,FALSE,FALSE,FALSE,1,1,"singleton",1,0,1,0,1,0,1,0,0,0,0,8
"800835",90.93,6,2026-05-30,"41120238",63.4,"G62561",NA,NA,138,"2026",5,"Spring",2018-10-30,2018-12-02,89.9032258064516,FALSE,"2018",10,"Autumn","G-coded","male","6",90.93,">60",FALSE,FALSE,FALSE,FALSE,FALSE,FALSE,FALSE,FALSE,FALSE,FALSE,1,1,"singleton",0,1,0,1,0,1,0,1,0,1,1,5
"70073",91.06,5,2024-08-29,"171206",49.6,"G41043",NA,NA,5113,"2024",8,"Summer",2017-01-29,2018-12-02,68.8709677419355,FALSE,"2017",1,"Winter","G-coded","male","5",91.06,">60",FALSE,FALSE,FALSE,FALSE,FALSE,FALSE,FALSE,FALSE,FALSE,FALSE,1,1,"singleton",0,0,0,0,0,0,0,0,0,0,0,8
"63034",91.29,5,2023-09-21,"865530狼血",42.6,"G9536",NA,NA,7659,"2023",9,"Autumn",2016-02-21,2018-12-02,57.6333333333333,FALSE,"2016",2,"Winter","G-coded","male","5",91.29,">60",FALSE,FALSE,FALSE,FALSE,FALSE,FALSE,FALSE,FALSE,FALSE,FALSE,1,1,"singleton",0,0,0,0,0,0,0,0,0,0,0,9
"62249",91.32,5,2023-10-05,"871041文尼哥",52.3,"G9599",NA,NA,7574,"2023",10,"Autumn",2016-03-05,2018-12-02,58.0967741935484,FALSE,"2016",3,"Spring","G-coded","male","5",91.32,">60",FALSE,FALSE,FALSE,FALSE,FALSE,FALSE,FALSE,FALSE,FALSE,FALSE,1,1,"singleton",0,0,0,0,0,0,0,0,0,0,0,10
"800094",91.42,5,2025-10-05,"15620193",49.3,"G53216",NA,NA,2006,"2025",10,"Autumn",2018-03-05,2018-12-02,82.0967741935484,FALSE,"2018",3,"Spring","G-coded","male","5",91.42,">60",FALSE,FALSE,FALSE,FALSE,FALSE,FALSE,FALSE,FALSE,FALSE,FALSE,1,1,"singleton",0,0,0,0,0,0,0,0,0,0,0,10
"800387",91.49,5,2026-01-06,"41121286",31.2,"G62013",NA,NA,1189,"2026",1,"Winter",2018-06-06,2018-12-02,85.1290322580645,FALSE,"2018",6,"Summer","G-coded","male","5",91.49,">60",FALSE,FALSE,FALSE,FALSE,FALSE,FALSE,FALSE,FALSE,FALSE,FALSE,1,1,"singleton",1,0,1,0,1,0,1,0,0,0,0,1
"61283",91.49,6,2023-09-23,"854282维利纳诺",49.8,"G9548",NA,NA,7644,"2023",9,"Autumn",2016-02-23,2018-12-02,57.7,FALSE,"2016",2,"Winter","G-coded","male","6",91.49,">60",FALSE,FALSE,FALSE,FALSE,FALSE,FALSE,FALSE,FALSE,FALSE,FALSE,1,1,"singleton",0,0,0,0,0,0,0,0,0,0,0,9
"61034",91.58,5,2023-09-01,"854773威吉吉",52,"G9448",NA,NA,7776,"2023",9,"Autumn",2016-01-01,2018-11-02,57.9677419354839,FALSE,"2016",1,"Winter","G-coded","male","5",91.58,">60",FALSE,FALSE,FALSE,FALSE,FALSE,FALSE,FALSE,FALSE,FALSE,FALSE,1,1,"singleton",0,0,0,0,0,0,0,0,0,0,0,9
"800720",91.68,6,2026-05-25,"41120238",58.5,"G62536","171350","61795",173,"2026",5,"Spring",2018-09-25,2018-11-02,90.741935483871,FALSE,"2018",9,"Autumn","G-coded","male","6",91.68,">60",FALSE,FALSE,FALSE,FALSE,FALSE,FALSE,FALSE,FALSE,FALSE,FALSE,1,1,"singleton",0,1,0,1,0,1,0,1,0,1,0,5
"60235",91.78,6,2023-12-06,"FR2545422137",45.3,"G9957","179398","10558",7211,"2023",12,"Winter",2016-04-06,2018-11-02,61.1290322580645,FALSE,"2016",4,"Spring","G-coded","male","6",91.78,">60",FALSE,FALSE,FALSE,FALSE,FALSE,FALSE,FALSE,FALSE,FALSE,FALSE,1,1,"singleton",0,0,0,0,0,0,0,0,0,0,0,12
"60993",92.08,5,2023-09-06,"7402563907",48.3,"G9479",NA,NA,7735,"2023",9,"Autumn",2016-01-06,2018-11-02,58.1333333333333,FALSE,"2016",1,"Winter","G-coded","male","5",92.08,">60",FALSE,FALSE,FALSE,FALSE,FALSE,FALSE,FALSE,FALSE,FALSE,FALSE,1,1,"singleton",0,0,0,0,0,0,0,0,0,0,0,9
"61055",92.14,6,2023-09-09,"公牛",43.2,"G9489",NA,NA,7724,"2023",9,"Autumn",2016-01-09,2018-11-02,58.2333333333333,FALSE,"2016",1,"Winter","G-coded","male","6",92.14,">60",FALSE,FALSE,FALSE,FALSE,FALSE,FALSE,FALSE,FALSE,FALSE,FALSE,1,1,"singleton",0,0,0,0,0,0,0,0,0,0,0,9
"60778",92.44,6,2023-09-25,"854282维利纳诺",38.1,"G9555",NA,NA,7638,"2023",9,"Autumn",2016-01-25,2018-11-02,58.7666666666667,FALSE,"2016",1,"Winter","G-coded","male","6",92.44,">60",FALSE,FALSE,FALSE,FALSE,FALSE,FALSE,FALSE,FALSE,FALSE,FALSE,1,1,"singleton",0,0,0,0,1,0,0,0,0,0,0,9
"62070",92.64,3,2023-10-01,"854282维利纳诺",43.7,"G9586",NA,NA,7597,"2023",10,"Autumn",2016-01-01,2018-10-02,59.9666666666667,FALSE,"2016",1,"Winter","G-coded","male","3",92.64,">60",FALSE,FALSE,FALSE,FALSE,FALSE,FALSE,FALSE,FALSE,FALSE,FALSE,1,1,"singleton",0,0,0,0,0,0,0,0,0,0,0,10
"800471",92.7,6,2026-03-21,"41121286",58.1,"G62304",NA,NA,664,"2026",3,"Spring",2018-06-21,2018-10-02,89.6129032258064,FALSE,"2018",6,"Summer","G-coded","male","6",92.7,">60",FALSE,FALSE,FALSE,FALSE,FALSE,FALSE,FALSE,FALSE,FALSE,FALSE,1,1,"singleton",0,1,0,1,0,1,0,1,0,1,0,3
"60933",92.8,6,2023-09-29,"854282维利纳诺",36.7,"G9577",NA,NA,7610,"2023",9,"Autumn",2015-12-29,2018-10-02,59.9,FALSE,"2015",12,"Winter","G-coded","male","6",92.8,">60",FALSE,FALSE,FALSE,FALSE,FALSE,FALSE,FALSE,FALSE,FALSE,FALSE,1,1,"singleton",1,0,0,0,1,0,0,0,0,0,0,9
"140536",93,5,2023-11-14,"854282维利纳诺",20,"G9817",NA,NA,7350,"2023",11,"Autumn",2016-02-14,2018-10-02,61.4,FALSE,"2016",2,"Winter","G-coded","male","5",93,">60",TRUE,FALSE,FALSE,FALSE,FALSE,FALSE,FALSE,FALSE,FALSE,FALSE,1,1,"singleton",1,0,1,0,1,0,1,0,1,0,0,11
"61130",93.1,5,2023-10-18,"854282维利纳诺",50.2,"G9654",NA,NA,7513,"2023",10,"Autumn",2016-01-18,2018-10-02,60.5161290322581,FALSE,"2016",1,"Winter","G-coded","male","5",93.1,">60",FALSE,FALSE,FALSE,FALSE,FALSE,FALSE,FALSE,FALSE,FALSE,FALSE,1,1,"singleton",0,0,0,0,0,0,0,0,0,0,0,10
"L50614",93.16,5,2023-10-19,"854282维利纳诺",43.4,"G9658",NA,NA,7503,"2023",10,"Autumn",2016-01-19,2018-10-02,60.5483870967742,FALSE,"2016",1,"Winter","G-coded","male","5",93.16,">60",FALSE,FALSE,FALSE,FALSE,FALSE,FALSE,FALSE,FALSE,FALSE,FALSE,1,1,"singleton",0,0,0,0,0,0,0,0,0,0,0,10
"60177",93.23,6,2023-11-03,"854282维利纳诺",48.7,"G9738",NA,NA,7418,"2023",11,"Autumn",2016-02-03,2018-10-02,61.0333333333333,FALSE,"2016",2,"Winter","G-coded","male","6",93.23,">60",FALSE,FALSE,FALSE,FALSE,FALSE,FALSE,FALSE,FALSE,FALSE,FALSE,1,1,"singleton",0,0,0,0,0,0,0,0,0,0,0,11
"61242",93.33,6,2023-12-05,"865530狼血",65.3,"G9950",NA,NA,7222,"2023",12,"Winter",2016-03-05,2018-10-02,62.0967741935484,FALSE,"2016",3,"Spring","G-coded","male","6",93.33,">60",FALSE,TRUE,FALSE,FALSE,FALSE,FALSE,FALSE,FALSE,FALSE,FALSE,1,1,"singleton",0,1,0,1,0,1,0,1,0,1,1,12
"62421",93.66,5,2023-12-13,"865530狼血",51.4,"G9998",NA,NA,7155,"2023",12,"Winter",2016-02-13,2018-09-02,63.3548387096774,FALSE,"2016",2,"Winter","G-coded","male","5",93.66,">60",FALSE,FALSE,FALSE,FALSE,FALSE,FALSE,FALSE,FALSE,FALSE,FALSE,1,1,"singleton",0,0,0,0,0,0,0,0,0,0,0,12
"60328",93.69,7,2024-03-05,"41220100",44.5,"G40428",NA,NA,6233,"2024",3,"Spring",2016-05-05,2018-09-02,66.0967741935484,FALSE,"2016",5,"Spring","G-coded","male",">=7",93.69,">60",FALSE,FALSE,FALSE,FALSE,FALSE,FALSE,FALSE,FALSE,FALSE,FALSE,1,1,"singleton",0,0,0,0,0,0,0,0,0,0,0,3
"60985",93.92,5,2023-11-23,"854282维利纳诺",60.2,"G9860",NA,NA,7294,"2023",11,"Autumn",2016-01-23,2018-09-02,62.7,FALSE,"2016",1,"Winter","G-coded","male","5",93.92,">60",FALSE,FALSE,FALSE,FALSE,FALSE,FALSE,FALSE,FALSE,FALSE,FALSE,1,1,"singleton",0,1,0,1,0,1,0,1,0,1,1,11
"60899",94.02,6,2023-11-02,"854282维利纳诺",46.5,"G9726",NA,NA,7422,"2023",11,"Autumn",2016-01-02,2018-09-02,62,FALSE,"2016",1,"Winter","G-coded","male","6",94.02,">60",FALSE,FALSE,FALSE,FALSE,FALSE,FALSE,FALSE,FALSE,FALSE,FALSE,1,1,"singleton",0,0,0,0,0,0,0,0,0,0,0,11
"62077",94.18,6,2023-11-24,"865530狼血",47.2,"G9866",NA,NA,7293,"2023",11,"Autumn",2016-01-24,2018-09-02,62.7333333333333,FALSE,"2016",1,"Winter","G-coded","male","6",94.18,">60",FALSE,FALSE,FALSE,FALSE,FALSE,FALSE,FALSE,FALSE,FALSE,FALSE,1,1,"singleton",0,0,0,0,0,0,0,0,0,0,0,11
"62410",94.28,6,2023-12-21,"865530狼血",54.8,"G10064",NA,NA,7058,"2023",12,"Winter",2016-02-21,2018-09-02,63.6129032258064,FALSE,"2016",2,"Winter","G-coded","male","6",94.28,">60",FALSE,FALSE,FALSE,FALSE,FALSE,FALSE,FALSE,FALSE,FALSE,FALSE,1,1,"singleton",0,1,0,0,0,1,0,1,0,0,0,12
"60928",94.44,5,2023-11-13,"865530狼血",35.6,"G9802",NA,NA,7363,"2023",11,"Autumn",2016-01-13,2018-09-02,62.3666666666667,FALSE,"2016",1,"Winter","G-coded","male","5",94.44,">60",FALSE,FALSE,FALSE,FALSE,FALSE,FALSE,FALSE,FALSE,FALSE,FALSE,1,1,"singleton",1,0,0,0,1,0,1,0,0,0,0,11
"61302",94.58,6,2023-12-17,"865530狼血",49.8,"G10023",NA,NA,7110,"2023",12,"Winter",2016-01-17,2018-08-02,64.4838709677419,FALSE,"2016",1,"Winter","G-coded","male","6",94.58,">60",FALSE,FALSE,FALSE,FALSE,FALSE,FALSE,FALSE,FALSE,FALSE,FALSE,1,1,"singleton",0,0,0,0,0,0,0,0,0,0,0,12
"65001",94.67,6,2023-12-01,"854400西部公园",54,"G9906",NA,NA,7253,"2023",12,"Winter",2016-01-01,2018-08-02,63.9666666666667,FALSE,"2016",1,"Winter","G-coded","male","6",94.67,">60",FALSE,FALSE,FALSE,FALSE,FALSE,FALSE,FALSE,FALSE,FALSE,FALSE,1,1,"singleton",0,0,0,0,0,1,0,1,0,0,0,12
"60174",94.77,7,2024-02-22,"FR3917468802",49.7,"G40339",NA,NA,6389,"2024",2,"Winter",2016-03-22,2018-08-02,66.6896551724138,FALSE,"2016",3,"Spring","G-coded","male",">=7",94.77,">60",FALSE,FALSE,FALSE,FALSE,FALSE,FALSE,FALSE,FALSE,FALSE,FALSE,1,1,"singleton",0,0,0,0,0,0,0,0,0,0,0,2
"61380",94.94,6,2024-01-17,"865530狼血",52.4,"G40097",NA,NA,6811,"2024",1,"Winter",2016-02-17,2018-08-02,65.4838709677419,FALSE,"2016",2,"Winter","G-coded","male","6",94.94,">60",FALSE,FALSE,FALSE,FALSE,FALSE,FALSE,FALSE,FALSE,FALSE,FALSE,1,1,"singleton",0,0,0,0,0,0,0,0,0,0,0,1
"62269",95.07,6,2024-01-17,"865530狼血",42.8,"G40096",NA,NA,6809,"2024",1,"Winter",2016-02-17,2018-08-02,65.4838709677419,FALSE,"2016",2,"Winter","G-coded","male","6",95.07,">60",FALSE,FALSE,FALSE,FALSE,FALSE,FALSE,FALSE,FALSE,FALSE,FALSE,1,1,"singleton",0,0,0,0,0,0,0,0,0,0,0,1
"61651",95.23,6,2024-01-06,"865530狼血",43.4,"G40039",NA,NA,6909,"2024",1,"Winter",2016-02-06,2018-08-02,65.1290322580645,FALSE,"2016",2,"Winter","G-coded","male","6",95.23,">60",FALSE,FALSE,FALSE,FALSE,FALSE,FALSE,FALSE,FALSE,FALSE,FALSE,1,1,"singleton",0,0,0,0,0,0,0,0,0,0,0,1
"61405",95.43,5,2024-01-28,"865530狼血",45.4,"G40137",NA,NA,6720,"2024",1,"Winter",2016-02-28,2018-08-02,65.8387096774194,FALSE,"2016",2,"Winter","G-coded","male","5",95.43,">60",FALSE,FALSE,FALSE,FALSE,FALSE,FALSE,FALSE,FALSE,FALSE,FALSE,1,1,"singleton",0,0,0,0,0,0,0,0,0,0,0,1
"61292",95.5,5,2024-02-01,"865530狼血",48.2,"G40166",NA,NA,6673,"2024",2,"Winter",2016-02-01,2018-07-02,66.9677419354839,FALSE,"2016",2,"Winter","G-coded","male","5",95.5,">60",FALSE,FALSE,FALSE,FALSE,FALSE,FALSE,FALSE,FALSE,FALSE,FALSE,1,1,"singleton",0,0,0,0,0,0,0,0,0,0,0,2
"61937",95.63,5,2024-01-15,"865530狼血",52.3,"G40082",NA,NA,6822,"2024",1,"Winter",2016-01-15,2018-07-02,66.4193548387097,FALSE,"2016",1,"Winter","G-coded","male","5",95.63,">60",FALSE,FALSE,FALSE,FALSE,FALSE,FALSE,FALSE,FALSE,FALSE,FALSE,1,1,"singleton",0,0,0,0,0,0,0,0,0,0,0,1
"62601",95.63,6,2024-01-22,"公牛",38.4,"G40112",NA,NA,6778,"2024",1,"Winter",2016-01-22,2018-07-02,66.6451612903226,FALSE,"2016",1,"Winter","G-coded","male","6",95.63,">60",FALSE,FALSE,FALSE,FALSE,FALSE,FALSE,FALSE,FALSE,FALSE,FALSE,1,1,"singleton",0,0,0,0,1,0,0,0,0,0,0,1
"62730",95.69,6,2024-02-04,"FR3917468802",30.5,"G40190",NA,NA,6630,"2024",2,"Winter",2016-02-04,2018-07-02,67.0689655172414,FALSE,"2016",2,"Winter","G-coded","male","6",95.69,">60",FALSE,FALSE,FALSE,FALSE,FALSE,FALSE,FALSE,FALSE,FALSE,FALSE,1,1,"singleton",1,0,1,0,1,0,1,0,0,0,0,2
"62148",95.89,6,2024-02-05,"865530狼血",50.1,"G40198",NA,NA,6618,"2024",2,"Winter",2016-02-05,2018-07-02,67.1034482758621,FALSE,"2016",2,"Winter","G-coded","male","6",95.89,">60",FALSE,FALSE,FALSE,FALSE,FALSE,FALSE,FALSE,FALSE,FALSE,FALSE,1,1,"singleton",0,0,0,0,0,0,0,0,0,0,0,2
"70673",95.92,7,2025-11-09,"21219011",47.4,"G53369",NA,NA,1699,"2025",11,"Autumn",2017-11-09,2018-07-02,88.2333333333333,FALSE,"2017",11,"Autumn","G-coded","male",">=7",95.92,">60",FALSE,FALSE,FALSE,FALSE,FALSE,FALSE,FALSE,FALSE,FALSE,FALSE,1,1,"singleton",0,0,0,0,0,0,0,0,0,0,0,11
"62643",96.02,6,2024-02-16,"862025瓦特罗",38.9,"G40289",NA,NA,6470,"2024",2,"Winter",2016-02-16,2018-07-02,67.4827586206897,FALSE,"2016",2,"Winter","G-coded","male","6",96.02,">60",FALSE,FALSE,FALSE,FALSE,FALSE,FALSE,FALSE,FALSE,FALSE,FALSE,1,1,"singleton",0,0,0,0,1,0,0,0,0,0,0,2
"61521",96.09,6,2024-02-14,"FR7045049997",47.3,"G40271",NA,NA,6495,"2024",2,"Winter",2016-02-14,2018-07-02,67.4137931034483,FALSE,"2016",2,"Winter","G-coded","male","6",96.09,">60",FALSE,FALSE,FALSE,FALSE,FALSE,FALSE,FALSE,FALSE,FALSE,FALSE,1,1,"singleton",0,0,0,0,0,0,0,0,0,0,0,2
"70697",96.19,7,2025-11-27,"21219011",45.3,"G53472",NA,NA,1512,"2025",11,"Autumn",2017-11-27,2018-07-02,88.8333333333333,FALSE,"2017",11,"Autumn","G-coded","male",">=7",96.19,">60",FALSE,FALSE,FALSE,FALSE,FALSE,FALSE,FALSE,FALSE,FALSE,FALSE,1,1,"singleton",0,0,0,0,0,0,0,0,0,0,0,11
"62712",96.29,6,2024-03-03,"862025瓦特罗",50.1,"G40416",NA,NA,6241,"2024",3,"Spring",2016-03-03,2018-07-02,68.0322580645161,FALSE,"2016",3,"Spring","G-coded","male","6",96.29,">60",FALSE,FALSE,FALSE,FALSE,FALSE,FALSE,FALSE,FALSE,FALSE,FALSE,1,1,"singleton",0,0,0,0,0,0,0,0,0,0,0,3
"H202498",96.38,5,2024-01-12,"865530狼血",58.7,"G40069",NA,NA,6845,"2024",1,"Winter",2016-01-12,2018-07-02,66.3225806451613,FALSE,"2016",1,"Winter","G-coded","male","5",96.38,">60",FALSE,FALSE,FALSE,FALSE,FALSE,FALSE,FALSE,FALSE,FALSE,FALSE,1,1,"singleton",0,1,0,1,0,1,0,1,0,1,0,1
"60096",96.52,7,2024-03-07,"FR7045049997",47.5,"G40441",NA,NA,6212,"2024",3,"Spring",2016-02-07,2018-06-02,69.1612903225806,FALSE,"2016",2,"Winter","G-coded","male",">=7",96.52,">60",FALSE,FALSE,FALSE,FALSE,FALSE,FALSE,FALSE,FALSE,FALSE,FALSE,1,1,"singleton",0,0,0,0,0,0,0,0,0,0,0,3
"62709",96.61,4,2024-03-11,"865530狼血",41.6,"G40466",NA,NA,6165,"2024",3,"Spring",2016-02-11,2018-06-02,69.2903225806452,FALSE,"2016",2,"Winter","G-coded","male","4",96.61,">60",FALSE,FALSE,FALSE,FALSE,FALSE,FALSE,FALSE,FALSE,FALSE,FALSE,1,1,"singleton",0,0,0,0,0,0,0,0,0,0,0,3
"61146",96.68,6,2024-01-20,"854773威吉吉",53.8,"G40102",NA,NA,6796,"2024",1,"Winter",2015-12-20,2018-06-02,67.5806451612903,FALSE,"2015",12,"Winter","G-coded","male","6",96.68,">60",FALSE,FALSE,FALSE,FALSE,FALSE,FALSE,FALSE,FALSE,FALSE,FALSE,1,1,"singleton",0,0,0,0,0,1,0,1,0,0,0,1
"62153",96.94,6,2024-03-13,"FR3917468802",55.4,"G40478",NA,NA,6141,"2024",3,"Spring",2016-02-13,2018-06-02,69.3548387096774,FALSE,"2016",2,"Winter","G-coded","male","6",96.94,">60",FALSE,FALSE,FALSE,FALSE,FALSE,FALSE,FALSE,FALSE,FALSE,FALSE,1,1,"singleton",0,1,0,0,0,1,0,1,0,1,0,3
"61582",97.01,5,2024-03-15,"862025瓦特罗",45.3,"G40494",NA,NA,6117,"2024",3,"Spring",2016-02-15,2018-06-02,69.4193548387097,FALSE,"2016",2,"Winter","G-coded","male","5",97.01,">60",FALSE,FALSE,FALSE,FALSE,FALSE,FALSE,FALSE,FALSE,FALSE,FALSE,1,1,"singleton",0,0,0,0,0,0,0,0,0,0,0,3
"62237",97.07,6,2024-03-16,"862025瓦特罗",45.6,"G40502",NA,NA,6100,"2024",3,"Spring",2016-02-16,2018-06-02,69.4516129032258,FALSE,"2016",2,"Winter","G-coded","male","6",97.07,">60",FALSE,FALSE,FALSE,FALSE,FALSE,FALSE,FALSE,FALSE,FALSE,FALSE,1,1,"singleton",0,0,0,0,0,0,0,0,0,0,0,3
"61857",97.17,6,2024-02-08,"865530狼血",48.5,"G40216",NA,NA,6577,"2024",2,"Winter",2016-01-08,2018-06-02,68.2068965517241,FALSE,"2016",1,"Winter","G-coded","male","6",97.17,">60",FALSE,FALSE,FALSE,FALSE,FALSE,FALSE,FALSE,FALSE,FALSE,FALSE,1,1,"singleton",0,0,0,0,0,0,0,0,0,0,0,2
"91136",97.21,6,2025-10-03,"15618075",53.4,"G53207","426864","x119",2028,"2025",10,"Autumn",2017-09-03,2018-06-02,88.0322580645161,FALSE,"2017",9,"Autumn","G-coded","male","6",97.21,">60",FALSE,FALSE,FALSE,FALSE,FALSE,FALSE,FALSE,FALSE,FALSE,FALSE,1,1,"singleton",0,0,0,0,0,1,0,1,0,0,0,10
"62156",97.24,6,2024-03-25,"862025瓦特罗",49.6,"G40545",NA,NA,6029,"2024",3,"Spring",2016-02-25,2018-06-02,69.741935483871,FALSE,"2016",2,"Winter","G-coded","male","6",97.24,">60",FALSE,FALSE,FALSE,FALSE,FALSE,FALSE,FALSE,FALSE,FALSE,FALSE,1,1,"singleton",0,0,0,0,0,0,0,0,0,0,0,3
"H70374",97.27,6,2025-07-05,"874165",51.8,"G52894","426864","50334",2595,"2025",7,"Summer",2017-06-05,2018-06-02,85.0967741935484,FALSE,"2017",6,"Summer","G-coded","male","6",97.27,">60",FALSE,FALSE,FALSE,FALSE,FALSE,FALSE,FALSE,FALSE,FALSE,FALSE,1,1,"singleton",0,0,0,0,0,0,0,0,0,0,0,7
"70256",97.3,7,2025-05-22,"22218621",57.2,"G52752",NA,NA,2885,"2025",5,"Spring",2017-04-22,2018-06-02,83.6451612903226,FALSE,"2017",4,"Spring","G-coded","male",">=7",97.3,">60",FALSE,FALSE,FALSE,FALSE,FALSE,FALSE,FALSE,FALSE,FALSE,FALSE,1,1,"singleton",0,1,0,1,0,1,0,1,0,1,0,5
"62203",97.4,6,2024-03-20,"FR3917468802",49.5,"G40525",NA,NA,6061,"2024",3,"Spring",2016-02-20,2018-06-02,69.5806451612903,FALSE,"2016",2,"Winter","G-coded","male","6",97.4,">60",FALSE,FALSE,FALSE,FALSE,FALSE,FALSE,FALSE,FALSE,FALSE,FALSE,1,1,"singleton",0,0,0,0,0,0,0,0,0,0,0,3
"60173",97.5,6,2024-05-15,"22220785",50.2,"G40729",NA,NA,5662,"2024",5,"Spring",2016-03-15,2018-05-02,72.4193548387097,FALSE,"2016",3,"Spring","G-coded","male","6",97.5,">60",FALSE,FALSE,FALSE,FALSE,FALSE,FALSE,FALSE,FALSE,FALSE,FALSE,1,1,"singleton",0,0,0,0,0,0,0,0,0,0,0,5
"61560",97.63,6,2024-04-10,"22220785",39.5,"G40617",NA,NA,5900,"2024",4,"Spring",2016-02-10,2018-05-02,71.2666666666667,FALSE,"2016",2,"Winter","G-coded","male","6",97.63,">60",FALSE,FALSE,FALSE,FALSE,FALSE,FALSE,FALSE,FALSE,FALSE,FALSE,1,1,"singleton",0,0,0,0,1,0,0,0,0,0,0,4
"800083",97.76,6,2026-04-12,"41120238",36.4,"G62410",NA,NA,443,"2026",4,"Spring",2018-02-12,2018-05-02,95.3333333333333,FALSE,"2018",2,"Winter","G-coded","male","6",97.76,">60",FALSE,FALSE,FALSE,FALSE,FALSE,FALSE,FALSE,FALSE,FALSE,FALSE,1,1,"singleton",1,0,0,0,1,0,0,0,0,0,0,4
"60626",97.93,6,2024-03-10,"862025瓦特罗",48.6,"G40682",NA,NA,6181,"2024",3,"Spring",2016-01-10,2018-05-02,70.258064516129,FALSE,"2016",1,"Winter","G-coded","male","6",97.93,">60",FALSE,FALSE,FALSE,FALSE,FALSE,FALSE,FALSE,FALSE,FALSE,FALSE,1,1,"singleton",0,0,0,0,0,0,0,0,0,0,0,3
"62580",98.09,6,2024-04-13,"22220785",47.2,"G40625",NA,NA,5882,"2024",4,"Spring",2016-02-13,2018-05-02,71.3666666666667,FALSE,"2016",2,"Winter","G-coded","male","6",98.09,">60",FALSE,FALSE,FALSE,FALSE,FALSE,FALSE,FALSE,FALSE,FALSE,FALSE,1,1,"singleton",0,0,0,0,0,0,0,0,0,0,0,4
"61051",98.22,5,2024-03-08,"862025瓦特罗",40.6,"G40447",NA,NA,6202,"2024",3,"Spring",2016-01-08,2018-05-02,70.1935483870968,FALSE,"2016",1,"Winter","G-coded","male","5",98.22,">60",FALSE,FALSE,FALSE,FALSE,FALSE,FALSE,FALSE,FALSE,FALSE,FALSE,1,1,"singleton",0,0,0,0,0,0,0,0,0,0,0,3
"60990",98.36,6,2024-03-12,"862025瓦特罗",39.2,"G40468",NA,NA,6156,"2024",3,"Spring",2016-01-12,2018-05-02,70.3225806451613,FALSE,"2016",1,"Winter","G-coded","male","6",98.36,">60",FALSE,FALSE,FALSE,FALSE,FALSE,FALSE,FALSE,FALSE,FALSE,FALSE,1,1,"singleton",0,0,0,0,1,0,0,0,0,0,0,3
"61540",98.59,6,2024-04-19,"65119600",55.2,"G40648",NA,NA,5833,"2024",4,"Spring",2016-01-19,2018-04-02,72.5666666666667,FALSE,"2016",1,"Winter","G-coded","male","6",98.59,">60",FALSE,FALSE,FALSE,FALSE,FALSE,FALSE,FALSE,FALSE,FALSE,FALSE,1,1,"singleton",0,1,0,0,0,1,0,1,0,1,0,4
"70104",98.65,7,2025-05-07,"22218621",48.6,"G52674",NA,NA,3037,"2025",5,"Spring",2017-02-07,2018-04-02,85.1612903225806,FALSE,"2017",2,"Winter","G-coded","male",">=7",98.65,">60",FALSE,FALSE,FALSE,FALSE,FALSE,FALSE,FALSE,FALSE,FALSE,FALSE,1,1,"singleton",0,0,0,0,0,0,0,0,0,0,0,5
"70527",98.72,7,2025-11-08,"15618075",44.3,"G53362",NA,NA,1709,"2025",11,"Autumn",2017-08-08,2018-04-02,91.2,FALSE,"2017",8,"Summer","G-coded","male",">=7",98.72,">60",FALSE,FALSE,FALSE,FALSE,FALSE,FALSE,FALSE,FALSE,FALSE,FALSE,1,1,"singleton",0,0,0,0,0,0,0,0,0,0,0,11
"H00489",98.92,5,2024-08-06,"171206",41.5,"G40984",NA,NA,5225,"2024",8,"Summer",2016-05-06,2018-04-02,76.1290322580645,FALSE,"2016",5,"Spring","G-coded","male","5",98.92,">60",FALSE,FALSE,FALSE,FALSE,FALSE,FALSE,FALSE,FALSE,FALSE,FALSE,1,1,"singleton",0,0,0,0,0,0,0,0,0,0,0,8
"50750",99.05,6,2023-11-13,"FR2545422137",58.6,"G9799","189058","10373",7364,"2023",11,"Autumn",2015-08-13,2018-04-02,67.3666666666667,FALSE,"2015",8,"Summer","G-coded","male","6",99.05,">60",FALSE,FALSE,FALSE,FALSE,FALSE,FALSE,FALSE,FALSE,FALSE,FALSE,1,1,"singleton",0,1,0,1,0,1,0,1,0,1,0,11
"50618",99.21,6,2023-07-29,"854773威吉吉",56.2,"G9274",NA,NA,7979,"2023",7,"Summer",2015-04-29,2018-04-02,63.8709677419355,FALSE,"2015",4,"Spring","G-coded","male","6",99.21,">60",FALSE,FALSE,FALSE,FALSE,FALSE,FALSE,FALSE,FALSE,FALSE,FALSE,1,1,"singleton",0,1,0,0,0,1,0,1,0,1,0,7
"61497",99.24,6,2024-05-24,"863025",35.8,"G40758",NA,NA,5618,"2024",5,"Spring",2016-02-24,2018-04-02,73.7096774193548,FALSE,"2016",2,"Winter","G-coded","male","6",99.24,">60",FALSE,FALSE,FALSE,FALSE,FALSE,FALSE,FALSE,FALSE,FALSE,FALSE,1,1,"singleton",1,0,0,0,1,0,1,0,0,0,0,5
"50694",99.51,6,2023-09-08,"865530狼血",40.3,"G9487",NA,NA,7725,"2023",9,"Autumn",2015-05-08,2018-03-02,66.2,FALSE,"2015",5,"Spring","G-coded","male","6",99.51,">60",FALSE,FALSE,FALSE,FALSE,FALSE,FALSE,FALSE,FALSE,FALSE,FALSE,1,1,"singleton",0,0,0,0,0,0,0,0,0,0,0,9
"60294",99.57,6,2024-08-14,"15620126",45.8,"G40997","426585","1498",5187,"2024",8,"Summer",2016-04-14,2018-03-02,77.3870967741936,FALSE,"2016",4,"Spring","G-coded","male","6",99.57,">60",FALSE,FALSE,FALSE,FALSE,FALSE,FALSE,FALSE,FALSE,FALSE,FALSE,1,1,"singleton",0,0,0,0,0,0,0,0,0,0,0,8
"70458",99.67,7,2025-11-02,"41121286",60.4,"G53342",NA,NA,1764,"2025",11,"Autumn",2017-07-02,2018-03-02,92,FALSE,"2017",7,"Summer","G-coded","male",">=7",99.67,">60",FALSE,FALSE,FALSE,FALSE,FALSE,FALSE,FALSE,FALSE,FALSE,FALSE,1,1,"singleton",0,1,0,1,0,1,0,1,0,1,1,11
"150142",99.84,7,2023-05-05,"7402563907",47.4,"G8811",NA,NA,8485,"2023",5,"Spring",2015-01-05,2018-03-02,62.0967741935484,FALSE,"2015",1,"Winter","G-coded","male",">=7",99.84,">60",FALSE,FALSE,FALSE,FALSE,FALSE,FALSE,FALSE,FALSE,FALSE,FALSE,1,1,"singleton",0,0,0,0,0,0,0,0,0,0,0,5
"62040",99.87,6,2024-05-06,"22220785",45.5,"G40700",NA,NA,5723,"2024",5,"Spring",2016-01-06,2018-03-02,74.1290322580645,FALSE,"2016",1,"Winter","G-coded","male","6",99.87,">60",FALSE,FALSE,FALSE,FALSE,FALSE,FALSE,FALSE,FALSE,FALSE,FALSE,1,1,"singleton",0,0,0,0,0,0,0,0,0,0,0,5
"61790",99.93,6,2024-05-24,"22220785",39.7,"G40753",NA,NA,5610,"2024",5,"Spring",2016-01-24,2018-03-02,74.7096774193548,FALSE,"2016",1,"Winter","G-coded","male","6",99.93,">60",FALSE,FALSE,FALSE,FALSE,FALSE,FALSE,FALSE,FALSE,FALSE,FALSE,1,1,"singleton",0,0,0,0,0,0,0,0,0,0,0,5
"62553",99.97,6,2024-06-10,"863025",50.1,"G40826",NA,NA,5476,"2024",6,"Summer",2016-02-10,2018-03-02,75.2666666666667,FALSE,"2016",2,"Winter","G-coded","male","6",99.97,">60",FALSE,FALSE,FALSE,FALSE,FALSE,FALSE,FALSE,FALSE,FALSE,FALSE,1,1,"singleton",0,0,0,0,0,0,0,0,0,0,0,6
"70019",100.07,7,2025-05-05,"22218621",42.5,"G52661",NA,NA,3064,"2025",5,"Spring",2017-01-05,2018-03-02,86.0967741935484,FALSE,"2017",1,"Winter","G-coded","male",">=7",100.07,">60",FALSE,FALSE,FALSE,FALSE,FALSE,FALSE,FALSE,FALSE,FALSE,FALSE,1,1,"singleton",0,0,0,0,0,0,0,0,0,0,0,5
"62551",100.23,7,2024-06-16,"863025",44.6,"G40851",NA,NA,5442,"2024",6,"Summer",2016-02-16,2018-03-02,75.4666666666667,FALSE,"2016",2,"Winter","G-coded","male",">=7",100.23,">60",FALSE,FALSE,FALSE,FALSE,FALSE,FALSE,FALSE,FALSE,FALSE,FALSE,1,1,"singleton",0,0,0,0,0,0,0,0,0,0,0,6
"62543",100.49,4,2024-06-16,"862025瓦特罗",51.4,"G40848",NA,NA,5439,"2024",6,"Summer",2016-02-16,2018-03-02,75.4666666666667,FALSE,"2016",2,"Winter","G-coded","male","4",100.49,">60",FALSE,FALSE,FALSE,FALSE,FALSE,FALSE,FALSE,FALSE,FALSE,FALSE,1,1,"singleton",0,0,0,0,0,0,0,0,0,0,0,6
"62619",100.56,7,2024-07-07,"171206",46.8,"G40894",NA,NA,5371,"2024",7,"Summer",2016-02-07,2018-02-02,77.1612903225806,FALSE,"2016",2,"Winter","G-coded","male",">=7",100.56,">60",FALSE,FALSE,FALSE,FALSE,FALSE,FALSE,FALSE,FALSE,FALSE,FALSE,1,1,"singleton",0,0,0,0,0,0,0,0,0,0,0,7
"62104",100.69,6,2024-06-08,"863025",42,"G40817",NA,NA,5491,"2024",6,"Summer",2016-01-08,2018-02-02,76.2,FALSE,"2016",1,"Winter","G-coded","male","6",100.69,">60",FALSE,FALSE,FALSE,FALSE,FALSE,FALSE,FALSE,FALSE,FALSE,FALSE,1,1,"singleton",0,0,0,0,0,0,0,0,0,0,0,6
"62586",100.72,6,2024-07-08,"22220785",45.6,"G40954",NA,NA,5370,"2024",7,"Summer",2016-02-08,2018-02-02,77.1935483870968,FALSE,"2016",2,"Winter","G-coded","male","6",100.72,">60",FALSE,FALSE,FALSE,FALSE,FALSE,FALSE,FALSE,FALSE,FALSE,FALSE,1,1,"singleton",0,0,0,0,0,0,0,0,0,0,0,7
"61948",100.82,6,2024-06-03,"22220785",51.3,"G40795",NA,NA,5533,"2024",6,"Summer",2016-01-03,2018-02-02,76.0333333333333,FALSE,"2016",1,"Winter","G-coded","male","6",100.82,">60",FALSE,FALSE,FALSE,FALSE,FALSE,FALSE,FALSE,FALSE,FALSE,FALSE,1,1,"singleton",0,0,0,0,0,0,0,0,0,0,0,6
"61832",100.92,7,2024-06-06,"863025",52.5,"G40806",NA,NA,5511,"2024",6,"Summer",2016-01-06,2018-02-02,76.1333333333333,FALSE,"2016",1,"Winter","G-coded","male",">=7",100.92,">60",FALSE,FALSE,FALSE,FALSE,FALSE,FALSE,FALSE,FALSE,FALSE,FALSE,1,1,"singleton",0,0,0,0,0,0,0,1,0,0,0,6
"70037",101.08,7,2025-06-14,"65121619",35.8,"G52819",NA,NA,2756,"2025",6,"Summer",2017-01-14,2018-02-02,88.4,FALSE,"2017",1,"Winter","G-coded","male",">=7",101.08,">60",FALSE,FALSE,FALSE,FALSE,FALSE,FALSE,FALSE,FALSE,FALSE,FALSE,1,1,"singleton",1,0,0,0,1,0,1,0,0,0,0,6
"62060",101.22,6,2024-06-08,"863025",43.6,"G40819",NA,NA,5495,"2024",6,"Summer",2016-01-08,2018-02-02,76.2,FALSE,"2016",1,"Winter","G-coded","male","6",101.22,">60",FALSE,FALSE,FALSE,FALSE,FALSE,FALSE,FALSE,FALSE,FALSE,FALSE,1,1,"singleton",0,0,0,0,0,0,0,0,0,0,0,6
"61897",101.35,7,2024-06-25,"171206",38.6,"G40868",NA,NA,5400,"2024",6,"Summer",2016-01-25,2018-02-02,76.7666666666667,FALSE,"2016",1,"Winter","G-coded","male",">=7",101.35,">60",FALSE,FALSE,FALSE,FALSE,FALSE,FALSE,FALSE,FALSE,FALSE,FALSE,1,1,"singleton",0,0,0,0,1,0,0,0,0,0,0,6
"62578",101.45,7,2024-07-22,"171206",39.2,"G40932",NA,NA,5322,"2024",7,"Summer",2016-02-22,2018-02-02,77.6451612903226,FALSE,"2016",2,"Winter","G-coded","male",">=7",101.45,">60",FALSE,FALSE,FALSE,FALSE,FALSE,FALSE,FALSE,FALSE,FALSE,FALSE,1,1,"singleton",0,0,0,0,1,0,0,0,0,0,0,7
"62322",101.97,6,2024-08-07,"15620126",52.4,"G40987",NA,NA,5220,"2024",8,"Summer",2016-02-07,2018-01-02,79.1612903225806,FALSE,"2016",2,"Winter","G-coded","male","6",101.97,">60",FALSE,FALSE,FALSE,FALSE,FALSE,FALSE,FALSE,FALSE,FALSE,FALSE,1,1,"singleton",0,0,0,0,0,0,0,0,0,0,0,8
"70162",102.1,7,2025-09-15,"15618075",52.8,"G53125",NA,NA,2177,"2025",9,"Autumn",2017-03-15,2018-01-02,92.4333333333333,FALSE,"2017",3,"Spring","G-coded","male",">=7",102.1,">60",FALSE,FALSE,FALSE,FALSE,FALSE,FALSE,FALSE,FALSE,FALSE,FALSE,1,1,"singleton",0,0,0,0,0,1,0,1,0,0,0,9
"61047",102.27,6,2024-08-04,"15620126",49.3,"G40977",NA,NA,5233,"2024",8,"Summer",2016-02-04,2018-01-02,79.0645161290323,FALSE,"2016",2,"Winter","G-coded","male","6",102.27,">60",FALSE,FALSE,FALSE,FALSE,FALSE,FALSE,FALSE,FALSE,FALSE,FALSE,1,1,"singleton",0,0,0,0,0,0,0,0,0,0,0,8
"61818",102.37,7,2024-08-04,"171206",57.3,"G40978",NA,NA,5231,"2024",8,"Summer",2016-02-04,2018-01-02,79.0645161290323,FALSE,"2016",2,"Winter","G-coded","male",">=7",102.37,">60",FALSE,FALSE,FALSE,FALSE,FALSE,FALSE,FALSE,FALSE,FALSE,FALSE,1,1,"singleton",0,1,0,1,0,1,0,1,0,1,0,8
"70114",102.63,7,2025-09-10,"15618075",46.5,"G53105",NA,NA,2215,"2025",9,"Autumn",2017-02-10,2017-12-02,93.2666666666667,FALSE,"2017",2,"Winter","G-coded","male",">=7",102.63,">60",FALSE,FALSE,FALSE,FALSE,FALSE,FALSE,FALSE,FALSE,FALSE,FALSE,1,1,"singleton",0,0,0,0,0,0,0,0,0,0,0,9
"70505",102.83,6,2026-03-03,"65123650",62.5,"G62199",NA,NA,851,"2026",3,"Spring",2017-08-03,2017-12-02,99.0322580645161,FALSE,"2017",8,"Summer","G-coded","male","6",102.83,">60",FALSE,FALSE,FALSE,FALSE,FALSE,FALSE,FALSE,FALSE,FALSE,FALSE,1,1,"singleton",0,1,0,1,0,1,0,1,0,1,1,3
"60518",102.93,7,2025-05-21,"22119161",40.6,"G52746",NA,NA,2891,"2025",5,"Spring",2016-10-21,2017-12-02,89.6129032258064,FALSE,"2016",10,"Autumn","G-coded","male",">=7",102.93,">60",FALSE,FALSE,FALSE,FALSE,FALSE,FALSE,FALSE,FALSE,FALSE,FALSE,1,1,"singleton",0,0,0,0,0,0,0,0,0,0,0,5
"60738",103.29,6,2024-08-10,"171206",36.8,"G40993",NA,NA,5213,"2024",8,"Summer",2016-01-10,2017-12-02,80.258064516129,FALSE,"2016",1,"Winter","G-coded","male","6",103.29,">60",FALSE,FALSE,FALSE,FALSE,FALSE,FALSE,FALSE,FALSE,FALSE,FALSE,1,1,"singleton",1,0,0,0,1,0,0,0,0,0,0,8
"60425",103.65,6,2025-03-20,"22218621",32.6,"G52438",NA,NA,3504,"2025",3,"Spring",2016-07-20,2017-11-02,88.5806451612903,FALSE,"2016",7,"Summer","G-coded","male","6",103.65,">60",FALSE,FALSE,FALSE,FALSE,FALSE,FALSE,FALSE,FALSE,FALSE,FALSE,1,1,"singleton",1,0,1,0,1,0,1,0,0,0,0,3
"70309",103.91,6,2025-12-28,"65123933",45.7,"G53600",NA,NA,1244,"2025",12,"Winter",2017-04-28,2017-11-02,97.8387096774194,FALSE,"2017",4,"Spring","G-coded","male","6",103.91,">60",FALSE,FALSE,FALSE,FALSE,FALSE,FALSE,FALSE,FALSE,FALSE,FALSE,1,1,"singleton",0,0,0,0,0,0,0,0,0,0,0,12
"H70387",105,6,2025-11-22,"65123933",44.1,"G53445",NA,NA,1555,"2025",11,"Autumn",2017-02-22,2017-10-02,97.6666666666667,FALSE,"2017",2,"Winter","G-coded","male","6",105,">60",FALSE,FALSE,FALSE,FALSE,FALSE,FALSE,FALSE,FALSE,FALSE,FALSE,1,1,"singleton",0,0,0,0,0,0,0,0,0,0,0,11
"70194",105.33,7,2026-01-01,"65123650",64,"G62000",NA,NA,1213,"2026",1,"Winter",2017-04-01,2017-10-02,98.9677419354839,FALSE,"2017",4,"Spring","G-coded","male",">=7",105.33,">60",FALSE,FALSE,FALSE,FALSE,FALSE,FALSE,FALSE,FALSE,FALSE,FALSE,1,1,"singleton",0,1,0,1,0,1,0,1,0,1,1,1
"70500",105.49,6,2026-05-21,"65123650",56.3,"G62519",NA,NA,213,"2026",5,"Spring",2017-08-21,2017-10-02,103.612903225806,FALSE,"2017",8,"Summer","G-coded","male","6",105.49,">60",FALSE,FALSE,FALSE,FALSE,FALSE,FALSE,FALSE,FALSE,FALSE,FALSE,1,1,"singleton",0,1,0,0,0,1,0,1,0,1,0,5
"70304",105.88,8,2026-02-23,"65123650",49.2,"G62166",NA,NA,912,"2026",2,"Winter",2017-04-23,2017-09-02,101.75,FALSE,"2017",4,"Spring","G-coded","male",">=7",105.88,">60",FALSE,FALSE,FALSE,FALSE,FALSE,FALSE,FALSE,FALSE,FALSE,FALSE,1,1,"singleton",0,0,0,0,0,0,0,0,0,0,0,2
"1599",106.34,6,2025-03-15,"874165",51.8,"G52407",NA,NA,3559,"2025",3,"Spring",2016-05-15,2017-09-02,90.4193548387097,FALSE,"2016",5,"Spring","G-coded","male","6",106.34,">60",FALSE,FALSE,FALSE,FALSE,FALSE,FALSE,FALSE,FALSE,FALSE,FALSE,1,1,"singleton",0,0,0,0,0,0,0,0,0,0,0,3
"60575",106.67,7,2025-10-20,"22217329",44.3,"G53280",NA,NA,1880,"2025",10,"Autumn",2016-11-20,2017-08-02,98.5806451612903,FALSE,"2016",11,"Autumn","G-coded","male",">=7",106.67,">60",FALSE,FALSE,FALSE,FALSE,FALSE,FALSE,FALSE,FALSE,FALSE,FALSE,1,1,"singleton",0,0,0,0,0,0,0,0,0,0,0,10
"70281",107.5,8,2026-04-05,"65123650",48.5,"G62382L",NA,NA,491,"2026",4,"Spring",2017-04-05,2017-07-02,105.1,FALSE,"2017",4,"Spring","G-coded","male",">=7",107.5,">60",FALSE,FALSE,FALSE,FALSE,FALSE,FALSE,FALSE,FALSE,FALSE,FALSE,1,1,"singleton",0,0,0,0,0,0,0,0,0,0,0,4
"70434",107.66,7,2026-06-14,"65123650",54.8,"G62596",NA,NA,48,"2026",6,"Summer",2017-06-14,2017-07-02,107.4,FALSE,"2017",6,"Summer","G-coded","male",">=7",107.66,">60",FALSE,FALSE,FALSE,FALSE,FALSE,FALSE,FALSE,FALSE,FALSE,FALSE,1,1,"singleton",0,1,0,0,0,1,0,1,0,0,0,6
"60296",108.22,5,2025-05-05,"22218621",39.3,"G52663",NA,NA,3059,"2025",5,"Spring",2016-05-05,2017-07-02,94.0967741935484,FALSE,"2016",5,"Spring","G-coded","male","5",108.22,">60",FALSE,FALSE,FALSE,FALSE,FALSE,FALSE,FALSE,FALSE,FALSE,FALSE,1,1,"singleton",0,0,0,0,1,0,0,0,0,0,0,5
"62189",108.45,6,2025-03-05,"427151",45.1,"G52360",NA,NA,3661,"2025",3,"Spring",2016-03-05,2017-07-02,92.0967741935484,FALSE,"2016",3,"Spring","G-coded","male","6",108.45,">60",FALSE,FALSE,FALSE,FALSE,FALSE,FALSE,FALSE,FALSE,FALSE,FALSE,1,1,"singleton",0,0,0,0,0,0,0,0,0,0,0,3
"70210",108.68,7,2026-04-16,"65123650",37.8,"G62420",NA,NA,415,"2026",4,"Spring",2017-03-16,2017-06-02,106.466666666667,FALSE,"2017",3,"Spring","G-coded","male",">=7",108.68,">60",FALSE,FALSE,FALSE,FALSE,FALSE,FALSE,FALSE,FALSE,FALSE,FALSE,1,1,"singleton",0,0,0,0,1,0,0,0,0,0,0,4
"62451",109.07,7,2025-03-28,"427151",47.4,"G52475",NA,NA,3410,"2025",3,"Spring",2016-02-28,2017-06-02,93.8387096774194,FALSE,"2016",2,"Winter","G-coded","male",">=7",109.07,">60",FALSE,FALSE,FALSE,FALSE,FALSE,FALSE,FALSE,FALSE,FALSE,FALSE,1,1,"singleton",0,0,0,0,0,0,0,0,0,0,0,3
"61445",109.47,7,2025-04-08,"427059",52.2,"G52541",NA,NA,3309,"2025",4,"Spring",2016-03-08,2017-06-02,94.2,FALSE,"2016",3,"Spring","G-coded","male",">=7",109.47,">60",FALSE,FALSE,FALSE,FALSE,FALSE,FALSE,FALSE,FALSE,FALSE,FALSE,1,1,"singleton",0,0,0,0,0,0,0,0,0,0,0,4
"60508",109.6,7,2025-12-05,"21219011",36.6,"G53520",NA,NA,1429,"2025",12,"Winter",2016-10-05,2017-05-02,103.096774193548,FALSE,"2016",10,"Autumn","G-coded","male",">=7",109.6,">60",FALSE,FALSE,FALSE,FALSE,FALSE,FALSE,FALSE,FALSE,FALSE,FALSE,1,1,"singleton",1,0,0,0,1,0,0,0,0,0,0,12
"60100",109.7,7,2025-04-15,"863302",36.7,"G52568",NA,NA,3251,"2025",4,"Spring",2016-02-15,2017-05-02,95.4333333333333,FALSE,"2016",2,"Winter","G-coded","male",">=7",109.7,">60",FALSE,FALSE,FALSE,FALSE,FALSE,FALSE,FALSE,FALSE,FALSE,FALSE,1,1,"singleton",1,0,0,0,1,0,0,0,0,0,0,4
"70036",109.99,8,2026-03-11,"65123650",44.6,"G62248",NA,NA,765,"2026",3,"Spring",2017-01-11,2017-05-02,106.290322580645,FALSE,"2017",1,"Winter","G-coded","male",">=7",109.99,">60",FALSE,FALSE,FALSE,FALSE,FALSE,FALSE,FALSE,FALSE,FALSE,FALSE,1,1,"singleton",0,0,0,0,0,0,0,0,0,0,0,3
"140358",110.16,6,2023-08-05,"7402563907",53.4,"G9300",NA,NA,7949,"2023",8,"Summer",2014-06-05,2017-05-02,75.0967741935484,FALSE,"2014",6,"Summer","G-coded","male","6",110.16,">60",FALSE,FALSE,FALSE,FALSE,FALSE,FALSE,FALSE,FALSE,FALSE,FALSE,1,1,"singleton",0,0,0,0,0,1,0,1,0,0,0,8
"62384",110.19,7,2025-04-20,"863302",44.4,"G52589",NA,NA,3217,"2025",4,"Spring",2016-02-20,2017-05-02,95.6,FALSE,"2016",2,"Winter","G-coded","male",">=7",110.19,">60",FALSE,FALSE,FALSE,FALSE,FALSE,FALSE,FALSE,FALSE,FALSE,FALSE,1,1,"singleton",0,0,0,0,0,0,0,0,0,0,0,4
"60850",110.62,6,2025-04-10,"427133",50.3,"G52552",NA,NA,3297,"2025",4,"Spring",2016-01-10,2017-04-02,96.2666666666667,FALSE,"2016",1,"Winter","G-coded","male","6",110.62,">60",FALSE,FALSE,FALSE,FALSE,FALSE,FALSE,FALSE,FALSE,FALSE,FALSE,1,1,"singleton",0,0,0,0,0,0,0,0,0,0,0,4
"61221",110.72,8,2025-04-28,"427133",43.7,"G52630",NA,NA,3114,"2025",4,"Spring",2016-01-28,2017-04-02,96.8666666666667,FALSE,"2016",1,"Winter","G-coded","male",">=7",110.72,">60",FALSE,FALSE,FALSE,FALSE,FALSE,FALSE,FALSE,FALSE,FALSE,FALSE,1,1,"singleton",0,0,0,0,0,0,0,0,0,0,0,4
"70025",110.78,8,2026-03-30,"65123650",35.2,"G62350",NA,NA,566,"2026",3,"Spring",2016-12-30,2017-04-02,107.903225806452,FALSE,"2016",12,"Winter","G-coded","male",">=7",110.78,">60",FALSE,FALSE,FALSE,FALSE,FALSE,FALSE,FALSE,FALSE,FALSE,FALSE,1,1,"singleton",1,0,0,0,1,0,1,0,0,0,0,3
"60294",111.01,7,2025-07-28,"41122218",30.8,"G52976","426585","1498",2449,"2025",7,"Summer",2016-04-28,2017-04-02,99.8387096774194,FALSE,"2016",4,"Spring","G-coded","male",">=7",111.01,">60",FALSE,FALSE,FALSE,FALSE,FALSE,FALSE,FALSE,FALSE,FALSE,FALSE,1,1,"singleton",1,0,1,0,1,0,1,0,0,0,0,7
"61912",111.11,6,2025-04-05,"427133",51.8,"G52518",NA,NA,3338,"2025",4,"Spring",2016-01-05,2017-04-02,96.1,FALSE,"2016",1,"Winter","G-coded","male","6",111.11,">60",FALSE,FALSE,FALSE,FALSE,FALSE,FALSE,FALSE,FALSE,FALSE,FALSE,1,1,"singleton",0,0,0,0,0,0,0,0,0,0,0,4
"1279",111.31,7,2025-05-09,"427133",47.5,"G52691",NA,NA,3010,"2025",5,"Spring",2016-02-09,2017-04-02,97.2258064516129,FALSE,"2016",2,"Winter","G-coded","male",">=7",111.31,">60",FALSE,FALSE,FALSE,FALSE,FALSE,FALSE,FALSE,FALSE,FALSE,FALSE,1,1,"singleton",0,0,0,0,0,0,0,0,0,0,0,5
"60743",111.6,7,2025-04-25,"22218621",47.2,"G52620",NA,NA,3149,"2025",4,"Spring",2015-12-25,2017-03-02,97.7666666666667,FALSE,"2015",12,"Winter","G-coded","male",">=7",111.6,">60",FALSE,FALSE,FALSE,FALSE,FALSE,FALSE,FALSE,FALSE,FALSE,FALSE,1,1,"singleton",0,0,0,0,0,0,0,0,0,0,0,4
"61713",111.74,4,2025-04-30,"427133",48.8,"G52642",NA,NA,3101,"2025",4,"Spring",2015-12-30,2017-03-02,97.9333333333333,FALSE,"2015",12,"Winter","G-coded","male","4",111.74,">60",FALSE,FALSE,FALSE,FALSE,FALSE,FALSE,FALSE,FALSE,FALSE,FALSE,1,1,"singleton",0,0,0,0,0,0,0,0,0,0,0,4
"62114L",111.83,6,2025-04-25,"22218621",52.3,"G52614",NA,NA,3159,"2025",4,"Spring",2015-12-25,2017-03-02,97.7666666666667,FALSE,"2015",12,"Winter","G-coded","male","6",111.83,">60",FALSE,FALSE,FALSE,FALSE,FALSE,FALSE,FALSE,FALSE,FALSE,FALSE,1,1,"singleton",0,0,0,0,0,0,0,0,0,0,0,4
"60573",112.06,8,2026-04-01,"21219011",41.8,"G62360",NA,NA,550,"2026",4,"Spring",2016-12-01,2017-03-02,108.967741935484,FALSE,"2016",12,"Winter","G-coded","male",">=7",112.06,">60",FALSE,FALSE,FALSE,FALSE,FALSE,FALSE,FALSE,FALSE,FALSE,FALSE,1,1,"singleton",0,0,0,0,0,0,0,0,0,0,0,4
"61395",112.2,8,2025-06-12,"22218621",46.6,"G52814",NA,NA,2765,"2025",6,"Summer",2016-02-12,2017-03-02,99.3333333333333,FALSE,"2016",2,"Winter","G-coded","male",">=7",112.2,">60",FALSE,FALSE,FALSE,FALSE,FALSE,FALSE,FALSE,FALSE,FALSE,FALSE,1,1,"singleton",0,0,0,0,0,0,0,0,0,0,0,6
"61432",112.43,7,2025-06-24,"863302",43.8,"G52852",NA,NA,2678,"2025",6,"Summer",2016-02-24,2017-03-02,99.7333333333333,FALSE,"2016",2,"Winter","G-coded","male",">=7",112.43,">60",FALSE,FALSE,FALSE,FALSE,FALSE,FALSE,FALSE,FALSE,FALSE,FALSE,1,1,"singleton",0,0,0,0,0,0,0,0,0,0,0,6
"62351",112.56,8,2025-06-26,"863302",44.6,"G52863",NA,NA,2662,"2025",6,"Summer",2016-01-26,2017-02-02,100.8,FALSE,"2016",1,"Winter","G-coded","male",">=7",112.56,">60",FALSE,FALSE,FALSE,FALSE,FALSE,FALSE,FALSE,FALSE,FALSE,FALSE,1,1,"singleton",0,0,0,0,0,0,0,0,0,0,0,6
"62633",113.02,7,2025-07-07,"863302",42,"G52902",NA,NA,2582,"2025",7,"Summer",2016-02-07,2017-02-02,101.161290322581,FALSE,"2016",2,"Winter","G-coded","male",">=7",113.02,">60",FALSE,FALSE,FALSE,FALSE,FALSE,FALSE,FALSE,FALSE,FALSE,FALSE,1,1,"singleton",0,0,0,0,0,0,0,0,0,0,0,7
"60306",113.15,8,2025-10-05,"15618075",49.7,"G53218",NA,NA,2005,"2025",10,"Autumn",2016-05-05,2017-02-02,104.096774193548,FALSE,"2016",5,"Spring","G-coded","male",">=7",113.15,">60",FALSE,FALSE,FALSE,FALSE,FALSE,FALSE,FALSE,FALSE,FALSE,FALSE,1,1,"singleton",0,0,0,0,0,0,0,0,0,0,0,10
"60983",113.28,7,2025-07-02,"22218621",46.5,"G52883L",NA,NA,2612,"2025",7,"Summer",2016-02-02,2017-02-02,101,FALSE,"2016",2,"Winter","G-coded","male",">=7",113.28,">60",FALSE,FALSE,FALSE,FALSE,FALSE,FALSE,FALSE,FALSE,FALSE,FALSE,1,1,"singleton",0,0,0,0,0,0,0,0,0,0,0,7
"800884",113.41,6,2025-03-17,"427133",46.5,"G52421",NA,NA,3532,"2025",3,"Spring",2015-10-17,2017-02-02,97.4838709677419,FALSE,"2015",10,"Autumn","G-coded","male","6",113.41,">60",FALSE,FALSE,FALSE,FALSE,FALSE,FALSE,FALSE,FALSE,FALSE,FALSE,1,1,"singleton",0,0,0,0,0,0,0,0,0,0,0,3
"62733",113.45,8,2025-07-30,"22121105",45.3,"G52987",NA,NA,2432,"2025",7,"Summer",2016-02-29,2017-02-02,101.903225806452,FALSE,"2016",2,"Winter","G-coded","male",">=7",113.45,">60",FALSE,FALSE,FALSE,FALSE,FALSE,FALSE,FALSE,FALSE,FALSE,FALSE,1,1,"singleton",0,0,0,0,0,0,0,0,0,0,0,7
"62543",113.64,5,2025-07-21,"15621171",41.8,"G52949",NA,NA,2493,"2025",7,"Summer",2016-01-21,2017-01-02,102.612903225806,FALSE,"2016",1,"Winter","G-coded","male","5",113.64,">60",FALSE,FALSE,FALSE,FALSE,FALSE,FALSE,FALSE,FALSE,FALSE,FALSE,1,1,"singleton",0,0,0,0,0,0,0,0,0,0,0,7
"61283",113.94,8,2025-08-06,"41121222",52.3,"G53010",NA,NA,2380,"2025",8,"Summer",2016-02-06,2017-01-02,103.129032258065,FALSE,"2016",2,"Winter","G-coded","male",">=7",113.94,">60",FALSE,FALSE,FALSE,FALSE,FALSE,FALSE,FALSE,FALSE,FALSE,FALSE,1,1,"singleton",0,0,0,0,0,0,0,0,0,0,0,8
"61428",114.17,6,2025-08-12,"863302",48.6,"G53024",NA,NA,2349,"2025",8,"Summer",2016-02-12,2017-01-02,103.322580645161,FALSE,"2016",2,"Winter","G-coded","male","6",114.17,">60",FALSE,FALSE,FALSE,FALSE,FALSE,FALSE,FALSE,FALSE,FALSE,FALSE,1,1,"singleton",0,0,0,0,0,0,0,0,0,0,0,8
"61818",114.27,8,2025-08-01,"41122202",25.7,"G52996",NA,NA,2417,"2025",8,"Summer",2016-02-01,2017-01-02,102.967741935484,FALSE,"2016",2,"Winter","G-coded","male",">=7",114.27,">60",FALSE,FALSE,FALSE,FALSE,FALSE,FALSE,FALSE,FALSE,FALSE,FALSE,1,1,"singleton",1,0,1,0,1,0,1,0,1,0,0,8
"61752",114.46,7,2025-07-31,"863302",36.5,"G52990",NA,NA,2425,"2025",7,"Summer",2016-01-31,2017-01-02,102.935483870968,FALSE,"2016",1,"Winter","G-coded","male",">=7",114.46,">60",FALSE,FALSE,FALSE,FALSE,FALSE,FALSE,FALSE,FALSE,FALSE,FALSE,1,1,"singleton",1,0,0,0,1,0,0,0,0,0,0,7
"60120",114.6,8,2025-10-03,"15618075",38.6,"G53202",NA,NA,2030,"2025",10,"Autumn",2016-03-03,2016-12-02,106.032258064516,FALSE,"2016",3,"Spring","G-coded","male",">=7",114.6,">60",FALSE,FALSE,FALSE,FALSE,FALSE,FALSE,FALSE,FALSE,FALSE,FALSE,1,1,"singleton",0,0,0,0,1,0,0,0,0,0,0,10
"H00153",114.92,8,2025-09-22,"65123650",38.6,"G53157",NA,NA,2123,"2025",9,"Autumn",2016-02-22,2016-12-02,105.666666666667,FALSE,"2016",2,"Winter","G-coded","male",">=7",114.92,">60",FALSE,FALSE,FALSE,FALSE,FALSE,FALSE,FALSE,FALSE,FALSE,FALSE,1,1,"singleton",0,0,0,0,1,0,0,0,0,0,0,9
"14250",115.19,7,2023-12-07,"865530狼血",53.6,"G9961",NA,NA,7204,"2023",12,"Winter",2014-05-07,2016-12-02,84.1612903225806,FALSE,"2014",5,"Spring","G-coded","male",">=7",115.19,">60",FALSE,FALSE,FALSE,FALSE,FALSE,FALSE,FALSE,FALSE,FALSE,FALSE,1,1,"singleton",0,0,0,0,0,1,0,1,0,0,0,12
"60237",115.48,9,2025-10-19,"41121286",38.6,"G53276",NA,NA,1891,"2025",10,"Autumn",2016-03-19,2016-12-02,106.548387096774,FALSE,"2016",3,"Spring","G-coded","male",">=7",115.48,">60",FALSE,FALSE,FALSE,FALSE,FALSE,FALSE,FALSE,FALSE,FALSE,FALSE,1,1,"singleton",0,0,0,0,1,0,0,0,0,0,0,10
"62280",115.68,7,2025-10-15,"15620193",39.4,"G53255",NA,NA,1919,"2025",10,"Autumn",2016-02-15,2016-11-02,107.41935483871,FALSE,"2016",2,"Winter","G-coded","male",">=7",115.68,">60",FALSE,FALSE,FALSE,FALSE,FALSE,FALSE,FALSE,FALSE,FALSE,FALSE,1,1,"singleton",0,0,0,0,1,0,0,0,0,0,0,10
"63016",115.84,6,2025-10-18,"41121286",32.6,"G53270",NA,NA,1897,"2025",10,"Autumn",2016-02-18,2016-11-02,107.516129032258,FALSE,"2016",2,"Winter","G-coded","male","6",115.84,">60",FALSE,FALSE,FALSE,FALSE,FALSE,FALSE,FALSE,FALSE,FALSE,FALSE,1,1,"singleton",1,0,1,0,1,0,1,0,0,0,0,10
"60757",116.14,7,2025-09-24,"15618075",42.1,"G53231",NA,NA,2105,"2025",9,"Autumn",2016-01-24,2016-11-02,106.733333333333,FALSE,"2016",1,"Winter","G-coded","male",">=7",116.14,">60",FALSE,FALSE,FALSE,FALSE,FALSE,FALSE,FALSE,FALSE,FALSE,FALSE,1,1,"singleton",0,0,0,0,0,0,0,0,0,0,0,9
"62746",116.24,7,2025-10-07,"15618075",47.4,"G53539",NA,NA,1988,"2025",10,"Autumn",2016-02-07,2016-11-02,107.161290322581,FALSE,"2016",2,"Winter","G-coded","male",">=7",116.24,">60",FALSE,FALSE,FALSE,FALSE,FALSE,FALSE,FALSE,FALSE,FALSE,FALSE,1,1,"singleton",0,0,0,0,0,0,0,0,0,0,0,10
"60984",116.5,7,2025-10-09,"15620193",42.3,"G53231L",NA,NA,1975,"2025",10,"Autumn",2016-02-09,2016-11-02,107.225806451613,FALSE,"2016",2,"Winter","G-coded","male",">=7",116.5,">60",FALSE,FALSE,FALSE,FALSE,FALSE,FALSE,FALSE,FALSE,FALSE,FALSE,1,1,"singleton",0,0,0,0,0,0,0,0,0,0,0,10
"61038",116.63,6,2025-10-06,"15620193",42.8,"G53554",NA,NA,1991,"2025",10,"Autumn",2016-01-06,2016-10-02,108.129032258065,FALSE,"2016",1,"Winter","G-coded","male","6",116.63,">60",FALSE,FALSE,FALSE,FALSE,FALSE,FALSE,FALSE,FALSE,FALSE,FALSE,1,1,"singleton",0,0,0,0,0,0,0,0,0,0,0,10
"61603",116.77,8,2025-10-30,"15618939",44.8,"G53325",NA,NA,1780,"2025",10,"Autumn",2016-01-30,2016-10-02,108.903225806452,FALSE,"2016",1,"Winter","G-coded","male",">=7",116.77,">60",FALSE,FALSE,FALSE,FALSE,FALSE,FALSE,FALSE,FALSE,FALSE,FALSE,1,1,"singleton",0,0,0,0,0,0,0,0,0,0,0,10
"62081",116.86,7,2025-10-18,"65121614",37.6,"G53269",NA,NA,1899,"2025",10,"Autumn",2016-01-18,2016-10-02,108.516129032258,FALSE,"2016",1,"Winter","G-coded","male",">=7",116.86,">60",FALSE,FALSE,FALSE,FALSE,FALSE,FALSE,FALSE,FALSE,FALSE,FALSE,1,1,"singleton",0,0,0,0,1,0,0,0,0,0,0,10
"62033",117.03,7,2025-10-04,"15620193",44.2,"G53214L",NA,NA,2010,"2025",10,"Autumn",2016-01-04,2016-10-02,108.064516129032,FALSE,"2016",1,"Winter","G-coded","male",">=7",117.03,">60",FALSE,FALSE,FALSE,FALSE,FALSE,FALSE,FALSE,FALSE,FALSE,FALSE,1,1,"singleton",0,0,0,0,0,0,0,0,0,0,0,10
"62150",117.19,6,2025-11-16,"21219011",44.4,"G53399",NA,NA,1636,"2025",11,"Autumn",2016-02-16,2016-10-02,109.466666666667,FALSE,"2016",2,"Winter","G-coded","male","6",117.19,">60",FALSE,FALSE,FALSE,FALSE,FALSE,FALSE,FALSE,FALSE,FALSE,FALSE,1,1,"singleton",0,0,0,0,0,0,0,0,0,0,0,11
"50530",117.36,8,2025-11-09,"21219011",41.8,"G53366",NA,NA,1700,"2025",11,"Autumn",2016-02-09,2016-10-02,109.233333333333,FALSE,"2016",2,"Winter","G-coded","male",">=7",117.36,">60",FALSE,FALSE,FALSE,FALSE,FALSE,FALSE,FALSE,FALSE,FALSE,FALSE,1,1,"singleton",0,0,0,0,0,0,0,0,0,0,0,11
"40630",117.55,7,2025-11-07,"65121614",35.3,"G53359",NA,NA,1723,"2025",11,"Autumn",2016-01-07,2016-09-02,110.166666666667,FALSE,"2016",1,"Winter","G-coded","male",">=7",117.55,">60",FALSE,FALSE,FALSE,FALSE,FALSE,FALSE,FALSE,FALSE,FALSE,FALSE,1,1,"singleton",1,0,0,0,1,0,1,0,0,0,0,11
"60278",117.88,3,2026-02-17,"21219011",43.8,"G62137",NA,NA,960,"2026",2,"Winter",2016-04-17,2016-09-02,113.535714285714,FALSE,"2016",4,"Spring","G-coded","male","3",117.88,">60",FALSE,FALSE,FALSE,FALSE,FALSE,FALSE,FALSE,FALSE,FALSE,FALSE,1,1,"singleton",0,0,0,0,0,0,0,0,0,0,0,2
"60386",118.05,8,2026-04-19,"65123650",38.2,"G62433",NA,NA,393,"2026",4,"Spring",2016-06-19,2016-09-02,115.566666666667,FALSE,"2016",6,"Summer","G-coded","male",">=7",118.05,">60",FALSE,FALSE,FALSE,FALSE,FALSE,FALSE,FALSE,FALSE,FALSE,FALSE,1,1,"singleton",0,0,0,0,1,0,0,0,0,0,0,4
"61391",118.28,7,2025-12-10,"65123933",38.8,"G53540",NA,NA,1370,"2025",12,"Winter",2016-02-10,2016-09-02,111.258064516129,FALSE,"2016",2,"Winter","G-coded","male",">=7",118.28,">60",FALSE,FALSE,FALSE,FALSE,FALSE,FALSE,FALSE,FALSE,FALSE,FALSE,1,1,"singleton",0,0,0,0,1,0,0,0,0,0,0,12
"60914",118.44,8,2025-11-29,"65123650",46.8,"G53481",NA,NA,1496,"2025",11,"Autumn",2016-01-29,2016-09-02,110.9,FALSE,"2016",1,"Winter","G-coded","male",">=7",118.44,">60",FALSE,FALSE,FALSE,FALSE,FALSE,FALSE,FALSE,FALSE,FALSE,FALSE,1,1,"singleton",0,0,0,0,0,0,0,0,0,0,0,11
"60343",118.47,8,2026-04-08,"65123650",57.3,"G62396","426865","0052",465,"2026",4,"Spring",2016-06-08,2016-09-02,115.2,FALSE,"2016",6,"Summer","G-coded","male",">=7",118.47,">60",FALSE,FALSE,FALSE,FALSE,FALSE,FALSE,FALSE,FALSE,FALSE,FALSE,1,1,"singleton",0,1,0,1,0,1,0,1,0,1,0,4
"61087",118.87,6,2025-11-30,"41121286",44.4,"G53485",NA,NA,1482,"2025",11,"Autumn",2015-12-30,2016-08-02,111.933333333333,FALSE,"2015",12,"Winter","G-coded","male","6",118.87,">60",FALSE,FALSE,FALSE,FALSE,FALSE,FALSE,FALSE,FALSE,FALSE,FALSE,1,1,"singleton",0,0,0,0,0,0,0,0,0,0,0,11
"62035",119.07,8,2025-12-07,"65123933",47.8,"G53527",NA,NA,1404,"2025",12,"Winter",2016-01-07,2016-08-02,112.161290322581,FALSE,"2016",1,"Winter","G-coded","male",">=7",119.07,">60",FALSE,FALSE,FALSE,FALSE,FALSE,FALSE,FALSE,FALSE,FALSE,FALSE,1,1,"singleton",0,0,0,0,0,0,0,0,0,0,0,12
"61441",119.2,6,2026-01-25,"65123650",51.8,"G62064",NA,NA,1096,"2026",1,"Winter",2016-02-25,2016-08-02,113.741935483871,FALSE,"2016",2,"Winter","G-coded","male","6",119.2,">60",FALSE,FALSE,FALSE,FALSE,FALSE,FALSE,FALSE,FALSE,FALSE,FALSE,1,1,"singleton",0,0,0,0,0,0,0,0,0,0,0,1
"60378",119.53,8,2026-05-29,"65123650",57.3,"G62555",NA,NA,142,"2026",5,"Spring",2016-05-29,2016-07-02,118.870967741935,FALSE,"2016",5,"Spring","G-coded","male",">=7",119.53,">60",FALSE,FALSE,FALSE,FALSE,FALSE,FALSE,FALSE,FALSE,FALSE,FALSE,1,1,"singleton",0,1,0,1,0,1,0,1,0,1,0,5
"62823",119.72,7,2026-02-04,"65123650",48.4,"G62097",NA,NA,1039,"2026",2,"Winter",2016-02-04,2016-07-02,115.071428571429,FALSE,"2016",2,"Winter","G-coded","male",">=7",119.72,">60",FALSE,FALSE,FALSE,FALSE,FALSE,FALSE,FALSE,FALSE,FALSE,FALSE,1,1,"singleton",0,0,0,0,0,0,0,0,0,0,0,2
"62269",119.79,8,2026-02-07,"41121286",51.3,"G62105",NA,NA,1018,"2026",2,"Winter",2016-02-07,2016-07-02,115.178571428571,FALSE,"2016",2,"Winter","G-coded","male",">=7",119.79,">60",FALSE,FALSE,FALSE,FALSE,FALSE,FALSE,FALSE,FALSE,FALSE,FALSE,1,1,"singleton",0,0,0,0,0,0,0,0,0,0,0,2
"61875",120.09,7,2026-01-23,"21219011",45.2,"G62061",NA,NA,1103,"2026",1,"Winter",2016-01-23,2016-07-02,114.677419354839,FALSE,"2016",1,"Winter","G-coded","male",">=7",120.09,">60",FALSE,FALSE,FALSE,FALSE,FALSE,FALSE,FALSE,FALSE,FALSE,FALSE,1,1,"singleton",0,0,0,0,0,0,0,0,0,0,0,1
"61708",120.12,8,2026-01-05,"65123933",56.8,"G62007",NA,NA,1191,"2026",1,"Winter",2016-01-05,2016-07-02,114.096774193548,FALSE,"2016",1,"Winter","G-coded","male",">=7",120.12,">60",FALSE,FALSE,FALSE,FALSE,FALSE,FALSE,FALSE,FALSE,FALSE,FALSE,1,1,"singleton",0,1,0,0,0,1,0,1,0,1,0,1
"62412",120.48,8,2026-02-21,"41120238",58.7,"G62156",NA,NA,936,"2026",2,"Winter",2016-02-21,2016-07-02,115.678571428571,FALSE,"2016",2,"Winter","G-coded","male",">=7",120.48,">60",FALSE,FALSE,FALSE,FALSE,FALSE,FALSE,FALSE,FALSE,FALSE,FALSE,1,1,"singleton",0,1,0,1,0,1,0,1,0,1,0,2
"62780",120.91,8,2026-03-15,"65123650",50.8,"G62266",NA,NA,737,"2026",3,"Spring",2016-02-15,2016-06-02,117.41935483871,FALSE,"2016",2,"Winter","G-coded","male",">=7",120.91,">60",FALSE,FALSE,FALSE,FALSE,FALSE,FALSE,FALSE,FALSE,FALSE,FALSE,1,1,"singleton",0,0,0,0,0,0,0,0,0,0,0,3
"61720",120.94,9,2026-02-11,"65123933",53.4,"G62123",NA,NA,989,"2026",2,"Winter",2016-01-11,2016-06-02,116.321428571429,FALSE,"2016",1,"Winter","G-coded","male",">=7",120.94,">60",FALSE,FALSE,FALSE,FALSE,FALSE,FALSE,FALSE,FALSE,FALSE,FALSE,1,1,"singleton",0,0,0,0,0,1,0,1,0,0,0,2
"62575",121.24,5,2026-03-13,"65123933",53.5,"G62257",NA,NA,757,"2026",3,"Spring",2016-02-13,2016-06-02,117.354838709677,FALSE,"2016",2,"Winter","G-coded","male","5",121.24,">60",FALSE,FALSE,FALSE,FALSE,FALSE,FALSE,FALSE,FALSE,FALSE,FALSE,1,1,"singleton",0,0,0,0,0,1,0,1,0,0,0,3
"61146",121.63,8,2026-02-17,"41121286",67.6,"G62136",NA,NA,961,"2026",2,"Winter",2015-12-17,2016-05-02,117.535714285714,FALSE,"2015",12,"Winter","G-coded","male",">=7",121.63,">60",FALSE,TRUE,FALSE,FALSE,FALSE,FALSE,FALSE,FALSE,FALSE,FALSE,1,1,"singleton",0,1,0,1,0,1,0,1,0,1,1,2
"60286",121.89,9,2026-06-21,"65123650",44.4,"G62610",NA,NA,8,"2026",6,"Summer",2016-04-21,2016-05-02,121.633333333333,FALSE,"2016",4,"Spring","G-coded","male",">=7",121.89,">60",FALSE,FALSE,FALSE,FALSE,FALSE,FALSE,FALSE,FALSE,FALSE,FALSE,1,1,"singleton",0,0,0,0,0,0,0,0,0,0,0,6
"50612",122.42,8,2025-07-04,"41122202",55.3,"G52891",NA,NA,2605,"2025",7,"Summer",2015-05-04,2016-05-02,110.064516129032,FALSE,"2015",5,"Spring","G-coded","male",">=7",122.42,">60",FALSE,FALSE,FALSE,FALSE,FALSE,FALSE,FALSE,FALSE,FALSE,FALSE,1,1,"singleton",0,1,0,0,0,1,0,1,0,1,0,7
"62184",122.49,6,2026-05-01,"65123650",47.6,"G62466",NA,NA,313,"2026",5,"Spring",2016-03-01,2016-05-02,119.966666666667,FALSE,"2016",3,"Spring","G-coded","male","6",122.49,">60",FALSE,FALSE,FALSE,FALSE,FALSE,FALSE,FALSE,FALSE,FALSE,FALSE,1,1,"singleton",0,0,0,0,0,0,0,0,0,0,0,5
"61261",122.91,7,2026-05-14,"65123650",43.2,"G62494",NA,NA,254,"2026",5,"Spring",2016-02-14,2016-04-02,121.387096774194,FALSE,"2016",2,"Winter","G-coded","male",">=7",122.91,">60",FALSE,FALSE,FALSE,FALSE,FALSE,FALSE,FALSE,FALSE,FALSE,FALSE,1,1,"singleton",0,0,0,0,0,0,0,0,0,0,0,5
"61555",123.41,8,2026-05-29,"65123650",51.4,"G62553",NA,NA,144,"2026",5,"Spring",2016-02-29,2016-04-02,121.870967741935,FALSE,"2016",2,"Winter","G-coded","male",">=7",123.41,">60",FALSE,FALSE,FALSE,FALSE,FALSE,FALSE,FALSE,FALSE,FALSE,FALSE,1,1,"singleton",0,0,0,0,0,0,0,0,0,0,0,5
"61576",124.1,8,2026-06-11,"65123650",46.2,"G62588",NA,NA,62,"2026",6,"Summer",2016-02-11,2016-03-02,123.3,FALSE,"2016",2,"Winter","G-coded","male",">=7",124.1,">60",FALSE,FALSE,FALSE,FALSE,FALSE,FALSE,FALSE,FALSE,FALSE,FALSE,1,1,"singleton",0,0,0,0,0,0,0,0,0,0,0,6
"50370",125.35,7,2025-10-10,"15620193",65.6,"G53236",NA,NA,1972,"2025",10,"Autumn",2015-05-10,2016-02-02,116.258064516129,FALSE,"2015",5,"Spring","G-coded","male",">=7",125.35,">60",FALSE,TRUE,FALSE,FALSE,FALSE,FALSE,FALSE,FALSE,FALSE,FALSE,1,1,"singleton",0,1,0,1,0,1,0,1,0,1,1,10
"50382",130.05,9,2026-01-11,"65123650",57.3,"G62027","191190","0109",1171,"2026",1,"Winter",2015-03-11,2015-09-02,124.290322580645,FALSE,"2015",3,"Spring","G-coded","male",">=7",130.05,">60",FALSE,FALSE,FALSE,FALSE,FALSE,FALSE,FALSE,FALSE,FALSE,FALSE,1,1,"singleton",0,1,0,1,0,1,0,1,0,1,0,1
"13029",146.84,10,2025-06-06,"22119053",44,"G52801",NA,NA,2793,"2025",6,"Summer",2013-03-06,2014-04-02,134.133333333333,FALSE,"2013",3,"Spring","G-coded","male",">=7",146.84,">60",FALSE,FALSE,FALSE,FALSE,FALSE,FALSE,FALSE,FALSE,FALSE,FALSE,1,1,"singleton",0,0,0,0,0,0,0,0,0,0,0,6
"30448",152.04,11,2025-09-07,"863302",51.2,"G53096",NA,NA,2236,"2025",9,"Autumn",2013-01-07,2013-11-02,142.166666666667,FALSE,"2013",1,"Winter","G-coded","male",">=7",152.04,">60",FALSE,FALSE,FALSE,FALSE,FALSE,FALSE,FALSE,FALSE,FALSE,FALSE,1,1,"singleton",0,0,0,0,0,0,0,0,0,0,0,9
"40096",155.33,9,2023-01-18,"871041文尼哥",46.2,"G8103",NA,NA,9370,"2023",1,"Winter",2010-02-18,2013-08-02,113.516129032258,FALSE,"2010",2,"Winter","G-coded","male",">=7",155.33,">60",FALSE,FALSE,FALSE,FALSE,FALSE,FALSE,FALSE,FALSE,FALSE,FALSE,1,1,"singleton",0,0,0,0,0,0,0,0,0,0,0,1
"12026",158.51,9,2023-10-20,"854282维利纳诺",41.8,"G9663",NA,NA,7498,"2023",10,"Autumn",2010-07-20,2013-04-02,126.58064516129,FALSE,"2010",7,"Summer","G-coded","male",">=7",158.51,">60",FALSE,FALSE,FALSE,FALSE,FALSE,FALSE,FALSE,FALSE,FALSE,FALSE,1,1,"singleton",0,0,0,0,0,0,0,0,0,0,0,10
"12081",160.19,10,2024-01-16,"865530狼血",44.4,"G40090",NA,NA,6814,"2024",1,"Winter",2010-09-16,2013-03-02,130.451612903226,FALSE,"2010",9,"Autumn","G-coded","male",">=7",160.19,">60",FALSE,FALSE,FALSE,FALSE,FALSE,FALSE,FALSE,FALSE,FALSE,FALSE,1,1,"singleton",0,0,0,0,0,0,0,0,0,0,0,1
"bu0053",162,8,2023-10-02,"854282维利纳诺",55.3,"G9587",NA,NA,7593,"2023",10,"Autumn",2010-04-02,2013-01-02,129,FALSE,"2010",4,"Spring","G-coded","male",">=7",162,">60",FALSE,FALSE,FALSE,FALSE,FALSE,FALSE,FALSE,FALSE,FALSE,FALSE,1,1,"singleton",0,1,0,0,0,1,0,1,0,1,0,10
"X238",166.93,9,2024-02-27,"FR3917468802",47.5,"G40392",NA,NA,6300,"2024",2,"Winter",2010-03-27,2012-08-02,138.862068965517,FALSE,"2010",3,"Spring","G-coded","male",">=7",166.93,">60",FALSE,FALSE,FALSE,FALSE,FALSE,FALSE,FALSE,FALSE,FALSE,FALSE,1,1,"singleton",0,0,0,0,0,0,0,0,0,0,0,2
"1195",181.16,13,2025-03-23,"427133",48.6,"G52923",NA,NA,3465,"2025",3,"Spring",2010-02-23,2011-06-02,165.677419354839,FALSE,"2010",2,"Winter","G-coded","male",">=7",181.16,">60",FALSE,FALSE,FALSE,FALSE,FALSE,FALSE,FALSE,FALSE,FALSE,FALSE,1,1,"singleton",0,0,0,0,0,0,0,0,0,0,0,3
"201353",188.86,13,2026-04-09,"41419139",55.3,"G62399",NA,NA,459,"2026",4,"Spring",2010-07-09,2010-10-02,186.233333333333,FALSE,"2010",7,"Summer","G-coded","male",">=7",188.86,">60",FALSE,FALSE,FALSE,FALSE,FALSE,FALSE,FALSE,FALSE,FALSE,FALSE,1,1,"singleton",0,1,0,0,0,1,0,1,0,1,0,4
