"dam_age_month","calf_birth_month_num","pred","pred_se","age_support","calf_sex"
24.7,1,42.7302932083564,0.360317130994033,"24.7-113.7 months (5th-95th percentile)","female"
26.3481481481481,1,42.8950826823068,0.33726148922919,"24.7-113.7 months (5th-95th percentile)","female"
27.9962962962963,1,43.0588615194127,0.317227747557079,"24.7-113.7 months (5th-95th percentile)","female"
29.6444444444444,1,43.22104786832,0.300688154080474,"24.7-113.7 months (5th-95th percentile)","female"
31.2925925925926,1,43.3809699819049,0.287991387883604,"24.7-113.7 months (5th-95th percentile)","female"
32.9407407407407,1,43.537897565261,0.279270943991647,"24.7-113.7 months (5th-95th percentile)","female"
34.5888888888889,1,43.6910714022428,0.274382166683377,"24.7-113.7 months (5th-95th percentile)","female"
36.237037037037,1,43.8397309953342,0.272897090618084,"24.7-113.7 months (5th-95th percentile)","female"
37.8851851851852,1,43.9831399509768,0.274164033132701,"24.7-113.7 months (5th-95th percentile)","female"
39.5333333333333,1,44.1206088534149,0.277409388335393,"24.7-113.7 months (5th-95th percentile)","female"
41.1814814814815,1,44.2515153914343,0.281845023505415,"24.7-113.7 months (5th-95th percentile)","female"
42.8296296296296,1,44.3753213983899,0.286752976187931,"24.7-113.7 months (5th-95th percentile)","female"
44.4777777777778,1,44.491582310662,0.291536222889408,"24.7-113.7 months (5th-95th percentile)","female"
46.1259259259259,1,44.5999569309431,0.295741572968642,"24.7-113.7 months (5th-95th percentile)","female"
47.7740740740741,1,44.7002204625748,0.299064790442057,"24.7-113.7 months (5th-95th percentile)","female"
49.4222222222222,1,44.792269144588,0.301342615241364,"24.7-113.7 months (5th-95th percentile)","female"
51.0703703703704,1,44.8761212991331,0.302538196499464,"24.7-113.7 months (5th-95th percentile)","female"
52.7185185185185,1,44.9519152685677,0.302722911105784,"24.7-113.7 months (5th-95th percentile)","female"
54.3666666666667,1,45.0199044178795,0.302055762183071,"24.7-113.7 months (5th-95th percentile)","female"
56.0148148148148,1,45.0804468047749,0.300760125741741,"24.7-113.7 months (5th-95th percentile)","female"
57.662962962963,1,45.1339852820325,0.299097611901391,"24.7-113.7 months (5th-95th percentile)","female"
59.3111111111111,1,45.1810427213064,0.29734545592766,"24.7-113.7 months (5th-95th percentile)","female"
60.9592592592593,1,45.2222130662408,0.295772567861172,"24.7-113.7 months (5th-95th percentile)","female"
62.6074074074074,1,45.2581461760532,0.2946159022376,"24.7-113.7 months (5th-95th percentile)","female"
64.2555555555556,1,45.2895317000661,0.294060970662979,"24.7-113.7 months (5th-95th percentile)","female"
65.9037037037037,1,45.3170824722647,0.294229092441281,"24.7-113.7 months (5th-95th percentile)","female"
67.5518518518519,1,45.3415178528474,0.295173245396399,"24.7-113.7 months (5th-95th percentile)","female"
69.2,1,45.363547433813,0.296882934498969,"24.7-113.7 months (5th-95th percentile)","female"
70.8481481481481,1,45.3838555067106,0.299296754339934,"24.7-113.7 months (5th-95th percentile)","female"
72.4962962962963,1,45.403086662526,0.302319890608883,"24.7-113.7 months (5th-95th percentile)","female"
74.1444444444444,1,45.421832855776,0.305843152887738,"24.7-113.7 months (5th-95th percentile)","female"
75.7925925925926,1,45.4406222213394,0.309760349763127,"24.7-113.7 months (5th-95th percentile)","female"
77.4407407407407,1,45.4599098801063,0.313981665778312,"24.7-113.7 months (5th-95th percentile)","female"
79.0888888888889,1,45.4800709145501,0.318441797287773,"24.7-113.7 months (5th-95th percentile)","female"
80.737037037037,1,45.5013956345602,0.323102643753439,"24.7-113.7 months (5th-95th percentile)","female"
82.3851851851852,1,45.524087192501,0.32795117408765,"24.7-113.7 months (5th-95th percentile)","female"
84.0333333333333,1,45.5482615443063,0.332993661589954,"24.7-113.7 months (5th-95th percentile)","female"
85.6814814814815,1,45.5739496915822,0.338247824680957,"24.7-113.7 months (5th-95th percentile)","female"
87.3296296296296,1,45.6011020827741,0.343734540166483,"24.7-113.7 months (5th-95th percentile)","female"
88.9777777777778,1,45.6295949955195,0.34947071353351,"24.7-113.7 months (5th-95th percentile)","female"
90.6259259259259,1,45.6592386761822,0.355464595052494,"24.7-113.7 months (5th-95th percentile)","female"
92.2740740740741,1,45.6897869686144,0.361714350803059,"24.7-113.7 months (5th-95th percentile)","female"
93.9222222222222,1,45.7209481329197,0.368210097806328,"24.7-113.7 months (5th-95th percentile)","female"
95.5703703703704,1,45.7523965279223,0.374938994112268,"24.7-113.7 months (5th-95th percentile)","female"
97.2185185185185,1,45.783784817105,0.381892437514406,"24.7-113.7 months (5th-95th percentile)","female"
98.8666666666667,1,45.8147563504412,0.38907405252577,"24.7-113.7 months (5th-95th percentile)","female"
100.514814814815,1,45.8449573789287,0.396506970446865,"24.7-113.7 months (5th-95th percentile)","female"
102.162962962963,1,45.8740487698369,0.404238938288762,"24.7-113.7 months (5th-95th percentile)","female"
103.811111111111,1,45.9017158948493,0.41234329122644,"24.7-113.7 months (5th-95th percentile)","female"
105.459259259259,1,45.9276742361194,0.420914084964167,"24.7-113.7 months (5th-95th percentile)","female"
107.107407407407,1,45.9516738647415,0.43005917498414,"24.7-113.7 months (5th-95th percentile)","female"
108.755555555556,1,45.9734967910803,0.439888976198697,"24.7-113.7 months (5th-95th percentile)","female"
110.403703703704,1,45.9929598621521,0.450507935037017,"24.7-113.7 months (5th-95th percentile)","female"
112.051851851852,1,46.0099319607039,0.462010688629358,"24.7-113.7 months (5th-95th percentile)","female"
113.7,1,46.0243425246496,0.474473312992735,"24.7-113.7 months (5th-95th percentile)","female"
24.7,1.33333333333333,42.7208905269675,0.332275041789225,"24.7-113.7 months (5th-95th percentile)","female"
26.3481481481481,1.33333333333333,42.8924983547984,0.309879224379255,"24.7-113.7 months (5th-95th percentile)","female"
27.9962962962963,1.33333333333333,43.0630896674171,0.290373897091781,"24.7-113.7 months (5th-95th percentile)","female"
29.6444444444444,1.33333333333333,43.2320771333554,0.274245192045887,"24.7-113.7 months (5th-95th percentile)","female"
31.2925925925926,1.33333333333333,43.3987813175121,0.261864242508916,"24.7-113.7 months (5th-95th percentile)","female"
32.9407407407407,1.33333333333333,43.5624618650712,0.253389479796827,"24.7-113.7 months (5th-95th percentile)","female"
34.5888888888889,1.33333333333333,43.7223470157764,0.24869582663398,"24.7-113.7 months (5th-95th percentile)","female"
36.237037037037,1.33333333333333,43.8776611824712,0.247364942446559,"24.7-113.7 months (5th-95th percentile)","female"
37.8851851851852,1.33333333333333,44.0276503250697,0.248746621026464,"24.7-113.7 months (5th-95th percentile)","female"
39.5333333333333,1.33333333333333,44.1716048618253,0.252066927458452,"24.7-113.7 months (5th-95th percentile)","female"
41.1814814814815,1.33333333333333,44.3088798809034,0.256541758590431,"24.7-113.7 months (5th-95th percentile)","female"
42.8296296296296,1.33333333333333,44.4389123135711,0.261464381707999,"24.7-113.7 months (5th-95th percentile)","female"
44.4777777777778,1.33333333333333,44.5612306549514,0.26625567255544,"24.7-113.7 months (5th-95th percentile)","female"
46.1259259259259,1.33333333333333,44.6754649636102,0.270484677307578,"24.7-113.7 months (5th-95th percentile)","female"
47.7740740740741,1.33333333333333,44.7813600457154,0.273871002710581,"24.7-113.7 months (5th-95th percentile)","female"
49.4222222222222,1.33333333333333,44.8787803732707,0.276274397377719,"24.7-113.7 months (5th-95th percentile)","female"
51.0703703703704,1.33333333333333,44.9677114538853,0.277678170717267,"24.7-113.7 months (5th-95th percentile)","female"
52.7185185185185,1.33333333333333,45.0482581187591,0.278169274845422,"24.7-113.7 months (5th-95th percentile)","female"
54.3666666666667,1.33333333333333,45.1206399004937,0.277916058718741,"24.7-113.7 months (5th-95th percentile)","female"
56.0148148148148,1.33333333333333,45.1851810856196,0.277143414276661,"24.7-113.7 months (5th-95th percentile)","female"
57.662962962963,1.33333333333333,45.2422911722336,0.276105249108056,"24.7-113.7 months (5th-95th percentile)","female"
59.3111111111111,1.33333333333333,45.2924605531097,0.275060615835161,"24.7-113.7 months (5th-95th percentile)","female"
60.9592592592593,1.33333333333333,45.3362520258153,0.274249313114759,"24.7-113.7 months (5th-95th percentile)","female"
62.6074074074074,1.33333333333333,45.3742860635323,0.273869169324485,"24.7-113.7 months (5th-95th percentile)","female"
64.2555555555556,1.33333333333333,45.4072251111212,0.27405908132255,"24.7-113.7 months (5th-95th percentile)","female"
65.9037037037037,1.33333333333333,45.4357573904692,0.274890319567793,"24.7-113.7 months (5th-95th percentile)","female"
67.5518518518519,1.33333333333333,45.4605806366943,0.276367391302363,"24.7-113.7 months (5th-95th percentile)","female"
69.2,1.33333333333333,45.4823861768252,0.278437962616522,"24.7-113.7 months (5th-95th percentile)","female"
70.8481481481481,1.33333333333333,45.5018437438923,0.281009581362754,"24.7-113.7 months (5th-95th percentile)","female"
72.4962962962963,1.33333333333333,45.5195873912729,0.28396982779278,"24.7-113.7 months (5th-95th percentile)","female"
74.1444444444444,1.33333333333333,45.5362028346073,0.287206333710198,"24.7-113.7 months (5th-95th percentile)","female"
75.7925925925926,1.33333333333333,45.552216505238,0.290623716248207,"24.7-113.7 months (5th-95th percentile)","female"
77.4407407407407,1.33333333333333,45.5680865471548,0.294155494395465,"24.7-113.7 months (5th-95th percentile)","female"
79.0888888888889,1.33333333333333,45.5841959347785,0.297770123740155,"24.7-113.7 months (5th-95th percentile)","female"
80.737037037037,1.33333333333333,45.6008478286796,0.301471189000818,"24.7-113.7 months (5th-95th percentile)","female"
82.3851851851852,1.33333333333333,45.6182632254446,0.305292485056314,"24.7-113.7 months (5th-95th percentile)","female"
84.0333333333333,1.33333333333333,45.6365808962947,0.309289232426133,"24.7-113.7 months (5th-95th percentile)","female"
85.6814814814815,1.33333333333333,45.6558595478639,0.313527048832349,"24.7-113.7 months (5th-95th percentile)","female"
87.3296296296296,1.33333333333333,45.6760820821654,0.318070523244345,"24.7-113.7 months (5th-95th percentile)","female"
88.9777777777778,1.33333333333333,45.6971617776005,0.322973258768467,"24.7-113.7 months (5th-95th percentile)","female"
90.6259259259259,1.33333333333333,45.7189501672581,0.328271002583214,"24.7-113.7 months (5th-95th percentile)","female"
92.2740740740741,1.33333333333333,45.7412463476221,0.333978954426742,"24.7-113.7 months (5th-95th percentile)","female"
93.9222222222222,1.33333333333333,45.7638074200415,0.340093605858788,"24.7-113.7 months (5th-95th percentile)","female"
95.5703703703704,1.33333333333333,45.7863597410563,0.346598656732386,"24.7-113.7 months (5th-95th percentile)","female"
97.2185185185185,1.33333333333333,45.8086106442361,0.353473846967153,"24.7-113.7 months (5th-95th percentile)","female"
98.8666666666667,1.33333333333333,45.8302602895789,0.360705064585282,"24.7-113.7 months (5th-95th percentile)","female"
100.514814814815,1.33333333333333,45.8510133013984,0.368293899591503,"24.7-113.7 months (5th-95th percentile)","female"
102.162962962963,1.33333333333333,45.8705898674463,0.376264898055273,"24.7-113.7 months (5th-95th percentile)","female"
103.811111111111,1.33333333333333,45.888734986416,0.384668362247534,"24.7-113.7 months (5th-95th percentile)","female"
105.459259259259,1.33333333333333,45.9052234597169,0.393576905619599,"24.7-113.7 months (5th-95th percentile)","female"
107.107407407407,1.33333333333333,45.919863836741,0.403079528261471,"24.7-113.7 months (5th-95th percentile)","female"
108.755555555556,1.33333333333333,45.9324955081216,0.413270987577591,"24.7-113.7 months (5th-95th percentile)","female"
110.403703703704,1.33333333333333,45.9429910922678,0.424243686649082,"24.7-113.7 months (5th-95th percentile)","female"
112.051851851852,1.33333333333333,45.9512723472343,0.436084042900959,"24.7-113.7 months (5th-95th percentile)","female"
113.7,1.33333333333333,45.9573176270587,0.448863516058795,"24.7-113.7 months (5th-95th percentile)","female"
24.7,1.66666666666667,42.6342278946393,0.306104470393603,"24.7-113.7 months (5th-95th percentile)","female"
26.3481481481481,1.66666666666667,42.8133095728555,0.284427316190385,"24.7-113.7 months (5th-95th percentile)","female"
27.9962962962963,1.66666666666667,42.9913619282354,0.265516585831833,"24.7-113.7 months (5th-95th percentile)","female"
29.6444444444444,1.66666666666667,43.1677880943484,0.249870909872946,"24.7-113.7 months (5th-95th percentile)","female"
31.2925925925926,1.66666666666667,43.3418962028792,0.237882140499393,"24.7-113.7 months (5th-95th percentile)","female"
32.9407407407407,1.66666666666667,43.5129305890993,0.229731339916516,"24.7-113.7 months (5th-95th percentile)","female"
34.5888888888889,1.66666666666667,43.6801013674005,0.225309867139792,"24.7-113.7 months (5th-95th percentile)","female"
36.237037037037,1.66666666666667,43.8426121097446,0.224205310658228,"24.7-113.7 months (5th-95th percentile)","female"
37.8851851851852,1.66666666666667,43.9996853570242,0.22576575658928,"24.7-113.7 months (5th-95th percentile)","female"
39.5333333333333,1.66666666666667,44.150585703818,0.229215437685478,"24.7-113.7 months (5th-95th percentile)","female"
41.1814814814815,1.66666666666667,44.2946402179966,0.23377488122444,"24.7-113.7 months (5th-95th percentile)","female"
42.8296296296296,1.66666666666667,44.4312558566255,0.238750865959786,"24.7-113.7 months (5th-95th percentile)","female"
44.4777777777778,1.66666666666667,44.5599295243982,0.24358536723628,"24.7-113.7 months (5th-95th percentile)","female"
46.1259259259259,1.66666666666667,44.6802583884016,0.247873150555632,"24.7-113.7 months (5th-95th percentile)","female"
47.7740740740741,1.66666666666667,44.7919533087741,0.251361058101219,"24.7-113.7 months (5th-95th percentile)","female"
49.4222222222222,1.66666666666667,44.8948440996963,0.253934971124872,"24.7-113.7 months (5th-95th percentile)","female"
51.0703703703704,1.66666666666667,44.9888812665429,0.255601097192261,"24.7-113.7 months (5th-95th percentile)","female"
52.7185185185185,1.66666666666667,45.0741346772388,0.256464160037241,"24.7-113.7 months (5th-95th percentile)","female"
54.3666666666667,1.66666666666667,45.1507893356816,0.256703275703243,"24.7-113.7 months (5th-95th percentile)","female"
56.0148148148148,1.66666666666667,45.2191358045189,0.256545217566286,"24.7-113.7 months (5th-95th percentile)","female"
57.662962962963,1.66666666666667,45.2795509374022,0.256235273718227,"24.7-113.7 months (5th-95th percentile)","female"
59.3111111111111,1.66666666666667,45.3324940659621,0.256012012625665,"24.7-113.7 months (5th-95th percentile)","female"
60.9592592592593,1.66666666666667,45.3784989829636,0.256082618813627,"24.7-113.7 months (5th-95th percentile)","female"
62.6074074074074,1.66666666666667,45.4181596078613,0.256601609877815,"24.7-113.7 months (5th-95th percentile)","female"
64.2555555555556,1.66666666666667,45.4521146628258,0.257657138540721,"24.7-113.7 months (5th-95th percentile)","female"
65.9037037037037,1.66666666666667,45.4810318396002,0.259267058375659,"24.7-113.7 months (5th-95th percentile)","female"
67.5518518518519,1.66666666666667,45.5055918742806,0.26138519543286,"24.7-113.7 months (5th-95th percentile)","female"
69.2,1.66666666666667,45.5264729371499,0.263916254728396,"24.7-113.7 months (5th-95th percentile)","female"
70.8481481481481,1.66666666666667,45.5443357262995,0.266736227014835,"24.7-113.7 months (5th-95th percentile)","female"
72.4962962962963,1.66666666666667,45.5598096257476,0.269714533871116,"24.7-113.7 months (5th-95th percentile)","female"
74.1444444444444,1.66666666666667,45.573480251642,0.272734472853751,"24.7-113.7 months (5th-95th percentile)","female"
75.7925925925926,1.66666666666667,45.5858786669412,0.275709438945841,"24.7-113.7 months (5th-95th percentile)","female"
77.4407407407407,1.66666666666667,45.5974724934792,0.278593466560893,"24.7-113.7 months (5th-95th percentile)","female"
79.0888888888889,1.66666666666667,45.608659095969,0.281385561012391,"24.7-113.7 months (5th-95th percentile)","female"
80.737037037037,1.66666666666667,45.6197609527778,0.284127985331236,"24.7-113.7 months (5th-95th percentile)","female"
82.3851851851852,1.66666666666667,45.6310232678638,0.286899193001159,"24.7-113.7 months (5th-95th percentile)","female"
84.0333333333333,1.66666666666667,45.6426138171679,0.289802548164748,"24.7-113.7 months (5th-95th percentile)","female"
85.6814814814815,1.66666666666667,45.6546249621297,0.292952406460572,"24.7-113.7 months (5th-95th percentile)","female"
87.3296296296296,1.66666666666667,45.6670777071044,0.296459507770464,"24.7-113.7 months (5th-95th percentile)","female"
88.9777777777778,1.66666666666667,45.6799276229589,0.300417841469534,"24.7-113.7 months (5th-95th percentile)","female"
90.6259259259259,1.66666666666667,45.6930724139728,0.3048950358084,"24.7-113.7 months (5th-95th percentile)","female"
92.2740740740741,1.66666666666667,45.7063608627649,0.309927808175692,"24.7-113.7 months (5th-95th percentile)","female"
93.9222222222222,1.66666666666667,45.7196028576321,0.315523132352363,"24.7-113.7 months (5th-95th percentile)","female"
95.5703703703704,1.66666666666667,45.7325801811349,0.321664724389042,"24.7-113.7 months (5th-95th percentile)","female"
97.2185185185185,1.66666666666667,45.7450577257481,0.328323480699803,"24.7-113.7 months (5th-95th percentile)","female"
98.8666666666667,1.66666666666667,45.7567947964061,0.335469847425589,"24.7-113.7 months (5th-95th percentile)","female"
100.514814814815,1.66666666666667,45.7675561650708,0.343085858265263,"24.7-113.7 months (5th-95th percentile)","female"
102.162962962963,1.66666666666667,45.7771225547968,0.35117472398247,"24.7-113.7 months (5th-95th percentile)","female"
103.811111111111,1.66666666666667,45.7852992709519,0.35976557279783,"24.7-113.7 months (5th-95th percentile)","female"
105.459259259259,1.66666666666667,45.7919206533784,0.368911444684236,"24.7-113.7 months (5th-95th percentile)","female"
107.107407407407,1.66666666666667,45.7968535423273,0.378684298717631,"24.7-113.7 months (5th-95th percentile)","female"
108.755555555556,1.66666666666667,45.7999942121953,0.389164879671356,"24.7-113.7 months (5th-95th percentile)","female"
110.403703703704,1.66666666666667,45.8012702845297,0.400434884592091,"24.7-113.7 months (5th-95th percentile)","female"
112.051851851852,1.66666666666667,45.8006552769448,0.412573391915648,"24.7-113.7 months (5th-95th percentile)","female"
113.7,1.66666666666667,45.7981749915212,0.425647548799256,"24.7-113.7 months (5th-95th percentile)","female"
24.7,2,42.4681545115294,0.28924754144127,"24.7-113.7 months (5th-95th percentile)","female"
26.3481481481481,2,42.6549505439277,0.268365267166375,"24.7-113.7 months (5th-95th percentile)","female"
27.9962962962963,2,42.8406996053098,0.250194038087625,"24.7-113.7 months (5th-95th percentile)","female"
29.6444444444444,2,43.0247925215869,0.235232902110754,"24.7-113.7 months (5th-95th percentile)","female"
31.2925925925926,2,43.206521783938,0.223873392528697,"24.7-113.7 months (5th-95th percentile)","female"
32.9407407407407,2,43.3851129150121,0.216292465393887,"24.7-113.7 months (5th-95th percentile)","female"
34.5888888888889,2,43.5597542346391,0.212372180667389,"24.7-113.7 months (5th-95th percentile)","female"
36.237037037037,2,43.7296247567377,0.211688308935494,"24.7-113.7 months (5th-95th percentile)","female"
37.8851851851852,2,43.8939199461223,0.213580594370039,"24.7-113.7 months (5th-95th percentile)","female"
39.5333333333333,2,44.0518750741999,0.217273834336454,"24.7-113.7 months (5th-95th percentile)","female"
41.1814814814815,2,44.202785933377,0.221999728903209,"24.7-113.7 months (5th-95th percentile)","female"
42.8296296296296,2,44.3460265711534,0.22708487653299,"24.7-113.7 months (5th-95th percentile)","female"
44.4777777777778,2,44.4810597331576,0.231996157625873,"24.7-113.7 months (5th-95th percentile)","female"
46.1259259259259,2,44.6074475433488,0.236354972920353,"24.7-113.7 months (5th-95th percentile)","female"
47.7740740740741,2,44.7248652469007,0.239934058958067,"24.7-113.7 months (5th-95th percentile)","female"
49.4222222222222,2,44.8331068488635,0.242642810227159,"24.7-113.7 months (5th-95th percentile)","female"
51.0703703703704,2,44.9320872419473,0.244507396171302,"24.7-113.7 months (5th-95th percentile)","female"
52.7185185185185,2,45.0218412745568,0.245647901736678,"24.7-113.7 months (5th-95th percentile)","female"
54.3666666666667,2,45.1025199235455,0.246253069458955,"24.7-113.7 months (5th-95th percentile)","female"
56.0148148148148,2,45.1743810672436,0.246552368933622,"24.7-113.7 months (5th-95th percentile)","female"
57.662962962963,2,45.2377704234276,0.246785865228353,"24.7-113.7 months (5th-95th percentile)","female"
59.3111111111111,2,45.2931182591241,0.247178207738161,"24.7-113.7 months (5th-95th percentile)","female"
60.9592592592593,2,45.3409318451357,0.247914082306168,"24.7-113.7 months (5th-95th percentile)","female"
62.6074074074074,2,45.3817814803103,0.24911832312373,"24.7-113.7 months (5th-95th percentile)","female"
64.2555555555556,2,45.4162855050912,0.250844834665639,"24.7-113.7 months (5th-95th percentile)","female"
65.9037037037037,2,45.4450947821645,0.253076097015148,"24.7-113.7 months (5th-95th percentile)","female"
67.5518518518519,2,45.4688770576318,0.25573298996866,"24.7-113.7 months (5th-95th percentile)","female"
69.2,2,45.4883016061855,0.25869263846924,"24.7-113.7 months (5th-95th percentile)","female"
70.8481481481481,2,45.5040245456878,0.261810684391976,"24.7-113.7 months (5th-95th percentile)","female"
72.4962962962963,2,45.516675178598,0.264944151518048,"24.7-113.7 months (5th-95th percentile)","female"
74.1444444444444,2,45.5268436809912,0.267971708546997,"24.7-113.7 months (5th-95th percentile)","female"
75.7925925925926,2,45.535070416872,0.270809181839293,"24.7-113.7 months (5th-95th percentile)","female"
77.4407407407407,2,45.541837104473,0.273419198935095,"24.7-113.7 months (5th-95th percentile)","female"
79.0888888888889,2,45.5475600071455,0.275814634170434,"24.7-113.7 months (5th-95th percentile)","female"
80.737037037037,2,45.5525852622144,0.278056072081898,"24.7-113.7 months (5th-95th percentile)","female"
82.3851851851852,2,45.5571864011229,0.280243909464323,"24.7-113.7 months (5th-95th percentile)","female"
84.0333333333333,2,45.5615640535551,0.282506108329106,"24.7-113.7 months (5th-95th percentile)","female"
85.6814814814815,2,45.5658477681207,0.284983055651459,"24.7-113.7 months (5th-95th percentile)","female"
87.3296296296296,2,45.5700998267147,0.287811445799331,"24.7-113.7 months (5th-95th percentile)","female"
88.9777777777778,2,45.5743208757647,0.291109440206918,"24.7-113.7 months (5th-95th percentile)","female"
90.6259259259259,2,45.5784571528193,0.294965379638995,"24.7-113.7 months (5th-95th percentile)","female"
92.2740740740741,2,45.5824090451496,0.299431879942686,"24.7-113.7 months (5th-95th percentile)","female"
93.9222222222222,2,45.5860406870765,0.304526230585316,"24.7-113.7 months (5th-95th percentile)","female"
95.5703703703704,2,45.5891902777734,0.310236832405921,"24.7-113.7 months (5th-95th percentile)","female"
97.2185185185185,2,45.5916807886455,0.316534269785404,"24.7-113.7 months (5th-95th percentile)","female"
98.8666666666667,2,45.5933307239053,0.323384810352124,"24.7-113.7 months (5th-95th percentile)","female"
100.514814814815,2,45.593964603609,0.330763810138587,"24.7-113.7 months (5th-95th percentile)","female"
102.162962962963,2,45.5934228512185,0.338666655180197,"24.7-113.7 months (5th-95th percentile)","female"
103.811111111111,2,45.5915698447668,0.347114649021019,"24.7-113.7 months (5th-95th percentile)","female"
105.459259259259,2,45.5882979015505,0.356153844241186,"24.7-113.7 months (5th-95th percentile)","female"
107.107407407407,2,45.5835303193631,0.365850546284834,"24.7-113.7 months (5th-95th percentile)","female"
108.755555555556,2,45.5772182292417,0.376281375509603,"24.7-113.7 months (5th-95th percentile)","female"
110.403703703704,2,45.5693420768374,0.387525454441761,"24.7-113.7 months (5th-95th percentile)","female"
112.051851851852,2,45.5599247901401,0.399660695313114,"24.7-113.7 months (5th-95th percentile)","female"
113.7,2,45.5490371269479,0.412754119442489,"24.7-113.7 months (5th-95th percentile)","female"
24.7,2.33333333333333,42.2205195777953,0.283618888037835,"24.7-113.7 months (5th-95th percentile)","female"
26.3481481481481,2.33333333333333,42.4148554754645,0.263436098239194,"24.7-113.7 months (5th-95th percentile)","female"
27.9962962962963,2.33333333333333,42.6081240020828,0.246003399902771,"24.7-113.7 months (5th-95th percentile)","female"
29.6444444444444,2.33333333333333,42.7997021853589,0.231809948381844,"24.7-113.7 months (5th-95th percentile)","female"
31.2925925925926,2.33333333333333,42.9888652066207,0.221225464182428,"24.7-113.7 months (5th-95th percentile)","female"
32.9407407407407,2.33333333333333,43.1748180204766,0.214393815406926,"24.7-113.7 months (5th-95th percentile)","female"
34.5888888888889,2.33333333333333,43.3567253950165,0.211159299250883,"24.7-113.7 months (5th-95th percentile)","female"
36.237037037037,2.33333333333333,43.5337401030343,0.211065798072904,"24.7-113.7 months (5th-95th percentile)","female"
37.8851851851852,2.33333333333333,43.7050289916459,0.213435648153447,"24.7-113.7 months (5th-95th percentile)","female"
39.5333333333333,2.33333333333333,43.8697966677779,0.217492814416022,"24.7-113.7 months (5th-95th percentile)","female"
41.1814814814815,2.33333333333333,44.027306557708,0.222480910163744,"24.7-113.7 months (5th-95th percentile)","female"
42.8296296296296,2.33333333333333,44.1768990007546,0.227745233257079,"24.7-113.7 months (5th-95th percentile)","female"
44.4777777777778,2.33333333333333,44.3180020953851,0.232773200018023,"24.7-113.7 months (5th-95th percentile)","female"
46.1259259259259,2.33333333333333,44.4501427664835,0.237205663870574,"24.7-113.7 months (5th-95th percentile)","female"
47.7740740740741,2.33333333333333,44.5729608552452,0.24083247608324,"24.7-113.7 months (5th-95th percentile)","female"
49.4222222222222,2.33333333333333,44.6862151457714,0.243577548201098,"24.7-113.7 months (5th-95th percentile)","female"
51.0703703703704,2.33333333333333,44.7897858849397,0.245479136432254,"24.7-113.7 months (5th-95th percentile)","female"
52.7185185185185,2.33333333333333,44.8836742412627,0.246667234295366,"24.7-113.7 months (5th-95th percentile)","female"
54.3666666666667,2.33333333333333,44.9679988641878,0.247338486892206,"24.7-113.7 months (5th-95th percentile)","female"
56.0148148148148,2.33333333333333,45.0429869795642,0.24772831769857,"24.7-113.7 months (5th-95th percentile)","female"
57.662962962963,2.33333333333333,45.1089554761996,0.248080794623215,"24.7-113.7 months (5th-95th percentile)","female"
59.3111111111111,2.33333333333333,45.1663081318562,0.248622500909835,"24.7-113.7 months (5th-95th percentile)","female"
60.9592592592593,2.33333333333333,45.2155285197819,0.249537948209356,"24.7-113.7 months (5th-95th percentile)","female"
62.6074074074074,2.33333333333333,45.2571663521493,0.250949836562851,"24.7-113.7 months (5th-95th percentile)","female"
64.2555555555556,2.33333333333333,45.2918227878288,0.252908318103557,"24.7-113.7 months (5th-95th percentile)","female"
65.9037037037037,2.33333333333333,45.320135180669,0.255390988426184,"24.7-113.7 months (5th-95th percentile)","female"
67.5518518518519,2.33333333333333,45.3427616787736,0.258313228828555,"24.7-113.7 months (5th-95th percentile)","female"
69.2,2.33333333333333,45.3603660753306,0.26154647628391,"24.7-113.7 months (5th-95th percentile)","female"
70.8481481481481,2.33333333333333,45.3736032938127,0.264940739705833,"24.7-113.7 months (5th-95th percentile)","female"
72.4962962962963,2.33333333333333,45.3831058624718,0.268347508591332,"24.7-113.7 months (5th-95th percentile)","female"
74.1444444444444,2.33333333333333,45.3894716967658,0.271639897349476,"24.7-113.7 months (5th-95th percentile)","female"
75.7925925925926,2.33333333333333,45.3932534654535,0.274727950087018,"24.7-113.7 months (5th-95th percentile)","female"
77.4407407407407,2.33333333333333,45.3949497655298,0.277568070438424,"24.7-113.7 months (5th-95th percentile)","female"
79.0888888888889,2.33333333333333,45.3949982773315,0.280166327050922,"24.7-113.7 months (5th-95th percentile)","female"
80.737037037037,2.33333333333333,45.3937710123488,0.282575918199304,"24.7-113.7 months (5th-95th percentile)","female"
82.3851851851852,2.33333333333333,45.3915717065859,0.284889466242634,"24.7-113.7 months (5th-95th percentile)","female"
84.0333333333333,2.33333333333333,45.3886353520852,0.2872271753752,"24.7-113.7 months (5th-95th percentile)","female"
85.6814814814815,2.33333333333333,45.3851297995779,0.289722286731614,"24.7-113.7 months (5th-95th percentile)","female"
87.3296296296296,2.33333333333333,45.3811593101197,0.292505671192974,"24.7-113.7 months (5th-95th percentile)","female"
88.9777777777778,2.33333333333333,45.3767698801881,0.295691689642361,"24.7-113.7 months (5th-95th percentile)","female"
90.6259259259259,2.33333333333333,45.3719561202902,0.299367449523668,"24.7-113.7 months (5th-95th percentile)","female"
92.2740740740741,2.33333333333333,45.3666694258832,0.303587166717358,"24.7-113.7 months (5th-95th percentile)","female"
93.9222222222222,2.33333333333333,45.3608271497599,0.308372500233142,"24.7-113.7 months (5th-95th percentile)","female"
95.5703703703704,2.33333333333333,45.3543224605872,0.313718634441883,"24.7-113.7 months (5th-95th percentile)","female"
97.2185185185185,2.33333333333333,45.3470345599332,0.319604814366535,"24.7-113.7 months (5th-95th percentile)","female"
98.8666666666667,2.33333333333333,45.3388389250593,0.326007262853831,"24.7-113.7 months (5th-95th percentile)","female"
100.514814814815,2.33333333333333,45.3296172506759,0.332912068007949,"24.7-113.7 months (5th-95th percentile)","female"
102.162962962963,2.33333333333333,45.3192667760417,0.340325725165313,"24.7-113.7 months (5th-95th percentile)","female"
103.811111111111,2.33333333333333,45.3077078041708,0.348280731577411,"24.7-113.7 months (5th-95th percentile)","female"
105.459259259259,2.33333333333333,45.2948872886799,0.356834173234896,"24.7-113.7 months (5th-95th percentile)","female"
107.107407407407,2.33333333333333,45.280781505711,0.366062986371772,"24.7-113.7 months (5th-95th percentile)","female"
108.755555555556,2.33333333333333,45.2653928852006,0.376053739973328,"24.7-113.7 months (5th-95th percentile)","female"
110.403703703704,2.33333333333333,45.2487511070908,0.386894494947487,"24.7-113.7 months (5th-95th percentile)","female"
112.051851851852,2.33333333333333,45.2309249271247,0.398670731082585,"24.7-113.7 months (5th-95th percentile)","female"
113.7,2.33333333333333,45.2120265422494,0.411455322579569,"24.7-113.7 months (5th-95th percentile)","female"
24.7,2.66666666666667,41.889212903031,0.284273181623541,"24.7-113.7 months (5th-95th percentile)","female"
26.3481481481481,2.66666666666667,42.0904991843521,0.264350382642107,"24.7-113.7 months (5th-95th percentile)","female"
27.9962962962963,2.66666666666667,42.2906970314335,0.247284173874539,"24.7-113.7 months (5th-95th percentile)","female"
29.6444444444444,2.66666666666667,42.4891694653889,0.233563230863811,"24.7-113.7 months (5th-95th percentile)","female"
31.2925925925926,2.66666666666667,42.6851742262958,0.223541438516309,"24.7-113.7 months (5th-95th percentile)","female"
32.9407407407407,2.66666666666667,42.8778956925963,0.217330327723325,"24.7-113.7 months (5th-95th percentile)","female"
34.5888888888889,2.66666666666667,43.0664752354933,0.21473105808803,"24.7-113.7 months (5th-95th percentile)","female"
36.237037037037,2.66666666666667,43.2500397376546,0.215244354911313,"24.7-113.7 months (5th-95th percentile)","female"
37.8851851851852,2.66666666666667,43.4277280023137,0.218159166460784,"24.7-113.7 months (5th-95th percentile)","female"
39.5333333333333,2.66666666666667,43.5987147887953,0.22267971335488,"24.7-113.7 months (5th-95th percentile)","female"
41.1814814814815,2.66666666666667,43.7622322310893,0.22804159931265,"24.7-113.7 months (5th-95th percentile)","female"
42.8296296296296,2.66666666666667,43.9175882984659,0.233589488234807,"24.7-113.7 months (5th-95th percentile)","female"
44.4777777777778,2.66666666666667,44.0641780346726,0.238813605501577,"24.7-113.7 months (5th-95th percentile)","female"
46.1259259259259,2.66666666666667,44.2014950052739,0.243358677251648,"24.7-113.7 months (5th-95th percentile)","female"
47.7740740740741,2.66666666666667,44.329145738394,0.247018555377793,"24.7-113.7 months (5th-95th percentile)","female"
49.4222222222222,2.66666666666667,44.4468561248554,0.249721280488958,"24.7-113.7 months (5th-95th percentile)","female"
51.0703703703704,2.66666666666667,44.5544743097979,0.25150992065212,"24.7-113.7 months (5th-95th percentile)","female"
52.7185185185185,2.66666666666667,44.6519705173431,0.252520801555703,"24.7-113.7 months (5th-95th percentile)","female"
54.3666666666667,2.66666666666667,44.7394339671475,0.252959347566981,"24.7-113.7 months (5th-95th percentile)","female"
56.0148148148148,2.66666666666667,44.8170642566882,0.253073018666271,"24.7-113.7 months (5th-95th percentile)","female"
57.662962962963,2.66666666666667,44.8851525510443,0.253121625680237,"24.7-113.7 months (5th-95th percentile)","female"
59.3111111111111,2.66666666666667,44.9440792928555,0.253351224967124,"24.7-113.7 months (5th-95th percentile)","female"
60.9592592592593,2.66666666666667,44.9943075237888,0.253968799309338,"24.7-113.7 months (5th-95th percentile)","female"
62.6074074074074,2.66666666666667,45.0363695040848,0.255120991694652,"24.7-113.7 months (5th-95th percentile)","female"
64.2555555555556,2.66666666666667,45.0708522703864,0.256881296194929,"24.7-113.7 months (5th-95th percentile)","female"
65.9037037037037,2.66666666666667,45.0983826070574,0.259247846245565,"24.7-113.7 months (5th-95th percentile)","female"
67.5518518518519,2.66666666666667,45.1196118391683,0.262151891565271,"24.7-113.7 months (5th-95th percentile)","female"
69.2,2.66666666666667,45.1352008454202,0.265474870589942,"24.7-113.7 months (5th-95th percentile)","female"
70.8481481481481,2.66666666666667,45.1458056718661,0.269070476906953,"24.7-113.7 months (5th-95th percentile)","female"
72.4962962962963,2.66666666666667,45.1520640994535,0.272787718587807,"24.7-113.7 months (5th-95th percentile)","female"
74.1444444444444,2.66666666666667,45.1545834825136,0.276491558255162,"24.7-113.7 months (5th-95th percentile)","female"
75.7925925925926,2.66666666666667,45.1539301325451,0.280078824829632,"24.7-113.7 months (5th-95th percentile)","female"
77.4407407407407,2.66666666666667,45.1506204714795,0.283488229859284,"24.7-113.7 months (5th-95th percentile)","female"
79.0888888888889,2.66666666666667,45.1451141249874,0.286704228875734,"24.7-113.7 months (5th-95th percentile)","female"
80.737037037037,2.66666666666667,45.1378090679773,0.289755098576681,"24.7-113.7 months (5th-95th percentile)","female"
82.3851851851852,2.66666666666667,45.1290388750538,0.292706038381858,"24.7-113.7 months (5th-95th percentile)","female"
84.0333333333333,2.66666666666667,45.119072068824,0.29564846015945,"24.7-113.7 months (5th-95th percentile)","female"
85.6814814814815,2.66666666666667,45.1081134996791,0.298686961951806,"24.7-113.7 months (5th-95th percentile)","female"
87.3296296296296,2.66666666666667,45.0963076358796,0.301925768120713,"24.7-113.7 months (5th-95th percentile)","female"
88.9777777777778,2.66666666666667,45.0837435898361,0.305456568346104,"24.7-113.7 months (5th-95th percentile)","female"
90.6259259259259,2.66666666666667,45.0704616623151,0.309349579801161,"24.7-113.7 months (5th-95th percentile)","female"
92.2740740740741,2.66666666666667,45.0564611455092,0.313649215626038,"24.7-113.7 months (5th-95th percentile)","female"
93.9222222222222,2.66666666666667,45.0417090965042,0.318374989741513,"24.7-113.7 months (5th-95th percentile)","female"
95.5703703703704,2.66666666666667,45.0261497686284,0.323527366743622,"24.7-113.7 months (5th-95th percentile)","female"
97.2185185185185,2.66666666666667,45.0097143760526,0.329097382015105,"24.7-113.7 months (5th-95th percentile)","female"
98.8666666666667,2.66666666666667,44.9923308622875,0.335078207334629,"24.7-113.7 months (5th-95th percentile)","female"
100.514814814815,2.66666666666667,44.9739333493713,0.341476526334779,"24.7-113.7 months (5th-95th percentile)","female"
102.162962962963,2.66666666666667,44.954470958033,0.348321622120688,"24.7-113.7 months (5th-95th percentile)","female"
103.811111111111,2.66666666666667,44.9339148549105,0.355669677131608,"24.7-113.7 months (5th-95th percentile)","female"
105.459259259259,2.66666666666667,44.9122615086499,0.363601221008009,"24.7-113.7 months (5th-95th percentile)","female"
107.107407407407,2.66666666666667,44.8895350486702,0.372215440040824,"24.7-113.7 months (5th-95th percentile)","female"
108.755555555556,2.66666666666667,44.8657841154489,0.38161911263885,"24.7-113.7 months (5th-95th percentile)","female"
110.403703703704,2.66666666666667,44.8410826226262,0.391917708228613,"24.7-113.7 months (5th-95th percentile)","female"
112.051851851852,2.66666666666667,44.8155403376398,0.403210672700766,"24.7-113.7 months (5th-95th percentile)","female"
113.7,2.66666666666667,44.789306355773,0.415580945348463,"24.7-113.7 months (5th-95th percentile)","female"
24.7,3,41.4807334973929,0.284505577955104,"24.7-113.7 months (5th-95th percentile)","female"
26.3481481481481,3,41.6879656880388,0.264300920049078,"24.7-113.7 months (5th-95th percentile)","female"
27.9962962962963,3,41.8940898068028,0.247073728089547,"24.7-113.7 months (5th-95th percentile)","female"
29.6444444444444,3,42.0984559419636,0.233336187327773,"24.7-113.7 months (5th-95th percentile)","female"
31.2925925925926,3,42.300305798894,0.223454275921923,"24.7-113.7 months (5th-95th percentile)","female"
32.9407407407407,3,42.4988049190369,0.217532080763282,"24.7-113.7 months (5th-95th percentile)","female"
34.5888888888889,3,42.6930733435927,0.21534117925924,"24.7-113.7 months (5th-95th percentile)","female"
36.237037037037,3,42.882214450181,0.216336568844236,"24.7-113.7 months (5th-95th percentile)","female"
37.8851851851852,3,43.0653416874064,0.219756796279887,"24.7-113.7 months (5th-95th percentile)","female"
39.5333333333333,3,43.2416029420579,0.224761259302525,"24.7-113.7 months (5th-95th percentile)","female"
41.1814814814815,3,43.4102022941831,0.230551222526338,"24.7-113.7 months (5th-95th percentile)","female"
42.8296296296296,3,43.5704188178862,0.236447537972059,"24.7-113.7 months (5th-95th percentile)","female"
44.4777777777778,3,43.7216181751742,0.241924858620167,"24.7-113.7 months (5th-95th percentile)","female"
46.1259259259259,3,43.8632644077503,0.246618147723554,"24.7-113.7 months (5th-95th percentile)","female"
47.7740740740741,3,43.9949347014959,0.250315695793191,"24.7-113.7 months (5th-95th percentile)","female"
49.4222222222222,3,44.1163261211132,0.252943433283967,"24.7-113.7 months (5th-95th percentile)","female"
51.0703703703704,3,44.227258831362,0.254545794336658,"24.7-113.7 months (5th-95th percentile)","female"
52.7185185185185,3,44.3276762433465,0.255264529439739,"24.7-113.7 months (5th-95th percentile)","female"
54.3666666666667,3,44.4176422425258,0.255315434439089,"24.7-113.7 months (5th-95th percentile)","female"
56.0148148148148,3,44.4973328143852,0.254962137032669,"24.7-113.7 months (5th-95th percentile)","female"
57.662962962963,3,44.5670173038501,0.2544867982997,"24.7-113.7 months (5th-95th percentile)","female"
59.3111111111111,3,44.6270565513814,0.254163916086846,"24.7-113.7 months (5th-95th percentile)","female"
60.9592592592593,3,44.6778965746055,0.254233785342626,"24.7-113.7 months (5th-95th percentile)","female"
62.6074074074074,3,44.7200554173857,0.254878782735427,"24.7-113.7 months (5th-95th percentile)","female"
64.2555555555556,3,44.754108912674,0.256207276082312,"24.7-113.7 months (5th-95th percentile)","female"
65.9037037037037,3,44.7806758338353,0.258247963483716,"24.7-113.7 months (5th-95th percentile)","female"
67.5518518518519,3,44.8004028408403,0.260955501983562,"24.7-113.7 months (5th-95th percentile)","female"
69.2,3,44.8139496178519,0.264225884109163,"24.7-113.7 months (5th-95th percentile)","female"
70.8481481481481,3,44.8219745816026,0.267918092316536,"24.7-113.7 months (5th-95th percentile)","female"
72.4962962962963,3,44.8251215121896,0.271877769497189,"24.7-113.7 months (5th-95th percentile)","female"
74.1444444444444,3,44.8240074223443,0.27595904031692,"24.7-113.7 months (5th-95th percentile)","female"
75.7925925925926,3,44.8192119385686,0.280041751713846,"24.7-113.7 months (5th-95th percentile)","female"
77.4407407407407,3,44.8112684177145,0.284042707767503,"24.7-113.7 months (5th-95th percentile)","female"
79.0888888888889,3,44.8006569691357,0.287920572064596,"24.7-113.7 months (5th-95th percentile)","female"
80.737037037037,3,44.7877994944581,0.291674885391159,"24.7-113.7 months (5th-95th percentile)","female"
82.3851851851852,3,44.7730567978894,0.295340155345972,"24.7-113.7 months (5th-95th percentile)","female"
84.0333333333333,3,44.7567277603995,0.298976326636442,"24.7-113.7 months (5th-95th percentile)","female"
85.6814814814815,3,44.7390505121641,0.302657206649868,"24.7-113.7 months (5th-95th percentile)","female"
87.3296296296296,3,44.7202054831167,0.306458598048213,"24.7-113.7 months (5th-95th percentile)","female"
88.9777777777778,3,44.7003201588774,0.310447919589628,"24.7-113.7 months (5th-95th percentile)","female"
90.6259259259259,3,44.6794753253856,0.314676898603714,"24.7-113.7 months (5th-95th percentile)","female"
92.2740740740741,3,44.6577125451333,0.319178457434278,"24.7-113.7 months (5th-95th percentile)","female"
93.9222222222222,3,44.6350425786933,0.32396822755284,"24.7-113.7 months (5th-95th percentile)","female"
95.5703703703704,3,44.6114544415111,0.329050331350891,"24.7-113.7 months (5th-95th percentile)","female"
97.2185185185185,3,44.5869247740073,0.334426328397284,"24.7-113.7 months (5th-95th percentile)","female"
98.8666666666667,3,44.5614271985712,0.340105673393982,"24.7-113.7 months (5th-95th percentile)","female"
100.514814814815,3,44.534941343357,0.346115752286733,"24.7-113.7 months (5th-95th percentile)","female"
102.162962962963,3,44.5074612265214,0.352509565136011,"24.7-113.7 months (5th-95th percentile)","female"
103.811111111111,3,44.4790019032947,0.359368627082603,"24.7-113.7 months (5th-95th percentile)","female"
105.459259259259,3,44.4496024559061,0.36679902185956,"24.7-113.7 months (5th-95th percentile)","female"
107.107407407407,3,44.4193280961023,0.374924443957976,"24.7-113.7 months (5th-95th percentile)","female"
108.755555555556,3,44.3882670559253,0.383873922348947,"24.7-113.7 months (5th-95th percentile)","female"
110.403703703704,3,44.3565310713421,0.393771854675581,"24.7-113.7 months (5th-95th percentile)","female"
112.051851851852,3,44.3242648719888,0.404732432423686,"24.7-113.7 months (5th-95th percentile)","female"
113.7,3,44.2916488864281,0.416848515877135,"24.7-113.7 months (5th-95th percentile)","female"
24.7,3.33333333333333,41.0207818156898,0.282023596901325,"24.7-113.7 months (5th-95th percentile)","female"
26.3481481481481,3.33333333333333,41.2325420061095,0.261370796723803,"24.7-113.7 months (5th-95th percentile)","female"
27.9962962962963,3.33333333333333,41.4431779931873,0.243759139998433,"24.7-113.7 months (5th-95th percentile)","female"
29.6444444444444,3.33333333333333,41.6520292833736,0.229732797544458,"24.7-113.7 months (5th-95th percentile)","female"
31.2925925925926,3.33333333333333,41.8583244859731,0.219687007516343,"24.7-113.7 months (5th-95th percentile)","female"
32.9407407407407,3.33333333333333,42.0612137852666,0.213741378489911,"24.7-113.7 months (5th-95th percentile)","female"
34.5888888888889,3.33333333333333,42.2597998641599,0.211660475425355,"24.7-113.7 months (5th-95th percentile)","female"
36.237037037037,3.33333333333333,42.4531670067569,0.212869763522222,"24.7-113.7 months (5th-95th percentile)","female"
37.8851851851852,3.33333333333333,42.6404081038384,0.216565018497945,"24.7-113.7 months (5th-95th percentile)","female"
39.5333333333333,3.33333333333333,42.8206492949192,0.221861690667747,"24.7-113.7 months (5th-95th percentile)","female"
41.1814814814815,3.33333333333333,42.993072000997,0.227924185194399,"24.7-113.7 months (5th-95th percentile)","female"
42.8296296296296,3.33333333333333,43.1569320048449,0.234046332321493,"24.7-113.7 months (5th-95th percentile)","female"
44.4777777777778,3.33333333333333,43.3115713327202,0.239684689415436,"24.7-113.7 months (5th-95th percentile)","female"
46.1259259259259,3.33333333333333,43.456430326473,0.244462964004957,"24.7-113.7 months (5th-95th percentile)","female"
47.7740740740741,3.33333333333333,43.5910626738314,0.248163216910464,"24.7-113.7 months (5th-95th percentile)","female"
49.4222222222222,3.33333333333333,43.7151424139475,0.250708995234207,"24.7-113.7 months (5th-95th percentile)","female"
51.0703703703704,3.33333333333333,43.8284674244021,0.252145725071435,"24.7-113.7 months (5th-95th percentile)","female"
52.7185185185185,3.33333333333333,43.930959825836,0.252619603803974,"24.7-113.7 months (5th-95th percentile)","female"
54.3666666666667,3.33333333333333,44.0226634591699,0.252354734767265,"24.7-113.7 months (5th-95th percentile)","female"
56.0148148148148,3.33333333333333,44.1037357034396,0.251627344100572,"24.7-113.7 months (5th-95th percentile)","female"
57.662962962963,3.33333333333333,44.1744287829648,0.250736585859847,"24.7-113.7 months (5th-95th percentile)","female"
59.3111111111111,3.33333333333333,44.2350882462465,0.24997813051571,"24.7-113.7 months (5th-95th percentile)","female"
60.9592592592593,3.33333333333333,44.286146935346,0.249616558670953,"24.7-113.7 months (5th-95th percentile)","female"
62.6074074074074,3.33333333333333,44.3281120143808,0.249859666215544,"24.7-113.7 months (5th-95th percentile)","female"
64.2555555555556,3.33333333333333,44.3615508914966,0.250839825237318,"24.7-113.7 months (5th-95th percentile)","female"
65.9037037037037,3.33333333333333,44.3870765087079,0.252605758562246,"24.7-113.7 months (5th-95th percentile)","female"
67.5518518518519,3.33333333333333,44.4053324046682,0.255126209094994,"24.7-113.7 months (5th-95th percentile)","female"
69.2,3.33333333333333,44.4169779455769,0.258304378807179,"24.7-113.7 months (5th-95th percentile)","female"
70.8481481481481,3.33333333333333,44.4226741025477,0.26199971392102,"24.7-113.7 months (5th-95th percentile)","female"
72.4962962962963,3.33333333333333,44.4230701260322,0.266052492192003,"24.7-113.7 months (5th-95th percentile)","female"
74.1444444444444,3.33333333333333,44.4187914325975,0.270306924898935,"24.7-113.7 months (5th-95th percentile)","female"
75.7925925925926,3.33333333333333,44.4104289767773,0.274629675357937,"24.7-113.7 months (5th-95th percentile)","female"
77.4407407407407,3.33333333333333,44.3985303311765,0.278922162221759,"24.7-113.7 months (5th-95th percentile)","female"
79.0888888888889,3.33333333333333,44.3835926447016,0.283126276479984,"24.7-113.7 months (5th-95th percentile)","female"
80.737037037037,3.33333333333333,44.3660575909706,0.287224025335091,"24.7-113.7 months (5th-95th percentile)","female"
82.3851851851852,3.33333333333333,44.3463083600253,0.291232169980149,"24.7-113.7 months (5th-95th percentile)","female"
84.0333333333333,3.33333333333333,44.3246686871117,0.295193269302758,"24.7-113.7 months (5th-95th percentile)","female"
85.6814814814815,3.33333333333333,44.3014038536079,0.299164765845798,"24.7-113.7 months (5th-95th percentile)","female"
87.3296296296296,3.33333333333333,44.2767235408214,0.303207868990126,"24.7-113.7 months (5th-95th percentile)","female"
88.9777777777778,3.33333333333333,44.2507863650895,0.307377961743772,"24.7-113.7 months (5th-95th percentile)","female"
90.6259259259259,3.33333333333333,44.2237058788364,0.311718019399271,"24.7-113.7 months (5th-95th percentile)","female"
92.2740740740741,3.33333333333333,44.1955577820969,0.316256057897029,"24.7-113.7 months (5th-95th percentile)","female"
93.9222222222222,3.33333333333333,44.1663880599645,0.321006965465517,"24.7-113.7 months (5th-95th percentile)","female"
95.5703703703704,3.33333333333333,44.1362217379474,0.325978324913546,"24.7-113.7 months (5th-95th percentile)","female"
97.2185185185185,3.33333333333333,44.1050719354393,0.3311791408835,"24.7-113.7 months (5th-95th percentile)","female"
98.8666666666667,3.33333333333333,44.0729488932446,0.336629869625158,"24.7-113.7 months (5th-95th percentile)","female"
100.514814814815,3.33333333333333,44.0398686575606,0.342371872773092,"24.7-113.7 months (5th-95th percentile)","female"
102.162962962963,3.33333333333333,44.0058611167364,0.348474398709454,"24.7-113.7 months (5th-95th percentile)","female"
103.811111111111,3.33333333333333,43.9709763318768,0.355036648808436,"24.7-113.7 months (5th-95th percentile)","female"
105.459259259259,3.33333333333333,43.9352873226711,0.362182835540238,"24.7-113.7 months (5th-95th percentile)","female"
107.107407407407,3.33333333333333,43.8988919713468,0.370054188959714,"24.7-113.7 months (5th-95th percentile)","female"
108.755555555556,3.33333333333333,43.861909956477,0.378795588804359,"24.7-113.7 months (5th-95th percentile)","female"
110.403703703704,3.33333333333333,43.8244830183401,0.388544606736654,"24.7-113.7 months (5th-95th percentile)","female"
112.051851851852,3.33333333333333,43.786783569359,0.399425091050133,"24.7-113.7 months (5th-95th percentile)","female"
113.7,3.33333333333333,43.749016784883,0.41153537292071,"24.7-113.7 months (5th-95th percentile)","female"
24.7,3.66666666666667,40.5368322338971,0.277958979322171,"24.7-113.7 months (5th-95th percentile)","female"
26.3481481481481,3.66666666666667,40.7514775348614,0.257083336351052,"24.7-113.7 months (5th-95th percentile)","female"
27.9962962962963,3.66666666666667,40.9649871119631,0.239206790191238,"24.7-113.7 months (5th-95th percentile)","female"
29.6444444444444,3.66666666666667,41.1766929245963,0.224888693783619,"24.7-113.7 months (5th-95th percentile)","female"
31.2925925925926,3.66666666666667,41.3858142481284,0.214547443283642,"24.7-113.7 months (5th-95th percentile)","female"
32.9407407407407,3.66666666666667,41.5914903290344,0.208328375037798,"24.7-113.7 months (5th-95th percentile)","female"
34.5888888888889,3.66666666666667,41.7928114962658,0.206015818979573,"24.7-113.7 months (5th-95th percentile)","female"
36.237037037037,3.66666666666667,41.98884845562,0.207042692671115,"24.7-113.7 months (5th-95th percentile)","female"
37.8851851851852,3.66666666666667,42.1786794904001,0.21059997897512,"24.7-113.7 months (5th-95th percentile)","female"
39.5333333333333,3.66666666666667,42.3614153012653,0.215791332365758,"24.7-113.7 months (5th-95th percentile)","female"
41.1814814814815,3.66666666666667,42.536221238569,0.221768274356933,"24.7-113.7 months (5th-95th percentile)","female"
42.8296296296296,3.66666666666667,42.7023365832806,0.227814263006727,"24.7-113.7 months (5th-95th percentile)","female"
44.4777777777778,3.66666666666667,42.8590866341421,0.23337907217668,"24.7-113.7 months (5th-95th percentile)","female"
46.1259259259259,3.66666666666667,43.0058949803051,0.23808287792776,"24.7-113.7 months (5th-95th percentile)","female"
47.7740740740741,3.66666666666667,43.1422987228634,0.241706694942447,"24.7-113.7 months (5th-95th percentile)","female"
49.4222222222222,3.66666666666667,43.2679556739758,0.244174763414442,"24.7-113.7 months (5th-95th percentile)","female"
51.0703703703704,3.66666666666667,43.3826480334405,0.245534376940667,"24.7-113.7 months (5th-95th percentile)","female"
52.7185185185185,3.66666666666667,43.4862829773245,0.245934365181613,"24.7-113.7 months (5th-95th percentile)","female"
54.3666666666667,3.66666666666667,43.5788903123943,0.245601884395821,"24.7-113.7 months (5th-95th percentile)","female"
56.0148148148148,3.66666666666667,43.6606144296659,0.24481625518008,"24.7-113.7 months (5th-95th percentile)","female"
57.662962962963,3.66666666666667,43.7316956425487,0.243879286492552,"24.7-113.7 months (5th-95th percentile)","female"
59.3111111111111,3.66666666666667,43.7924689104412,0.243088300673495,"24.7-113.7 months (5th-95th percentile)","female"
60.9592592592593,3.66666666666667,43.8433580128101,0.242707903240345,"24.7-113.7 months (5th-95th percentile)","female"
62.6074074074074,3.66666666666667,43.8848627038884,0.242943761918843,"24.7-113.7 months (5th-95th percentile)","female"
64.2555555555556,3.66666666666667,43.9175447461429,0.243923745747093,"24.7-113.7 months (5th-95th percentile)","female"
65.9037037037037,3.66666666666667,43.942013296731,0.245689928716027,"24.7-113.7 months (5th-95th percentile)","female"
67.5518518518519,3.66666666666667,43.958910051068,0.248202942875362,"24.7-113.7 months (5th-95th percentile)","female"
69.2,3.66666666666667,43.9688945378038,0.251357395962731,"24.7-113.7 months (5th-95th percentile)","female"
70.8481481481481,3.66666666666667,43.9726299427879,0.25500468009763,"24.7-113.7 months (5th-95th percentile)","female"
72.4962962962963,3.66666666666667,43.9707698119085,0.258978403560673,"24.7-113.7 months (5th-95th percentile)","female"
74.1444444444444,3.66666666666667,43.9639459475933,0.263118041326653,"24.7-113.7 months (5th-95th percentile)","female"
75.7925925925926,3.66666666666667,43.9527577712345,0.267287703655471,"24.7-113.7 months (5th-95th percentile)","female"
77.4407407407407,3.66666666666667,43.9377633744688,0.271388457474117,"24.7-113.7 months (5th-95th percentile)","female"
79.0888888888889,3.66666666666667,43.9194724290275,0.275363909625775,"24.7-113.7 months (5th-95th percentile)","female"
80.737037037037,3.66666666666667,43.8983410672435,0.279199623548377,"24.7-113.7 months (5th-95th percentile)","female"
82.3851851851852,3.66666666666667,43.8747687865114,0.28291746376173,"24.7-113.7 months (5th-95th percentile)","female"
84.0333333333333,3.66666666666667,43.8490973718029,0.286566286255111,"24.7-113.7 months (5th-95th percentile)","female"
85.6814814814815,3.66666666666667,43.8216117718297,0.290210614059037,"24.7-113.7 months (5th-95th percentile)","female"
87.3296296296296,3.66666666666667,43.79254281023,0.293919070076817,"24.7-113.7 months (5th-95th percentile)","female"
88.9777777777778,3.66666666666667,43.7620715610602,0.29775433404531,"24.7-113.7 months (5th-95th percentile)","female"
90.6259259259259,3.66666666666667,43.7303351742178,0.301766172495787,"24.7-113.7 months (5th-95th percentile)","female"
92.2740740740741,3.66666666666667,43.6974338964704,0.30598862500012,"24.7-113.7 months (5th-95th percentile)","female"
93.9222222222222,3.66666666666667,43.6634390048246,0.310441748921189,"24.7-113.7 months (5th-95th percentile)","female"
95.5703703703704,3.66666666666667,43.6284013456688,0.315137543127133,"24.7-113.7 months (5th-95th percentile)","female"
97.2185185185185,3.66666666666667,43.5923601614494,0.320088934186092,"24.7-113.7 months (5th-95th percentile)","female"
98.8666666666667,3.66666666666667,43.555351882511,0.325320152391718,"24.7-113.7 months (5th-95th percentile)","female"
100.514814814815,3.66666666666667,43.517418568286,0.330876523295945,"24.7-113.7 months (5th-95th percentile)","female"
102.162962962963,3.66666666666667,43.478615696073,0.336831674885972,"24.7-113.7 months (5th-95th percentile)","female"
103.811111111111,3.66666666666667,43.4390182670208,0.343289623736121,"24.7-113.7 months (5th-95th percentile)","female"
105.459259259259,3.66666666666667,43.3987234504323,0.350379602747633,"24.7-113.7 months (5th-95th percentile)","female"
107.107407407407,3.66666666666667,43.3578523488273,0.358247628055247,"24.7-113.7 months (5th-95th percentile)","female"
108.755555555556,3.66666666666667,43.3165469680484,0.367042560472978,"24.7-113.7 months (5th-95th percentile)","female"
110.403703703704,3.66666666666667,43.2749703285029,0.37690457589444,"24.7-113.7 months (5th-95th percentile)","female"
112.051851851852,3.66666666666667,43.2333144420866,0.38795817871208,"24.7-113.7 months (5th-95th percentile)","female"
113.7,3.66666666666667,43.1918019628081,0.400299940174029,"24.7-113.7 months (5th-95th percentile)","female"
24.7,4,40.0547566944981,0.276605983841447,"24.7-113.7 months (5th-95th percentile)","female"
26.3481481481481,4,40.270785245805,0.255885832245949,"24.7-113.7 months (5th-95th percentile)","female"
27.9962962962963,4,40.485670373123,0.238041191212218,"24.7-113.7 months (5th-95th percentile)","female"
29.6444444444444,4,40.6987390546973,0.223612689703648,"24.7-113.7 months (5th-95th percentile)","female"
31.2925925925926,4,40.9092044413877,0.213012724347986,"24.7-113.7 months (5th-95th percentile)","female"
32.9407407407407,4,41.1161986447792,0.206400245779682,"24.7-113.7 months (5th-95th percentile)","female"
34.5888888888889,4,41.3188039829173,0.203593250159638,"24.7-113.7 months (5th-95th percentile)","female"
36.237037037037,4,41.5160824100118,0.204070237356744,"24.7-113.7 months (5th-95th percentile)","female"
37.8851851851852,4,41.707102852941,0.207067620529572,"24.7-113.7 months (5th-95th percentile)","female"
39.5333333333333,4,41.890966186952,0.211725535076927,"24.7-113.7 months (5th-95th percentile)","female"
41.1814814814815,4,42.0668276033204,0.217220531860626,"24.7-113.7 months (5th-95th percentile)","female"
42.8296296296296,4,42.2339160244785,0.222851551043666,"24.7-113.7 months (5th-95th percentile)","female"
44.4777777777778,4,42.3915463232855,0.228077536037116,"24.7-113.7 months (5th-95th percentile)","female"
46.1259259259259,4,42.5391317257509,0.232524168317792,"24.7-113.7 months (5th-95th percentile)","female"
47.7740740740741,4,42.6761991602367,0.235975849232441,"24.7-113.7 months (5th-95th percentile)","female"
49.4222222222222,4,42.8023965801525,0.238358737539343,"24.7-113.7 months (5th-95th percentile)","female"
51.0703703703704,4,42.9174967597354,0.239720539873905,"24.7-113.7 months (5th-95th percentile)","female"
52.7185185185185,4,43.0213979968667,0.240208468456359,"24.7-113.7 months (5th-95th percentile)","female"
54.3666666666667,4,43.1141218759693,0.240045175087334,"24.7-113.7 months (5th-95th percentile)","female"
56.0148148148148,4,43.1958053005752,0.239501597366016,"24.7-113.7 months (5th-95th percentile)","female"
57.662962962963,4,43.2666818379123,0.238866440030352,"24.7-113.7 months (5th-95th percentile)","female"
59.3111111111111,4,43.3270805951787,0.238418547840466,"24.7-113.7 months (5th-95th percentile)","female"
60.9592592592593,4,43.3774205182565,0.238398806733898,"24.7-113.7 months (5th-95th percentile)","female"
62.6074074074074,4,43.418197617026,0.238985129463394,"24.7-113.7 months (5th-95th percentile)","female"
64.2555555555556,4,43.4499710593479,0.240275803812594,"24.7-113.7 months (5th-95th percentile)","female"
65.9037037037037,4,43.4733486080066,0.242284319278948,"24.7-113.7 months (5th-95th percentile)","female"
67.5518518518519,4,43.4889718042958,0.244946504768429,"24.7-113.7 months (5th-95th percentile)","female"
69.2,4,43.4975012921192,0.248138053987782,"24.7-113.7 months (5th-95th percentile)","female"
70.8481481481481,4,43.499602659872,0.251698416013288,"24.7-113.7 months (5th-95th percentile)","female"
72.4962962962963,4,43.4959331496998,0.255456318760524,"24.7-113.7 months (5th-95th percentile)","female"
74.1444444444444,4,43.4871295487493,0.259252830185213,"24.7-113.7 months (5th-95th percentile)","female"
75.7925925925926,4,43.4737975345467,0.262959236729683,"24.7-113.7 months (5th-95th percentile)","female"
77.4407407407407,4,43.4565026974176,0.266488463359338,"24.7-113.7 months (5th-95th percentile)","female"
79.0888888888889,4,43.4357634097161,0.269799877954311,"24.7-113.7 months (5th-95th percentile)","female"
80.737037037037,4,43.4120456541,0.272898043465758,"24.7-113.7 months (5th-95th percentile)","female"
82.3851851851852,4,43.3857598643891,0.27582641525853,"24.7-113.7 months (5th-95th percentile)","female"
84.0333333333333,4,43.3572597734369,0.278657278273247,"24.7-113.7 months (5th-95th percentile)","female"
85.6814814814815,4,43.3268432040355,0.281479470793392,"24.7-113.7 months (5th-95th percentile)","female"
87.3296296296296,4,43.2947546847367,0.284385649987643,"24.7-113.7 months (5th-95th percentile)","female"
88.9777777777778,4,43.2611897204833,0.287460946808547,"24.7-113.7 months (5th-95th percentile)","female"
90.6259259259259,4,43.226300504353,0.290774726641929,"24.7-113.7 months (5th-95th percentile)","female"
92.2740740740741,4,43.1902028168749,0.294376747374568,"24.7-113.7 months (5th-95th percentile)","female"
93.9222222222222,4,43.1529838304879,0.298298298878696,"24.7-113.7 months (5th-95th percentile)","female"
95.5703703703704,4,43.1147105135058,0.302558037265128,"24.7-113.7 months (5th-95th percentile)","female"
97.2185185185185,4,43.0754383163299,0.307171371085171,"24.7-113.7 months (5th-95th percentile)","female"
98.8666666666667,4,43.0352198185867,0.312161593321954,"24.7-113.7 months (5th-95th percentile)","female"
100.514814814815,4,42.994113022471,0.317570588941866,"24.7-113.7 months (5th-95th percentile)","female"
102.162962962963,4,42.952188991697,0.323466915563093,"24.7-113.7 months (5th-95th percentile)","female"
103.811111111111,4,42.9095378257417,0.329948578535083,"24.7-113.7 months (5th-95th percentile)","female"
105.459259259259,4,42.8662712315068,0.337138320535281,"24.7-113.7 months (5th-95th percentile)","female"
107.107407407407,4,42.8225242135292,0.345175359205875,"24.7-113.7 months (5th-95th percentile)","female"
108.755555555556,4,42.7784520831643,0.354201501134714,"24.7-113.7 months (5th-95th percentile)","female"
110.403703703704,4,42.7342304825961,0.364349570860779,"24.7-113.7 months (5th-95th percentile)","female"
112.051851851852,4,42.6900629633616,0.375736222593355,"24.7-113.7 months (5th-95th percentile)","female"
113.7,4,42.6461823683109,0.388449558176684,"24.7-113.7 months (5th-95th percentile)","female"
24.7,4.33333333333333,39.600243030596,0.281411140876495,"24.7-113.7 months (5th-95th percentile)","female"
26.3481481481481,4.33333333333333,39.8163360531345,0.261120424568544,"24.7-113.7 months (5th-95th percentile)","female"
27.9962962962963,4.33333333333333,40.0312807636497,0.243558281141605,"24.7-113.7 months (5th-95th percentile)","female"
29.6444444444444,4.33333333333333,40.2444011238504,0.229217762240724,"24.7-113.7 months (5th-95th percentile)","female"
31.2925925925926,4.33333333333333,40.4549066587004,0.218474288821716,"24.7-113.7 months (5th-95th percentile)","female"
32.9407407407407,4.33333333333333,40.6619253526017,0.211477343454156,"24.7-113.7 months (5th-95th percentile)","female"
34.5888888888889,4.33333333333333,40.864534999829,0.20807400955639,"24.7-113.7 months (5th-95th percentile)","female"
36.237037037037,4.33333333333333,41.0617927353231,0.207806147508267,"24.7-113.7 months (5th-95th percentile)","female"
37.8851851851852,4.33333333333333,41.2527624684197,0.2099894154387,"24.7-113.7 months (5th-95th percentile)","female"
39.5333333333333,4.33333333333333,41.4365399516359,0.21383845241479,"24.7-113.7 months (5th-95th percentile)","female"
41.1814814814815,4.33333333333333,41.6122752370063,0.218587309705985,"24.7-113.7 months (5th-95th percentile)","female"
42.8296296296296,4.33333333333333,41.7791921749509,0.223573178746752,"24.7-113.7 months (5th-95th percentile)","female"
44.4777777777778,4.33333333333333,41.9366007042483,0.228277599670847,"24.7-113.7 months (5th-95th percentile)","female"
46.1259259259259,4.33333333333333,42.0839093266181,0.232338050631765,"24.7-113.7 months (5th-95th percentile)","female"
47.7740740740741,4.33333333333333,42.2206405341622,0.235543704878615,"24.7-113.7 months (5th-95th percentile)","female"
49.4222222222222,4.33333333333333,42.3464381953685,0.237820762293148,"24.7-113.7 months (5th-95th percentile)","female"
51.0703703703704,4.33333333333333,42.4610714076594,0.239213134208096,"24.7-113.7 months (5th-95th percentile)","female"
52.7185185185185,4.33333333333333,42.5644352509073,0.239860274359791,"24.7-113.7 months (5th-95th percentile)","female"
54.3666666666667,4.33333333333333,42.6565485948073,0.239972372489774,"24.7-113.7 months (5th-95th percentile)","female"
56.0148148148148,4.33333333333333,42.7375461540865,0.239802318784533,"24.7-113.7 months (5th-95th percentile)","female"
57.662962962963,4.33333333333333,42.8076598057747,0.239614693019959,"24.7-113.7 months (5th-95th percentile)","female"
59.3111111111111,4.33333333333333,42.8672175346172,0.239658059907284,"24.7-113.7 months (5th-95th percentile)","female"
60.9592592592593,4.33333333333333,42.9166377809028,0.240137999181662,"24.7-113.7 months (5th-95th percentile)","female"
62.6074074074074,4.33333333333333,42.9564166785373,0.241194553123812,"24.7-113.7 months (5th-95th percentile)","female"
64.2555555555556,4.33333333333333,42.9871141550084,0.242888919657119,"24.7-113.7 months (5th-95th percentile)","female"
65.9037037037037,4.33333333333333,43.0093393680253,0.245201757110927,"24.7-113.7 months (5th-95th percentile)","female"
67.5518518518519,4.33333333333333,43.0237358826661,0.248043085222434,"24.7-113.7 months (5th-95th percentile)","female"
69.2,4.33333333333333,43.0309669830718,0.251271290454772,"24.7-113.7 months (5th-95th percentile)","female"
70.8481481481481,4.33333333333333,43.0317014961811,0.254717139759849,"24.7-113.7 months (5th-95th percentile)","female"
72.4962962962963,4.33333333333333,43.0266004773374,0.258208428327903,"24.7-113.7 months (5th-95th percentile)","female"
74.1444444444444,4.33333333333333,43.0163050726818,0.261591705802327,"24.7-113.7 months (5th-95th percentile)","female"
75.7925925925926,4.33333333333333,43.0014258307697,0.264748833298706,"24.7-113.7 months (5th-95th percentile)","female"
77.4407407407407,4.33333333333333,42.9825336866786,0.267607370150245,"24.7-113.7 months (5th-95th percentile)","female"
79.0888888888889,4.33333333333333,42.9601527887401,0.270144698466846,"24.7-113.7 months (5th-95th percentile)","female"
80.737037037037,4.33333333333333,42.9347552805313,0.272386359072105,"24.7-113.7 months (5th-95th percentile)","female"
82.3851851851852,4.33333333333333,42.9067580920774,0.274399420487575,"24.7-113.7 months (5th-95th percentile)","female"
84.0333333333333,4.33333333333333,42.8765217351277,0.276281977030159,"24.7-113.7 months (5th-95th percentile)","female"
85.6814814814815,4.33333333333333,42.8443510389776,0.278150157246502,"24.7-113.7 months (5th-95th percentile)","female"
87.3296296296296,4.33333333333333,42.8104977091753,0.280124315420268,"24.7-113.7 months (5th-95th percentile)","female"
88.9777777777778,4.33333333333333,42.7751645394773,0.282316291141683,"24.7-113.7 months (5th-95th percentile)","female"
90.6259259259259,4.33333333333333,42.7385110638282,0.28481961738092,"24.7-113.7 months (5th-95th percentile)","female"
92.2740740740741,4.33333333333333,42.7006603952968,0.287704221988703,"24.7-113.7 months (5th-95th percentile)","female"
93.9222222222222,4.33333333333333,42.6617069700115,0.291016471928553,"24.7-113.7 months (5th-95th percentile)","female"
95.5703703703704,4.33333333333333,42.6217248909257,0.294784461913098,"24.7-113.7 months (5th-95th percentile)","female"
97.2185185185185,4.33333333333333,42.5807765546121,0.299027455034038,"24.7-113.7 months (5th-95th percentile)","female"
98.8666666666667,4.33333333333333,42.538921240209,0.303767575177931,"24.7-113.7 months (5th-95th percentile)","female"
100.514814814815,4.33333333333333,42.4962233462326,0.309041388658565,"24.7-113.7 months (5th-95th percentile)","female"
102.162962962963,4.33333333333333,42.4527599750881,0.314908954136352,"24.7-113.7 months (5th-95th percentile)","female"
103.811111111111,4.33333333333333,42.408626868661,0.321457522443347,"24.7-113.7 months (5th-95th percentile)","female"
105.459259259259,4.33333333333333,42.363940983201,0.328797678664492,"24.7-113.7 months (5th-95th percentile)","female"
107.107407407407,4.33333333333333,42.3188421733533,0.337055686893634,"24.7-113.7 months (5th-95th percentile)","female"
108.755555555556,4.33333333333333,42.2734902548717,0.34636018919199,"24.7-113.7 months (5th-95th percentile)","female"
110.403703703704,4.33333333333333,42.2280650108696,0.356831053811751,"24.7-113.7 months (5th-95th percentile)","female"
112.051851851852,4.33333333333333,42.1827735912383,0.36857231419945,"24.7-113.7 months (5th-95th percentile)","female"
113.7,4.33333333333333,42.1378517919833,0.381660025148785,"24.7-113.7 months (5th-95th percentile)","female"
24.7,4.66666666666667,39.1989790752943,0.292646048448462,"24.7-113.7 months (5th-95th percentile)","female"
26.3481481481481,4.66666666666667,39.4140008710444,0.272701779639606,"24.7-113.7 months (5th-95th percentile)","female"
27.9962962962963,4.66666666666667,39.627871270526,0.255374286966386,"24.7-113.7 months (5th-95th percentile)","female"
29.6444444444444,4.66666666666667,39.839912582229,0.241106570767603,"24.7-113.7 months (5th-95th percentile)","female"
31.2925925925926,4.66666666666667,40.049332493016,0.230230953141158,"24.7-113.7 months (5th-95th percentile)","female"
32.9407407407407,4.66666666666667,40.2552570726029,0.22287779367386,"24.7-113.7 months (5th-95th percentile)","female"
34.5888888888889,4.66666666666667,40.4567622227153,0.218912077380714,"24.7-113.7 months (5th-95th percentile)","female"
36.237037037037,4.66666666666667,40.6529032969449,0.217929857317416,"24.7-113.7 months (5th-95th percentile)","female"
37.8851851851852,4.66666666666667,40.8427426137948,0.219321676266675,"24.7-113.7 months (5th-95th percentile)","female"
39.5333333333333,4.66666666666667,41.0253745949736,0.222377061831641,"24.7-113.7 months (5th-95th percentile)","female"
41.1814814814815,4.66666666666667,41.1999482813816,0.226390277458305,"24.7-113.7 months (5th-95th percentile)","female"
42.8296296296296,4.66666666666667,41.3656868812102,0.230739142969564,"24.7-113.7 months (5th-95th percentile)","female"
44.4777777777778,4.66666666666667,41.5219000811286,0.234928337474881,"24.7-113.7 months (5th-95th percentile)","female"
46.1259259259259,4.66666666666667,41.6679965467144,0.238605558477067,"24.7-113.7 months (5th-95th percentile)","female"
47.7740740740741,4.66666666666667,41.8034993928503,0.241561454392443,"24.7-113.7 months (5th-95th percentile)","female"
49.4222222222222,4.66666666666667,41.9280535825149,0.243717889779779,"24.7-113.7 months (5th-95th percentile)","female"
51.0703703703704,4.66666666666667,42.0414297815852,0.24511018618707,"24.7-113.7 months (5th-95th percentile)","female"
52.7185185185185,4.66666666666667,42.1435251058909,0.245865482191072,"24.7-113.7 months (5th-95th percentile)","female"
54.3666666666667,4.66666666666667,42.2343609138202,0.246177885865948,"24.7-113.7 months (5th-95th percentile)","female"
56.0148148148148,4.66666666666667,42.3140748281187,0.246280328776331,"24.7-113.7 months (5th-95th percentile)","female"
57.662962962963,4.66666666666667,42.3829019828552,0.246413842312523,"24.7-113.7 months (5th-95th percentile)","female"
59.3111111111111,4.66666666666667,42.441173962915,0.246800486251285,"24.7-113.7 months (5th-95th percentile)","female"
60.9592592592593,4.66666666666667,42.4893131299666,0.247617866190424,"24.7-113.7 months (5th-95th percentile)","female"
62.6074074074074,4.66666666666667,42.5278198131659,0.248978782397564,"24.7-113.7 months (5th-95th percentile)","female"
64.2555555555556,4.66666666666667,42.5572583570213,0.25092029639353,"24.7-113.7 months (5th-95th percentile)","female"
65.9037037037037,4.66666666666667,42.5782425022777,0.253403984028452,"24.7-113.7 months (5th-95th percentile)","female"
67.5518518518519,4.66666666666667,42.5914205044932,0.256326889269226,"24.7-113.7 months (5th-95th percentile)","female"
69.2,4.66666666666667,42.5974603852109,0.259540548218813,"24.7-113.7 months (5th-95th percentile)","female"
70.8481481481481,4.66666666666667,42.597035694096,0.262874199482728,"24.7-113.7 months (5th-95th percentile)","female"
72.4962962962963,4.66666666666667,42.5908121327527,0.266158215897774,"24.7-113.7 months (5th-95th percentile)","female"
74.1444444444444,4.66666666666667,42.579435356007,0.269244609391772,"24.7-113.7 months (5th-95th percentile)","female"
75.7925925925926,4.66666666666667,42.5635202239596,0.272022635576752,"24.7-113.7 months (5th-95th percentile)","female"
77.4407407407407,4.66666666666667,42.5436417289075,0.274428607259704,"24.7-113.7 months (5th-95th percentile)","female"
79.0888888888889,4.66666666666667,42.5203277680721,0.276449805260024,"24.7-113.7 months (5th-95th percentile)","female"
80.737037037037,4.66666666666667,42.494053875529,0.278122861454808,"24.7-113.7 months (5th-95th percentile)","female"
82.3851851851852,4.66666666666667,42.4652399679954,0.279527298857548,"24.7-113.7 months (5th-95th percentile)","female"
84.0333333333333,4.66666666666667,42.4342490999893,0.280775176221308,"24.7-113.7 months (5th-95th percentile)","female"
85.6814814814815,4.66666666666667,42.4013881654085,0.281998078944413,"24.7-113.7 months (5th-95th percentile)","female"
87.3296296296296,4.66666666666667,42.3669104283792,0.283333022708775,"24.7-113.7 months (5th-95th percentile)","female"
88.9777777777778,4.66666666666667,42.3310197141609,0.284909109621705,"24.7-113.7 months (5th-95th percentile)","female"
90.6259259259259,4.66666666666667,42.29387604723,0.286836855558896,"24.7-113.7 months (5th-95th percentile)","female"
92.2740740740741,4.66666666666667,42.2556024837227,0.289201856338465,"24.7-113.7 months (5th-95th percentile)","female"
93.9222222222222,4.66666666666667,42.2162928564528,0.292063818938134,"24.7-113.7 months (5th-95th percentile)","female"
95.5703703703704,4.66666666666667,42.1760201273959,0.295461035084656,"24.7-113.7 months (5th-95th percentile)","female"
97.2185185185185,4.66666666666667,42.134845030827,0.299419322448039,"24.7-113.7 months (5th-95th percentile)","female"
98.8666666666667,4.66666666666667,42.0928246861148,0.303963561508663,"24.7-113.7 months (5th-95th percentile)","female"
100.514814814815,4.66666666666667,42.0500208656879,0.309129412204859,"24.7-113.7 months (5th-95th percentile)","female"
102.162962962963,4.66666666666667,42.0065076177262,0.314972693065656,"24.7-113.7 months (5th-95th percentile)","female"
103.811111111111,4.66666666666667,41.9623772564006,0.321573558007807,"24.7-113.7 months (5th-95th percentile)","female"
105.459259259259,4.66666666666667,41.917743022821,0.329033282864587,"24.7-113.7 months (5th-95th percentile)","female"
107.107407407407,4.66666666666667,41.8727408362006,0.337467199128725,"24.7-113.7 months (5th-95th percentile)","female"
108.755555555556,4.66666666666667,41.8275264362172,0.346992129755512,"24.7-113.7 months (5th-95th percentile)","female"
110.403703703704,4.66666666666667,41.7822754435737,0.357715827678546,"24.7-113.7 months (5th-95th percentile)","female"
112.051851851852,4.66666666666667,41.7371907837709,0.369730207880163,"24.7-113.7 months (5th-95th percentile)","female"
113.7,4.66666666666667,41.6925040244171,0.383099701382062,"24.7-113.7 months (5th-95th percentile)","female"
24.7,5,38.8766526616961,0.307427716259708,"24.7-113.7 months (5th-95th percentile)","female"
26.3481481481481,5,39.089650613729,0.287350562206623,"24.7-113.7 months (5th-95th percentile)","female"
27.9962962962963,5,39.3014948807345,0.269852403285848,"24.7-113.7 months (5th-95th percentile)","female"
29.6444444444444,5,39.511506880007,0.255349054151965,"24.7-113.7 months (5th-95th percentile)","female"
31.2925925925926,5,39.7188935372842,0.244149744108971,"24.7-113.7 months (5th-95th percentile)","female"
32.9407407407407,5,39.9227804248835,0.236375439017091,"24.7-113.7 months (5th-95th percentile)","female"
34.5888888888889,5,40.1222433272908,0.231902504631749,"24.7-113.7 months (5th-95th percentile)","female"
36.237037037037,5,40.316337960268,0.230358354953788,"24.7-113.7 months (5th-95th percentile)","female"
37.8851851851852,5,40.5041275660249,0.231175674962918,"24.7-113.7 months (5th-95th percentile)","female"
39.5333333333333,5,40.6847081166219,0.233684734775006,"24.7-113.7 months (5th-95th percentile)","female"
41.1814814814815,5,40.8572308782011,0.237210363069317,"24.7-113.7 months (5th-95th percentile)","female"
42.8296296296296,5,41.0209219897687,0.241147847705514,"24.7-113.7 months (5th-95th percentile)","female"
44.4777777777778,5,41.1750947580246,0.245007746141881,"24.7-113.7 months (5th-95th percentile)","female"
46.1259259259259,5,41.3191621498475,0.248435267432562,"24.7-113.7 months (5th-95th percentile)","female"
47.7740740740741,5,41.4526522845119,0.25121329673475,"24.7-113.7 months (5th-95th percentile)","female"
49.4222222222222,5,41.5752158044826,0.253252998518343,"24.7-113.7 months (5th-95th percentile)","female"
51.0703703703704,5,41.6866296858853,0.254577549545022,"24.7-113.7 months (5th-95th percentile)","female"
52.7185185185185,5,41.786797928262,0.255301390029012,"24.7-113.7 months (5th-95th percentile)","female"
54.3666666666667,5,41.8757492779204,0.255605967006267,"24.7-113.7 months (5th-95th percentile)","female"
56.0148148148148,5,41.9536291605907,0.255712136345168,"24.7-113.7 months (5th-95th percentile)","female"
57.662962962963,5,42.0206808058731,0.255850084782733,"24.7-113.7 months (5th-95th percentile)","female"
59.3111111111111,5,42.0772441142302,0.256232938280497,"24.7-113.7 months (5th-95th percentile)","female"
60.9592592592593,5,42.1237498946656,0.257031998031178,"24.7-113.7 months (5th-95th percentile)","female"
62.6074074074074,5,42.1607069456554,0.258356921074932,"24.7-113.7 months (5th-95th percentile)","female"
64.2555555555556,5,42.1886879892836,0.260244889210848,"24.7-113.7 months (5th-95th percentile)","female"
65.9037037037037,5,42.2083149362543,0.262660427955645,"24.7-113.7 months (5th-95th percentile)","female"
67.5518518518519,5,42.2202438880915,0.265505463685355,"24.7-113.7 months (5th-95th percentile)","female"
69.2,5,42.2251502730854,0.268637214495055,"24.7-113.7 months (5th-95th percentile)","female"
70.8481481481481,5,42.2237144959979,0.271890303318088,"24.7-113.7 months (5th-95th percentile)","female"
72.4962962962963,5,42.216608453877,0.275099337559135,"24.7-113.7 months (5th-95th percentile)","female"
74.1444444444444,5,42.204483235341,0.278118900684049,"24.7-113.7 months (5th-95th percentile)","female"
75.7925925925926,5,42.1879582781725,0.280838973964109,"24.7-113.7 months (5th-95th percentile)","female"
77.4407407407407,5,42.1676122107601,0.28319483457551,"24.7-113.7 months (5th-95th percentile)","female"
79.0888888888889,5,42.1439755496851,0.285171246646556,"24.7-113.7 months (5th-95th percentile)","female"
80.737037037037,5,42.1175253680845,0.28680126477807,"24.7-113.7 months (5th-95th percentile)","female"
82.3851851851852,5,42.0886819905621,0.288160299243791,"24.7-113.7 months (5th-95th percentile)","female"
84.0333333333333,5,42.0578077111357,0.289356363143603,"24.7-113.7 months (5th-95th percentile)","female"
85.6814814814815,5,42.0252074720804,0.290517707278044,"24.7-113.7 months (5th-95th percentile)","female"
87.3296296296296,5,41.9911313871823,0.291779350330329,"24.7-113.7 months (5th-95th percentile)","female"
88.9777777777778,5,41.9557789406528,0.29327025950751,"24.7-113.7 months (5th-95th percentile)","female"
90.6259259259259,5,41.9193046491445,0.295103003135426,"24.7-113.7 months (5th-95th percentile)","female"
92.2740740740741,5,41.8818249341388,0.297367460223406,"24.7-113.7 months (5th-95th percentile)","female"
93.9222222222222,5,41.8434259228691,0.30012957557738,"24.7-113.7 months (5th-95th percentile)","female"
95.5703703703704,5,41.8041718723838,0.303435263051757,"24.7-113.7 months (5th-95th percentile)","female"
97.2185185185185,5,41.764113899506,0.307318565414893,"24.7-113.7 months (5th-95th percentile)","female"
98.8666666666667,5,41.7232986950414,0.31181231474278,"24.7-113.7 months (5th-95th percentile)","female"
100.514814814815,5,41.6817769069539,0.316958994531483,"24.7-113.7 months (5th-95th percentile)","female"
102.162962962963,5,41.6396108910909,0.322819382945523,"24.7-113.7 months (5th-95th percentile)","female"
103.811111111111,5,41.5968808495819,0.329476218669629,"24.7-113.7 months (5th-95th percentile)","female"
105.459259259259,5,41.5536876676732,0.337030808651715,"24.7-113.7 months (5th-95th percentile)","female"
107.107407407407,5,41.510154809972,0.345595976964484,"24.7-113.7 months (5th-95th percentile)","female"
108.755555555556,5,41.4664255802479,0.355283854466845,"24.7-113.7 months (5th-95th percentile)","female"
110.403703703704,5,41.4226633109582,0.366195696917566,"24.7-113.7 months (5th-95th percentile)","female"
112.051851851852,5,41.3790589990137,0.378415393108256,"24.7-113.7 months (5th-95th percentile)","female"
113.7,5,41.3358328562041,0.39199844229666,"24.7-113.7 months (5th-95th percentile)","female"
24.7,5.33333333333333,38.6584917045743,0.321774005832688,"24.7-113.7 months (5th-95th percentile)","female"
26.3481481481481,5.33333333333333,38.8686962770521,0.300888154815195,"24.7-113.7 months (5th-95th percentile)","female"
27.9962962962963,5.33333333333333,39.0777446629273,0.282623947638451,"24.7-113.7 months (5th-95th percentile)","female"
29.6444444444444,5.33333333333333,39.2849575490273,0.267402979440703,"24.7-113.7 months (5th-95th percentile)","female"
31.2925925925926,5.33333333333333,39.4895414661239,0.255542437431077,"24.7-113.7 months (5th-95th percentile)","female"
32.9407407407407,5.33333333333333,39.6906221112138,0.247173792120334,"24.7-113.7 months (5th-95th percentile)","female"
34.5888888888889,5.33333333333333,39.8872760709394,0.242185124446506,"24.7-113.7 months (5th-95th percentile)","female"
36.237037037037,5.33333333333333,40.0785606723525,0.240213464107484,"24.7-113.7 months (5th-95th percentile)","female"
37.8851851851852,5.33333333333333,40.2635416837377,0.240695104198496,"24.7-113.7 months (5th-95th percentile)","female"
39.5333333333333,5.33333333333333,40.4413185979067,0.242955545674446,"24.7-113.7 months (5th-95th percentile)","female"
41.1814814814815,5.33333333333333,40.6110472508892,0.24630672229555,"24.7-113.7 months (5th-95th percentile)","female"
42.8296296296296,5.33333333333333,40.7719594288081,0.250125172023713,"24.7-113.7 months (5th-95th percentile)","female"
44.4777777777778,5.33333333333333,40.9233751207037,0.25389975606455,"24.7-113.7 months (5th-95th percentile)","female"
46.1259259259259,5.33333333333333,41.0647149814943,0.257253584651747,"24.7-113.7 months (5th-95th percentile)","female"
47.7740740740741,5.33333333333333,41.1955158390269,0.259948901267803,"24.7-113.7 months (5th-95th percentile)","female"
49.4222222222222,5.33333333333333,41.3154380058319,0.261878911034816,"24.7-113.7 months (5th-95th percentile)","female"
51.0703703703704,5.33333333333333,41.4242690066016,0.263052380505866,"24.7-113.7 months (5th-95th percentile)","female"
52.7185185185185,5.33333333333333,41.5219241661346,0.263573634508282,"24.7-113.7 months (5th-95th percentile)","female"
54.3666666666667,5.33333333333333,41.6084442136892,0.263619047338113,"24.7-113.7 months (5th-95th percentile)","female"
56.0148148148148,5.33333333333333,41.6839870710907,0.263410142049309,"24.7-113.7 months (5th-95th percentile)","female"
57.662962962963,5.33333333333333,41.7488087932169,0.263183936179742,"24.7-113.7 months (5th-95th percentile)","female"
59.3111111111111,5.33333333333333,41.8032623043903,0.263166738344788,"24.7-113.7 months (5th-95th percentile)","female"
60.9592592592593,5.33333333333333,41.8477914858867,0.263548828672803,"24.7-113.7 months (5th-95th percentile)","female"
62.6074074074074,5.33333333333333,41.8829180824187,0.264463141924035,"24.7-113.7 months (5th-95th percentile)","female"
64.2555555555556,5.33333333333333,41.9092274573615,0.265972155217552,"24.7-113.7 months (5th-95th percentile)","female"
65.9037037037037,5.33333333333333,41.927353677115,0.268065027718813,"24.7-113.7 months (5th-95th percentile)","female"
67.5518518518519,5.33333333333333,41.9379643334447,0.27066512323519,"24.7-113.7 months (5th-95th percentile)","female"
69.2,5.33333333333333,41.9417455029135,0.273645994631403,"24.7-113.7 months (5th-95th percentile)","female"
70.8481481481481,5.33333333333333,41.9393872259369,0.276852463727351,"24.7-113.7 months (5th-95th percentile)","female"
72.4962962962963,5.33333333333333,41.931569860311,0.280123005419855,"24.7-113.7 months (5th-95th percentile)","female"
74.1444444444444,5.33333333333333,41.9189516289692,0.283310154005395,"24.7-113.7 months (5th-95th percentile)","female"
75.7925925925926,5.33333333333333,41.9021576391336,0.286296669494858,"24.7-113.7 months (5th-95th percentile)","female"
77.4407407407407,5.33333333333333,41.8817706005614,0.289006286727147,"24.7-113.7 months (5th-95th percentile)","female"
79.0888888888889,5.33333333333333,41.858323417221,0.291408746217213,"24.7-113.7 months (5th-95th percentile)","female"
80.737037037037,5.33333333333333,41.8322937688585,0.2935194108225,"24.7-113.7 months (5th-95th percentile)","female"
82.3851851851852,5.33333333333333,41.8041007398658,0.29539417142621,"24.7-113.7 months (5th-95th percentile)","female"
84.0333333333333,5.33333333333333,41.7741034933502,0.297120641197149,"24.7-113.7 months (5th-95th percentile)","female"
85.6814814814815,5.33333333333333,41.7426019294151,0.29880690302937,"24.7-113.7 months (5th-95th percentile)","female"
87.3296296296296,5.33333333333333,41.7098392120874,0.300569315856448,"24.7-113.7 months (5th-95th percentile)","female"
88.9777777777778,5.33333333333333,41.6760059967411,0.3025210475603,"24.7-113.7 months (5th-95th percentile)","female"
90.6259259259259,5.33333333333333,41.6412461458276,0.304762985805432,"24.7-113.7 months (5th-95th percentile)","female"
92.2740740740741,5.33333333333333,41.6056636802011,0.307378396352004,"24.7-113.7 months (5th-95th percentile)","female"
93.9222222222222,5.33333333333333,41.5693306839868,0.310432120623611,"24.7-113.7 months (5th-95th percentile)","female"
95.5703703703704,5.33333333333333,41.532295857026,0.313974302989396,"24.7-113.7 months (5th-95th percentile)","female"
97.2185185185185,5.33333333333333,41.4945933968496,0.318047766711363,"24.7-113.7 months (5th-95th percentile)","female"
98.8666666666667,5.33333333333333,41.456251887395,0.322697409090025,"24.7-113.7 months (5th-95th percentile)","female"
100.514814814815,5.33333333333333,41.4173028778169,0.327979516349476,"24.7-113.7 months (5th-95th percentile)","female"
102.162962962963,5.33333333333333,41.3777888483315,0.333968794909082,"24.7-113.7 months (5th-95th percentile)","female"
103.811111111111,5.33333333333333,41.3377695904961,0.340760566416957,"24.7-113.7 months (5th-95th percentile)","female"
105.459259259259,5.33333333333333,41.2973253167331,0.348466225041622,"24.7-113.7 months (5th-95th percentile)","female"
107.107407407407,5.33333333333333,41.2565587842379,0.357205404747855,"24.7-113.7 months (5th-95th percentile)","female"
108.755555555556,5.33333333333333,41.2155927216796,0.367093447986757,"24.7-113.7 months (5th-95th percentile)","female"
110.403703703704,5.33333333333333,41.1745702249426,0.378231188560824,"24.7-113.7 months (5th-95th percentile)","female"
112.051851851852,5.33333333333333,41.1336627766903,0.390698636420711,"24.7-113.7 months (5th-95th percentile)","female"
113.7,5.33333333333333,41.0930721596054,0.404544605526825,"24.7-113.7 months (5th-95th percentile)","female"
24.7,5.66666666666667,38.551844793596,0.334518899217209,"24.7-113.7 months (5th-95th percentile)","female"
26.3481481481481,5.66666666666667,38.7586695317721,0.312341129775252,"24.7-113.7 months (5th-95th percentile)","female"
27.9962962962963,5.66666666666667,38.9643343606513,0.292878832388728,"24.7-113.7 months (5th-95th percentile)","female"
29.6444444444444,5.66666666666667,39.1681587960276,0.276582627624668,"24.7-113.7 months (5th-95th percentile)","female"
31.2925925925926,5.66666666666667,39.3693486290485,0.263800210734604,"24.7-113.7 months (5th-95th percentile)","female"
32.9407407407407,5.66666666666667,39.5670295082587,0.254689247805709,"24.7-113.7 months (5th-95th percentile)","female"
34.5888888888889,5.66666666666667,39.7602788859396,0.249152331319888,"24.7-113.7 months (5th-95th percentile)","female"
36.237037037037,5.66666666666667,39.9481560551534,0.246823427165931,"24.7-113.7 months (5th-95th percentile)","female"
37.8851851851852,5.66666666666667,40.1297300004561,0.247116921329978,"24.7-113.7 months (5th-95th percentile)","female"
39.5333333333333,5.66666666666667,40.3041047950487,0.249321531778985,"24.7-113.7 months (5th-95th percentile)","female"
41.1814814814815,5.66666666666667,40.4704422977648,0.252704406065735,"24.7-113.7 months (5th-95th percentile)","female"
42.8296296296296,5.66666666666667,40.6279818014047,0.25659595344013,"24.7-113.7 months (5th-95th percentile)","female"
44.4777777777778,5.66666666666667,40.776052229828,0.260442135671024,"24.7-113.7 months (5th-95th percentile)","female"
46.1259259259259,5.66666666666667,40.9140845620266,0.263828830636471,"24.7-113.7 months (5th-95th percentile)","female"
47.7740740740741,5.66666666666667,41.04162736117,0.266487798787119,"24.7-113.7 months (5th-95th percentile)","female"
49.4222222222222,5.66666666666667,41.158354006018,0.268288864338419,"24.7-113.7 months (5th-95th percentile)","female"
51.0703703703704,5.66666666666667,41.2640663046709,0.26922478387781,"24.7-113.7 months (5th-95th percentile)","female"
52.7185185185185,5.66666666666667,41.3586949425175,0.269391727413707,"24.7-113.7 months (5th-95th percentile)","female"
54.3666666666667,5.66666666666667,41.4422969226028,0.26896650874739,"24.7-113.7 months (5th-95th percentile)","female"
56.0148148148148,5.66666666666667,41.5150471541017,0.268180435848618,"24.7-113.7 months (5th-95th percentile)","female"
57.662962962963,5.66666666666667,41.57721913817,0.267289956685648,"24.7-113.7 months (5th-95th percentile)","female"
59.3111111111111,5.66666666666667,41.6291835241175,0.266550433288899,"24.7-113.7 months (5th-95th percentile)","female"
60.9592592592593,5.66666666666667,41.6714019894116,0.266189540790814,"24.7-113.7 months (5th-95th percentile)","female"
62.6074074074074,5.66666666666667,41.7044139047636,0.266383139467259,"24.7-113.7 months (5th-95th percentile)","female"
64.2555555555556,5.66666666666667,41.7288218417158,0.26723817228896,"24.7-113.7 months (5th-95th percentile)","female"
65.9037037037037,5.66666666666667,41.7452764069144,0.268785329391812,"24.7-113.7 months (5th-95th percentile)","female"
67.5518518518519,5.66666666666667,41.7544608154313,0.27098253920712,"24.7-113.7 months (5th-95th percentile)","female"
69.2,5.66666666666667,41.7570756058085,0.273728156801479,"24.7-113.7 months (5th-95th percentile)","female"
70.8481481481481,5.66666666666667,41.7538238828581,0.276880836098325,"24.7-113.7 months (5th-95th percentile)","female"
72.4962962962963,5.66666666666667,41.7453974465501,0.280282150141483,"24.7-113.7 months (5th-95th percentile)","female"
74.1444444444444,5.66666666666667,41.732464130072,0.283778208816796,"24.7-113.7 months (5th-95th percentile)","female"
75.7925925925926,5.66666666666667,41.7156566274631,0.287237476895444,"24.7-113.7 months (5th-95th percentile)","female"
77.4407407407407,5.66666666666667,41.6955630415314,0.290563208806595,"24.7-113.7 months (5th-95th percentile)","female"
79.0888888888889,5.66666666666667,41.6727193292167,0.293699996675021,"24.7-113.7 months (5th-95th percentile)","female"
80.737037037037,5.66666666666667,41.6476037634064,0.296634716731778,"24.7-113.7 months (5th-95th percentile)","female"
82.3851851851852,5.66666666666667,41.6206334708897,0.29939267436824,"24.7-113.7 months (5th-95th percentile)","female"
84.0333333333333,5.66666666666667,41.5921630463109,0.302030083498115,"24.7-113.7 months (5th-95th percentile)","female"
85.6814814814815,5.66666666666667,41.562485182729,0.304624251163045,"24.7-113.7 months (5th-95th percentile)","female"
87.3296296296296,5.66666666666667,41.5318332044923,0.307262997142888,"24.7-113.7 months (5th-95th percentile)","female"
88.9777777777778,5.66666666666667,41.5003853351083,0.310034890309468,"24.7-113.7 months (5th-95th percentile)","female"
90.6259259259259,5.66666666666667,41.4682704884296,0.31302176349132,"24.7-113.7 months (5th-95th percentile)","female"
92.2740740740741,5.66666666666667,41.43557533046,0.316294628251755,"24.7-113.7 months (5th-95th percentile)","female"
93.9222222222222,5.66666666666667,41.4023523294274,0.319913547055904,"24.7-113.7 months (5th-95th percentile)","female"
95.5703703703704,5.66666666666667,41.3686284873539,0.323931306741658,"24.7-113.7 months (5th-95th percentile)","female"
97.2185185185185,5.66666666666667,41.3344144339531,0.328399997798954,"24.7-113.7 months (5th-95th percentile)","female"
98.8666666666667,5.66666666666667,41.299713558477,0.333378986024937,"24.7-113.7 months (5th-95th percentile)","female"
100.514814814815,5.66666666666667,41.2645308609582,0.33894238240875,"24.7-113.7 months (5th-95th percentile)","female"
102.162962962963,5.66666666666667,41.2288812174918,0.345184046808604,"24.7-113.7 months (5th-95th percentile)","female"
103.811111111111,5.66666666666667,41.1927960963289,0.352217792995404,"24.7-113.7 months (5th-95th percentile)","female"
105.459259259259,5.66666666666667,41.156327043871,0.360171092878181,"24.7-113.7 months (5th-95th percentile)","female"
107.107407407407,5.66666666666667,41.1195481234632,0.369175930200849,"24.7-113.7 months (5th-95th percentile)","female"
108.755555555556,5.66666666666667,41.0825535701235,0.379355452731048,"24.7-113.7 months (5th-95th percentile)","female"
110.403703703704,5.66666666666667,41.0454584723411,0.39081342237276,"24.7-113.7 months (5th-95th percentile)","female"
112.051851851852,5.66666666666667,41.0084073314188,0.403628030507406,"24.7-113.7 months (5th-95th percentile)","female"
113.7,5.66666666666667,40.971576481777,0.417842188510285,"24.7-113.7 months (5th-95th percentile)","female"
24.7,6,38.5408346427295,0.347226129247656,"24.7-113.7 months (5th-95th percentile)","female"
26.3481481481481,6,38.7438761729482,0.323763288810909,"24.7-113.7 months (5th-95th percentile)","female"
27.9962962962963,6,38.9457518417539,0.303114322161548,"24.7-113.7 months (5th-95th percentile)","female"
29.6444444444444,6,39.1457789520464,0.285758901407275,"24.7-113.7 months (5th-95th percentile)","female"
31.2925925925926,6,39.3431614998725,0.272074754420196,"24.7-113.7 months (5th-95th percentile)","female"
32.9407407407407,6,39.5370241169838,0.262244691375637,"24.7-113.7 months (5th-95th percentile)","female"
34.5888888888889,6,39.7264443288706,0.256184204105399,"24.7-113.7 months (5th-95th percentile)","female"
36.237037037037,6,39.9104828549264,0.253522138448201,"24.7-113.7 months (5th-95th percentile)","female"
37.8851851851852,6,40.0882116740032,0.253648697588963,"24.7-113.7 months (5th-95th percentile)","female"
39.5333333333333,6,40.2587395885693,0.255813612016176,"24.7-113.7 months (5th-95th percentile)","female"
41.1814814814815,6,40.4212350414476,0.25923736192406,"24.7-113.7 months (5th-95th percentile)","female"
42.8296296296296,6,40.5749458349357,0.263202792219874,"24.7-113.7 months (5th-95th percentile)","female"
44.4777777777778,6,40.7192112703603,0.267111952512705,"24.7-113.7 months (5th-95th percentile)","female"
46.1259259259259,6,40.8534745361168,0.270512797843246,"24.7-113.7 months (5th-95th percentile)","female"
47.7740740740741,6,40.9772982800166,0.273106125715811,"24.7-113.7 months (5th-95th percentile)","female"
49.4222222222222,6,41.0903717487964,0.274738010059289,"24.7-113.7 months (5th-95th percentile)","female"
51.0703703703704,6,41.1925142653305,0.275384876866867,"24.7-113.7 months (5th-95th percentile)","female"
52.7185185185185,6,41.2836755047199,0.275134461314362,"24.7-113.7 months (5th-95th percentile)","female"
54.3666666666667,6,41.3639327304383,0.274163842632841,"24.7-113.7 months (5th-95th percentile)","female"
56.0148148148148,6,41.4334821284074,0.272714202463965,"24.7-113.7 months (5th-95th percentile)","female"
57.662962962963,6,41.4926191583163,0.271062019062381,"24.7-113.7 months (5th-95th percentile)","female"
59.3111111111111,6,41.5417368884348,0.26949317448548,"24.7-113.7 months (5th-95th percentile)","female"
60.9592592592593,6,41.5813196153227,0.268275406973844,"24.7-113.7 months (5th-95th percentile)","female"
62.6074074074074,6,41.6119292182984,0.267631521036968,"24.7-113.7 months (5th-95th percentile)","female"
64.2555555555556,6,41.6341903471083,0.267718109564459,"24.7-113.7 months (5th-95th percentile)","female"
65.9037037037037,6,41.6487749320079,0.268613168869085,"24.7-113.7 months (5th-95th percentile)","female"
67.5518518518519,6,41.6563864332305,0.270314712593834,"24.7-113.7 months (5th-95th percentile)","female"
69.2,6,41.657744237184,0.272750302674486,"24.7-113.7 months (5th-95th percentile)","female"
70.8481481481481,6,41.6535685900071,0.275795103475079,"24.7-113.7 months (5th-95th percentile)","female"
72.4962962962963,6,41.6445664313905,0.279294525612918,"24.7-113.7 months (5th-95th percentile)","female"
74.1444444444444,6,41.6314184561303,0.283087225024531,"24.7-113.7 months (5th-95th percentile)","female"
75.7925925925926,6,41.6147676880817,0.287024998933404,"24.7-113.7 months (5th-95th percentile)","female"
77.4407407407407,6,41.5952098011905,0.290987436747113,"24.7-113.7 months (5th-95th percentile)","female"
79.0888888888889,6,41.5732853685097,0.294890502514896,"24.7-113.7 months (5th-95th percentile)","female"
80.737037037037,6,41.5494741615845,0.298689248720876,"24.7-113.7 months (5th-95th percentile)","female"
82.3851851851852,6,41.5241915629175,0.302375530831065,"24.7-113.7 months (5th-95th percentile)","female"
84.0333333333333,6,41.4977870939965,0.305971984783884,"24.7-113.7 months (5th-95th percentile)","female"
85.6814814814815,6,41.4705450016393,0.309523740642686,"24.7-113.7 months (5th-95th percentile)","female"
87.3296296296296,6,41.4426867900954,0.31308942655511,"24.7-113.7 months (5th-95th percentile)","female"
88.9777777777778,6,41.4143755327379,0.316732970490294,"24.7-113.7 months (5th-95th percentile)","female"
90.6259259259259,6,41.3857217524016,0.320517502414804,"24.7-113.7 months (5th-95th percentile)","female"
92.2740740740741,6,41.3567906177667,0.324502279040232,"24.7-113.7 months (5th-95th percentile)","female"
93.9222222222222,6,41.3276101731127,0.328743010324439,"24.7-113.7 months (5th-95th percentile)","female"
95.5703703703704,6,41.2981802936998,0.333295330247128,"24.7-113.7 months (5th-95th percentile)","female"
97.2185185185185,6,41.2684820462124,0.338220521149504,"24.7-113.7 months (5th-95th percentile)","female"
98.8666666666667,6,41.238487127889,0.343592083849245,"24.7-113.7 months (5th-95th percentile)","female"
100.514814814815,6,41.2081670633593,0.349501433677341,"24.7-113.7 months (5th-95th percentile)","female"
102.162962962963,6,41.1775018509164,0.356060961010614,"24.7-113.7 months (5th-95th percentile)","female"
103.811111111111,6,41.1464871085667,0.363402312292195,"24.7-113.7 months (5th-95th percentile)","female"
105.459259259259,6,41.1151380472579,0.371668370876892,"24.7-113.7 months (5th-95th percentile)","female"
107.107407407407,6,41.0834923164136,0.381002817571348,"24.7-113.7 months (5th-95th percentile)","female"
108.755555555556,6,41.051607959491,0.391535963327572,"24.7-113.7 months (5th-95th percentile)","female"
110.403703703704,6,41.0195644642683,0.403373893126935,"24.7-113.7 months (5th-95th percentile)","female"
112.051851851852,6,40.9874720021184,0.416592484046298,"24.7-113.7 months (5th-95th percentile)","female"
113.7,6,40.9554744941753,0.43122839264828,"24.7-113.7 months (5th-95th percentile)","female"
24.7,6.33333333333333,38.6080317415766,0.360275304468926,"24.7-113.7 months (5th-95th percentile)","female"
26.3481481481481,6.33333333333333,38.8070697712733,0.335971457214816,"24.7-113.7 months (5th-95th percentile)","female"
27.9962962962963,6.33333333333333,39.0049327497165,0.314540102113223,"24.7-113.7 months (5th-95th percentile)","female"
29.6444444444444,6.33333333333333,39.2009341237559,0.29647046455237,"24.7-113.7 months (5th-95th percentile)","female"
31.2925925925926,6.33333333333333,39.3942743280439,0.282150147921846,"24.7-113.7 months (5th-95th percentile)","female"
32.9407407407407,6.33333333333333,39.5840752139886,0.271771267849113,"24.7-113.7 months (5th-95th percentile)","female"
34.5888888888889,6.33333333333333,39.7694127319457,0.265256219361789,"24.7-113.7 months (5th-95th percentile)","female"
36.237037037037,6.33333333333333,39.9493475935609,0.262235740926633,"24.7-113.7 months (5th-95th percentile)","female"
37.8851851851852,6.33333333333333,40.1229536378362,0.262094615608628,"24.7-113.7 months (5th-95th percentile)","female"
39.5333333333333,6.33333333333333,40.2893436346238,0.264069172294838,"24.7-113.7 months (5th-95th percentile)","female"
41.1814814814815,6.33333333333333,40.4476922801912,0.267359888247213,"24.7-113.7 months (5th-95th percentile)","female"
42.8296296296296,6.33333333333333,40.5972560324119,0.271225670802314,"24.7-113.7 months (5th-95th percentile)","female"
44.4777777777778,6.33333333333333,40.7373852028974,0.275043461897131,"24.7-113.7 months (5th-95th percentile)","female"
46.1259259259259,6.33333333333333,40.8675363240712,0.278337128724919,"24.7-113.7 months (5th-95th percentile)","female"
47.7740740740741,6.33333333333333,40.987287800276,0.280785917109121,"24.7-113.7 months (5th-95th percentile)","female"
49.4222222222222,6.33333333333333,41.0963469535569,0.282217818969775,"24.7-113.7 months (5th-95th percentile)","female"
51.0703703703704,6.33333333333333,41.1945533494516,0.282595322693679,"24.7-113.7 months (5th-95th percentile)","female"
52.7185185185185,6.33333333333333,41.2818788756852,0.281997026171175,"24.7-113.7 months (5th-95th percentile)","female"
54.3666666666667,6.33333333333333,41.3584247386063,0.28059643577302,"24.7-113.7 months (5th-95th percentile)","female"
56.0148148148148,6.33333333333333,41.4244124884253,0.278637547276491,"24.7-113.7 months (5th-95th percentile)","female"
57.662962962963,6.33333333333333,41.4801639468737,0.276406690008646,"24.7-113.7 months (5th-95th percentile)","female"
59.3111111111111,6.33333333333333,41.526099287999,0.274207232114418,"24.7-113.7 months (5th-95th percentile)","female"
60.9592592592593,6.33333333333333,41.5627303493362,0.272331872422785,"24.7-113.7 months (5th-95th percentile)","female"
62.6074074074074,6.33333333333333,41.5906466042654,0.27103451467737,"24.7-113.7 months (5th-95th percentile)","female"
64.2555555555556,6.33333333333333,41.6104999539345,0.270506424889486,"24.7-113.7 months (5th-95th percentile)","female"
65.9037037037037,6.33333333333333,41.6229888343845,0.270860323137456,"24.7-113.7 months (5th-95th percentile)","female"
67.5518518518519,6.33333333333333,41.6288420616552,0.272125188303342,"24.7-113.7 months (5th-95th percentile)","female"
69.2,6.33333333333333,41.6288028280878,0.274252540860104,"24.7-113.7 months (5th-95th percentile)","female"
70.8481481481481,6.33333333333333,41.6236132462636,0.277132478443063,"24.7-113.7 months (5th-95th percentile)","female"
72.4962962962963,6.33333333333333,41.6139998092621,0.280615764359461,"24.7-113.7 months (5th-95th percentile)","female"
74.1444444444444,6.33333333333333,41.6006601002588,0.28453752102546,"24.7-113.7 months (5th-95th percentile)","female"
75.7925925925926,6.33333333333333,41.584251041544,0.288738603370844,"24.7-113.7 months (5th-95th percentile)","female"
77.4407407407407,6.33333333333333,41.5653789226931,0.293082032636363,"24.7-113.7 months (5th-95th percentile)","female"
79.0888888888889,6.33333333333333,41.5445913935713,0.297463335328793,"24.7-113.7 months (5th-95th percentile)","female"
80.737037037037,6.33333333333333,41.5223715488827,0.301814837739905,"24.7-113.7 months (5th-95th percentile)","female"
82.3851851851852,6.33333333333333,41.499134170867,0.306104773557854,"24.7-113.7 months (5th-95th percentile)","female"
84.0333333333333,6.33333333333333,41.4752241360197,0.310332519252925,"24.7-113.7 months (5th-95th percentile)","female"
85.6814814814815,6.33333333333333,41.4509169313969,0.314521482498472,"24.7-113.7 months (5th-95th percentile)","female"
87.3296296296296,6.33333333333333,41.4264211702289,0.318711208403902,"24.7-113.7 months (5th-95th percentile)","female"
88.9777777777778,6.33333333333333,41.4018829422472,0.322950166546486,"24.7-113.7 months (5th-95th percentile)","female"
90.6259259259259,6.33333333333333,41.3773917888286,0.32729043267559,"24.7-113.7 months (5th-95th percentile)","female"
92.2740740740741,6.33333333333333,41.3529880506063,0.331785082649512,"24.7-113.7 months (5th-95th percentile)","female"
93.9222222222222,6.33333333333333,41.3286713045988,0.336488592342659,"24.7-113.7 months (5th-95th percentile)","female"
95.5703703703704,6.33333333333333,41.3044095820295,0.341459948510183,"24.7-113.7 months (5th-95th percentile)","female"
97.2185185185185,6.33333333333333,41.2801490446573,0.346767603112746,"24.7-113.7 months (5th-95th percentile)","female"
98.8666666666667,6.33333333333333,41.2558237908668,0.352494942547821,"24.7-113.7 months (5th-95th percentile)","female"
100.514814814815,6.33333333333333,41.2313654676361,0.35874467061378,"24.7-113.7 months (5th-95th percentile)","female"
102.162962962963,6.33333333333333,41.2067123765836,0.365640483137196,"24.7-113.7 months (5th-95th percentile)","female"
103.811111111111,6.33333333333333,41.1818171443298,0.373324033192057,"24.7-113.7 months (5th-95th percentile)","female"
105.459259259259,6.33333333333333,41.1566513006988,0.381945815438399,"24.7-113.7 months (5th-95th percentile)","female"
107.107407407407,6.33333333333333,41.1312086274887,0.391653987938957,"24.7-113.7 months (5th-95th percentile)","female"
108.755555555556,6.33333333333333,41.1055034993276,0.402579870736639,"24.7-113.7 months (5th-95th percentile)","female"
110.403703703704,6.33333333333333,41.079572387473,0.414827136260474,"24.7-113.7 months (5th-95th percentile)","female"
112.051851851852,6.33333333333333,41.0534839033418,0.428466218446612,"24.7-113.7 months (5th-95th percentile)","female"
113.7,6.33333333333333,41.0273426438908,0.443526041596469,"24.7-113.7 months (5th-95th percentile)","female"
24.7,6.66666666666667,38.7360173561233,0.372431359485377,"24.7-113.7 months (5th-95th percentile)","female"
26.3481481481481,6.66666666666667,38.9310109998686,0.347959683309221,"24.7-113.7 months (5th-95th percentile)","female"
27.9962962962963,6.66666666666667,39.1248162115881,0.326347173578033,"24.7-113.7 months (5th-95th percentile)","female"
29.6444444444444,6.66666666666667,39.3167403686201,0.308065516145178,"24.7-113.7 months (5th-95th percentile)","female"
31.2925925925926,6.66666666666667,39.5059779025978,0.293485488195997,"24.7-113.7 months (5th-95th percentile)","female"
32.9407407407407,6.66666666666667,39.6916453641421,0.282788878215663,"24.7-113.7 months (5th-95th percentile)","female"
34.5888888888889,6.66666666666667,39.8728146638309,0.2758995617204,"24.7-113.7 months (5th-95th percentile)","female"
36.237037037037,6.66666666666667,40.0485442165956,0.272462930048913,"24.7-113.7 months (5th-95th percentile)","female"
37.8851851851852,6.66666666666667,40.2179077134228,0.271887488289175,"24.7-113.7 months (5th-95th percentile)","female"
39.5333333333333,6.66666666666667,40.3800202545736,0.273435001295314,"24.7-113.7 months (5th-95th percentile)","female"
41.1814814814815,6.66666666666667,40.5340615996901,0.276326542380488,"24.7-113.7 months (5th-95th percentile)","female"
42.8296296296296,6.66666666666667,40.6792961794617,0.27983356427323,"24.7-113.7 months (5th-95th percentile)","female"
44.4777777777778,6.66666666666667,40.8150851618991,0.283337561035728,"24.7-113.7 months (5th-95th percentile)","female"
46.1259259259259,6.66666666666667,40.9408988252138,0.286360769346507,"24.7-113.7 months (5th-95th percentile)","female"
47.7740740740741,6.66666666666667,41.0563323365746,0.288576805446031,"24.7-113.7 months (5th-95th percentile)","female"
49.4222222222222,6.66666666666667,41.1611127117622,0.289805895071879,"24.7-113.7 months (5th-95th percentile)","female"
51.0703703703704,6.66666666666667,41.2551019824033,0.290001942779873,"24.7-113.7 months (5th-95th percentile)","female"
52.7185185185185,6.66666666666667,41.3382970580077,0.289235000462321,"24.7-113.7 months (5th-95th percentile)","female"
54.3666666666667,6.66666666666667,41.4108264520262,0.287670627201016,"24.7-113.7 months (5th-95th percentile)","female"
56.0148148148148,6.66666666666667,41.4729409444737,0.285545895963074,"24.7-113.7 months (5th-95th percentile)","female"
57.662962962963,6.66666666666667,41.524992988469,0.283141623616162,"24.7-113.7 months (5th-95th percentile)","female"
59.3111111111111,6.66666666666667,41.5674345127498,0.280757468840932,"24.7-113.7 months (5th-95th percentile)","female"
60.9592592592593,6.66666666666667,41.6008098807644,0.278684628990024,"24.7-113.7 months (5th-95th percentile)","female"
62.6074074074074,6.66666666666667,41.6257414076916,0.27717800927862,"24.7-113.7 months (5th-95th percentile)","female"
64.2555555555556,6.66666666666667,41.6429136778517,0.276432411728008,"24.7-113.7 months (5th-95th percentile)","female"
65.9037037037037,6.66666666666667,41.6530571661171,0.27656627577617,"24.7-113.7 months (5th-95th percentile)","female"
67.5518518518519,6.66666666666667,41.6569315931848,0.277615737314604,"24.7-113.7 months (5th-95th percentile)","female"
69.2,6.66666666666667,41.6553094351046,0.279539904589146,"24.7-113.7 months (5th-95th percentile)","female"
70.8481481481481,6.66666666666667,41.6489599906143,0.282235862392838,"24.7-113.7 months (5th-95th percentile)","female"
72.4962962962963,6.66666666666667,41.6386343820507,0.285559943825059,"24.7-113.7 months (5th-95th percentile)","female"
74.1444444444444,6.66666666666667,41.6250518296912,0.289350968327059,"24.7-113.7 months (5th-95th percentile)","female"
75.7925925925926,6.66666666666667,41.6088874962652,0.293451541398223,"24.7-113.7 months (5th-95th percentile)","female"
77.4407407407407,6.66666666666667,41.59076214762,0.29772472019967,"24.7-113.7 months (5th-95th percentile)","female"
79.0888888888889,6.66666666666667,41.571233821135,0.302064774202692,"24.7-113.7 months (5th-95th percentile)","female"
80.737037037037,6.66666666666667,41.5507916339786,0.306401983245958,"24.7-113.7 months (5th-95th percentile)","female"
82.3851851851852,6.66666666666667,41.5298518026768,0.310702251408322,"24.7-113.7 months (5th-95th percentile)","female"
84.0333333333333,6.66666666666667,41.5087558841325,0.314962801192399,"24.7-113.7 months (5th-95th percentile)","female"
85.6814814814815,6.66666666666667,41.4877711872221,0.319205442260414,"24.7-113.7 months (5th-95th percentile)","female"
87.3296296296296,6.66666666666667,41.4670932476262,0.323468957667792,"24.7-113.7 months (5th-95th percentile)","female"
88.9777777777778,6.66666666666667,41.4468502033757,0.327802052409677,"24.7-113.7 months (5th-95th percentile)","female"
90.6259259259259,6.66666666666667,41.4271088626571,0.332258063274529,"24.7-113.7 months (5th-95th percentile)","female"
92.2740740740741,6.66666666666667,41.4078822120049,0.336892238875956,"24.7-113.7 months (5th-95th percentile)","female"
93.9222222222222,6.66666666666667,41.3891380817792,0.341761884821734,"24.7-113.7 months (5th-95th percentile)","female"
95.5703703703704,6.66666666666667,41.3708086589543,0.346929092597079,"24.7-113.7 months (5th-95th percentile)","female"
97.2185185185185,6.66666666666667,41.3528005232618,0.352465211459398,"24.7-113.7 months (5th-95th percentile)","female"
98.8666666666667,6.66666666666667,41.3350048752202,0.358455774755525,"24.7-113.7 months (5th-95th percentile)","female"
100.514814814815,6.66666666666667,41.3173076288202,0.365004332960432,"24.7-113.7 months (5th-95th percentile)","female"
102.162962962963,6.66666666666667,41.299599052956,0.372233638723293,"24.7-113.7 months (5th-95th percentile)","female"
103.811111111111,6.66666666666667,41.2817820600504,0.380282278497067,"24.7-113.7 months (5th-95th percentile)","female"
105.459259259259,6.66666666666667,41.2637775129474,0.38929548868662,"24.7-113.7 months (5th-95th percentile)","female"
107.107407407407,6.66666666666667,41.2455281772663,0.399414146102877,"24.7-113.7 months (5th-95th percentile)","female"
108.755555555556,6.66666666666667,41.2269975427381,0.410760728564112,"24.7-113.7 months (5th-95th percentile)","female"
110.403703703704,6.66666666666667,41.208171867496,0.423429100813026,"24.7-113.7 months (5th-95th percentile)","female"
112.051851851852,6.66666666666667,41.1890711341266,0.437479552575609,"24.7-113.7 months (5th-95th percentile)","female"
113.7,6.66666666666667,41.1697538015073,0.452931280849448,"24.7-113.7 months (5th-95th percentile)","female"
24.7,7,38.9076206091865,0.383055327754322,"24.7-113.7 months (5th-95th percentile)","female"
26.3481481481481,7,39.0986238876989,0.35899330489989,"24.7-113.7 months (5th-95th percentile)","female"
27.9962962962963,7,39.288421476477,0.337714664785618,"24.7-113.7 months (5th-95th percentile)","female"
29.6444444444444,7,39.4763126123135,0.319654213530395,"24.7-113.7 months (5th-95th percentile)","female"
31.2925925925926,7,39.6614834230658,0.305147672602323,"24.7-113.7 months (5th-95th percentile)","female"
32.9407407407407,7,39.8430427625131,0.294353571614292,"24.7-113.7 months (5th-95th percentile)","female"
34.5888888888889,7,40.02005613161,0.287193900254272,"24.7-113.7 months (5th-95th percentile)","female"
36.237037037037,7,40.1915774135026,0.283337402462679,"24.7-113.7 months (5th-95th percentile)","female"
37.8851851851852,7,40.3566781464692,0.282236393924384,"24.7-113.7 months (5th-95th percentile)","female"
39.5333333333333,7,40.51447406952,0.283205871479762,"24.7-113.7 months (5th-95th percentile)","female"
41.1814814814815,7,40.6641486967836,0.285518032888531,"24.7-113.7 months (5th-95th percentile)","female"
42.8296296296296,7,40.8049735619136,0.288485838113446,"24.7-113.7 months (5th-95th percentile)","female"
44.4777777777778,7,40.9363202806767,0.291520180611454,"24.7-113.7 months (5th-95th percentile)","female"
46.1259259259259,7,41.0576729562716,0.294161444519734,"24.7-113.7 months (5th-95th percentile)","female"
47.7740740740741,7,41.1686441316295,0.296092297421611,"24.7-113.7 months (5th-95th percentile)","female"
49.4222222222222,7,41.2689816725575,0.297135173466516,"24.7-113.7 months (5th-95th percentile)","female"
51.0703703703704,7,41.3585717730042,0.297241009519007,"24.7-113.7 months (5th-95th percentile)","female"
52.7185185185185,7,41.4374385862605,0.29647268150857,"24.7-113.7 months (5th-95th percentile)","female"
54.3666666666667,7,41.5057406563134,0.29498477896071,"24.7-113.7 months (5th-95th percentile)","female"
56.0148148148148,7,41.5637611725879,0.292999762323085,"24.7-113.7 months (5th-95th percentile)","female"
57.662962962963,7,41.6118867701342,0.290780411157699,"24.7-113.7 months (5th-95th percentile)","female"
59.3111111111111,7,41.6506050361324,0.28860515717389,"24.7-113.7 months (5th-95th percentile)","female"
60.9592592592593,7,41.6804970816247,0.286741612965286,"24.7-113.7 months (5th-95th percentile)","female"
62.6074074074074,7,41.7022225406552,0.285420298227014,"24.7-113.7 months (5th-95th percentile)","female"
64.2555555555556,7,41.7165033455391,0.28481291616677,"24.7-113.7 months (5th-95th percentile)","female"
65.9037037037037,7,41.7241067911982,0.285018340174193,"24.7-113.7 months (5th-95th percentile)","female"
67.5518518518519,7,41.7258283266251,0.286058560590913,"24.7-113.7 months (5th-95th percentile)","female"
69.2,7,41.7224745021767,0.287885039596714,"24.7-113.7 months (5th-95th percentile)","female"
70.8481481481481,7,41.7148464845068,0.290393802266606,"24.7-113.7 months (5th-95th percentile)","female"
72.4962962962963,7,41.7037245231254,0.293445947088352,"24.7-113.7 months (5th-95th percentile)","female"
74.1444444444444,7,41.6898537163941,0.296889637715705,"24.7-113.7 months (5th-95th percentile)","female"
75.7925925925926,7,41.6739313814528,0.300580066153559,"24.7-113.7 months (5th-95th percentile)","female"
77.4407407407407,7,41.6565962813607,0.304394970011252,"24.7-113.7 months (5th-95th percentile)","female"
79.0888888888889,7,41.638419907958,0.308244544073409,"24.7-113.7 months (5th-95th percentile)","female"
80.737037037037,7,41.6198999588598,0.312075661810796,"24.7-113.7 months (5th-95th percentile)","female"
82.3851851851852,7,41.6014560857698,0.315871083620582,"24.7-113.7 months (5th-95th percentile)","female"
84.0333333333333,7,41.5834279292962,0.319644798892613,"24.7-113.7 months (5th-95th percentile)","female"
85.6814814814815,7,41.5660753936277,0.323434903021256,"24.7-113.7 months (5th-95th percentile)","female"
87.3296296296296,7,41.5495810572447,0.327295503913446,"24.7-113.7 months (5th-95th percentile)","female"
88.9777777777778,7,41.5340545596759,0.331289103627544,"24.7-113.7 months (5th-95th percentile)","female"
90.6259259259259,7,41.5195387576448,0.335480696384878,"24.7-113.7 months (5th-95th percentile)","female"
92.2740740740741,7,41.5060173994317,0.339934458406528,"24.7-113.7 months (5th-95th percentile)","female"
93.9222222222222,7,41.4934240343118,0.34471339438788,"24.7-113.7 months (5th-95th percentile)","female"
95.5703703703704,7,41.4816518459252,0.349881713640034,"24.7-113.7 months (5th-95th percentile)","female"
97.2185185185185,7,41.4705640837111,0.355509124969702,"24.7-113.7 months (5th-95th percentile)","female"
98.8666666666667,7,41.4600047579577,0.361675769369414,"24.7-113.7 months (5th-95th percentile)","female"
100.514814814815,7,41.4498092675096,0.368476240583347,"24.7-113.7 months (5th-95th percentile)","female"
102.162962962963,7,41.4398146396299,0.376021140644936,"24.7-113.7 months (5th-95th percentile)","female"
103.811111111111,7,41.4298685163326,0.38443431016001,"24.7-113.7 months (5th-95th percentile)","female"
105.459259259259,7,41.4198352965838,0.393844529744175,"24.7-113.7 months (5th-95th percentile)","female"
107.107407407407,7,41.4096007784235,0.404375494056078,"24.7-113.7 months (5th-95th percentile)","female"
108.755555555556,7,41.3990715446902,0.416132908080394,"24.7-113.7 months (5th-95th percentile)","female"
110.403703703704,7,41.3881776220979,0.42919528499039,"24.7-113.7 months (5th-95th percentile)","female"
112.051851851852,7,41.3768844366595,0.443609731338043,"24.7-113.7 months (5th-95th percentile)","female"
113.7,7,41.3651985779535,0.459385090913941,"24.7-113.7 months (5th-95th percentile)","female"
24.7,7.33333333333333,39.1059184804142,0.392026168024805,"24.7-113.7 months (5th-95th percentile)","female"
26.3481481481481,7.33333333333333,39.292995819573,0.368590795184561,"24.7-113.7 months (5th-95th percentile)","female"
27.9962962962963,7.33333333333333,39.4788479155499,0.347848297296195,"24.7-113.7 months (5th-95th percentile)","female"
29.6444444444444,7.33333333333333,39.6627646487206,0.330194703994229,"24.7-113.7 months (5th-95th percentile)","female"
31.2925925925926,7.33333333333333,39.8439224994758,0.315929181088597,"24.7-113.7 months (5th-95th percentile)","female"
32.9407407407407,7.33333333333333,40.0214212343697,0.305185534059391,"24.7-113.7 months (5th-95th percentile)","female"
34.5888888888889,7.33333333333333,40.1943185807844,0.297882052504566,"24.7-113.7 months (5th-95th percentile)","female"
36.237037037037,7.33333333333333,40.3616626176865,0.293708892685198,"24.7-113.7 months (5th-95th percentile)","female"
37.8851851851852,7.33333333333333,40.5225216069203,0.292161154801917,"24.7-113.7 months (5th-95th percentile)","female"
39.5333333333333,7.33333333333333,40.6760110003042,0.292608168425128,"24.7-113.7 months (5th-95th percentile)","female"
41.1814814814815,7.33333333333333,40.8213173794551,0.294376966959166,"24.7-113.7 months (5th-95th percentile)","female"
42.8296296296296,7.33333333333333,40.9577189657959,0.296827821265489,"24.7-113.7 months (5th-95th percentile)","female"
44.4777777777778,7.33333333333333,41.0845976913929,0.299407839556779,"24.7-113.7 months (5th-95th percentile)","female"
46.1259259259259,7.33333333333333,41.2014516513753,0.301682294654394,"24.7-113.7 months (5th-95th percentile)","female"
47.7740740740741,7.33333333333333,41.3079112562489,0.303348776303135,"24.7-113.7 months (5th-95th percentile)","female"
49.4222222222222,7.33333333333333,41.4037460427704,0.304236478607659,"24.7-113.7 months (5th-95th percentile)","female"
51.0703703703704,7.33333333333333,41.4888675135228,0.304296394919688,"24.7-113.7 months (5th-95th percentile)","female"
52.7185185185185,7.33333333333333,41.5633285269948,0.303585645823098,"24.7-113.7 months (5th-95th percentile)","female"
54.3666666666667,7.33333333333333,41.6273194177791,0.302247659100977,"24.7-113.7 months (5th-95th percentile)","female"
56.0148148148148,7.33333333333333,41.6811578145198,0.300488527574541,"24.7-113.7 months (5th-95th percentile)","female"
57.662962962963,7.33333333333333,41.7252667813062,0.298549813501142,"24.7-113.7 months (5th-95th percentile)","female"
59.3111111111111,7.33333333333333,41.7601720150977,0.296684286298736,"24.7-113.7 months (5th-95th percentile)","female"
60.9592592592593,7.33333333333333,41.7864940066399,0.295130579376151,"24.7-113.7 months (5th-95th percentile)","female"
62.6074074074074,7.33333333333333,41.8049324822854,0.294088899136731,"24.7-113.7 months (5th-95th percentile)","female"
64.2555555555556,7.33333333333333,41.8162495946979,0.293701886945964,"24.7-113.7 months (5th-95th percentile)","female"
65.9037037037037,7.33333333333333,41.8212523855408,0.294043358161087,"24.7-113.7 months (5th-95th percentile)","female"
67.5518518518519,7.33333333333333,41.8207749671077,0.295116584543163,"24.7-113.7 months (5th-95th percentile)","female"
69.2,7.33333333333333,41.8156608606032,0.29686206712919,"24.7-113.7 months (5th-95th percentile)","female"
70.8481481481481,7.33333333333333,41.8067459118502,0.299172917612232,"24.7-113.7 months (5th-95th percentile)","female"
72.4962962962963,7.33333333333333,41.7948421773386,0.301914671759999,"24.7-113.7 months (5th-95th percentile)","female"
74.1444444444444,7.33333333333333,41.7807231370669,0.304945974962667,"24.7-113.7 months (5th-95th percentile)","female"
75.7925925925926,7.33333333333333,41.7651105471063,0.308137053923995,"24.7-113.7 months (5th-95th percentile)","female"
77.4407407407407,7.33333333333333,41.7486631931127,0.311383870055195,"24.7-113.7 months (5th-95th percentile)","female"
79.0888888888889,7.33333333333333,41.731967750822,0.314616935779469,"24.7-113.7 months (5th-95th percentile)","female"
80.737037037037,7.33333333333333,41.7155318988241,0.317804700435049,"24.7-113.7 months (5th-95th percentile)","female"
82.3851851851852,7.33333333333333,41.6997797670529,0.320952085393175,"24.7-113.7 months (5th-95th percentile)","female"
84.0333333333333,7.33333333333333,41.6850497416806,0.324095193988194,"24.7-113.7 months (5th-95th percentile)","female"
85.6814814814815,7.33333333333333,41.6715945844187,0.327293499911212,"24.7-113.7 months (5th-95th percentile)","female"
87.3296296296296,7.33333333333333,41.6595837662657,0.330620963988265,"24.7-113.7 months (5th-95th percentile)","female"
88.9777777777778,7.33333333333333,41.6491078585125,0.33415754293842,"24.7-113.7 months (5th-95th percentile)","female"
90.6259259259259,7.33333333333333,41.6401847763608,0.337982404152154,"24.7-113.7 months (5th-95th percentile)","female"
92.2740740740741,7.33333333333333,41.632767624799,0.342169826685528,"24.7-113.7 months (5th-95th percentile)","female"
93.9222222222222,7.33333333333333,41.6267538636195,0.346788259087106,"24.7-113.7 months (5th-95th percentile)","female"
95.5703703703704,7.33333333333333,41.6219954792328,0.351902385014659,"24.7-113.7 months (5th-95th percentile)","female"
97.2185185185185,7.33333333333333,41.6183098354021,0.357577419868483,"24.7-113.7 months (5th-95th percentile)","female"
98.8666666666667,7.33333333333333,41.6154908652872,0.36388434950011,"24.7-113.7 months (5th-95th percentile)","female"
100.514814814815,7.33333333333333,41.6133202698691,0.370904527053904,"24.7-113.7 months (5th-95th percentile)","female"
102.162962962963,7.33333333333333,41.6115783973358,0.378732034839682,"24.7-113.7 months (5th-95th percentile)","female"
103.811111111111,7.33333333333333,41.6100539779524,0.387471951190504,"24.7-113.7 months (5th-95th percentile)","female"
105.459259259259,7.33333333333333,41.6085511680141,0.397233326774566,"24.7-113.7 months (5th-95th percentile)","female"
107.107407407407,7.33333333333333,41.6068949357368,0.408120422960939,"24.7-113.7 months (5th-95th percentile)","female"
108.755555555556,7.33333333333333,41.6049310620147,0.420221094595055,"24.7-113.7 months (5th-95th percentile)","female"
110.403703703704,7.33333333333333,41.6025294612589,0.433598611858136,"24.7-113.7 months (5th-95th percentile)","female"
112.051851851852,7.33333333333333,41.599597196276,0.448288086384859,"24.7-113.7 months (5th-95th percentile)","female"
113.7,7.33333333333333,41.5960853245031,0.46429007063742,"24.7-113.7 months (5th-95th percentile)","female"
24.7,7.66666666666667,39.3139987258384,0.398054788494652,"24.7-113.7 months (5th-95th percentile)","female"
26.3481481481481,7.66666666666667,39.4972212827278,0.375046807923106,"24.7-113.7 months (5th-95th percentile)","female"
27.9962962962963,7.66666666666667,39.6791983835415,0.354677570353807,"24.7-113.7 months (5th-95th percentile)","female"
29.6444444444444,7.66666666666667,39.8592102225178,0.337319174022345,"24.7-113.7 months (5th-95th percentile)","female"
31.2925925925926,7.66666666666667,40.0364232814427,0.323248104939095,"24.7-113.7 months (5th-95th percentile)","female"
32.9407407407407,7.66666666666667,40.2099278932498,0.312582346245027,"24.7-113.7 months (5th-95th percentile)","female"
34.5888888888889,7.66666666666667,40.3787736933085,0.305236580937312,"24.7-113.7 months (5th-95th percentile)","female"
36.237037037037,7.66666666666667,40.5420026862016,0.300912112170496,"24.7-113.7 months (5th-95th percentile)","female"
37.8851851851852,7.66666666666667,40.6986796527314,0.29912811666564,"24.7-113.7 months (5th-95th percentile)","female"
39.5333333333333,7.66666666666667,40.8479196329736,0.299285562293752,"24.7-113.7 months (5th-95th percentile)","female"
41.1814814814815,7.66666666666667,40.9889122431292,0.30074433241119,"24.7-113.7 months (5th-95th percentile)","female"
42.8296296296296,7.66666666666667,41.1209424597543,0.302893826033167,"24.7-113.7 months (5th-95th percentile)","female"
44.4777777777778,7.66666666666667,41.2434027000736,0.305204038489873,"24.7-113.7 months (5th-95th percentile)","female"
46.1259259259259,7.66666666666667,41.3558053236728,0.307256338951364,"24.7-113.7 months (5th-95th percentile)","female"
47.7740740740741,7.66666666666667,41.4577989911575,0.308758133095503,"24.7-113.7 months (5th-95th percentile)","female"
49.4222222222222,7.66666666666667,41.5491754013016,0.309543071246937,"24.7-113.7 months (5th-95th percentile)","female"
51.0703703703704,7.66666666666667,41.6298719607251,0.309562079096861,"24.7-113.7 months (5th-95th percentile)","female"
52.7185185185185,7.66666666666667,41.6999709264131,0.308868270602321,"24.7-113.7 months (5th-95th percentile)","female"
54.3666666666667,7.66666666666667,41.7596952062433,0.307597488209442,"24.7-113.7 months (5th-95th percentile)","female"
56.0148148148148,7.66666666666667,41.8093977279224,0.305944952575548,"24.7-113.7 months (5th-95th percentile)","female"
57.662962962963,7.66666666666667,41.8495389028308,0.304138490427283,"24.7-113.7 months (5th-95th percentile)","female"
59.3111111111111,7.66666666666667,41.8806835058794,0.302414749509229,"24.7-113.7 months (5th-95th percentile)","female"
60.9592592592593,7.66666666666667,41.9034924141288,0.300994752389843,"24.7-113.7 months (5th-95th percentile)","female"
62.6074074074074,7.66666666666667,41.9187064754962,0.300060943723007,"24.7-113.7 months (5th-95th percentile)","female"
64.2555555555556,7.66666666666667,41.9271290982907,0.299739633708324,"24.7-113.7 months (5th-95th percentile)","female"
65.9037037037037,7.66666666666667,41.9296080951411,0.300091285439524,"24.7-113.7 months (5th-95th percentile)","female"
67.5518518518519,7.66666666666667,41.927017237431,0.301109994887116,"24.7-113.7 months (5th-95th percentile)","female"
69.2,7.66666666666667,41.9202379672205,0.302731878415555,"24.7-113.7 months (5th-95th percentile)","female"
70.8481481481481,7.66666666666667,41.9101416966604,0.304850431280048,"24.7-113.7 months (5th-95th percentile)","female"
72.4962962962963,7.66666666666667,41.8975730969984,0.3073358073506,"24.7-113.7 months (5th-95th percentile)","female"
74.1444444444444,7.66666666666667,41.8833347425278,0.310054689810039,"24.7-113.7 months (5th-95th percentile)","female"
75.7925925925926,7.66666666666667,41.8681734310857,0.312887894832832,"24.7-113.7 months (5th-95th percentile)","female"
77.4407407407407,7.66666666666667,41.8527684505004,0.315743755795364,"24.7-113.7 months (5th-95th percentile)","female"
79.0888888888889,7.66666666666667,41.8377220047701,0.318566323373441,"24.7-113.7 months (5th-95th percentile)","female"
80.737037037037,7.66666666666667,41.8235519523566,0.321338263485121,"24.7-113.7 months (5th-95th percentile)","female"
82.3851851851852,7.66666666666667,41.8106869464543,0.324078965540963,"24.7-113.7 months (5th-95th percentile)","female"
84.0333333333333,7.66666666666667,41.7994640035954,0.32683881297231,"24.7-113.7 months (5th-95th percentile)","female"
85.6814814814815,7.66666666666667,41.7901284633694,0.329690866960658,"24.7-113.7 months (5th-95th percentile)","female"
87.3296296296296,7.66666666666667,41.7828362432715,0.332721398166469,"24.7-113.7 months (5th-95th percentile)","female"
88.9777777777778,7.66666666666667,41.7776582343727,0.33602075779539,"24.7-113.7 months (5th-95th percentile)","female"
90.6259259259259,7.66666666666667,41.7745866352358,0.339675966147249,"24.7-113.7 months (5th-95th percentile)","female"
92.2740740740741,7.66666666666667,41.7735429745599,0.343766081922396,"24.7-113.7 months (5th-95th percentile)","female"
93.9222222222222,7.66666666666667,41.7743875394626,0.348360901817007,"24.7-113.7 months (5th-95th percentile)","female"
95.5703703703704,7.66666666666667,41.776929895813,0.35352289496219,"24.7-113.7 months (5th-95th percentile)","female"
97.2185185185185,7.66666666666667,41.7809401706754,0.359311613035036,"24.7-113.7 months (5th-95th percentile)","female"
98.8666666666667,7.66666666666667,41.7861607559905,0.365789271593501,"24.7-113.7 months (5th-95th percentile)","female"
100.514814814815,7.66666666666667,41.7923180944791,0.373025883546727,"24.7-113.7 months (5th-95th percentile)","female"
102.162962962963,7.66666666666667,41.7991342172879,0.381102312104157,"24.7-113.7 months (5th-95th percentile)","female"
103.811111111111,7.66666666666667,41.8063372489978,0.390109368053382,"24.7-113.7 months (5th-95th percentile)","female"
105.459259259259,7.66666666666667,41.8136693785934,0.400141741521811,"24.7-113.7 months (5th-95th percentile)","female"
107.107407407407,7.66666666666667,41.8208930101606,0.411290150371101,"24.7-113.7 months (5th-95th percentile)","female"
108.755555555556,7.66666666666667,41.8277913951019,0.423630586438988,"24.7-113.7 months (5th-95th percentile)","female"
110.403703703704,7.66666666666667,41.8341726337515,0.437216784050017,"24.7-113.7 months (5th-95th percentile)","female"
112.051851851852,7.66666666666667,41.8398837827963,0.45207701974568,"24.7-113.7 months (5th-95th percentile)","female"
113.7,7.66666666666667,41.8448188159231,0.468207913097885,"24.7-113.7 months (5th-95th percentile)","female"
24.7,8,39.5157542906163,0.399761425902204,"24.7-113.7 months (5th-95th percentile)","female"
26.3481481481481,8,39.6951999535254,0.376659490078169,"24.7-113.7 months (5th-95th percentile)","female"
27.9962962962963,8,39.873380924312,0.356215943579124,"24.7-113.7 months (5th-95th percentile)","female"
29.6444444444444,8,40.0495682675066,0.338804704497616,"24.7-113.7 months (5th-95th percentile)","female"
31.2925925925926,8,40.2229191077066,0.324703020408842,"24.7-113.7 months (5th-95th percentile)","female"
32.9407407407407,8,40.3925150418165,0.314028168808301,"24.7-113.7 months (5th-95th percentile)","female"
34.5888888888889,8,40.5573983402619,0.306692481097336,"24.7-113.7 months (5th-95th percentile)","female"
36.237037037037,8,40.7166056652275,0.302393420403196,"24.7-113.7 months (5th-95th percentile)","female"
37.8851851851852,8,40.8691990309833,0.300645286141342,"24.7-113.7 months (5th-95th percentile)","female"
39.5333333333333,8,41.0142937427007,0.300843699096677,"24.7-113.7 months (5th-95th percentile)","female"
41.1814814814815,8,41.1510830723559,0.302343214535032,"24.7-113.7 months (5th-95th percentile)","female"
42.8296296296296,8,41.2788593015599,0.304528228751516,"24.7-113.7 months (5th-95th percentile)","female"
44.4777777777778,8,41.3970258018699,0.306864178459669,"24.7-113.7 months (5th-95th percentile)","female"
46.1259259259259,8,41.5051095754376,0.308928335748032,"24.7-113.7 months (5th-95th percentile)","female"
47.7740740740741,8,41.602777806206,0.310424470472956,"24.7-113.7 months (5th-95th percentile)","female"
49.4222222222222,8,41.6898445161771,0.311183064052908,"24.7-113.7 months (5th-95th percentile)","female"
51.0703703703704,8,41.7662730605025,0.311152397298067,"24.7-113.7 months (5th-95th percentile)","female"
52.7185185185185,8,41.8321750198431,0.310383589929985,"24.7-113.7 months (5th-95th percentile)","female"
54.3666666666667,8,41.887805680651,0.309011339437182,"24.7-113.7 months (5th-95th percentile)","female"
56.0148148148148,8,41.9335529595738,0.307230815211406,"24.7-113.7 months (5th-95th percentile)","female"
57.662962962963,8,41.9699142046794,0.305271116170313,"24.7-113.7 months (5th-95th percentile)","female"
59.3111111111111,8,41.9974927538364,0.303371743676532,"24.7-113.7 months (5th-95th percentile)","female"
60.9592592592593,8,42.0169892515352,0.301758287218989,"24.7-113.7 months (5th-95th percentile)","female"
62.6074074074074,8,42.0291849523271,0.300619384592727,"24.7-113.7 months (5th-95th percentile)","female"
64.2555555555556,8,42.0349237184058,0.300088835768368,"24.7-113.7 months (5th-95th percentile)","female"
65.9037037037037,8,42.0350932551207,0.300235341423834,"24.7-113.7 months (5th-95th percentile)","female"
67.5518518518519,8,42.0306060495183,0.301061309961275,"24.7-113.7 months (5th-95th percentile)","female"
69.2,8,42.0223804679906,0.302510586172843,"24.7-113.7 months (5th-95th percentile)","female"
70.8481481481481,8,42.011322452079,0.304483294080341,"24.7-113.7 months (5th-95th percentile)","female"
72.4962962962963,8,41.9983082235384,0.306854817279081,"24.7-113.7 months (5th-95th percentile)","female"
74.1444444444444,8,41.9841683727204,0.309495587014021,"24.7-113.7 months (5th-95th percentile)","female"
75.7925925925926,8,41.9696736603766,0.312288764368831,"24.7-113.7 months (5th-95th percentile)","female"
77.4407407407407,8,41.9555228102733,0.315143785698947,"24.7-113.7 months (5th-95th percentile)","female"
79.0888888888889,8,41.9423325139714,0.318004736044247,"24.7-113.7 months (5th-95th percentile)","female"
80.737037037037,8,41.930629807068,0.320853386986682,"24.7-113.7 months (5th-95th percentile)","female"
82.3851851851852,8,41.9208469130272,0.323707394962839,"24.7-113.7 months (5th-95th percentile)","female"
84.0333333333333,8,41.9133185864754,0.32661461986967,"24.7-113.7 months (5th-95th percentile)","female"
85.6814814814815,8,41.9082819233796,0.329644838387417,"24.7-113.7 months (5th-95th percentile)","female"
87.3296296296296,8,41.9058785459699,0.332880316022481,"24.7-113.7 months (5th-95th percentile)","female"
88.9777777777778,8,41.9061590108692,0.336406754397922,"24.7-113.7 months (5th-95th percentile)","female"
90.6259259259259,8,41.9090892398256,0.340306005150973,"24.7-113.7 months (5th-95th percentile)","female"
92.2740740740741,8,41.914558724293,0.34465161074135,"24.7-113.7 months (5th-95th percentile)","female"
93.9222222222222,8,41.9223902207267,0.349507703828436,"24.7-113.7 months (5th-95th percentile)","female"
95.5703703703704,8,41.9323506217271,0.35493114375965,"24.7-113.7 months (5th-95th percentile)","female"
97.2185185185185,8,41.9441626709971,0.360976106696485,"24.7-113.7 months (5th-95th percentile)","female"
98.8666666666667,8,41.9575171779746,0.367699811230151,"24.7-113.7 months (5th-95th percentile)","female"
100.514814814815,8,41.9720853890457,0.375167761487387,"24.7-113.7 months (5th-95th percentile)","female"
102.162962962963,8,41.9875311798259,0.383456888758899,"24.7-113.7 months (5th-95th percentile)","female"
103.811111111111,8,42.0035223226821,0.392654729423241,"24.7-113.7 months (5th-95th percentile)","female"
105.459259259259,8,42.0197393688021,0.402853430131725,"24.7-113.7 months (5th-95th percentile)","female"
107.107407407407,8,42.0358825517748,0.414141980189964,"24.7-113.7 months (5th-95th percentile)","female"
108.755555555556,8,42.0516730334671,0.426595504865447,"24.7-113.7 months (5th-95th percentile)","female"
110.403703703704,8,42.0668575774734,0.440267766791451,"24.7-113.7 months (5th-95th percentile)","female"
112.051851851852,8,42.0812237551661,0.455188006914573,"24.7-113.7 months (5th-95th percentile)","female"
113.7,8,42.0946090161059,0.471354700902075,"24.7-113.7 months (5th-95th percentile)","female"
24.7,8.33333333333333,39.7071261349661,0.399541905061814,"24.7-113.7 months (5th-95th percentile)","female"
26.3481481481481,8.33333333333333,39.8828795233888,0.375843458049364,"24.7-113.7 months (5th-95th percentile)","female"
27.9962962962963,8.33333333333333,40.0573515967821,0.354904101251701,"24.7-113.7 months (5th-95th percentile)","female"
29.6444444444444,8.33333333333333,40.2298057325498,0.337122607727692,"24.7-113.7 months (5th-95th percentile)","female"
31.2925925925926,8.33333333333333,40.3993913320689,0.322796837477083,"24.7-113.7 months (5th-95th percentile)","female"
32.9407407407407,8.33333333333333,40.565182997794,0.312054653450898,"24.7-113.7 months (5th-95th percentile)","female"
34.5888888888889,8.33333333333333,40.7262174077853,0.304804144981765,"24.7-113.7 months (5th-95th percentile)","female"
36.237037037037,8.33333333333333,40.8815276160045,0.300722284335985,"24.7-113.7 months (5th-95th percentile)","female"
37.8851851851852,8.33333333333333,41.0301745038175,0.299289634724065,"24.7-113.7 months (5th-95th percentile)","female"
39.5333333333333,8.33333333333333,41.1712751197193,0.299860980268399,"24.7-113.7 months (5th-95th percentile)","female"
41.1814814814815,8.33333333333333,41.3040276667462,0.301749534994704,"24.7-113.7 months (5th-95th percentile)","female"
42.8296296296296,8.33333333333333,41.4277327640448,0.304302680774657,"24.7-113.7 months (5th-95th percentile)","female"
44.4777777777778,8.33333333333333,41.5418055069939,0.306955476471284,"24.7-113.7 months (5th-95th percentile)","female"
46.1259259259259,8.33333333333333,41.645788024004,0.309261879344641,"24.7-113.7 months (5th-95th percentile)","female"
47.7740740740741,8.33333333333333,41.7393661863056,0.310908929854449,"24.7-113.7 months (5th-95th percentile)","female"
49.4222222222222,8.33333333333333,41.8223761704841,0.31171618584688,"24.7-113.7 months (5th-95th percentile)","female"
51.0703703703704,8.33333333333333,41.8948067738077,0.311626237222765,"24.7-113.7 months (5th-95th percentile)","female"
52.7185185185185,8.33333333333333,41.9567980576738,0.310689550803088,"24.7-113.7 months (5th-95th percentile)","female"
54.3666666666667,8.33333333333333,42.0086365150085,0.309045373075241,"24.7-113.7 months (5th-95th percentile)","female"
56.0148148148148,8.33333333333333,42.0507435713131,0.306898955818457,"24.7-113.7 months (5th-95th percentile)","female"
57.662962962963,8.33333333333333,42.0836517718841,0.304495209139356,"24.7-113.7 months (5th-95th percentile)","female"
59.3111111111111,8.33333333333333,42.1080010193888,0.302095391816759,"24.7-113.7 months (5th-95th percentile)","female"
60.9592592592593,8.33333333333333,42.1245294813643,0.299952354585843,"24.7-113.7 months (5th-95th percentile)","female"
62.6074074074074,8.33333333333333,42.1340563598783,0.298286138988867,"24.7-113.7 months (5th-95th percentile)","female"
64.2555555555556,8.33333333333333,42.1374633321923,0.297263889068462,"24.7-113.7 months (5th-95th percentile)","female"
65.9037037037037,8.33333333333333,42.1356752156623,0.296986811689727,"24.7-113.7 months (5th-95th percentile)","female"
67.5518518518519,8.33333333333333,42.1296403303544,0.29748612807841,"24.7-113.7 months (5th-95th percentile)","female"
69.2,8.33333333333333,42.1203110239362,0.29872843570512,"24.7-113.7 months (5th-95th percentile)","female"
70.8481481481481,8.33333333333333,42.108624806308,0.300629089525323,"24.7-113.7 months (5th-95th percentile)","female"
72.4962962962963,8.33333333333333,42.095486513453,0.303070749668863,"24.7-113.7 months (5th-95th percentile)","female"
74.1444444444444,8.33333333333333,42.0817518826494,0.30592360084261,"24.7-113.7 months (5th-95th percentile)","female"
75.7925925925926,8.33333333333333,42.0682128770253,0.309064001061404,"24.7-113.7 months (5th-95th percentile)","female"
77.4407407407407,8.33333333333333,42.0555850442418,0.312389192587136,"24.7-113.7 months (5th-95th percentile)","female"
79.0888888888889,8.33333333333333,42.0444971376552,0.315826804856056,"24.7-113.7 months (5th-95th percentile)","female"
80.737037037037,8.33333333333333,42.0354831656298,0.319338886958665,"24.7-113.7 months (5th-95th percentile)","female"
82.3851851851852,8.33333333333333,42.028976970886,0.32292098006945,"24.7-113.7 months (5th-95th percentile)","female"
84.0333333333333,8.33333333333333,42.0253093768164,0.326597267241606,"24.7-113.7 months (5th-95th percentile)","female"
85.6814814814815,8.33333333333333,42.02470787241,0.330413162069333,"24.7-113.7 months (5th-95th percentile)","female"
87.3296296296296,8.33333333333333,42.0272987471297,0.334426853010311,"24.7-113.7 months (5th-95th percentile)","female"
88.9777777777778,8.33333333333333,42.0331115266754,0.338701312119038,"24.7-113.7 months (5th-95th percentile)","female"
90.6259259259259,8.33333333333333,42.0420855107472,0.343298087005104,"24.7-113.7 months (5th-95th percentile)","female"
92.2740740740741,8.33333333333333,42.0540781646379,0.348273818012323,"24.7-113.7 months (5th-95th percentile)","female"
93.9222222222222,8.33333333333333,42.0688750813584,0.353679884238183,"24.7-113.7 months (5th-95th percentile)","female"
95.5703703703704,8.33333333333333,42.0862011980973,0.359564959484852,"24.7-113.7 months (5th-95th percentile)","female"
97.2185185185185,8.33333333333333,42.1057329328944,0.365979656380251,"24.7-113.7 months (5th-95th percentile)","female"
98.8666666666667,8.33333333333333,42.1271108942074,0.372981968075131,"24.7-113.7 months (5th-95th percentile)","female"
100.514814814815,8.33333333333333,42.1499528163357,0.380641967055574,"24.7-113.7 months (5th-95th percentile)","female"
102.162962962963,8.33333333333333,42.1738663803505,0.389044240933971,"24.7-113.7 months (5th-95th percentile)","female"
103.811111111111,8.33333333333333,42.1984612072795,0.398286263401176,"24.7-113.7 months (5th-95th percentile)","female"
105.459259259259,8.33333333333333,42.2233585941816,0.408471510427882,"24.7-113.7 months (5th-95th percentile)","female"
107.107407407407,8.33333333333333,42.2481991257205,0.419700911752443,"24.7-113.7 months (5th-95th percentile)","female"
108.755555555556,8.33333333333333,42.2726444816867,0.432061366209314,"24.7-113.7 months (5th-95th percentile)","female"
110.403703703704,8.33333333333333,42.2963827453833,0.445617649850662,"24.7-113.7 months (5th-95th percentile)","female"
112.051851851852,8.33333333333333,42.3191446873919,0.460408950025311,"24.7-113.7 months (5th-95th percentile)","female"
113.7,8.33333333333333,42.3407139040047,0.476442339350432,"24.7-113.7 months (5th-95th percentile)","female"
24.7,8.66666666666667,39.8933298049575,0.401815312544267,"24.7-113.7 months (5th-95th percentile)","female"
26.3481481481481,8.66666666666667,40.0654822695926,0.377328081797697,"24.7-113.7 months (5th-95th percentile)","female"
27.9962962962963,8.66666666666667,40.2363410457243,0.35575753869455,"24.7-113.7 months (5th-95th percentile)","female"
29.6444444444444,8.66666666666667,40.4051641523614,0.337535983012444,"24.7-113.7 months (5th-95th percentile)","female"
31.2925925925926,8.66666666666667,40.5710958941818,0.322987152501546,"24.7-113.7 months (5th-95th percentile)","female"
32.9407407407407,8.66666666666667,40.7332066647577,0.312249022650967,"24.7-113.7 months (5th-95th percentile)","female"
34.5888888888889,8.66666666666667,40.8905303678707,0.305217891642389,"24.7-113.7 months (5th-95th percentile)","female"
36.237037037037,8.66666666666667,41.0420991856245,0.301536208256167,"24.7-113.7 months (5th-95th percentile)","female"
37.8851851851852,8.66666666666667,41.186975419227,0.300632777697758,"24.7-113.7 months (5th-95th percentile)","female"
39.5333333333333,8.66666666666667,41.3242801401142,0.301802792624816,"24.7-113.7 months (5th-95th percentile)","female"
41.1814814814815,8.66666666666667,41.4532184117622,0.304301266978363,"24.7-113.7 months (5th-95th percentile)","female"
42.8296296296296,8.66666666666667,41.5731007058924,0.307424917638377,"24.7-113.7 months (5th-95th percentile)","female"
44.4777777777778,8.66666666666667,41.6833549115093,0.310568123454276,"24.7-113.7 months (5th-95th percentile)","female"
46.1259259259259,8.66666666666667,41.7835388725578,0.313254120144179,"24.7-113.7 months (5th-95th percentile)","female"
47.7740740740741,8.66666666666667,41.873357202219,0.315148151159596,"24.7-113.7 months (5th-95th percentile)","female"
49.4222222222222,8.66666666666667,41.9526677331607,0.316055676759061,"24.7-113.7 months (5th-95th percentile)","female"
51.0703703703704,8.66666666666667,42.0214836474442,0.31591209183959,"24.7-113.7 months (5th-95th percentile)","female"
52.7185185185185,8.66666666666667,42.0799718761452,0.314767376706157,"24.7-113.7 months (5th-95th percentile)","female"
54.3666666666667,8.66666666666667,42.1284479691733,0.312767354023325,"24.7-113.7 months (5th-95th percentile)","female"
56.0148148148148,8.66666666666667,42.1673642108308,0.31013155594672,"24.7-113.7 months (5th-95th percentile)","female"
57.662962962963,8.66666666666667,42.1972852753285,0.307127398012213,"24.7-113.7 months (5th-95th percentile)","female"
59.3111111111111,8.66666666666667,42.218884148808,0.304047471639592,"24.7-113.7 months (5th-95th percentile)","female"
60.9592592592593,8.66666666666667,42.2329326519723,0.301184486434987,"24.7-113.7 months (5th-95th percentile)","female"
62.6074074074074,8.66666666666667,42.2402837311016,0.298805201650148,"24.7-113.7 months (5th-95th percentile)","female"
64.2555555555556,8.66666666666667,42.2418524026507,0.297127271040177,"24.7-113.7 months (5th-95th percentile)","female"
65.9037037037037,8.66666666666667,42.2385959127997,0.296301995689753,"24.7-113.7 months (5th-95th percentile)","female"
67.5518518518519,8.66666666666667,42.2314935927749,0.296405619472289,"24.7-113.7 months (5th-95th percentile)","female"
69.2,8.66666666666667,42.2215268819314,0.297440514127351,"24.7-113.7 months (5th-95th percentile)","female"
70.8481481481481,8.66666666666667,42.2096599734013,0.299345676690193,"24.7-113.7 months (5th-95th percentile)","female"
72.4962962962963,8.66666666666667,42.196821509088,0.302014079770771,"24.7-113.7 months (5th-95th percentile)","female"
74.1444444444444,8.66666666666667,42.1838877131706,0.305313266561703,"24.7-113.7 months (5th-95th percentile)","female"
75.7925925925926,8.66666666666667,42.1716673089295,0.309105480673411,"24.7-113.7 months (5th-95th percentile)","female"
77.4407407407407,8.66666666666667,42.1608885100677,0.313264404064693,"24.7-113.7 months (5th-95th percentile)","female"
79.0888888888889,8.66666666666667,42.1521883209029,0.317686795970335,"24.7-113.7 months (5th-95th percentile)","female"
80.737037037037,8.66666666666667,42.1461043165649,0.3222985457466,"24.7-113.7 months (5th-95th percentile)","female"
82.3851851851852,8.66666666666667,42.1430690099963,0.327055613686801,"24.7-113.7 months (5th-95th percentile)","female"
84.0333333333333,8.66666666666667,42.1434068469655,0.331940966026309,"24.7-113.7 months (5th-95th percentile)","female"
85.6814814814815,8.66666666666667,42.1473338042724,0.336958948357508,"24.7-113.7 months (5th-95th percentile)","female"
87.3296296296296,8.66666666666667,42.1549595053707,0.342128642797596,"24.7-113.7 months (5th-95th percentile)","female"
88.9777777777778,8.66666666666667,42.1662917063162,0.347477661273151,"24.7-113.7 months (5th-95th percentile)","female"
90.6259259259259,8.66666666666667,42.1812429544687,0.353037560986962,"24.7-113.7 months (5th-95th percentile)","female"
92.2740740740741,8.66666666666667,42.1996391720853,0.358841655624046,"24.7-113.7 months (5th-95th percentile)","female"
93.9222222222222,8.66666666666667,42.2212298811556,0.364925477270117,"24.7-113.7 months (5th-95th percentile)","female"
95.5703703703704,8.66666666666667,42.245699751897,0.371329590238059,"24.7-113.7 months (5th-95th percentile)","female"
97.2185185185185,8.66666666666667,42.2726811387456,0.378103947127982,"24.7-113.7 months (5th-95th percentile)","female"
98.8666666666667,8.66666666666667,42.3017672535085,0.385312591701374,"24.7-113.7 months (5th-95th percentile)","female"
100.514814814815,8.66666666666667,42.3325256249674,0.393037311682861,"24.7-113.7 months (5th-95th percentile)","female"
102.162962962963,8.66666666666667,42.3645115001137,0.401378869656149,"24.7-113.7 months (5th-95th percentile)","female"
103.811111111111,8.66666666666667,42.3972804969154,0.410454083823731,"24.7-113.7 months (5th-95th percentile)","female"
105.459259259259,8.66666666666667,42.4303990961247,0.420387569187383,"24.7-113.7 months (5th-95th percentile)","female"
107.107407407407,8.66666666666667,42.4634528829897,0.431301970500282,"24.7-113.7 months (5th-95th percentile)","female"
108.755555555556,8.66666666666667,42.4960488301885,0.443305258783307,"24.7-113.7 months (5th-95th percentile)","female"
110.403703703704,8.66666666666667,42.5278211762912,0.456481649747321,"24.7-113.7 months (5th-95th percentile)","female"
112.051851851852,8.66666666666667,42.5584487393318,0.470887543956251,"24.7-113.7 months (5th-95th percentile)","female"
113.7,8.66666666666667,42.5876660444243,0.486544501893305,"24.7-113.7 months (5th-95th percentile)","female"
24.7,9,40.0798194212157,0.408629829731925,"24.7-113.7 months (5th-95th percentile)","female"
26.3481481481481,9,40.2484690439668,0.383516675075254,"24.7-113.7 months (5th-95th percentile)","female"
27.9962962962963,9,40.4158184904666,0.361488335686104,"24.7-113.7 months (5th-95th percentile)","female"
29.6444444444444,9,40.581123636211,0.343001907442991,"24.7-113.7 months (5th-95th percentile)","female"
31.2925925925926,9,40.7435273082537,0.328395904515543,"24.7-113.7 months (5th-95th percentile)","female"
32.9407407407407,9,40.9020995208388,0.317806841067532,"24.7-113.7 months (5th-95th percentile)","female"
34.5888888888889,9,41.0558752670657,0.311109973935865,"24.7-113.7 months (5th-95th percentile)","female"
36.237037037037,9,41.2038895957349,0.307908876085236,"24.7-113.7 months (5th-95th percentile)","female"
37.8851851851852,9,41.3452096997604,0.307582179642814,"24.7-113.7 months (5th-95th percentile)","female"
39.5333333333333,9,41.4789637545261,0.309372029070689,"24.7-113.7 months (5th-95th percentile)","female"
41.1814814814815,9,41.6043662674219,0.312484454236312,"24.7-113.7 months (5th-95th percentile)","female"
42.8296296296296,9,41.7207395603418,0.316175027965919,"24.7-113.7 months (5th-95th percentile)","female"
44.4777777777778,9,41.827525686035,0.319805681136213,"24.7-113.7 months (5th-95th percentile)","female"
46.1259259259259,9,41.9242988988403,0.322875174233559,"24.7-113.7 months (5th-95th percentile)","female"
47.7740740740741,9,42.0107824992645,0.325031132813481,"24.7-113.7 months (5th-95th percentile)","female"
49.4222222222222,9,42.0868551477012,0.326067275585861,"24.7-113.7 months (5th-95th percentile)","female"
51.0703703703704,9,42.1525528027716,0.325912640239248,"24.7-113.7 months (5th-95th percentile)","female"
52.7185185185185,9,42.2080668860532,0.324616287575086,"24.7-113.7 months (5th-95th percentile)","female"
54.3666666666667,9,42.2537388775586,0.322329087099917,"24.7-113.7 months (5th-95th percentile)","female"
56.0148148148148,9,42.2900481003731,0.319282384455203,"24.7-113.7 months (5th-95th percentile)","female"
57.662962962963,9,42.3175869604518,0.315762929633428,"24.7-113.7 months (5th-95th percentile)","female"
59.3111111111111,9,42.3370565629208,0.312091061825448,"24.7-113.7 months (5th-95th percentile)","female"
60.9592592592593,9,42.3492568862712,0.308595817044777,"24.7-113.7 months (5th-95th percentile)","female"
62.6074074074074,9,42.3550686735043,0.305587793468672,"24.7-113.7 months (5th-95th percentile)","female"
64.2555555555556,9,42.3554339673373,0.303333494552315,"24.7-113.7 months (5th-95th percentile)","female"
65.9037037037037,9,42.3513358571226,0.302034188103515,"24.7-113.7 months (5th-95th percentile)","female"
67.5518518518519,9,42.3437779241714,0.301812433705999,"24.7-113.7 months (5th-95th percentile)","female"
69.2,9,42.3337638634061,0.302708532408713,"24.7-113.7 months (5th-95th percentile)","female"
70.8481481481481,9,42.3222777419681,0.304687304193259,"24.7-113.7 months (5th-95th percentile)","female"
72.4962962962963,9,42.3102653273449,0.307653408047901,"24.7-113.7 months (5th-95th percentile)","female"
74.1444444444444,9,42.2986168796955,0.311471737271832,"24.7-113.7 months (5th-95th percentile)","female"
75.7925925925926,9,42.2881517585428,0.315988838194699,"24.7-113.7 months (5th-95th percentile)","female"
77.4407407407407,9,42.2796051399688,0.321051849982312,"24.7-113.7 months (5th-95th percentile)","female"
79.0888888888889,9,42.2736170833509,0.326522716450844,"24.7-113.7 months (5th-95th percentile)","female"
80.737037037037,9,42.2707241229517,0.332286827207242,"24.7-113.7 months (5th-95th percentile)","female"
82.3851851851852,9,42.2713534948795,0.338256408064871,"24.7-113.7 months (5th-95th percentile)","female"
84.0333333333333,9,42.2758200438257,0.344369743691205,"24.7-113.7 months (5th-95th percentile)","female"
85.6814814814815,9,42.2843257873347,0.350587693267891,"24.7-113.7 months (5th-95th percentile)","female"
87.3296296296296,9,42.2969620538687,0.3568890333573,"24.7-113.7 months (5th-95th percentile)","female"
88.9777777777778,9,42.3137140488721,0.363266014821589,"24.7-113.7 months (5th-95th percentile)","female"
90.6259259259259,9,42.334467652014,0.369721211869899,"24.7-113.7 months (5th-95th percentile)","female"
92.2740740740741,9,42.359018197682,0.376266323363266,"24.7-113.7 months (5th-95th percentile)","female"
93.9222222222222,9,42.3870809544721,0.382923105106645,"24.7-113.7 months (5th-95th percentile)","female"
95.5703703703704,9,42.4183029846556,0.389726125744348,"24.7-113.7 months (5th-95th percentile)","female"
97.2185185185185,9,42.4522760454847,0.396726602181748,"24.7-113.7 months (5th-95th percentile)","female"
98.8666666666667,9,42.4885501792528,0.403996241217011,"24.7-113.7 months (5th-95th percentile)","female"
100.514814814815,9,42.5266476381145,0.411629835106038,"24.7-113.7 months (5th-95th percentile)","female"
102.162962962963,9,42.5660767949232,0.419745369502077,"24.7-113.7 months (5th-95th percentile)","female"
103.811111111111,9,42.6063453602713,0.428479963337691,"24.7-113.7 months (5th-95th percentile)","female"
105.459259259259,9,42.6469714905797,0.437980414932996,"24.7-113.7 months (5th-95th percentile)","female"
107.107407407407,9,42.6874925491305,0.448392365251054,"24.7-113.7 months (5th-95th percentile)","female"
108.755555555556,9,42.7274677439559,0.459846475869344,"24.7-113.7 months (5th-95th percentile)","female"
110.403703703704,9,42.7664844835629,0.472448351229576,"24.7-113.7 months (5th-95th percentile)","female"
112.051851851852,9,42.8041766453992,0.486273789976964,"24.7-113.7 months (5th-95th percentile)","female"
113.7,9,42.840236576725,0.501361152238038,"24.7-113.7 months (5th-95th percentile)","female"
24.7,9.33333333333333,40.272049104366,0.418514792115523,"24.7-113.7 months (5th-95th percentile)","female"
26.3481481481481,9.33333333333333,40.4373006983416,0.393172853666825,"24.7-113.7 months (5th-95th percentile)","female"
27.9962962962963,9.33333333333333,40.6012531503369,0.371037939726624,"24.7-113.7 months (5th-95th percentile)","female"
29.6444444444444,9.33333333333333,40.7631642933682,0.352571788989902,"24.7-113.7 months (5th-95th percentile)","female"
31.2925925925926,9.33333333333333,40.9221800884926,0.338108494052436,"24.7-113.7 months (5th-95th percentile)","female"
32.9407407407407,9.33333333333333,41.0773750441683,0.327769937469596,"24.7-113.7 months (5th-95th percentile)","female"
34.5888888888889,9.33333333333333,41.227790151918,0.321408091931407,"24.7-113.7 months (5th-95th percentile)","female"
36.237037037037,9.33333333333333,41.3724680679833,0.318598534091664,"24.7-113.7 months (5th-95th percentile)","female"
37.8851851851852,9.33333333333333,41.5104852679664,0.31869178860164,"24.7-113.7 months (5th-95th percentile)","female"
39.5333333333333,9.33333333333333,41.6409809135957,0.320905136635189,"24.7-113.7 months (5th-95th percentile)","female"
41.1814814814815,9.33333333333333,41.7631821937433,0.324424318755385,"24.7-113.7 months (5th-95th percentile)","female"
42.8296296296296,9.33333333333333,41.8764257606319,0.32848896528692,"24.7-113.7 months (5th-95th percentile)","female"
44.4777777777778,9.33333333333333,41.9801695011903,0.332448529580421,"24.7-113.7 months (5th-95th percentile)","female"
46.1259259259259,9.33333333333333,42.0740048805928,0.335791930898123,"24.7-113.7 months (5th-95th percentile)","female"
47.7740740740741,9.33333333333333,42.1576737227605,0.338159099708201,"24.7-113.7 months (5th-95th percentile)","female"
49.4222222222222,9.33333333333333,42.2310743575994,0.339338035939202,"24.7-113.7 months (5th-95th percentile)","female"
51.0703703703704,9.33333333333333,42.2942633611493,0.33925414132321,"24.7-113.7 months (5th-95th percentile)","female"
52.7185185185185,9.33333333333333,42.3474534981936,0.337955241615926,"24.7-113.7 months (5th-95th percentile)","female"
54.3666666666667,9.33333333333333,42.3910080745775,0.335593852487356,"24.7-113.7 months (5th-95th percentile)","female"
56.0148148148148,9.33333333333333,42.425428462186,0.332406418605153,"24.7-113.7 months (5th-95th percentile)","female"
57.662962962963,9.33333333333333,42.4513290726931,0.328688794005023,"24.7-113.7 months (5th-95th percentile)","female"
59.3111111111111,9.33333333333333,42.4694326825544,0.324775054437076,"24.7-113.7 months (5th-95th percentile)","female"
60.9592592592593,9.33333333333333,42.4805603071731,0.321012930103762,"24.7-113.7 months (5th-95th percentile)","female"
62.6074074074074,9.33333333333333,42.4856127945937,0.31773642118473,"24.7-113.7 months (5th-95th percentile)","female"
64.2555555555556,9.33333333333333,42.485551063808,0.315239123129226,"24.7-113.7 months (5th-95th percentile)","female"
65.9037037037037,9.33333333333333,42.4813755592205,0.313751190646192,"24.7-113.7 months (5th-95th percentile)","female"
67.5518518518519,9.33333333333333,42.4741054119354,0.313423227302627,"24.7-113.7 months (5th-95th percentile)","female"
69.2,9.33333333333333,42.46475778979,0.314319768591868,"24.7-113.7 months (5th-95th percentile)","female"
70.8481481481481,9.33333333333333,42.4543279006177,0.316423351182487,"24.7-113.7 months (5th-95th percentile)","female"
72.4962962962963,9.33333333333333,42.4437700851252,0.319647928049992,"24.7-113.7 months (5th-95th percentile)","female"
74.1444444444444,9.33333333333333,42.4339803976359,0.323858461993193,"24.7-113.7 months (5th-95th percentile)","female"
75.7925925925926,9.33333333333333,42.4257810283184,0.328892629810924,"24.7-113.7 months (5th-95th percentile)","female"
77.4407407407407,9.33333333333333,42.4199068661623,0.33458088390916,"24.7-113.7 months (5th-95th percentile)","female"
79.0888888888889,9.33333333333333,42.4169944446362,0.340762289298071,"24.7-113.7 months (5th-95th percentile)","female"
80.737037037037,9.33333333333333,42.4175734478688,0.347295004947671,"24.7-113.7 months (5th-95th percentile)","female"
82.3851851851852,9.33333333333333,42.4220608900569,0.354061538273964,"24.7-113.7 months (5th-95th percentile)","female"
84.0333333333333,9.33333333333333,42.4307580142998,0.360969750078426,"24.7-113.7 months (5th-95th percentile)","female"
85.6814814814815,9.33333333333333,42.4438498899643,0.367951010901338,"24.7-113.7 months (5th-95th percentile)","female"
87.3296296296296,9.33333333333333,42.4614076257995,0.374956993018475,"24.7-113.7 months (5th-95th percentile)","female"
88.9777777777778,9.33333333333333,42.4833930534237,0.381956428420262,"24.7-113.7 months (5th-95th percentile)","female"
90.6259259259259,9.33333333333333,42.5096656844069,0.388932851832925,"24.7-113.7 months (5th-95th percentile)","female"
92.2740740740741,9.33333333333333,42.5399916924744,0.395883944052328,"24.7-113.7 months (5th-95th percentile)","female"
93.9222222222222,9.33333333333333,42.5740546356613,0.402822641734219,"24.7-113.7 months (5th-95th percentile)","female"
95.5703703703704,9.33333333333333,42.6114675979022,0.409779736432892,"24.7-113.7 months (5th-95th percentile)","female"
97.2185185185185,9.33333333333333,42.6517864100459,0.416807289522103,"24.7-113.7 months (5th-95th percentile)","female"
98.8666666666667,9.33333333333333,42.6945235948153,0.423981886926594,"24.7-113.7 months (5th-95th percentile)","female"
100.514814814815,9.33333333333333,42.7391626789511,0.431406583617505,"24.7-113.7 months (5th-95th percentile)","female"
102.162962962963,9.33333333333333,42.7851725205867,0.439210380915031,"24.7-113.7 months (5th-95th percentile)","female"
103.811111111111,9.33333333333333,42.8320209660282,0.447543580441847,"24.7-113.7 months (5th-95th percentile)","female"
105.459259259259,9.33333333333333,42.8791863934951,0.456567740078425,"24.7-113.7 months (5th-95th percentile)","female"
107.107407407407,9.33333333333333,42.9261668496907,0.466444310422256,"24.7-113.7 months (5th-95th percentile)","female"
108.755555555556,9.33333333333333,42.9724828879723,0.477320206252199,"24.7-113.7 months (5th-95th percentile)","female"
110.403703703704,9.33333333333333,43.0176842805641,0.489317098853855,"24.7-113.7 months (5th-95th percentile)","female"
112.051851851852,9.33333333333333,43.0613691400077,0.50252615519342,"24.7-113.7 months (5th-95th percentile)","female"
113.7,9.33333333333333,43.103196640267,0.51699990011923,"24.7-113.7 months (5th-95th percentile)","female"
24.7,9.66666666666667,40.4754729750335,0.427086876576748,"24.7-113.7 months (5th-95th percentile)","female"
26.3481481481481,9.66666666666667,40.6374380845471,0.401957525088188,"24.7-113.7 months (5th-95th percentile)","female"
27.9962962962963,9.66666666666667,40.7981142446633,0.380063890075239,"24.7-113.7 months (5th-95th percentile)","female"
29.6444444444444,9.66666666666667,40.9567662331027,0.36185323492995,"24.7-113.7 months (5th-95th percentile)","female"
31.2925925925926,9.66666666666667,41.1125487491068,0.347641642696804,"24.7-113.7 months (5th-95th percentile)","female"
32.9407407407407,9.66666666666667,41.2645467128775,0.337533203077327,"24.7-113.7 months (5th-95th percentile)","female"
34.5888888888889,9.66666666666667,41.4118130689753,0.331367039200495,"24.7-113.7 months (5th-95th percentile)","female"
36.237037037037,9.66666666666667,41.5534038240171,0.328714278432688,"24.7-113.7 months (5th-95th percentile)","female"
37.8851851851852,9.66666666666667,41.6884100463936,0.328929769822425,"24.7-113.7 months (5th-95th percentile)","female"
39.5333333333333,9.66666666666667,41.8159865679636,0.331241284142946,"24.7-113.7 months (5th-95th percentile)","female"
41.1814814814815,9.66666666666667,41.9353771507443,0.33484738828794,"24.7-113.7 months (5th-95th percentile)","female"
42.8296296296296,9.66666666666667,42.045935740002,0.338999682123828,"24.7-113.7 months (5th-95th percentile)","female"
44.4777777777778,9.66666666666667,42.1471380275943,0.343057032136244,"24.7-113.7 months (5th-95th percentile)","female"
46.1259259259259,9.66666666666667,42.2385935955569,0.34651479149111,"24.7-113.7 months (5th-95th percentile)","female"
47.7740740740741,9.66666666666667,42.3200625180254,0.349016619028319,"24.7-113.7 months (5th-95th percentile)","female"
49.4222222222222,9.66666666666667,42.3914613063495,0.35035209900768,"24.7-113.7 months (5th-95th percentile)","female"
51.0703703703704,9.66666666666667,42.4528644439368,0.350446592930448,"24.7-113.7 months (5th-95th percentile)","female"
52.7185185185185,9.66666666666667,42.5045021233622,0.349346616160949,"24.7-113.7 months (5th-95th percentile)","female"
54.3666666666667,9.66666666666667,42.5467543946432,0.347202284434867,"24.7-113.7 months (5th-95th percentile)","female"
56.0148148148148,9.66666666666667,42.5801385185158,0.344246628364892,"24.7-113.7 months (5th-95th percentile)","female"
57.662962962963,9.66666666666667,42.6052838574917,0.340771152271436,"24.7-113.7 months (5th-95th percentile)","female"
59.3111111111111,9.66666666666667,42.6229269285358,0.337104673121624,"24.7-113.7 months (5th-95th percentile)","female"
60.9592592592593,9.66666666666667,42.6339010375899,0.333588958998354,"24.7-113.7 months (5th-95th percentile)","female"
62.6074074074074,9.66666666666667,42.6391177018772,0.330551813370189,"24.7-113.7 months (5th-95th percentile)","female"
64.2555555555556,9.66666666666667,42.6395467296192,0.328281093836303,"24.7-113.7 months (5th-95th percentile)","female"
65.9037037037037,9.66666666666667,42.636195529683,0.327002475297149,"24.7-113.7 months (5th-95th percentile)","female"
67.5518518518519,9.66666666666667,42.6300881434584,0.326864025632478,"24.7-113.7 months (5th-95th percentile)","female"
69.2,9.66666666666667,42.6222444825129,0.327930018749298,"24.7-113.7 months (5th-95th percentile)","female"
70.8481481481481,9.66666666666667,42.6136602379594,0.330184825586696,"24.7-113.7 months (5th-95th percentile)","female"
72.4962962962963,9.66666666666667,42.6052878993304,0.333545666313143,"24.7-113.7 months (5th-95th percentile)","female"
74.1444444444444,9.66666666666667,42.5980192824032,0.337881249636581,"24.7-113.7 months (5th-95th percentile)","female"
75.7925925925926,9.66666666666667,42.5926699207099,0.343032502603628,"24.7-113.7 months (5th-95th percentile)","female"
77.4407407407407,9.66666666666667,42.5899656208659,0.348831871732744,"24.7-113.7 months (5th-95th percentile)","female"
79.0888888888889,9.66666666666667,42.5905314243952,0.355118739631232,"24.7-113.7 months (5th-95th percentile)","female"
80.737037037037,9.66666666666667,42.5948831543947,0.361749837999366,"24.7-113.7 months (5th-95th percentile)","female"
82.3851851851852,9.66666666666667,42.6034216600498,0.368604719319797,"24.7-113.7 months (5th-95th percentile)","female"
84.0333333333333,9.66666666666667,42.6164298052906,0.375587164119412,"24.7-113.7 months (5th-95th percentile)","female"
85.6814814814815,9.66666666666667,42.6340721805291,0.382623822960837,"24.7-113.7 months (5th-95th percentile)","female"
87.3296296296296,9.66666666666667,42.6563974543387,0.389661491204179,"24.7-113.7 months (5th-95th percentile)","female"
88.9777777777778,9.66666666666667,42.6833432190515,0.39666428265546,"24.7-113.7 months (5th-95th percentile)","female"
90.6259259259259,9.66666666666667,42.7147431326714,0.403611680554695,"24.7-113.7 months (5th-95th percentile)","female"
92.2740740740741,9.66666666666667,42.7503361075091,0.41049806422325,"24.7-113.7 months (5th-95th percentile)","female"
93.9222222222222,9.66666666666667,42.789777259077,0.417333883218129,"24.7-113.7 months (5th-95th percentile)","female"
95.5703703703704,9.66666666666667,42.8326502931661,0.424148227362281,"24.7-113.7 months (5th-95th percentile)","female"
97.2185185185185,9.66666666666667,42.8784809893632,0.430992159642739,"24.7-113.7 months (5th-95th percentile)","female"
98.8666666666667,9.66666666666667,42.926751423571,0.437941883696275,"24.7-113.7 months (5th-95th percentile)","female"
100.514814814815,9.66666666666667,42.976914570651,0.445100642061776,"24.7-113.7 months (5th-95th percentile)","female"
102.162962962963,9.66666666666667,43.0284089329119,0.452598223060454,"24.7-113.7 months (5th-95th percentile)","female"
103.811111111111,9.66666666666667,43.0806724828675,0.460586430820847,"24.7-113.7 months (5th-95th percentile)","female"
105.459259259259,9.66666666666667,43.1331544208193,0.469229206171228,"24.7-113.7 months (5th-95th percentile)","female"
107.107407407407,9.66666666666667,43.1853245102182,0.478691424512443,"24.7-113.7 months (5th-95th percentile)","female"
108.755555555556,9.66666666666667,43.2366759272212,0.489124551533266,"24.7-113.7 months (5th-95th percentile)","female"
110.403703703704,9.66666666666667,43.2867321806605,0.500655884201443,"24.7-113.7 months (5th-95th percentile)","female"
112.051851851852,9.66666666666667,43.335066957571,0.513383163939128,"24.7-113.7 months (5th-95th percentile)","female"
113.7,9.66666666666667,43.3813173744107,0.527366233728694,"24.7-113.7 months (5th-95th percentile)","female"
24.7,10,40.695669998715,0.429103929429718,"24.7-113.7 months (5th-95th percentile)","female"
26.3481481481481,10,40.8544798324169,0.404508529143828,"24.7-113.7 months (5th-95th percentile)","female"
27.9962962962963,10,41.012021389812,0.383067791919156,"24.7-113.7 months (5th-95th percentile)","female"
29.6444444444444,10,41.1675720905304,0.365206072113686,"24.7-113.7 months (5th-95th percentile)","female"
31.2925925925926,10,41.3203017673946,0.351220938161002,"24.7-113.7 months (5th-95th percentile)","female"
32.9407407407407,10,41.4693124969336,0.341208174548812,"24.7-113.7 months (5th-95th percentile)","female"
34.5888888888889,10,41.6136759531621,0.335013305505323,"24.7-113.7 months (5th-95th percentile)","female"
36.237037037037,10,41.7524680157517,0.332229297205906,"24.7-113.7 months (5th-95th percentile)","female"
37.8851851851852,10,41.8848003611552,0.332244546058237,"24.7-113.7 months (5th-95th percentile)","female"
39.5333333333333,10,42.0098487775306,0.33432566484534,"24.7-113.7 months (5th-95th percentile)","female"
41.1814814814815,10,42.1268779673615,0.337709113467326,"24.7-113.7 months (5th-95th percentile)","female"
42.8296296296296,10,42.2352624611545,0.341679313280315,"24.7-113.7 months (5th-95th percentile)","female"
44.4777777777778,10,42.3344979016956,0.345621259361774,"24.7-113.7 months (5th-95th percentile)","female"
46.1259259259259,10,42.4242129053514,0.349049747560017,"24.7-113.7 months (5th-95th percentile)","female"
47.7740740740741,10,42.5041853548614,0.351621828294371,"24.7-113.7 months (5th-95th percentile)","female"
49.4222222222222,10,42.5743481027826,0.353135195697415,"24.7-113.7 months (5th-95th percentile)","female"
51.0703703703704,10,42.6347902943812,0.353518518471759,"24.7-113.7 months (5th-95th percentile)","female"
52.7185185185185,10,42.6857549199344,0.352816890181849,"24.7-113.7 months (5th-95th percentile)","female"
54.3666666666667,10,42.7276328055669,0.351173983263233,"24.7-113.7 months (5th-95th percentile)","female"
56.0148148148148,10,42.7609498974391,0.348810891650155,"24.7-113.7 months (5th-95th percentile)","female"
57.662962962963,10,42.7863422819263,0.346001330593247,"24.7-113.7 months (5th-95th percentile)","female"
59.3111111111111,10,42.8045509899451,0.343050029264272,"24.7-113.7 months (5th-95th percentile)","female"
60.9592592592593,10,42.8164114632301,0.340268579975375,"24.7-113.7 months (5th-95th percentile)","female"
62.6074074074074,10,42.8228349517614,0.33794975301911,"24.7-113.7 months (5th-95th percentile)","female"
64.2555555555556,10,42.8247885954187,0.336343825452767,"24.7-113.7 months (5th-95th percentile)","female"
65.9037037037037,10,42.8232747599696,0.335639588555537,"24.7-113.7 months (5th-95th percentile)","female"
67.5518518518519,10,42.8193101186267,0.335952597321759,"24.7-113.7 months (5th-95th percentile)","female"
69.2,10,42.8139049616006,0.337322329640615,"24.7-113.7 months (5th-95th percentile)","female"
70.8481481481481,10,42.8080431982422,0.33971835437142,"24.7-113.7 months (5th-95th percentile)","female"
72.4962962962963,10,42.8026634881984,0.343053861109536,"24.7-113.7 months (5th-95th percentile)","female"
74.1444444444444,10,42.7986418994606,0.347203604762579,"24.7-113.7 months (5th-95th percentile)","female"
75.7925925925926,10,42.7967764464562,0.352022875158479,"24.7-113.7 months (5th-95th percentile)","female"
77.4407407407407,10,42.7977738065888,0.357364532746733,"24.7-113.7 months (5th-95th percentile)","female"
79.0888888888889,10,42.8022384561547,0.363092143433437,"24.7-113.7 months (5th-95th percentile)","female"
80.737037037037,10,42.8106644021456,0.369088391844304,"24.7-113.7 months (5th-95th percentile)","female"
82.3851851851852,10,42.8234296210955,0.375258940516118,"24.7-113.7 months (5th-95th percentile)","female"
84.0333333333333,10,42.8407932493763,0.38153258843174,"24.7-113.7 months (5th-95th percentile)","female"
85.6814814814815,10,42.8628955019924,0.387858952143518,"24.7-113.7 months (5th-95th percentile)","female"
87.3296296296296,10,42.8897602348551,0.394204994597382,"24.7-113.7 months (5th-95th percentile)","female"
88.9777777777778,10,42.9213000026502,0.400551623970026,"24.7-113.7 months (5th-95th percentile)","female"
90.6259259259259,10,42.9573234128754,0.406891328931238,"24.7-113.7 months (5th-95th percentile)","female"
92.2740740740741,10,42.997544524681,0.413227457390699,"24.7-113.7 months (5th-95th percentile)","female"
93.9222222222222,10,43.0415940043408,0.41957532532043,"24.7-113.7 months (5th-95th percentile)","female"
95.5703703703704,10,43.0890317136473,0.425964912580413,"24.7-113.7 months (5th-95th percentile)","female"
97.2185185185185,10,43.1393603879354,0.432444509210727,"24.7-113.7 months (5th-95th percentile)","female"
98.8666666666667,10,43.1920400448582,0.439084368263863,"24.7-113.7 months (5th-95th percentile)","female"
100.514814814815,10,43.2465027636811,0.445979237319089,"24.7-113.7 months (5th-95th percentile)","female"
102.162962962963,10,43.3021674795326,0.453248617741018,"24.7-113.7 months (5th-95th percentile)","female"
103.811111111111,10,43.35845403278,0.461033090789694,"24.7-113.7 months (5th-95th percentile)","female"
105.459259259259,10,43.4147948833817,0.469485368167445,"24.7-113.7 months (5th-95th percentile)","female"
107.107407407407,10,43.4706444399479,0.478759933983337,"24.7-113.7 months (5th-95th percentile)","female"
108.755555555556,10,43.5254817031856,0.488999463696961,"24.7-113.7 months (5th-95th percentile)","female"
110.403703703704,10,43.5788172206868,0.500324616937499,"24.7-113.7 months (5th-95th percentile)","female"
112.051851851852,10,43.6302135020387,0.512828973213276,"24.7-113.7 months (5th-95th percentile)","female"
113.7,10,43.679298576854,0.526570845622776,"24.7-113.7 months (5th-95th percentile)","female"
24.7,10.3333333333333,40.9393057536756,0.422158733225422,"24.7-113.7 months (5th-95th percentile)","female"
26.3481481481481,10.3333333333333,41.0952237507044,0.398083748663783,"24.7-113.7 months (5th-95th percentile)","female"
27.9962962962963,10.3333333333333,41.2499032134085,0.37701968471346,"24.7-113.7 months (5th-95th percentile)","female"
29.6444444444444,10.3333333333333,41.4026390775768,0.359375648224719,"24.7-113.7 months (5th-95th percentile)","female"
31.2925925925926,10.3333333333333,41.5526217438485,0.345443801671538,"24.7-113.7 months (5th-95th percentile)","female"
32.9407407407407,10.3333333333333,41.6989761285821,0.335328343619473,"24.7-113.7 months (5th-95th percentile)","female"
34.5888888888889,10.3333333333333,41.8407982863877,0.32889834343004,"24.7-113.7 months (5th-95th percentile)","female"
36.237037037037,10.3333333333333,41.9771893363228,0.325783012696728,"24.7-113.7 months (5th-95th percentile)","female"
37.8851851851852,10.3333333333333,42.1072864212416,0.325414276180072,"24.7-113.7 months (5th-95th percentile)","female"
39.5333333333333,10.3333333333333,42.2302904420555,0.327103372254298,"24.7-113.7 months (5th-95th percentile)","female"
41.1814814814815,10.3333333333333,42.3454903316399,0.33012767558674,"24.7-113.7 months (5th-95th percentile)","female"
42.8296296296296,10.3333333333333,42.4522834950851,0.333806263840139,"24.7-113.7 months (5th-95th percentile)","female"
44.4777777777778,10.3333333333333,42.5501867588294,0.337551954043827,"24.7-113.7 months (5th-95th percentile)","female"
46.1259259259259,10.3333333333333,42.6388478831234,0.340900915085663,"24.7-113.7 months (5th-95th percentile)","female"
47.7740740740741,10.3333333333333,42.7180614346894,0.343525636078829,"24.7-113.7 months (5th-95th percentile)","female"
49.4222222222222,10.3333333333333,42.7877742207013,0.345233699288171,"24.7-113.7 months (5th-95th percentile)","female"
51.0703703703704,10.3333333333333,42.8480864017904,0.345958095126399,"24.7-113.7 months (5th-95th percentile)","female"
52.7185185185185,10.3333333333333,42.8992488863312,0.345742233428022,"24.7-113.7 months (5th-95th percentile)","female"
54.3666666666667,10.3333333333333,42.9416572139945,0.344721325958547,"24.7-113.7 months (5th-95th percentile)","female"
56.0148148148148,10.3333333333333,42.9758388703738,0.343100365991582,"24.7-113.7 months (5th-95th percentile)","female"
57.662962962963,10.3333333333333,43.0024286310493,0.341128738143001,"24.7-113.7 months (5th-95th percentile)","female"
59.3111111111111,10.3333333333333,43.022163149919,0.339078059910548,"24.7-113.7 months (5th-95th percentile)","female"
60.9592592592593,10.3333333333333,43.0358703311796,0.337218414420075,"24.7-113.7 months (5th-95th percentile)","female"
62.6074074074074,10.3333333333333,43.0444508410729,0.335794397931923,"24.7-113.7 months (5th-95th percentile)","female"
64.2555555555556,10.3333333333333,43.0488583428387,0.335004552739353,"24.7-113.7 months (5th-95th percentile)","female"
65.9037037037037,10.3333333333333,43.0500790194799,0.33498662086733,"24.7-113.7 months (5th-95th percentile)","female"
67.5518518518519,10.3333333333333,43.0491108720034,0.335810548314425,"24.7-113.7 months (5th-95th percentile)","female"
69.2,10.3333333333333,43.0469432718947,0.337480017960371,"24.7-113.7 months (5th-95th percentile)","female"
70.8481481481481,10.3333333333333,43.0445372285042,0.339941767278841,"24.7-113.7 months (5th-95th percentile)","female"
72.4962962962963,10.3333333333333,43.0428068038213,0.343100549718754,"24.7-113.7 months (5th-95th percentile)","female"
74.1444444444444,10.3333333333333,43.0426020684233,0.346836783336861,"24.7-113.7 months (5th-95th percentile)","female"
75.7925925925926,10.3333333333333,43.0446939476714,0.351023883709706,"24.7-113.7 months (5th-95th percentile)","female"
77.4407407407407,10.3333333333333,43.0497612524544,0.3555428793058,"24.7-113.7 months (5th-95th percentile)","female"
79.0888888888889,10.3333333333333,43.0583801313708,0.360292848319087,"24.7-113.7 months (5th-95th percentile)","female"
80.737037037037,10.3333333333333,43.0710161168985,0.365196689800319,"24.7-113.7 months (5th-95th percentile)","female"
82.3851851851852,10.3333333333333,43.0880188728832,0.370202548427331,"24.7-113.7 months (5th-95th percentile)","female"
84.0333333333333,10.3333333333333,43.1096196840873,0.3752817761116,"24.7-113.7 months (5th-95th percentile)","female"
85.6814814814815,10.3333333333333,43.135931661391,0.380424637696529,"24.7-113.7 months (5th-95th percentile)","female"
87.3296296296296,10.3333333333333,43.1669525743976,0.385635081968767,"24.7-113.7 months (5th-95th percentile)","female"
88.9777777777778,10.3333333333333,43.2025701606086,0.390925834173277,"24.7-113.7 months (5th-95th percentile)","female"
90.6259259259259,10.3333333333333,43.2425697090624,0.396314843724632,"24.7-113.7 months (5th-95th percentile)","female"
92.2740740740741,10.3333333333333,43.2866436647502,0.40182377079643,"24.7-113.7 months (5th-95th percentile)","female"
93.9222222222222,10.3333333333333,43.3344029635918,0.40747875492318,"24.7-113.7 months (5th-95th percentile)","female"
95.5703703703704,10.3333333333333,43.3853897726444,0.413313236408388,"24.7-113.7 months (5th-95th percentile)","female"
97.2185185185185,10.3333333333333,43.4390912909174,0.419372157674477,"24.7-113.7 months (5th-95th percentile)","female"
98.8666666666667,10.3333333333333,43.4949542510267,0.425716521967354,"24.7-113.7 months (5th-95th percentile)","female"
100.514814814815,10.3333333333333,43.5523997608741,0.432427079173332,"24.7-113.7 months (5th-95th percentile)","female"
102.162962962963,10.3333333333333,43.6108381295326,0.439605882440117,"24.7-113.7 months (5th-95th percentile)","female"
103.811111111111,10.3333333333333,43.6696828498959,0.447373986650004,"24.7-113.7 months (5th-95th percentile)","female"
105.459259259259,10.3333333333333,43.7283620289403,0.455863899400452,"24.7-113.7 months (5th-95th percentile)","female"
107.107407407407,10.3333333333333,43.786327517243,0.46521045927096,"24.7-113.7 months (5th-95th percentile)","female"
108.755555555556,10.3333333333333,43.8430571491054,0.475538373467119,"24.7-113.7 months (5th-95th percentile)","female"
110.403703703704,10.3333333333333,43.8980615676698,0.486952910704314,"24.7-113.7 months (5th-95th percentile)","female"
112.051851851852,10.3333333333333,43.9509050418404,0.49953546430405,"24.7-113.7 months (5th-95th percentile)","female"
113.7,10.3333333333333,44.0012191086034,0.513335752242074,"24.7-113.7 months (5th-95th percentile)","female"
24.7,10.6666666666667,41.2115797962061,0.40683061873404,"24.7-113.7 months (5th-95th percentile)","female"
26.3481481481481,10.6666666666667,41.3650595857809,0.38287762920125,"24.7-113.7 months (5th-95th percentile)","female"
27.9962962962963,10.6666666666667,41.5173368326668,0.361797348623427,"24.7-113.7 months (5th-95th percentile)","female"
29.6444444444444,10.6666666666667,41.6677272507839,0.344005370604924,"24.7-113.7 months (5th-95th percentile)","female"
31.2925925925926,10.6666666666667,41.815445379375,0.329812222187434,"24.7-113.7 months (5th-95th percentile)","female"
32.9407407407407,10.6666666666667,41.9596426248625,0.319351338918329,"24.7-113.7 months (5th-95th percentile)","female"
34.5888888888889,10.6666666666667,42.0994429457787,0.312527699325528,"24.7-113.7 months (5th-95th percentile)","female"
36.237037037037,10.6666666666667,42.2339759136688,0.309007131745472,"24.7-113.7 months (5th-95th percentile)","female"
37.8851851851852,10.6666666666667,42.3624068804052,0.308253729305182,"24.7-113.7 months (5th-95th percentile)","female"
39.5333333333333,10.6666666666667,42.4839639945471,0.30960401011339,"24.7-113.7 months (5th-95th percentile)","female"
41.1814814814815,10.6666666666667,42.5979618322328,0.312354067097537,"24.7-113.7 months (5th-95th percentile)","female"
42.8296296296296,10.6666666666667,42.7038212736164,0.315836913806864,"24.7-113.7 months (5th-95th percentile)","female"
44.4777777777778,10.6666666666667,42.8010800877613,0.319476381395354,"24.7-113.7 months (5th-95th percentile)","female"
46.1259259259259,10.6666666666667,42.8894040585554,0.322817847048253,"24.7-113.7 months (5th-95th percentile)","female"
47.7740740740741,10.6666666666667,42.9686023641086,0.325541420735012,"24.7-113.7 months (5th-95th percentile)","female"
49.4222222222222,10.6666666666667,43.0386327332803,0.327460319331303,"24.7-113.7 months (5th-95th percentile)","female"
51.0703703703704,10.6666666666667,43.0996023638304,0.3285103388655,"24.7-113.7 months (5th-95th percentile)","female"
52.7185185185185,10.6666666666667,43.1517651926177,0.328733747843319,"24.7-113.7 months (5th-95th percentile)","female"
54.3666666666667,10.6666666666667,43.1955157235505,0.328259414417972,"24.7-113.7 months (5th-95th percentile)","female"
56.0148148148148,10.6666666666667,43.2313764599508,0.327279591279783,"24.7-113.7 months (5th-95th percentile)","female"
57.662962962963,10.6666666666667,43.2599737267884,0.326023679007865,"24.7-113.7 months (5th-95th percentile)","female"
59.3111111111111,10.6666666666667,43.2820320855163,0.324735434880419,"24.7-113.7 months (5th-95th percentile)","female"
60.9592592592593,10.6666666666667,43.298363683918,0.323649448398644,"24.7-113.7 months (5th-95th percentile)","female"
62.6074074074074,10.6666666666667,43.3098499997519,0.322968632290237,"24.7-113.7 months (5th-95th percentile)","female"
64.2555555555556,10.6666666666667,43.3174223550433,0.322846304665516,"24.7-113.7 months (5th-95th percentile)","female"
65.9037037037037,10.6666666666667,43.322041757706,0.323375076582919,"24.7-113.7 months (5th-95th percentile)","female"
67.5518518518519,10.6666666666667,43.3246785525634,0.324583936693435,"24.7-113.7 months (5th-95th percentile)","female"
69.2,10.6666666666667,43.3262923548059,0.326443592413722,"24.7-113.7 months (5th-95th percentile)","female"
70.8481481481481,10.6666666666667,43.327812720585,0.328878663267293,"24.7-113.7 months (5th-95th percentile)","female"
72.4962962962963,10.6666666666667,43.3301209812161,0.331784200111754,"24.7-113.7 months (5th-95th percentile)","female"
74.1444444444444,10.6666666666667,43.3340336286655,0.33504354619982,"24.7-113.7 months (5th-95th percentile)","female"
75.7925925925926,10.6666666666667,43.3402875953515,0.338544791060713,"24.7-113.7 months (5th-95th percentile)","female"
77.4407407407407,10.6666666666667,43.3495277165697,0.342193787260345,"24.7-113.7 months (5th-95th percentile)","female"
79.0888888888889,10.6666666666667,43.3622966066082,0.345922605573052,"24.7-113.7 months (5th-95th percentile)","female"
80.737037037037,10.6666666666667,43.379027115479,0.34969316134445,"24.7-113.7 months (5th-95th percentile)","female"
82.3851851851852,10.6666666666667,43.4000374682459,0.353496432041997,"24.7-113.7 months (5th-95th percentile)","female"
84.0333333333333,10.6666666666667,43.4255291226567,0.35734817823347,"24.7-113.7 months (5th-95th percentile)","female"
85.6814814814815,10.6666666666667,43.4555873140335,0.361282394754846,"24.7-113.7 months (5th-95th percentile)","female"
87.3296296296296,10.6666666666667,43.4901841949272,0.365343871797965,"24.7-113.7 months (5th-95th percentile)","female"
88.9777777777778,10.6666666666667,43.5291844149739,0.369581238849027,"24.7-113.7 months (5th-95th percentile)","female"
90.6259259259259,10.6666666666667,43.5723529355571,0.374041686560901,"24.7-113.7 months (5th-95th percentile)","female"
92.2740740740741,10.6666666666667,43.619364822918,0.37876821722193,"24.7-113.7 months (5th-95th percentile)","female"
93.9222222222222,10.6666666666667,43.669816727291,0.383799791443732,"24.7-113.7 months (5th-95th percentile)","female"
95.5703703703704,10.6666666666667,43.7232397212129,0.389174185571166,"24.7-113.7 months (5th-95th percentile)","female"
97.2185185185185,10.6666666666667,43.7791131513377,0.394932836241537,"24.7-113.7 months (5th-95th percentile)","female"
98.8666666666667,10.6666666666667,43.836879143641,0.401126518637452,"24.7-113.7 months (5th-95th percentile)","female"
100.514814814815,10.6666666666667,43.8959574013484,0.407820452118383,"24.7-113.7 months (5th-95th percentile)","female"
102.162962962963,10.6666666666667,43.9557599404488,0.415097396815499,"24.7-113.7 months (5th-95th percentile)","female"
103.811111111111,10.6666666666667,44.0157048545575,0.423056876086701,"24.7-113.7 months (5th-95th percentile)","female"
105.459259259259,10.6666666666667,44.0752272629519,0.431809054805422,"24.7-113.7 months (5th-95th percentile)","female"
107.107407407407,10.6666666666667,44.1337880798513,0.441466829299005,"24.7-113.7 months (5th-95th percentile)","female"
108.755555555556,10.6666666666667,44.190875699469,0.452134397735802,"24.7-113.7 months (5th-95th percentile)","female"
110.403703703704,10.6666666666667,44.2460125522288,0.463898846702374,"24.7-113.7 months (5th-95th percentile)","female"
112.051851851852,10.6666666666667,44.2987761487803,0.476826426487549,"24.7-113.7 months (5th-95th percentile)","female"
113.7,10.6666666666667,44.3488126023726,0.49095516053474,"24.7-113.7 months (5th-95th percentile)","female"
24.7,11,41.5027265072002,0.389600587656469,"24.7-113.7 months (5th-95th percentile)","female"
26.3481481481481,11,41.6544123876254,0.365343472381282,"24.7-113.7 months (5th-95th percentile)","female"
27.9962962962963,11,41.8049351357804,0.343874293191388,"24.7-113.7 months (5th-95th percentile)","female"
29.6444444444444,11,41.9536328868886,0.325634270717845,"24.7-113.7 months (5th-95th percentile)","female"
31.2925925925926,11,42.099746018677,0.310970566879474,"24.7-113.7 months (5th-95th percentile)","female"
32.9407407407407,11,42.242454036564,0.300058724440461,"24.7-113.7 months (5th-95th percentile)","female"
34.5888888888889,11,42.3809101902313,0.29284239249516,"24.7-113.7 months (5th-95th percentile)","female"
36.237037037037,11,42.5142735553458,0.289014011306092,"24.7-113.7 months (5th-95th percentile)","female"
37.8851851851852,11,42.6417383117676,0.288048143394281,"24.7-113.7 months (5th-95th percentile)","female"
39.5333333333333,11,42.7625599616685,0.289277635954391,"24.7-113.7 months (5th-95th percentile)","female"
41.1814814814815,11,42.8760782536576,0.291986726566278,"24.7-113.7 months (5th-95th percentile)","female"
42.8296296296296,11,42.9817364488999,0.295494700162323,"24.7-113.7 months (5th-95th percentile)","female"
44.4777777777778,11,43.0790915396732,0.299214029391475,"24.7-113.7 months (5th-95th percentile)","female"
46.1259259259259,11,43.1678249799698,0.302682804444025,"24.7-113.7 months (5th-95th percentile)","female"
47.7740740740741,11,43.2477575365288,0.305577758856196,"24.7-113.7 months (5th-95th percentile)","female"
49.4222222222222,11,43.318854179796,0.307711488175665,"24.7-113.7 months (5th-95th percentile)","female"
51.0703703703704,11,43.3812248352526,0.309020409137828,"24.7-113.7 months (5th-95th percentile)","female"
52.7185185185185,11,43.4351215705995,0.309547111420177,"24.7-113.7 months (5th-95th percentile)","female"
54.3666666666667,11,43.4809324212966,0.309419044235424,"24.7-113.7 months (5th-95th percentile)","female"
56.0148148148148,11,43.519169015662,0.308824032639514,"24.7-113.7 months (5th-95th percentile)","female"
57.662962962963,11,43.5504429888882,0.307983052123511,"24.7-113.7 months (5th-95th percentile)","female"
59.3111111111111,11,43.5754602770424,0.307126726780243,"24.7-113.7 months (5th-95th percentile)","female"
60.9592592592593,11,43.5950105151177,0.306471628250862,"24.7-113.7 months (5th-95th percentile)","female"
62.6074074074074,11,43.6099491084167,0.306198326354125,"24.7-113.7 months (5th-95th percentile)","female"
64.2555555555556,11,43.6211781267708,0.306434828126656,"24.7-113.7 months (5th-95th percentile)","female"
65.9037037037037,11,43.6296265685949,0.307247523565632,"24.7-113.7 months (5th-95th percentile)","female"
67.5518518518519,11,43.6362304697226,0.308640734443416,"24.7-113.7 months (5th-95th percentile)","female"
69.2,11,43.6419133227819,0.310564502243148,"24.7-113.7 months (5th-95th percentile)","female"
70.8481481481481,11,43.6475672542892,0.312928798056926,"24.7-113.7 months (5th-95th percentile)","female"
72.4962962962963,11,43.6540353783901,0.315621358160711,"24.7-113.7 months (5th-95th percentile)","female"
74.1444444444444,11,43.6620957073192,0.318526090913247,"24.7-113.7 months (5th-95th percentile)","female"
75.7925925925926,11,43.6724469541112,0.321539400543294,"24.7-113.7 months (5th-95th percentile)","female"
77.4407407407407,11,43.6856965085123,0.324582568947486,"24.7-113.7 months (5th-95th percentile)","female"
79.0888888888889,11,43.7023508100349,0.327609231767446,"24.7-113.7 months (5th-95th percentile)","female"
80.737037037037,11,43.7228082782661,0.330607783686434,"24.7-113.7 months (5th-95th percentile)","female"
82.3851851851852,11,43.7473548959838,0.333599174081482,"24.7-113.7 months (5th-95th percentile)","female"
84.0333333333333,11,43.7761624748022,0.33663101603416,"24.7-113.7 months (5th-95th percentile)","female"
85.6814814814815,11,43.8092895668582,0.339769259439988,"24.7-113.7 months (5th-95th percentile)","female"
87.3296296296296,11,43.8466849251303,0.343088882108719,"24.7-113.7 months (5th-95th percentile)","female"
88.9777777777778,11,43.8881933536163,0.346665111034545,"24.7-113.7 months (5th-95th percentile)","female"
90.6259259259259,11,43.9335637383302,0.350566557952635,"24.7-113.7 months (5th-95th percentile)","female"
92.2740740740741,11,43.9824589999507,0.354851316053147,"24.7-113.7 months (5th-95th percentile)","female"
93.9222222222222,11,44.0344676734796,0.359566533942544,"24.7-113.7 months (5th-95th percentile)","female"
95.5703703703704,11,44.0891167867445,0.364751336753388,"24.7-113.7 months (5th-95th percentile)","female"
97.2185185185185,11,44.145885691372,0.370442316329024,"24.7-113.7 months (5th-95th percentile)","female"
98.8666666666667,11,44.2042204863161,0.376680290131788,"24.7-113.7 months (5th-95th percentile)","female"
100.514814814815,11,44.2635486741001,0.38351672616266,"24.7-113.7 months (5th-95th percentile)","female"
102.162962962963,11,44.3232936961596,0.39101820169015,"24.7-113.7 months (5th-95th percentile)","female"
103.811111111111,11,44.3828883512816,0.399266870830574,"24.7-113.7 months (5th-95th percentile)","female"
105.459259259259,11,44.4417851062173,0.408355377221199,"24.7-113.7 months (5th-95th percentile)","female"
107.107407407407,11,44.4994643767465,0.418379773104922,"24.7-113.7 months (5th-95th percentile)","female"
108.755555555556,11,44.5554355515765,0.429428705044222,"24.7-113.7 months (5th-95th percentile)","female"
110.403703703704,11,44.6092431658302,0.441575579606577,"24.7-113.7 months (5th-95th percentile)","female"
112.051851851852,11,44.6604879905496,0.454875379192102,"24.7-113.7 months (5th-95th percentile)","female"
113.7,11,44.7088402493109,0.469357496928287,"24.7-113.7 months (5th-95th percentile)","female"
24.7,11.3333333333333,41.7962707592056,0.3786006728063,"24.7-113.7 months (5th-95th percentile)","female"
26.3481481481481,11.3333333333333,41.9469976978712,0.353907492836079,"24.7-113.7 months (5th-95th percentile)","female"
27.9962962962963,11.3333333333333,42.0966015025969,0.332002251709289,"24.7-113.7 months (5th-95th percentile)","female"
29.6444444444444,11.3333333333333,42.2444427542816,0.313356346297979,"24.7-113.7 months (5th-95th percentile)","female"
31.2925925925926,11.3333333333333,42.3897874981116,0.298352388005336,"24.7-113.7 months (5th-95th percentile)","female"
32.9407407407407,11.3333333333333,42.5318429061301,0.287199418311171,"24.7-113.7 months (5th-95th percentile)","female"
34.5888888888889,11.3333333333333,42.669790770296,0.279863331437225,"24.7-113.7 months (5th-95th percentile)","female"
36.237037037037,11.3333333333333,42.8028185605637,0.276040471572713,"24.7-113.7 months (5th-95th percentile)","female"
37.8851851851852,11.3333333333333,42.9301477801048,0.275190134790035,"24.7-113.7 months (5th-95th percentile)","female"
39.5333333333333,11.3333333333333,43.051059361737,0.276616483528008,"24.7-113.7 months (5th-95th percentile)","female"
41.1814814814815,11.3333333333333,43.1649158720859,0.279570383649633,"24.7-113.7 months (5th-95th percentile)","female"
42.8296296296296,11.3333333333333,43.271180164741,0.283340486836912,"24.7-113.7 months (5th-95th percentile)","female"
44.4777777777778,11.3333333333333,43.3694252574012,0.287315359554309,"24.7-113.7 months (5th-95th percentile)","female"
46.1259259259259,11.3333333333333,43.4593446873434,0.291016808501218,"24.7-113.7 months (5th-95th percentile)","female"
47.7740740740741,11.3333333333333,43.5407668370138,0.294112033771421,"24.7-113.7 months (5th-95th percentile)","female"
49.4222222222222,11.3333333333333,43.613659591179,0.296409297334986,"24.7-113.7 months (5th-95th percentile)","female"
51.0703703703704,11.3333333333333,43.6781309624623,0.297844378276222,"24.7-113.7 months (5th-95th percentile)","female"
52.7185185185185,11.3333333333333,43.7344262437361,0.298461730579777,"24.7-113.7 months (5th-95th percentile)","female"
54.3666666666667,11.3333333333333,43.7829218859484,0.298392297573556,"24.7-113.7 months (5th-95th percentile)","female"
56.0148148148148,11.3333333333333,43.8241133786534,0.297828371219558,"24.7-113.7 months (5th-95th percentile)","female"
57.662962962963,11.3333333333333,43.8585923287473,0.296995804957903,"24.7-113.7 months (5th-95th percentile)","female"
59.3111111111111,11.3333333333333,43.8870406964572,0.296130103522115,"24.7-113.7 months (5th-95th percentile)","female"
60.9592592592593,11.3333333333333,43.9102203101055,0.295452285842591,"24.7-113.7 months (5th-95th percentile)","female"
62.6074074074074,11.3333333333333,43.9289553393399,0.295146498130164,"24.7-113.7 months (5th-95th percentile)","female"
64.2555555555556,11.3333333333333,43.9441136444134,0.295343126002568,"24.7-113.7 months (5th-95th percentile)","female"
65.9037037037037,11.3333333333333,43.9565875377476,0.296109619001721,"24.7-113.7 months (5th-95th percentile)","female"
67.5518518518519,11.3333333333333,43.9672744245512,0.297450185004995,"24.7-113.7 months (5th-95th percentile)","female"
69.2,11.3333333333333,43.9770577799247,0.299313980384652,"24.7-113.7 months (5th-95th percentile)","female"
70.8481481481481,11.3333333333333,43.9867889010756,0.301609893570499,"24.7-113.7 months (5th-95th percentile)","female"
72.4962962962963,11.3333333333333,43.997269845005,0.304224997461993,"24.7-113.7 months (5th-95th percentile)","female"
74.1444444444444,11.3333333333333,44.0092379231705,0.3070434913533,"24.7-113.7 months (5th-95th percentile)","female"
75.7925925925926,11.3333333333333,44.0233520802188,0.309963390305427,"24.7-113.7 months (5th-95th percentile)","female"
77.4407407407407,11.3333333333333,44.0401814295139,0.31290906222959,"24.7-113.7 months (5th-95th percentile)","female"
79.0888888888889,11.3333333333333,44.0601961614734,0.315838644724375,"24.7-113.7 months (5th-95th percentile)","female"
80.737037037037,11.3333333333333,44.083760977293,0.31874619329113,"24.7-113.7 months (5th-95th percentile)","female"
82.3851851851852,11.3333333333333,44.1111311365513,0.321659049368566,"24.7-113.7 months (5th-95th percentile)","female"
84.0333333333333,11.3333333333333,44.1424511418957,0.324631387991589,"24.7-113.7 months (5th-95th percentile)","female"
85.6814814814815,11.3333333333333,44.1777560184576,0.327735247028198,"24.7-113.7 months (5th-95th percentile)","female"
87.3296296296296,11.3333333333333,44.216975085348,0.331050561837347,"24.7-113.7 months (5th-95th percentile)","female"
88.9777777777778,11.3333333333333,44.2599380560602,0.334655803485746,"24.7-113.7 months (5th-95th percentile)","female"
90.6259259259259,11.3333333333333,44.3063832550069,0.338620693564339,"24.7-113.7 months (5th-95th percentile)","female"
92.2740740740741,11.3333333333333,44.3559676882687,0.343002113693191,"24.7-113.7 months (5th-95th percentile)","female"
93.9222222222222,11.3333333333333,44.4082786718534,0.347843758734547,"24.7-113.7 months (5th-95th percentile)","female"
95.5703703703704,11.3333333333333,44.462846688285,0.353179387387631,"24.7-113.7 months (5th-95th percentile)","female"
97.2185185185185,11.3333333333333,44.5191591248501,0.359038830960695,"24.7-113.7 months (5th-95th percentile)","female"
98.8666666666667,11.3333333333333,44.5766745343215,0.365455371677216,"24.7-113.7 months (5th-95th percentile)","female"
100.514814814815,11.3333333333333,44.6348370597797,0.372472795515758,"24.7-113.7 months (5th-95th percentile)","female"
102.162962962963,11.3333333333333,44.693090672198,0.380150410614446,"24.7-113.7 months (5th-95th percentile)","female"
103.811111111111,11.3333333333333,44.7508921362394,0.388563935300402,"24.7-113.7 months (5th-95th percentile)","female"
105.459259259259,11.3333333333333,44.8077205711917,0.39780064045943,"24.7-113.7 months (5th-95th percentile)","female"
107.107407407407,11.3333333333333,44.8630851485562,0.407952409708741,"24.7-113.7 months (5th-95th percentile)","female"
108.755555555556,11.3333333333333,44.916525394382,0.41910490926414,"24.7-113.7 months (5th-95th percentile)","female"
110.403703703704,11.3333333333333,44.9676168915948,0.431329777619855,"24.7-113.7 months (5th-95th percentile)","female"
112.051851851852,11.3333333333333,45.0159922264935,0.44468155830641,"24.7-113.7 months (5th-95th percentile)","female"
113.7,11.3333333333333,45.0613537322212,0.459190438782574,"24.7-113.7 months (5th-95th percentile)","female"
24.7,11.6666666666667,42.0757057761459,0.377688461101428,"24.7-113.7 months (5th-95th percentile)","female"
26.3481481481481,11.6666666666667,42.2264994095273,0.352788833114693,"24.7-113.7 months (5th-95th percentile)","female"
27.9962962962963,11.6666666666667,42.3762076643396,0.33076507125806,"24.7-113.7 months (5th-95th percentile)","female"
29.6444444444444,11.6666666666667,42.5242119727296,0.312106532958285,"24.7-113.7 months (5th-95th percentile)","female"
31.2925925925926,11.6666666666667,42.6698020054114,0.297208249362086,"24.7-113.7 months (5th-95th percentile)","female"
32.9407407407407,11.6666666666667,42.8122101273797,0.2862808542087,"24.7-113.7 months (5th-95th percentile)","female"
34.5888888888889,11.6666666666667,42.9506437878991,0.279277384318519,"24.7-113.7 months (5th-95th percentile)","female"
36.237037037037,11.6666666666667,43.0843155799085,0.275867387896024,"24.7-113.7 months (5th-95th percentile)","female"
37.8851851851852,11.6666666666667,43.2124707015682,0.275474496516228,"24.7-113.7 months (5th-95th percentile)","female"
39.5333333333333,11.6666666666667,43.3344115644454,0.277365557249685,"24.7-113.7 months (5th-95th percentile)","female"
41.1814814814815,11.6666666666667,43.4495193150648,0.280758470837222,"24.7-113.7 months (5th-95th percentile)","female"
42.8296296296296,11.6666666666667,43.557271916321,0.284916232243451,"24.7-113.7 months (5th-95th percentile)","female"
44.4777777777778,11.6666666666667,43.6572537351571,0.289209236358193,"24.7-113.7 months (5th-95th percentile)","female"
46.1259259259259,11.6666666666667,43.7491655720288,0.293147365584789,"24.7-113.7 months (5th-95th percentile)","female"
47.7740740740741,11.6666666666667,43.8328385020034,0.296390677694298,"24.7-113.7 months (5th-95th percentile)","female"
49.4222222222222,11.6666666666667,43.9082383497356,0.298743923957617,"24.7-113.7 months (5th-95th percentile)","female"
51.0703703703704,11.6666666666667,43.9754662432406,0.30014240102397,"24.7-113.7 months (5th-95th percentile)","female"
52.7185185185185,11.6666666666667,44.0347557868628,0.300633015916496,"24.7-113.7 months (5th-95th percentile)","female"
54.3666666666667,11.6666666666667,44.0864670475976,0.30035238135747,"24.7-113.7 months (5th-95th percentile)","female"
56.0148148148148,11.6666666666667,44.1310747414467,0.299502119746168,"24.7-113.7 months (5th-95th percentile)","female"
57.662962962963,11.6666666666667,44.1691460091398,0.298321430214951,"24.7-113.7 months (5th-95th percentile)","female"
59.3111111111111,11.6666666666667,44.2013346670959,0.297063483723648,"24.7-113.7 months (5th-95th percentile)","female"
60.9592592592593,11.6666666666667,44.2283709055835,0.29597107134019,"24.7-113.7 months (5th-95th percentile)","female"
62.6074074074074,11.6666666666667,44.2510442161695,0.295253297262735,"24.7-113.7 months (5th-95th percentile)","female"
64.2555555555556,11.6666666666667,44.2701852457392,0.295067115236361,"24.7-113.7 months (5th-95th percentile)","female"
65.9037037037037,11.6666666666667,44.2866471021408,0.295506117406768,"24.7-113.7 months (5th-95th percentile)","female"
67.5518518518519,11.6666666666667,44.3012865694947,0.296598096500978,"24.7-113.7 months (5th-95th percentile)","female"
69.2,11.6666666666667,44.3149456817119,0.298311417108239,"24.7-113.7 months (5th-95th percentile)","female"
70.8481481481481,11.6666666666667,44.3284340837785,0.300568597568124,"24.7-113.7 months (5th-95th percentile)","female"
72.4962962962963,11.6666666666667,44.3425125820979,0.303264276600866,"24.7-113.7 months (5th-95th percentile)","female"
74.1444444444444,11.6666666666667,44.3578782463813,0.306284281819708,"24.7-113.7 months (5th-95th percentile)","female"
75.7925925925926,11.6666666666667,44.3751513813186,0.309522838163667,"24.7-113.7 months (5th-95th percentile)","female"
77.4407407407407,11.6666666666667,44.3948646321818,0.312895788641929,"24.7-113.7 months (5th-95th percentile)","female"
79.0888888888889,11.6666666666667,44.4174544321217,0.316348701202045,"24.7-113.7 months (5th-95th percentile)","female"
80.737037037037,11.6666666666667,44.4432549359687,0.319859652305097,"24.7-113.7 months (5th-95th percentile)","female"
82.3851851851852,11.6666666666667,44.4724945217786,0.323437198001503,"24.7-113.7 months (5th-95th percentile)","female"
84.0333333333333,11.6666666666667,44.5052948766848,0.327114561592058,"24.7-113.7 months (5th-95th percentile)","female"
85.6814814814815,11.6666666666667,44.5416726187997,0.330941412973081,"24.7-113.7 months (5th-95th percentile)","female"
87.3296296296296,11.6666666666667,44.5815433472966,0.334974802156532,"24.7-113.7 months (5th-95th percentile)","female"
88.9777777777778,11.6666666666667,44.6247279532057,0.339270824623614,"24.7-113.7 months (5th-95th percentile)","female"
90.6259259259259,11.6666666666667,44.6709609745877,0.343878408216893,"24.7-113.7 months (5th-95th percentile)","female"
92.2740740740741,11.6666666666667,44.7199007316681,0.34883621355802,"24.7-113.7 months (5th-95th percentile)","female"
93.9222222222222,11.6666666666667,44.7711409434836,0.354173066098535,"24.7-113.7 months (5th-95th percentile)","female"
95.5703703703704,11.6666666666667,44.824223496256,0.359911679596776,"24.7-113.7 months (5th-95th percentile)","female"
97.2185185185185,11.6666666666667,44.8786520169777,0.36607480338169,"24.7-113.7 months (5th-95th percentile)","female"
98.8666666666667,11.6666666666667,44.933905894302,0.372692446009424,"24.7-113.7 months (5th-95th percentile)","female"
100.514814814815,11.6666666666667,44.9894543904132,0.379808571246476,"24.7-113.7 months (5th-95th percentile)","female"
102.162962962963,11.6666666666667,45.0447704954723,0.387485664226391,"24.7-113.7 months (5th-95th percentile)","female"
103.811111111111,11.6666666666667,45.0993433569776,0.395805136695443,"24.7-113.7 months (5th-95th percentile)","female"
105.459259259259,11.6666666666667,45.1526870217057,0.404861957887631,"24.7-113.7 months (5th-95th percentile)","female"
107.107407407407,11.6666666666667,45.204347487284,0.414757280594889,"24.7-113.7 months (5th-95th percentile)","female"
108.755555555556,11.6666666666667,45.2539022682154,0.425587130753877,"24.7-113.7 months (5th-95th percentile)","female"
110.403703703704,11.6666666666667,45.3009655640189,0.43743415768451,"24.7-113.7 months (5th-95th percentile)","female"
112.051851851852,11.6666666666667,45.3452088673328,0.450364262526161,"24.7-113.7 months (5th-95th percentile)","female"
113.7,11.6666666666667,45.3863730852824,0.46441896666824,"24.7-113.7 months (5th-95th percentile)","female"
24.7,12,42.3245247819444,0.383803915146921,"24.7-113.7 months (5th-95th percentile)","female"
26.3481481481481,12,42.4766014156027,0.35907554981506,"24.7-113.7 months (5th-95th percentile)","female"
27.9962962962963,12,42.6276253522319,0.33735093051306,"24.7-113.7 months (5th-95th percentile)","female"
29.6444444444444,12,42.776995661999,0.319117821356732,"24.7-113.7 months (5th-95th percentile)","female"
31.2925925925926,12,42.9240217283092,0.304755801101118,"24.7-113.7 months (5th-95th percentile)","female"
32.9407407407407,12,43.0679565941321,0.294445245281699,"24.7-113.7 months (5th-95th percentile)","female"
34.5888888888889,12,43.2080283449668,0.288098068248938,"24.7-113.7 months (5th-95th percentile)","female"
36.237037037037,12,43.343469263966,0.285339926530938,"24.7-113.7 months (5th-95th percentile)","female"
37.8851851851852,12,43.4735424923095,0.285556337505409,"24.7-113.7 months (5th-95th percentile)","female"
39.5333333333333,12,43.5975659394868,0.287986817898066,"24.7-113.7 months (5th-95th percentile)","female"
41.1814814814815,12,43.7149332101416,0.29183296445488,"24.7-113.7 months (5th-95th percentile)","female"
42.8296296296296,12,43.8251311988212,0.296349657981545,"24.7-113.7 months (5th-95th percentile)","female"
44.4777777777778,12,43.9277494671525,0.300903881152637,"24.7-113.7 months (5th-95th percentile)","female"
46.1259259259259,12,44.0224900253783,0.305004211373482,"24.7-113.7 months (5th-95th percentile)","female"
47.7740740740741,12,44.1091807679371,0.308310189521601,"24.7-113.7 months (5th-95th percentile)","female"
49.4222222222222,12,44.1877798377721,0.310626537084556,"24.7-113.7 months (5th-95th percentile)","female"
51.0703703703704,12,44.2583761753686,0.311889404398158,"24.7-113.7 months (5th-95th percentile)","female"
52.7185185185185,12,44.3211867748151,0.312148257538589,"24.7-113.7 months (5th-95th percentile)","female"
54.3666666666667,12,44.3765508363357,0.311545035480033,"24.7-113.7 months (5th-95th percentile)","female"
56.0148148148148,12,44.4249182965635,0.310290577693374,"24.7-113.7 months (5th-95th percentile)","female"
57.662962962963,12,44.46682829284,0.308638155319231,"24.7-113.7 months (5th-95th percentile)","female"
59.3111111111111,12,44.502903512294,0.306860689841845,"24.7-113.7 months (5th-95th percentile)","female"
60.9592592592593,12,44.5338401382542,0.305226607117277,"24.7-113.7 months (5th-95th percentile)","female"
62.6074074074074,12,44.5603912625537,0.303975827861354,"24.7-113.7 months (5th-95th percentile)","female"
64.2555555555556,12,44.5833492685162,0.30329961543121,"24.7-113.7 months (5th-95th percentile)","female"
65.9037037037037,12,44.6035276987513,0.303326808081868,"24.7-113.7 months (5th-95th percentile)","female"
67.5518518518519,12,44.621743056999,0.304118346326829,"24.7-113.7 months (5th-95th percentile)","female"
69.2,12,44.6387969836212,0.305670691691681,"24.7-113.7 months (5th-95th percentile)","female"
70.8481481481481,12,44.6554592252322,0.307927072620226,"24.7-113.7 months (5th-95th percentile)","female"
72.4962962962963,12,44.6724517907061,0.31079405311252,"24.7-113.7 months (5th-95th percentile)","female"
74.1444444444444,12,44.6904346471132,0.314160175931592,"24.7-113.7 months (5th-95th percentile)","female"
75.7925925925926,12,44.709993265055,0.317913527663181,"24.7-113.7 months (5th-95th percentile)","female"
77.4407407407407,12,44.7316282691234,0.321955818195247,"24.7-113.7 months (5th-95th percentile)","female"
79.0888888888889,12,44.7557473931778,0.326211606682887,"24.7-113.7 months (5th-95th percentile)","female"
80.737037037037,12,44.7826598777022,0.330632326917012,"24.7-113.7 months (5th-95th percentile)","female"
82.3851851851852,12,44.8125733834957,0.335195588743103,"24.7-113.7 months (5th-95th percentile)","female"
84.0333333333333,12,44.845593431917,0.339900809636406,"24.7-113.7 months (5th-95th percentile)","female"
85.6814814814815,12,44.8817253178529,0.344762576715168,"24.7-113.7 months (5th-95th percentile)","female"
87.3296296296296,12,44.9208783826929,0.349803277596603,"24.7-113.7 months (5th-95th percentile)","female"
88.9777777777778,12,44.9628724759529,0.355046481248809,"24.7-113.7 months (5th-95th percentile)","female"
90.6259259259259,12,45.0074463860735,0.360512300285096,"24.7-113.7 months (5th-95th percentile)","female"
92.2740740740741,12,45.054267973945,0.366215547448311,"24.7-113.7 months (5th-95th percentile)","female"
93.9222222222222,12,45.1029457094413,0.372166959126572,"24.7-113.7 months (5th-95th percentile)","female"
95.5703703703704,12,45.153041281079,0.378377181454724,"24.7-113.7 months (5th-95th percentile)","female"
97.2185185185185,12,45.2040829329602,0.384862688113879,"24.7-113.7 months (5th-95th percentile)","female"
98.8666666666667,12,45.2555791729028,0.39165240683288,"24.7-113.7 months (5th-95th percentile)","female"
100.514814814815,12,45.3070324980267,0.398793623255069,"24.7-113.7 months (5th-95th percentile)","female"
102.162962962963,12,45.3579527928912,0.406355732072802,"24.7-113.7 months (5th-95th percentile)","female"
103.811111111111,12,45.407869161043,0.414429913275189,"24.7-113.7 months (5th-95th percentile)","female"
105.459259259259,12,45.4563378215901,0.423123130295347,"24.7-113.7 months (5th-95th percentile)","female"
107.107407407407,12,45.5029484849334,0.43255027364334,"24.7-113.7 months (5th-95th percentile)","female"
108.755555555556,12,45.5473232134065,0.442822374555148,"24.7-113.7 months (5th-95th percentile)","female"
110.403703703704,12,45.5891210175988,0.454037858647713,"24.7-113.7 months (5th-95th percentile)","female"
112.051851851852,12,45.6280579237885,0.466278748135174,"24.7-113.7 months (5th-95th percentile)","female"
113.7,12,45.6639183426734,0.479602584417425,"24.7-113.7 months (5th-95th percentile)","female"
24.7,1,45.2897242028232,0.331752255649725,"24.7-113.7 months (5th-95th percentile)","male"
26.3481481481481,1,45.603349152887,0.314180404948555,"24.7-113.7 months (5th-95th percentile)","male"
27.9962962962963,1,45.9148696657532,0.300103241084782,"24.7-113.7 months (5th-95th percentile)","male"
29.6444444444444,1,46.2230418081138,0.289858557451498,"24.7-113.7 months (5th-95th percentile)","male"
31.2925925925926,1,46.5264260541143,0.283546790153617,"24.7-113.7 months (5th-95th percentile)","male"
32.9407407407407,1,46.8234468587444,0.280966673681627,"24.7-113.7 months (5th-95th percentile)","male"
34.5888888888889,1,47.1124504434936,0.281618788776116,"24.7-113.7 months (5th-95th percentile)","male"
36.237037037037,1,47.3917578784699,0.284777995291782,"24.7-113.7 months (5th-95th percentile)","male"
37.8851851851852,1,47.6597108419127,0.289605108923248,"24.7-113.7 months (5th-95th percentile)","male"
39.5333333333333,1,47.9147151923034,0.29525840156066,"24.7-113.7 months (5th-95th percentile)","male"
41.1814814814815,1,48.1552801047256,0.30097870200667,"24.7-113.7 months (5th-95th percentile)","male"
42.8296296296296,1,48.3800523361104,0.306141204530641,"24.7-113.7 months (5th-95th percentile)","male"
44.4777777777778,1,48.5878430752135,0.31027913648661,"24.7-113.7 months (5th-95th percentile)","male"
46.1259259259259,1,48.7776413001497,0.313087340822113,"24.7-113.7 months (5th-95th percentile)","male"
47.7740740740741,1,48.9486411512623,0.314418777771232,"24.7-113.7 months (5th-95th percentile)","male"
49.4222222222222,1,49.1002599704805,0.314274071648512,"24.7-113.7 months (5th-95th percentile)","male"
51.0703703703704,1,49.2321467116587,0.312785773507584,"24.7-113.7 months (5th-95th percentile)","male"
52.7185185185185,1,49.3441853299617,0.310198541910611,"24.7-113.7 months (5th-95th percentile)","male"
54.3666666666667,1,49.4364933703487,0.306844752111609,"24.7-113.7 months (5th-95th percentile)","male"
56.0148148148148,1,49.5094155604221,0.303114814633073,"24.7-113.7 months (5th-95th percentile)","male"
57.662962962963,1,49.5635019448964,0.299421312562951,"24.7-113.7 months (5th-95th percentile)","male"
59.3111111111111,1,49.5994830824791,0.296160310816665,"24.7-113.7 months (5th-95th percentile)","male"
60.9592592592593,1,49.6182697575582,0.293674706970158,"24.7-113.7 months (5th-95th percentile)","male"
62.6074074074074,1,49.6209393449602,0.292220607808759,"24.7-113.7 months (5th-95th percentile)","male"
64.2555555555556,1,49.6087136043012,0.2919440459229,"24.7-113.7 months (5th-95th percentile)","male"
65.9037037037037,1,49.5829347082923,0.292874007437487,"24.7-113.7 months (5th-95th percentile)","male"
67.5518518518519,1,49.5450400924326,0.294933630828782,"24.7-113.7 months (5th-95th percentile)","male"
69.2,1,49.4965366827815,0.297966845755776,"24.7-113.7 months (5th-95th percentile)","male"
70.8481481481481,1,49.4389750464087,0.3017740351403,"24.7-113.7 months (5th-95th percentile)","male"
72.4962962962963,1,49.3739239868022,0.306148981008855,"24.7-113.7 months (5th-95th percentile)","male"
74.1444444444444,1,49.302946074245,0.310910418899387,"24.7-113.7 months (5th-95th percentile)","male"
75.7925925925926,1,49.2275745596199,0.315923904158683,"24.7-113.7 months (5th-95th percentile)","male"
77.4407407407407,1,49.1492920701943,0.321112186951106,"24.7-113.7 months (5th-95th percentile)","male"
79.0888888888889,1,49.0695114294514,0.326454246794164,"24.7-113.7 months (5th-95th percentile)","male"
80.737037037037,1,48.9895588814446,0.331974486716398,"24.7-113.7 months (5th-95th percentile)","male"
82.3851851851852,1,48.9106599340863,0.337724545891859,"24.7-113.7 months (5th-95th percentile)","male"
84.0333333333333,1,48.8339279679218,0.343760934435605,"24.7-113.7 months (5th-95th percentile)","male"
85.6814814814815,1,48.7603556885086,0.350122212219621,"24.7-113.7 months (5th-95th percentile)","male"
87.3296296296296,1,48.6908094334996,0.356809545723465,"24.7-113.7 months (5th-95th percentile)","male"
88.9777777777778,1,48.6260262802602,0.363773987249671,"24.7-113.7 months (5th-95th percentile)","male"
90.6259259259259,1,48.5666138395611,0.370912694724152,"24.7-113.7 months (5th-95th percentile)","male"
92.2740740740741,1,48.5130525659285,0.378074765690278,"24.7-113.7 months (5th-95th percentile)","male"
93.9222222222222,1,48.4657003672648,0.385075794374126,"24.7-113.7 months (5th-95th percentile)","male"
95.5703703703704,1,48.4247992552085,0.391719065233195,"24.7-113.7 months (5th-95th percentile)","male"
97.2185185185185,1,48.3904837459611,0.397820670621801,"24.7-113.7 months (5th-95th percentile)","male"
98.8666666666667,1,48.3627906983525,0.403235740197158,"24.7-113.7 months (5th-95th percentile)","male"
100.514814814815,1,48.341670262456,0.407883181116853,"24.7-113.7 months (5th-95th percentile)","male"
102.162962962963,1,48.3269976073797,0.411766598079179,"24.7-113.7 months (5th-95th percentile)","male"
103.811111111111,1,48.3185851021084,0.414989208226727,"24.7-113.7 months (5th-95th percentile)","male"
105.459259259259,1,48.316195361238,0.417759730424593,"24.7-113.7 months (5th-95th percentile)","male"
107.107407407407,1,48.3195602731547,0.420381567564151,"24.7-113.7 months (5th-95th percentile)","male"
108.755555555556,1,48.3283930576051,0.423239423217434,"24.7-113.7 months (5th-95th percentile)","male"
110.403703703704,1,48.3423961642734,0.42677879856598,"24.7-113.7 months (5th-95th percentile)","male"
112.051851851852,1,48.3612681964423,0.431478448499927,"24.7-113.7 months (5th-95th percentile)","male"
113.7,1,48.3847116501595,0.437808978254191,"24.7-113.7 months (5th-95th percentile)","male"
24.7,1.33333333333333,45.3285305224809,0.313069989399468,"24.7-113.7 months (5th-95th percentile)","male"
26.3481481481481,1.33333333333333,45.6397307878367,0.29456293179169,"24.7-113.7 months (5th-95th percentile)","male"
27.9962962962963,1.33333333333333,45.9488601465892,0.279567301591889,"24.7-113.7 months (5th-95th percentile)","male"
29.6444444444444,1.33333333333333,46.2546941333958,0.268494180775806,"24.7-113.7 months (5th-95th percentile)","male"
31.2925925925926,1.33333333333333,46.5558155384407,0.261512680329393,"24.7-113.7 months (5th-95th percentile)","male"
32.9407407407407,1.33333333333333,46.8506730084155,0.258464580298994,"24.7-113.7 months (5th-95th percentile)","male"
34.5888888888889,1.33333333333333,47.137637918828,0.258855425152789,"24.7-113.7 months (5th-95th percentile)","male"
36.237037037037,1.33333333333333,47.4150566273139,0.261930527042421,"24.7-113.7 months (5th-95th percentile)","male"
37.8851851851852,1.33333333333333,47.6812955115208,0.266802264820459,"24.7-113.7 months (5th-95th percentile)","male"
39.5333333333333,1.33333333333333,47.9347838760097,0.272578725503911,"24.7-113.7 months (5th-95th percentile)","male"
41.1814814814815,1.33333333333333,48.1740524990203,0.278459931678895,"24.7-113.7 months (5th-95th percentile)","male"
42.8296296296296,1.33333333333333,48.3977673858509,0.283793588657874,"24.7-113.7 months (5th-95th percentile)","male"
44.4777777777778,1.33333333333333,48.6047562234359,0.288097969841777,"24.7-113.7 months (5th-95th percentile)","male"
46.1259259259259,1.33333333333333,48.7940215563817,0.291062771517088,"24.7-113.7 months (5th-95th percentile)","male"
47.7740740740741,1.33333333333333,48.9647677374593,0.292542873214649,"24.7-113.7 months (5th-95th percentile)","male"
49.4222222222222,1.33333333333333,49.1164186866625,0.292545621040688,"24.7-113.7 months (5th-95th percentile)","male"
51.0703703703704,1.33333333333333,49.2486261674926,0.291213363634421,"24.7-113.7 months (5th-95th percentile)","male"
52.7185185185185,1.33333333333333,49.3612731126742,0.288802252514739,"24.7-113.7 months (5th-95th percentile)","male"
54.3666666666667,1.33333333333333,49.4544722164001,0.285656494988037,"24.7-113.7 months (5th-95th percentile)","male"
56.0148148148148,1.33333333333333,49.5285596030394,0.282177035049645,"24.7-113.7 months (5th-95th percentile)","male"
57.662962962963,1.33333333333333,49.5840732876229,0.278783598891137,"24.7-113.7 months (5th-95th percentile)","male"
59.3111111111111,1.33333333333333,49.6217287425084,0.275873620721818,"24.7-113.7 months (5th-95th percentile)","male"
60.9592592592593,1.33333333333333,49.6424185592642,0.273783408116996,"24.7-113.7 months (5th-95th percentile)","male"
62.6074074074074,1.33333333333333,49.6471989867849,0.272753278972411,"24.7-113.7 months (5th-95th percentile)","male"
64.2555555555556,1.33333333333333,49.6372680461419,0.272904839178317,"24.7-113.7 months (5th-95th percentile)","male"
65.9037037037037,1.33333333333333,49.6139419145722,0.274236707420954,"24.7-113.7 months (5th-95th percentile)","male"
67.5518518518519,1.33333333333333,49.578630159503,0.276640037119176,"24.7-113.7 months (5th-95th percentile)","male"
69.2,1.33333333333333,49.5328103730996,0.279929933945525,"24.7-113.7 months (5th-95th percentile)","male"
70.8481481481481,1.33333333333333,49.4780027456108,0.283885117251582,"24.7-113.7 months (5th-95th percentile)","male"
72.4962962962963,1.33333333333333,49.4157450934089,0.288287350331839,"24.7-113.7 months (5th-95th percentile)","male"
74.1444444444444,1.33333333333333,49.3475688253614,0.29295388552903,"24.7-113.7 months (5th-95th percentile)","male"
75.7925925925926,1.33333333333333,49.2749762896938,0.297758974874672,"24.7-113.7 months (5th-95th percentile)","male"
77.4407407407407,1.33333333333333,49.1994198937431,0.302643072946629,"24.7-113.7 months (5th-95th percentile)","male"
79.0888888888889,1.33333333333333,49.1222833327311,0.307610171911007,"24.7-113.7 months (5th-95th percentile)","male"
80.737037037037,1.33333333333333,49.0448652023626,0.31271487915231,"24.7-113.7 months (5th-95th percentile)","male"
82.3851851851852,1.33333333333333,48.9683652043368,0.318041722088143,"24.7-113.7 months (5th-95th percentile)","male"
84.0333333333333,1.33333333333333,48.8938730863878,0.323679964148971,"24.7-113.7 months (5th-95th percentile)","male"
85.6814814814815,1.33333333333333,48.8223603904938,0.329697890368364,"24.7-113.7 months (5th-95th percentile)","male"
87.3296296296296,1.33333333333333,48.7546750163569,0.336120793599478,"24.7-113.7 months (5th-95th percentile)","male"
88.9777777777778,1.33333333333333,48.6915385425377,0.342916454658338,"24.7-113.7 months (5th-95th percentile)","male"
90.6259259259259,1.33333333333333,48.6335461879084,0.34999066419207,"24.7-113.7 months (5th-95th percentile)","male"
92.2740740740741,1.33333333333333,48.5811692417308,0.357193531668056,"24.7-113.7 months (5th-95th percentile)","male"
93.9222222222222,1.33333333333333,48.5347597433103,0.364335479342413,"24.7-113.7 months (5th-95th percentile)","male"
95.5703703703704,1.33333333333333,48.4945571516802,0.371210436757526,"24.7-113.7 months (5th-95th percentile)","male"
97.2185185185185,1.33333333333333,48.4606967146695,0.377623090523291,"24.7-113.7 months (5th-95th percentile)","male"
98.8666666666667,1.33333333333333,48.4332192243834,0.383417033411244,"24.7-113.7 months (5th-95th percentile)","male"
100.514814814815,1.33333333333333,48.4120818332913,0.388501007685058,"24.7-113.7 months (5th-95th percentile)","male"
102.162962962963,1.33333333333333,48.3971696010516,0.392870827452228,"24.7-113.7 months (5th-95th percentile)","male"
103.811111111111,1.33333333333333,48.3883074480308,0.396624775232067,"24.7-113.7 months (5th-95th percentile)","male"
105.459259259259,1.33333333333333,48.3852728889369,0.399969424693933,"24.7-113.7 months (5th-95th percentile)","male"
107.107407407407,1.33333333333333,48.3878143513174,0.403208094759152,"24.7-113.7 months (5th-95th percentile)","male"
108.755555555556,1.33333333333333,48.3956628163761,0.406726492939469,"24.7-113.7 months (5th-95th percentile)","male"
110.403703703704,1.33333333333333,48.4085394404949,0.410970893852514,"24.7-113.7 months (5th-95th percentile)","male"
112.051851851852,1.33333333333333,48.4261623010073,0.416419082783346,"24.7-113.7 months (5th-95th percentile)","male"
113.7,1.33333333333333,48.4482538367852,0.42353730591837,"24.7-113.7 months (5th-95th percentile)","male"
24.7,1.66666666666667,45.2973273345146,0.297828634456939,"24.7-113.7 months (5th-95th percentile)","male"
26.3481481481481,1.66666666666667,45.6054567610789,0.278558314567974,"24.7-113.7 months (5th-95th percentile)","male"
27.9962962962963,1.66666666666667,45.9115580046757,0.262802942669603,"24.7-113.7 months (5th-95th percentile)","male"
29.6444444444444,1.66666666666667,46.2144314001849,0.251041568163689,"24.7-113.7 months (5th-95th percentile)","male"
31.2925925925926,1.66666666666667,46.5126881623056,0.243510510541851,"24.7-113.7 months (5th-95th percentile)","male"
32.9407407407407,1.66666666666667,46.8048077465442,0.240096092829098,"24.7-113.7 months (5th-95th percentile)","male"
34.5888888888889,1.66666666666667,47.0891935572335,0.240311062984769,"24.7-113.7 months (5th-95th percentile)","male"
36.237037037037,1.66666666666667,47.3642241443236,0.243372904437451,"24.7-113.7 months (5th-95th percentile)","male"
37.8851851851852,1.66666666666667,47.628297320998,0.248347150240994,"24.7-113.7 months (5th-95th percentile)","male"
39.5333333333333,1.66666666666667,47.8798722227125,0.25429396214488,"24.7-113.7 months (5th-95th percentile)","male"
41.1814814814815,1.66666666666667,48.1175071026492,0.260375605761868,"24.7-113.7 months (5th-95th percentile)","male"
42.8296296296296,1.66666666666667,48.3398924329987,0.265915643030128,"24.7-113.7 months (5th-95th percentile)","male"
44.4777777777778,1.66666666666667,48.5458768560865,0.270420445674151,"24.7-113.7 months (5th-95th percentile)","male"
46.1259259259259,1.66666666666667,48.7344801299595,0.273576949072381,"24.7-113.7 months (5th-95th percentile)","male"
47.7740740740741,1.66666666666667,48.9049195409727,0.275243511553933,"24.7-113.7 months (5th-95th percentile)","male"
49.4222222222222,1.66666666666667,49.0566273062594,0.275434911914746,"24.7-113.7 months (5th-95th percentile)","male"
51.0703703703704,1.66666666666667,49.1892586800563,0.274303182866151,"24.7-113.7 months (5th-95th percentile)","male"
52.7185185185185,1.66666666666667,49.3026951992613,0.272115044429022,"24.7-113.7 months (5th-95th percentile)","male"
54.3666666666667,1.66666666666667,49.3970432815413,0.26922479309979,"24.7-113.7 months (5th-95th percentile)","male"
56.0148148148148,1.66666666666667,49.4726279918566,0.266041345905804,"24.7-113.7 months (5th-95th percentile)","male"
57.662962962963,1.66666666666667,49.5299719195601,0.262988271479248,"24.7-113.7 months (5th-95th percentile)","male"
59.3111111111111,1.66666666666667,49.5697712174541,0.260460561070413,"24.7-113.7 months (5th-95th percentile)","male"
60.9592592592593,1.66666666666667,49.5928952016013,0.25878405183102,"24.7-113.7 months (5th-95th percentile)","male"
62.6074074074074,1.66666666666667,49.6003731117146,0.258179997159667,"24.7-113.7 months (5th-95th percentile)","male"
64.2555555555556,1.66666666666667,49.5933726357372,0.258743649384481,"24.7-113.7 months (5th-95th percentile)","male"
65.9037037037037,1.66666666666667,49.5731767483725,0.260443212049293,"24.7-113.7 months (5th-95th percentile)","male"
67.5518518518519,1.66666666666667,49.5411594361223,0.26313973751142,"24.7-113.7 months (5th-95th percentile)","male"
69.2,1.66666666666667,49.4987608513917,0.266622831119214,"24.7-113.7 months (5th-95th percentile)","male"
70.8481481481481,1.66666666666667,49.4474624258599,0.270653464693047,"24.7-113.7 months (5th-95th percentile)","male"
72.4962962962963,1.66666666666667,49.3887624508653,0.275005015074718,"24.7-113.7 months (5th-95th percentile)","male"
74.1444444444444,1.66666666666667,49.3241526003006,0.279495974603354,"24.7-113.7 months (5th-95th percentile)","male"
75.7925925925926,1.66666666666667,49.2550958301365,0.28401085744254,"24.7-113.7 months (5th-95th percentile)","male"
77.4407407407407,1.66666666666667,49.1830060391182,0.288508335507688,"24.7-113.7 months (5th-95th percentile)","male"
79.0888888888889,1.66666666666667,49.1092298191859,0.293017222804719,"24.7-113.7 months (5th-95th percentile)","male"
80.737037037037,1.66666666666667,49.0350305631865,0.297621888309448,"24.7-113.7 months (5th-95th percentile)","male"
82.3851851851852,1.66666666666667,48.9615751321682,0.302439471803351,"24.7-113.7 months (5th-95th percentile)","male"
84.0333333333333,1.66666666666667,48.8899232175849,0.307592159299224,"24.7-113.7 months (5th-95th percentile)","male"
85.6814814814815,1.66666666666667,48.8210194663269,0.313178656867092,"24.7-113.7 months (5th-95th percentile)","male"
87.3296296296296,1.66666666666667,48.7556883705879,0.319249502876093,"24.7-113.7 months (5th-95th percentile)","male"
88.9777777777778,1.66666666666667,48.6946318605561,0.325790534870794,"24.7-113.7 months (5th-95th percentile)","male"
90.6259259259259,1.66666666666667,48.6384294789295,0.332717488396704,"24.7-113.7 months (5th-95th percentile)","male"
92.2740740740741,1.66666666666667,48.5875409626628,0.339882622675132,"24.7-113.7 months (5th-95th percentile)","male"
93.9222222222222,1.66666666666667,48.5423110107817,0.347092085106295,"24.7-113.7 months (5th-95th percentile)","male"
95.5703703703704,1.66666666666667,48.5029759774373,0.354131108420936,"24.7-113.7 months (5th-95th percentile)","male"
97.2185185185185,1.66666666666667,48.4696721990815,0.360793416677069,"24.7-113.7 months (5th-95th percentile)","male"
98.8666666666667,1.66666666666667,48.4424456431337,0.366911300833601,"24.7-113.7 months (5th-95th percentile)","male"
100.514814814815,1.66666666666667,48.4212625534711,0.372383334495668,"24.7-113.7 months (5th-95th percentile)","male"
102.162962962963,1.66666666666667,48.4060207648022,0.37719722927922,"24.7-113.7 months (5th-95th percentile)","male"
103.811111111111,1.66666666666667,48.3965613645504,0.381445617498018,"24.7-113.7 months (5th-95th percentile)","male"
105.459259259259,1.66666666666667,48.3926810267953,0.385331714254941,"24.7-113.7 months (5th-95th percentile)","male"
107.107407407407,1.66666666666667,48.3941494250497,0.389157022885363,"24.7-113.7 months (5th-95th percentile)","male"
108.755555555556,1.66666666666667,48.400720340439,0.393305996387064,"24.7-113.7 months (5th-95th percentile)","male"
110.403703703704,1.66666666666667,48.4121389286246,0.398222967458821,"24.7-113.7 months (5th-95th percentile)","male"
112.051851851852,1.66666666666667,48.4281482359267,0.404381761697164,"24.7-113.7 months (5th-95th percentile)","male"
113.7,1.66666666666667,48.4484962564882,0.412241371086233,"24.7-113.7 months (5th-95th percentile)","male"
24.7,2,45.1875728496251,0.291134262603136,"24.7-113.7 months (5th-95th percentile)","male"
26.3481481481481,2,45.4921350839669,0.271654451649515,"24.7-113.7 months (5th-95th percentile)","male"
27.9962962962963,2,45.7947189541116,0.255679155791893,"24.7-113.7 months (5th-95th percentile)","male"
29.6444444444444,2,46.0941537097889,0.243713692160542,"24.7-113.7 months (5th-95th percentile)","male"
31.2925925925926,2,46.3890837032369,0.236021941110367,"24.7-113.7 months (5th-95th percentile)","male"
32.9407407407407,2,46.6780243035338,0.232509910406226,"24.7-113.7 months (5th-95th percentile)","male"
34.5888888888889,2,46.9594162465747,0.232695517796927,"24.7-113.7 months (5th-95th percentile)","male"
36.237037037037,2,47.2316755995231,0.235787503124875,"24.7-113.7 months (5th-95th percentile)","male"
37.8851851851852,2,47.4932368047359,0.240835414560259,"24.7-113.7 months (5th-95th percentile)","male"
39.5333333333333,2,47.7425937499288,0.246883652823212,"24.7-113.7 months (5th-95th percentile)","male"
41.1814814814815,2,47.9783366875001,0.253083370466513,"24.7-113.7 months (5th-95th percentile)","male"
42.8296296296296,2,48.1991845755006,0.258752697879882,"24.7-113.7 months (5th-95th percentile)","male"
44.4777777777778,2,48.4040104419716,0.263397335500717,"24.7-113.7 months (5th-95th percentile)","male"
46.1259259259259,2,48.5918540624211,0.266706792467929,"24.7-113.7 months (5th-95th percentile)","male"
47.7740740740741,2,48.7619477453844,0.268543848270237,"24.7-113.7 months (5th-95th percentile)","male"
49.4222222222222,2,48.9137333195112,0.268928401240554,"24.7-113.7 months (5th-95th percentile)","male"
51.0703703703704,2,49.046870042348,0.268017330978115,"24.7-113.7 months (5th-95th percentile)","male"
52.7185185185185,2,49.1612377531559,0.26608100205841,"24.7-113.7 months (5th-95th percentile)","male"
54.3666666666667,2,49.2569354786646,0.263475149699168,"24.7-113.7 months (5th-95th percentile)","male"
56.0148148148148,2,49.3342753145321,0.260606825131737,"24.7-113.7 months (5th-95th percentile)","male"
57.662962962963,2,49.3937617891585,0.257893377807971,"24.7-113.7 months (5th-95th percentile)","male"
59.3111111111111,2,49.4360684545083,0.255718524328816,"24.7-113.7 months (5th-95th percentile)","male"
60.9592592592593,2,49.462037414586,0.254391791326576,"24.7-113.7 months (5th-95th percentile)","male"
62.6074074074074,2,49.472666346062,0.254114204123662,"24.7-113.7 months (5th-95th percentile)","male"
64.2555555555556,2,49.469087501649,0.254959076103212,"24.7-113.7 months (5th-95th percentile)","male"
65.9037037037037,2,49.4525450796711,0.256873760581595,"24.7-113.7 months (5th-95th percentile)","male"
67.5518518518519,2,49.4243715226441,0.259702157413074,"24.7-113.7 months (5th-95th percentile)","male"
69.2,2,49.3859632781671,0.263222169139404,"24.7-113.7 months (5th-95th percentile)","male"
70.8481481481481,2,49.3387565428945,0.267189183200524,"24.7-113.7 months (5th-95th percentile)","male"
72.4962962962963,2,49.2842034878199,0.271376918269016,"24.7-113.7 months (5th-95th percentile)","male"
74.1444444444444,2,49.2237494308645,0.275609511455762,"24.7-113.7 months (5th-95th percentile)","male"
75.7925925925926,2,49.158811381496,0.279781742252159,"24.7-113.7 months (5th-95th percentile)","male"
77.4407407407407,2,49.0907583327566,0.283866599909417,"24.7-113.7 months (5th-95th percentile)","male"
79.0888888888889,2,49.0208936203987,0.287910778590455,"24.7-113.7 months (5th-95th percentile)","male"
80.737037037037,2,48.9504396082515,0.292019507302099,"24.7-113.7 months (5th-95th percentile)","male"
82.3851851851852,2,48.8805248941756,0.296332878898207,"24.7-113.7 months (5th-95th percentile)","male"
84.0333333333333,2,48.8121741645899,0.300996799836551,"24.7-113.7 months (5th-95th percentile)","male"
85.6814814814815,2,48.7463007588137,0.306132736978372,"24.7-113.7 months (5th-95th percentile)","male"
87.3296296296296,2,48.6837019392892,0.311811149701234,"24.7-113.7 months (5th-95th percentile)","male"
88.9777777777778,2,48.6250568005469,0.318033320926144,"24.7-113.7 months (5th-95th percentile)","male"
90.6259259259259,2,48.570926691639,0.32472495695961,"24.7-113.7 months (5th-95th percentile)","male"
92.2740740740741,2,48.5217579740718,0.331742669057174,"24.7-113.7 months (5th-95th percentile)","male"
93.9222222222222,2,48.4778868916078,0.338892006295429,"24.7-113.7 months (5th-95th percentile)","male"
95.5703703703704,2,48.4395462896236,0.345953873672292,"24.7-113.7 months (5th-95th percentile)","male"
97.2185185185185,2,48.4068738923547,0.352715363132983,"24.7-113.7 months (5th-95th percentile)","male"
98.8666666666667,2,48.3799218258118,0.359001150221337,"24.7-113.7 months (5th-95th percentile)","male"
100.514814814815,2,48.3586670630273,0.364702228044044,"24.7-113.7 months (5th-95th percentile)","male"
102.162962962963,2,48.3430224659624,0.36979939008284,"24.7-113.7 months (5th-95th percentile)","male"
103.811111111111,2,48.33284810582,0.374379237670098,"24.7-113.7 months (5th-95th percentile)","male"
105.459259259259,2,48.3279631293887,0.378639692982236,"24.7-113.7 months (5th-95th percentile)","male"
107.107407407407,2,48.3281621145876,0.382877266960838,"24.7-113.7 months (5th-95th percentile)","male"
108.755555555556,2,48.333225556328,0.387471120925894,"24.7-113.7 months (5th-95th percentile)","male"
110.403703703704,2,48.3429267187559,0.392859322208038,"24.7-113.7 months (5th-95th percentile)","male"
112.051851851852,2,48.3570378813198,0.399507877441443,"24.7-113.7 months (5th-95th percentile)","male"
113.7,2,48.3753369465797,0.407866101819906,"24.7-113.7 months (5th-95th percentile)","male"
24.7,2.33333333333333,44.9907252785129,0.291705296544689,"24.7-113.7 months (5th-95th percentile)","male"
26.3481481481481,2.33333333333333,45.2913737678536,0.272507597624236,"24.7-113.7 months (5th-95th percentile)","male"
27.9962962962963,2.33333333333333,45.5900987089956,0.256809902000082,"24.7-113.7 months (5th-95th percentile)","male"
29.6444444444444,2.33333333333333,45.8857611635159,0.245103245352394,"24.7-113.7 months (5th-95th percentile)","male"
31.2925925925926,2.33333333333333,46.1770419387627,0.237636307005065,"24.7-113.7 months (5th-95th percentile)","male"
32.9407407407407,2.33333333333333,46.4624959097874,0.234303925985329,"24.7-113.7 months (5th-95th percentile)","male"
34.5888888888889,2.33333333333333,46.7406048747161,0.234621186534806,"24.7-113.7 months (5th-95th percentile)","male"
36.237037037037,2.33333333333333,47.0098261629365,0.23780312031017,"24.7-113.7 months (5th-95th percentile)","male"
37.8851851851852,2.33333333333333,47.2686344971262,0.242911805674827,"24.7-113.7 months (5th-95th percentile)","male"
39.5333333333333,2.33333333333333,47.5155619751758,0.249006259501753,"24.7-113.7 months (5th-95th percentile)","male"
41.1814814814815,2.33333333333333,47.7492340254606,0.255251209169123,"24.7-113.7 months (5th-95th percentile)","male"
42.8296296296296,2.33333333333333,47.9684009113036,0.260975870385767,"24.7-113.7 months (5th-95th percentile)","male"
44.4777777777778,2.33333333333333,48.1719624498974,0.265694290869542,"24.7-113.7 months (5th-95th percentile)","male"
46.1259259259259,2.33333333333333,48.3589803953047,0.269101871255066,"24.7-113.7 months (5th-95th percentile)","male"
47.7740740740741,2.33333333333333,48.5287035342766,0.271065079236636,"24.7-113.7 months (5th-95th percentile)","male"
49.4222222222222,2.33333333333333,48.6805842166583,0.271605389662087,"24.7-113.7 months (5th-95th percentile)","male"
51.0703703703704,2.33333333333333,48.8142860473659,0.270879027823382,"24.7-113.7 months (5th-95th percentile)","male"
52.7185185185185,2.33333333333333,48.929686937791,0.269153166535058,"24.7-113.7 months (5th-95th percentile)","male"
54.3666666666667,2.33333333333333,49.0268777206625,0.266777432762786,"24.7-113.7 months (5th-95th percentile)","male"
56.0148148148148,2.33333333333333,49.1061561587242,0.264149598905285,"24.7-113.7 months (5th-95th percentile)","male"
57.662962962963,2.33333333333333,49.1680068448686,0.261674718143638,"24.7-113.7 months (5th-95th percentile)","male"
59.3111111111111,2.33333333333333,49.2130784008629,0.25972195820222,"24.7-113.7 months (5th-95th percentile)","male"
60.9592592592593,2.33333333333333,49.2421829282348,0.258585467001238,"24.7-113.7 months (5th-95th percentile)","male"
62.6074074074074,2.33333333333333,49.2562833161397,0.258452030862952,"24.7-113.7 months (5th-95th percentile)","male"
64.2555555555556,2.33333333333333,49.2564727724393,0.259383834608426,"24.7-113.7 months (5th-95th percentile)","male"
65.9037037037037,2.33333333333333,49.2439527784459,0.261321535732377,"24.7-113.7 months (5th-95th percentile)","male"
67.5518518518519,2.33333333333333,49.2200100194217,0.264107053639004,"24.7-113.7 months (5th-95th percentile)","male"
69.2,2.33333333333333,49.1859928139349,0.267520335396206,"24.7-113.7 months (5th-95th percentile)","male"
70.8481481481481,2.33333333333333,49.1432875524529,0.271321609949252,"24.7-113.7 months (5th-95th percentile)","male"
72.4962962962963,2.33333333333333,49.0932956329214,0.275290988301401,"24.7-113.7 months (5th-95th percentile)","male"
74.1444444444444,2.33333333333333,49.037411348855,0.279259646380186,"24.7-113.7 months (5th-95th percentile)","male"
75.7925925925926,2.33333333333333,48.9770011443206,0.283129611017981,"24.7-113.7 months (5th-95th percentile)","male"
77.4407407407407,2.33333333333333,48.9133846010953,0.286881298099346,"24.7-113.7 months (5th-95th percentile)","male"
79.0888888888889,2.33333333333333,48.8478174679521,0.290569234328681,"24.7-113.7 months (5th-95th percentile)","male"
80.737037037037,2.33333333333333,48.781476981893,0.294307185349714,"24.7-113.7 months (5th-95th percentile)","male"
82.3851851851852,2.33333333333333,48.7154496669544,0.298244675650672,"24.7-113.7 months (5th-95th percentile)","male"
84.0333333333333,2.33333333333333,48.6507217304797,0.302537878337076,"24.7-113.7 months (5th-95th percentile)","male"
85.6814814814815,2.33333333333333,48.5881721107598,0.307318979099382,"24.7-113.7 months (5th-95th percentile)","male"
87.3296296296296,2.33333333333333,48.5285681655575,0.312668936454623,"24.7-113.7 months (5th-95th percentile)","male"
88.9777777777778,2.33333333333333,48.4725639287417,0.318598496373992,"24.7-113.7 months (5th-95th percentile)","male"
90.6259259259259,2.33333333333333,48.4207008050517,0.325041041232034,"24.7-113.7 months (5th-95th percentile)","male"
92.2740740740741,2.33333333333333,48.3734105213049,0.33185857806906,"24.7-113.7 months (5th-95th percentile)","male"
93.9222222222222,2.33333333333333,48.3310201077176,0.338859632751191,"24.7-113.7 months (5th-95th percentile)","male"
95.5703703703704,2.33333333333333,48.2937586453825,0.34582585879715,"24.7-113.7 months (5th-95th percentile)","male"
97.2185185185185,2.33333333333333,48.2617654876467,0.35254327214109,"24.7-113.7 months (5th-95th percentile)","male"
98.8666666666667,2.33333333333333,48.2350996436258,0.358834116674863,"24.7-113.7 months (5th-95th percentile)","male"
100.514814814815,2.33333333333333,48.2137500019919,0.364586005138076,"24.7-113.7 months (5th-95th percentile)","male"
102.162962962963,2.33333333333333,48.1976460718633,0.369775666674339,"24.7-113.7 months (5th-95th percentile)","male"
103.811111111111,2.33333333333333,48.1866689259922,0.374485047359128,"24.7-113.7 months (5th-95th percentile)","male"
105.459259259259,2.33333333333333,48.1806625512928,0.378906772616976,"24.7-113.7 months (5th-95th percentile)","male"
107.107407407407,2.33333333333333,48.1794490401672,0.383331372730089,"24.7-113.7 months (5th-95th percentile)","male"
108.755555555556,2.33333333333333,48.1828383905776,0.388131208788706,"24.7-113.7 months (5th-95th percentile)","male"
110.403703703704,2.33333333333333,48.1906349009824,0.393736652059892,"24.7-113.7 months (5th-95th percentile)","male"
112.051851851852,2.33333333333333,48.2026431173058,0.400605203664566,"24.7-113.7 months (5th-95th percentile)","male"
113.7,2.33333333333333,48.218673944371,0.409177283388101,"24.7-113.7 months (5th-95th percentile)","male"
24.7,2.66666666666667,44.6982938761116,0.292805054963593,"24.7-113.7 months (5th-95th percentile)","male"
26.3481481481481,2.66666666666667,44.9948318683247,0.27388109054418,"24.7-113.7 months (5th-95th percentile)","male"
27.9962962962963,2.66666666666667,45.2895040276592,0.258481200472937,"24.7-113.7 months (5th-95th percentile)","male"
29.6444444444444,2.66666666666667,45.5812049069065,0.247083228991519,"24.7-113.7 months (5th-95th percentile)","male"
31.2925925925926,2.66666666666667,45.8686536906435,0.239918130411554,"24.7-113.7 months (5th-95th percentile)","male"
32.9407407407407,2.66666666666667,46.150446839941,0.236863177442726,"24.7-113.7 months (5th-95th percentile)","male"
34.5888888888889,2.66666666666667,46.4251093737549,0.237421550632223,"24.7-113.7 months (5th-95th percentile)","male"
36.237037037037,2.66666666666667,46.6911420488207,0.240804918381442,"24.7-113.7 months (5th-95th percentile)","male"
37.8851851851852,2.66666666666667,46.9470619767932,0.246079435503535,"24.7-113.7 months (5th-95th percentile)","male"
39.5333333333333,2.66666666666667,47.1914414602034,0.252312242617359,"24.7-113.7 months (5th-95th percentile)","male"
41.1814814814815,2.66666666666667,47.4229429326513,0.25867697040261,"24.7-113.7 months (5th-95th percentile)","male"
42.8296296296296,2.66666666666667,47.6403495825873,0.264510544366848,"24.7-113.7 months (5th-95th percentile)","male"
44.4777777777778,2.66666666666667,47.8425893929031,0.269332770045035,"24.7-113.7 months (5th-95th percentile)","male"
46.1259259259259,2.66666666666667,48.0287472143811,0.272842796587117,"24.7-113.7 months (5th-95th percentile)","male"
47.7740740740741,2.66666666666667,48.1980891354638,0.274908971754307,"24.7-113.7 months (5th-95th percentile)","male"
49.4222222222222,2.66666666666667,48.3500785321734,0.275552937004398,"24.7-113.7 months (5th-95th percentile)","male"
51.0703703703704,2.66666666666667,48.484383532341,0.274929469063939,"24.7-113.7 months (5th-95th percentile)","male"
52.7185185185185,2.66666666666667,48.6008799608324,0.273302733038779,"24.7-113.7 months (5th-95th percentile)","male"
54.3666666666667,2.66666666666667,48.6996499646601,0.271017888509492,"24.7-113.7 months (5th-95th percentile)","male"
56.0148148148148,2.66666666666667,48.7809761563241,0.26846704505959,"24.7-113.7 months (5th-95th percentile)","male"
57.662962962963,2.66666666666667,48.8453220793739,0.266048945208918,"24.7-113.7 months (5th-95th percentile)","male"
59.3111111111111,2.66666666666667,48.8933100479427,0.264126649024005,"24.7-113.7 months (5th-95th percentile)","male"
60.9592592592593,2.66666666666667,48.925720516797,0.262989444916811,"24.7-113.7 months (5th-95th percentile)","male"
62.6074074074074,2.66666666666667,48.9434796924931,0.262821503117325,"24.7-113.7 months (5th-95th percentile)","male"
64.2555555555556,2.66666666666667,48.9476396209029,0.263685214891994,"24.7-113.7 months (5th-95th percentile)","male"
65.9037037037037,2.66666666666667,48.9393567589075,0.26552417750785,"24.7-113.7 months (5th-95th percentile)","male"
67.5518518518519,2.66666666666667,48.9198695710413,0.268185249540935,"24.7-113.7 months (5th-95th percentile)","male"
69.2,2.66666666666667,48.8904756634373,0.271454226276225,"24.7-113.7 months (5th-95th percentile)","male"
70.8481481481481,2.66666666666667,48.8525089545064,0.27509702789024,"24.7-113.7 months (5th-95th percentile)","male"
72.4962962962963,2.66666666666667,48.8073173590511,0.278898539279934,"24.7-113.7 months (5th-95th percentile)","male"
74.1444444444444,2.66666666666667,48.7562414303069,0.282693438308152,"24.7-113.7 months (5th-95th percentile)","male"
75.7925925925926,2.66666666666667,48.7005943633911,0.286385987665779,"24.7-113.7 months (5th-95th percentile)","male"
77.4407407407407,2.66666666666667,48.6416437148041,0.289957830058457,"24.7-113.7 months (5th-95th percentile)","male"
79.0888888888889,2.66666666666667,48.5805951376614,0.293464106346781,"24.7-113.7 months (5th-95th percentile)","male"
80.737037037037,2.66666666666667,48.5185783726793,0.29701902784644,"24.7-113.7 months (5th-95th percentile)","male"
82.3851851851852,2.66666666666667,48.4566356713326,0.300772813354714,"24.7-113.7 months (5th-95th percentile)","male"
84.0333333333333,2.66666666666667,48.3957127625642,0.304882901563362,"24.7-113.7 months (5th-95th percentile)","male"
85.6814814814815,2.66666666666667,48.3366524092037,0.309483483998306,"24.7-113.7 months (5th-95th percentile)","male"
87.3296296296296,2.66666666666667,48.280190536722,0.314658244575376,"24.7-113.7 months (5th-95th percentile)","male"
88.9777777777778,2.66666666666667,48.2269548556051,0.320421170994958,"24.7-113.7 months (5th-95th percentile)","male"
90.6259259259259,2.66666666666667,48.1774658424148,0.326709075602178,"24.7-113.7 months (5th-95th percentile)","male"
92.2740740740741,2.66666666666667,48.1321398939422,0.333387222177332,"24.7-113.7 months (5th-95th percentile)","male"
93.9222222222222,2.66666666666667,48.0912944252726,0.340266915227873,"24.7-113.7 months (5th-95th percentile)","male"
95.5703703703704,2.66666666666667,48.0551546460905,0.347131915763563,"24.7-113.7 months (5th-95th percentile)","male"
97.2185185185185,2.66666666666667,48.0238617223477,0.35376960217953,"24.7-113.7 months (5th-95th percentile)","male"
98.8666666666667,2.66666666666667,47.997482012017,0.36000285021011,"24.7-113.7 months (5th-95th percentile)","male"
100.514814814815,2.66666666666667,47.9760170546295,0.365719228656232,"24.7-113.7 months (5th-95th percentile)","male"
102.162962962963,2.66666666666667,47.9594139940686,0.370894797393812,"24.7-113.7 months (5th-95th percentile)","male"
103.811111111111,2.66666666666667,47.9475761234527,0.375610224971745,"24.7-113.7 months (5th-95th percentile)","male"
105.459259259259,2.66666666666667,47.9403736913158,0.380056237927593,"24.7-113.7 months (5th-95th percentile)","male"
107.107407407407,2.66666666666667,47.9376578662574,0.384520896035843,"24.7-113.7 months (5th-95th percentile)","male"
108.755555555556,2.66666666666667,47.9392698139548,0.389373497298072,"24.7-113.7 months (5th-95th percentile)","male"
110.403703703704,2.66666666666667,47.9450466096304,0.395040761150046,"24.7-113.7 months (5th-95th percentile)","male"
112.051851851852,2.66666666666667,47.9548268682367,0.401976011453914,"24.7-113.7 months (5th-95th percentile)","male"
113.7,2.66666666666667,47.9684563314064,0.410615212676566,"24.7-113.7 months (5th-95th percentile)","male"
24.7,3,44.3126092746951,0.288819036516374,"24.7-113.7 months (5th-95th percentile)","male"
26.3481481481481,3,44.6049898183069,0.269761271301529,"24.7-113.7 months (5th-95th percentile)","male"
27.9962962962963,3,44.8955630457747,0.254291408419264,"24.7-113.7 months (5th-95th percentile)","male"
29.6444444444444,3,45.1832574628424,0.24290843551767,"24.7-113.7 months (5th-95th percentile)","male"
31.2925925925926,3,45.4668311579809,0.235855285138874,"24.7-113.7 months (5th-95th percentile)","male"
32.9407407407407,3,45.7449227459715,0.233005150388846,"24.7-113.7 months (5th-95th percentile)","male"
34.5888888888889,3,46.016101053129,0.233840451737138,"24.7-113.7 months (5th-95th percentile)","male"
36.237037037037,3,46.2789108487735,0.237542185120356,"24.7-113.7 months (5th-95th percentile)","male"
37.8851851851852,3,46.5319121997021,0.243145403786392,"24.7-113.7 months (5th-95th percentile)","male"
39.5333333333333,3,46.7737181441022,0.249692374453723,"24.7-113.7 months (5th-95th percentile)","male"
41.1814814814815,3,47.0030286025334,0.256340121012693,"24.7-113.7 months (5th-95th percentile)","male"
42.8296296296296,3,47.218660108872,0.262416133965599,"24.7-113.7 months (5th-95th percentile)","male"
44.4777777777778,3,47.4195691613684,0.267435799996525,"24.7-113.7 months (5th-95th percentile)","male"
46.1259259259259,3,47.6048639827618,0.271096885930063,"24.7-113.7 months (5th-95th percentile)","male"
47.7740740740741,3,47.7738281541017,0.27326809003993,"24.7-113.7 months (5th-95th percentile)","male"
49.4222222222222,3,47.9259361778703,0.273972410415622,"24.7-113.7 months (5th-95th percentile)","male"
51.0703703703704,3,48.0608607118451,0.27336669816623,"24.7-113.7 months (5th-95th percentile)","male"
52.7185185185185,3,48.1784754072863,0.271717929952329,"24.7-113.7 months (5th-95th percentile)","male"
54.3666666666667,3,48.2788535451233,0.26937501124178,"24.7-113.7 months (5th-95th percentile)","male"
56.0148148148148,3,48.3622623165636,0.266734974272723,"24.7-113.7 months (5th-95th percentile)","male"
57.662962962963,3,48.4291438626984,0.264202776063487,"24.7-113.7 months (5th-95th percentile)","male"
59.3111111111111,3,48.4800937645132,0.262148855403987,"24.7-113.7 months (5th-95th percentile)","male"
60.9592592592593,3,48.5158603318626,0.260870627332323,"24.7-113.7 months (5th-95th percentile)","male"
62.6074074074074,3,48.5373325230083,0.260560349204418,"24.7-113.7 months (5th-95th percentile)","male"
64.2555555555556,3,48.5455205971753,0.261287497160997,"24.7-113.7 months (5th-95th percentile)","male"
65.9037037037037,3,48.5415353126075,0.263000920840073,"24.7-113.7 months (5th-95th percentile)","male"
67.5518518518519,3,48.5265661994299,0.265550459885763,"24.7-113.7 months (5th-95th percentile)","male"
69.2,3,48.5018594087569,0.268722664859392,"24.7-113.7 months (5th-95th percentile)","male"
70.8481481481481,3,48.4686956263669,0.272282419717919,"24.7-113.7 months (5th-95th percentile)","male"
72.4962962962963,3,48.4283685164313,0.276012408136137,"24.7-113.7 months (5th-95th percentile)","male"
74.1444444444444,3,48.3821641285955,0.279744574483598,"24.7-113.7 months (5th-95th percentile)","male"
75.7925925925926,3,48.3313416608292,0.283380440923687,"24.7-113.7 months (5th-95th percentile)","male"
77.4407407407407,3,48.2771159218936,0.286899279304884,"24.7-113.7 months (5th-95th percentile)","male"
79.0888888888889,3,48.2206417826829,0.290354458973703,"24.7-113.7 months (5th-95th percentile)","male"
80.737037037037,3,48.1630008465192,0.293859116415556,"24.7-113.7 months (5th-95th percentile)","male"
82.3851851851852,3,48.1051905054792,0.297563071381303,"24.7-113.7 months (5th-95th percentile)","male"
84.0333333333333,3,48.0481154854937,0.301623915594465,"24.7-113.7 months (5th-95th percentile)","male"
85.6814814814815,3,47.9925819185245,0.306176345941172,"24.7-113.7 months (5th-95th percentile)","male"
87.3296296296296,3,47.939293917453,0.311304673259768,"24.7-113.7 months (5th-95th percentile)","male"
88.9777777777778,3,47.8888525689421,0.317023430006652,"24.7-113.7 months (5th-95th percentile)","male"
90.6259259259259,3,47.8417572043167,0.323269767452844,"24.7-113.7 months (5th-95th percentile)","male"
92.2740740740741,3,47.7984087589045,0.329909066343695,"24.7-113.7 months (5th-95th percentile)","male"
93.9222222222222,3,47.7591149877752,0.336752610506768,"24.7-113.7 months (5th-95th percentile)","male"
95.5703703703704,3,47.7240972704647,0.343584154022284,"24.7-113.7 months (5th-95th percentile)","male"
97.2185185185185,3,47.693498711189,0.350191259278901,"24.7-113.7 months (5th-95th percentile)","male"
98.8666666666667,3,47.6673932237671,0.356397346274746,"24.7-113.7 months (5th-95th percentile)","male"
100.514814814815,3,47.6457952825456,0.362091028880368,"24.7-113.7 months (5th-95th percentile)","male"
102.162962962963,3,47.6286700214826,0.367250010830169,"24.7-113.7 months (5th-95th percentile)","male"
103.811111111111,3,47.6159433739275,0.371957242125481,"24.7-113.7 months (5th-95th percentile)","male"
105.459259259259,3,47.607512325607,0.376406318904678,"24.7-113.7 months (5th-95th percentile)","male"
107.107407407407,3,47.6032576346679,0.380888583572738,"24.7-113.7 months (5th-95th percentile)","male"
108.755555555556,3,47.6030521745674,0.385776744588373,"24.7-113.7 months (5th-95th percentile)","male"
110.403703703704,3,47.6067663563669,0.391500636104577,"24.7-113.7 months (5th-95th percentile)","male"
112.051851851852,3,47.6142734358051,0.39851584246092,"24.7-113.7 months (5th-95th percentile)","male"
113.7,3,47.6254545665707,0.407259126700384,"24.7-113.7 months (5th-95th percentile)","male"
24.7,3.33333333333333,43.8601455187716,0.281769101700174,"24.7-113.7 months (5th-95th percentile)","male"
26.3481481481481,3.33333333333333,44.1484712134141,0.262283353654778,"24.7-113.7 months (5th-95th percentile)","male"
27.9962962962963,3.33333333333333,44.4350468155842,0.246453257531805,"24.7-113.7 months (5th-95th percentile)","male"
29.6444444444444,3.33333333333333,44.7188340300783,0.23482339160833,"24.7-113.7 months (5th-95th percentile)","male"
31.2925925925926,3.33333333333333,44.998628982759,0.227673201123856,"24.7-113.7 months (5th-95th percentile)","male"
32.9407407407407,3.33333333333333,45.2731114999308,0.224887253812007,"24.7-113.7 months (5th-95th percentile)","male"
34.5888888888889,3.33333333333333,45.5408932323051,0.225927469412734,"24.7-113.7 months (5th-95th percentile)","male"
36.237037037037,3.33333333333333,45.8005619697275,0.229930728547073,"24.7-113.7 months (5th-95th percentile)","male"
37.8851851851852,3.33333333333333,46.0507197603472,0.235880986673368,"24.7-113.7 months (5th-95th percentile)","male"
39.5333333333333,3.33333333333333,46.2900194479814,0.24277626960421,"24.7-113.7 months (5th-95th percentile)","male"
41.1814814814815,3.33333333333333,46.5171975765922,0.249742107231149,"24.7-113.7 months (5th-95th percentile)","male"
42.8296296296296,3.33333333333333,46.7311032482057,0.256086861615501,"24.7-113.7 months (5th-95th percentile)","male"
44.4777777777778,3.33333333333333,46.9307208009047,0.261316146302808,"24.7-113.7 months (5th-95th percentile)","male"
46.1259259259259,3.33333333333333,47.1151812630984,0.265124126222833,"24.7-113.7 months (5th-95th percentile)","male"
47.7740740740741,3.33333333333333,47.2837852678605,0.267379852263603,"24.7-113.7 months (5th-95th percentile)","male"
49.4222222222222,3.33333333333333,47.4360181404108,0.268109322561866,"24.7-113.7 months (5th-95th percentile)","male"
51.0703703703704,3.33333333333333,47.5715569072969,0.267474436988041,"24.7-113.7 months (5th-95th percentile)","male"
52.7185185185185,3.33333333333333,47.6902730305869,0.265749142334094,"24.7-113.7 months (5th-95th percentile)","male"
54.3666666666667,3.33333333333333,47.7922310556335,0.263291309213289,"24.7-113.7 months (5th-95th percentile)","male"
56.0148148148148,3.33333333333333,47.8776830267266,0.26050892430303,"24.7-113.7 months (5th-95th percentile)","male"
57.662962962963,3.33333333333333,47.9470500888948,0.257819492155888,"24.7-113.7 months (5th-95th percentile)","male"
59.3111111111111,3.33333333333333,48.0009016148631,0.255606663661237,"24.7-113.7 months (5th-95th percentile)","male"
60.9592592592593,3.33333333333333,48.0399544157174,0.254180328651478,"24.7-113.7 months (5th-95th percentile)","male"
62.6074074074074,3.33333333333333,48.0650609629768,0.253742729002515,"24.7-113.7 months (5th-95th percentile)","male"
64.2555555555556,3.33333333333333,48.0771905946341,0.254369294994568,"24.7-113.7 months (5th-95th percentile)","male"
65.9037037037037,3.33333333333333,48.0774093266612,0.256010056911271,"24.7-113.7 months (5th-95th percentile)","male"
67.5518518518519,3.33333333333333,48.0668587880497,0.258511581059272,"24.7-113.7 months (5th-95th percentile)","male"
69.2,3.33333333333333,48.0467347701451,0.261653898125612,"24.7-113.7 months (5th-95th percentile)","male"
70.8481481481481,3.33333333333333,48.0182658677127,0.26519374779816,"24.7-113.7 months (5th-95th percentile)","male"
72.4962962962963,3.33333333333333,47.9826926662508,0.268905597141914,"24.7-113.7 months (5th-95th percentile)","male"
74.1444444444444,3.33333333333333,47.9412478978835,0.272614291446353,"24.7-113.7 months (5th-95th percentile)","male"
75.7925925925926,3.33333333333333,47.8951379474241,0.276216126357933,"24.7-113.7 months (5th-95th percentile)","male"
77.4407407407407,3.33333333333333,47.845526041889,0.279687397455328,"24.7-113.7 months (5th-95th percentile)","male"
79.0888888888889,3.33333333333333,47.7935174025166,0.283080832835446,"24.7-113.7 months (5th-95th percentile)","male"
80.737037037037,3.33333333333333,47.740146579639,0.286511107360273,"24.7-113.7 months (5th-95th percentile)","male"
82.3851851851852,3.33333333333333,47.6863671283462,0.290131379180648,"24.7-113.7 months (5th-95th percentile)","male"
84.0333333333333,3.33333333333333,47.6330437192267,0.294103786330864,"24.7-113.7 months (5th-95th percentile)","male"
85.6814814814815,3.33333333333333,47.5809467148079,0.298568027203985,"24.7-113.7 months (5th-95th percentile)","male"
87.3296296296296,3.33333333333333,47.5307491804899,0.303613074106371,"24.7-113.7 months (5th-95th percentile)","male"
88.9777777777778,3.33333333333333,47.4830262393425,0.309257110381094,"24.7-113.7 months (5th-95th percentile)","male"
90.6259259259259,3.33333333333333,47.4382566258999,0.315439538585504,"24.7-113.7 months (5th-95th percentile)","male"
92.2740740740741,3.33333333333333,47.3968262455216,0.322026562106999,"24.7-113.7 months (5th-95th percentile)","male"
93.9222222222222,3.33333333333333,47.3590335044401,0.3288291588482,"24.7-113.7 months (5th-95th percentile)","male"
95.5703703703704,3.33333333333333,47.3250961413878,0.335630162763329,"24.7-113.7 months (5th-95th percentile)","male"
97.2185185185185,3.33333333333333,47.2951592667047,0.342216190981944,"24.7-113.7 months (5th-95th percentile)","male"
98.8666666666667,3.33333333333333,47.2693042986447,0.348410244802444,"24.7-113.7 months (5th-95th percentile)","male"
100.514814814815,3.33333333333333,47.2475584797355,0.354101495024142,"24.7-113.7 months (5th-95th percentile)","male"
102.162962962963,3.33333333333333,47.229904657991,0.35926949313841,"24.7-113.7 months (5th-95th percentile)","male"
103.811111111111,3.33333333333333,47.2162910291436,0.364000483573016,"24.7-113.7 months (5th-95th percentile)","male"
105.459259259259,3.33333333333333,47.2066408472454,0.368492747269331,"24.7-113.7 months (5th-95th percentile)","male"
107.107407407407,3.33333333333333,47.2008639266264,0.373043325911635,"24.7-113.7 months (5th-95th percentile)","male"
108.755555555556,3.33333333333333,47.1988642657647,0.378031077344814,"24.7-113.7 months (5th-95th percentile)","male"
110.403703703704,3.33333333333333,47.2005449891314,0.383891600140476,"24.7-113.7 months (5th-95th percentile)","male"
112.051851851852,3.33333333333333,47.2058133361699,0.391084780008675,"24.7-113.7 months (5th-95th percentile)","male"
113.7,3.33333333333333,47.2145851905761,0.400049011096896,"24.7-113.7 months (5th-95th percentile)","male"
24.7,3.66666666666667,43.37058179168,0.276765261676403,"24.7-113.7 months (5th-95th percentile)","male"
26.3481481481481,3.66666666666667,43.6550745929477,0.256905551224259,"24.7-113.7 months (5th-95th percentile)","male"
27.9962962962963,3.66666666666667,43.9378715527898,0.240727477036767,"24.7-113.7 months (5th-95th percentile)","male"
29.6444444444444,3.66666666666667,44.2179658465664,0.228811918147104,"24.7-113.7 months (5th-95th percentile)","male"
31.2925925925926,3.66666666666667,44.494189654284,0.221472001141019,"24.7-113.7 months (5th-95th percentile)","male"
32.9407407407407,3.66666666666667,44.7652618614949,0.218609606365866,"24.7-113.7 months (5th-95th percentile)","male"
34.5888888888889,3.66666666666667,45.0298347027216,0.219679520853456,"24.7-113.7 months (5th-95th percentile)","male"
36.237037037037,3.66666666666667,45.2865367326869,0.223791136229395,"24.7-113.7 months (5th-95th percentile)","male"
37.8851851851852,3.66666666666667,45.5340097737778,0.22989289188463,"24.7-113.7 months (5th-95th percentile)","male"
39.5333333333333,3.66666666666667,45.7709443757081,0.236950633305237,"24.7-113.7 months (5th-95th percentile)","male"
41.1814814814815,3.66666666666667,45.9961117657364,0.244066465454535,"24.7-113.7 months (5th-95th percentile)","male"
42.8296296296296,3.66666666666667,46.2083918789993,0.250534412173126,"24.7-113.7 months (5th-95th percentile)","male"
44.4777777777778,3.66666666666667,46.4067953986755,0.255852878492119,"24.7-113.7 months (5th-95th percentile)","male"
46.1259259259259,3.66666666666667,46.5904749209049,0.259713690224162,"24.7-113.7 months (5th-95th percentile)","male"
47.7740740740741,3.66666666666667,46.7587471872348,0.261986812354409,"24.7-113.7 months (5th-95th percentile)","male"
49.4222222222222,3.66666666666667,46.9111077215961,0.262701424139426,"24.7-113.7 months (5th-95th percentile)","male"
51.0703703703704,3.66666666666667,47.0472376271148,0.262024366914012,"24.7-113.7 months (5th-95th percentile)","male"
52.7185185185185,3.66666666666667,47.1670062224356,0.260236070227118,"24.7-113.7 months (5th-95th percentile)","male"
54.3666666666667,3.66666666666667,47.2704697012639,0.257702272372484,"24.7-113.7 months (5th-95th percentile)","male"
56.0148148148148,3.66666666666667,47.3578656769118,0.254839892126411,"24.7-113.7 months (5th-95th percentile)","male"
57.662962962963,3.66666666666667,47.4295953179848,0.25207572948545,"24.7-113.7 months (5th-95th percentile)","male"
59.3111111111111,3.66666666666667,47.4862030801027,0.249801963111554,"24.7-113.7 months (5th-95th percentile)","male"
60.9592592592593,3.66666666666667,47.528375843362,0.248334829018381,"24.7-113.7 months (5th-95th percentile)","male"
62.6074074074074,3.66666666666667,47.5569314222608,0.247879310354167,"24.7-113.7 months (5th-95th percentile)","male"
64.2555555555556,3.66666666666667,47.5728002974776,0.24850907991143,"24.7-113.7 months (5th-95th percentile)","male"
65.9037037037037,3.66666666666667,47.5770060099504,0.250167965354077,"24.7-113.7 months (5th-95th percentile)","male"
67.5518518518519,3.66666666666667,47.5706447246634,0.252692916106809,"24.7-113.7 months (5th-95th percentile)","male"
69.2,3.66666666666667,47.5548644447563,0.255852572389604,"24.7-113.7 months (5th-95th percentile)","male"
70.8481481481481,3.66666666666667,47.5308443430682,0.259392233132429,"24.7-113.7 months (5th-95th percentile)","male"
72.4962962962963,3.66666666666667,47.4997746552104,0.26307628159885,"24.7-113.7 months (5th-95th percentile)","male"
74.1444444444444,3.66666666666667,47.4628375460971,0.266721787130111,"24.7-113.7 months (5th-95th percentile)","male"
75.7925925925926,3.66666666666667,47.4211893212478,0.270220134673313,"24.7-113.7 months (5th-95th percentile)","male"
77.4407407407407,3.66666666666667,47.3759443061096,0.273545870606647,"24.7-113.7 months (5th-95th percentile)","male"
79.0888888888889,3.66666666666667,47.3281606627734,0.276753262404016,"24.7-113.7 months (5th-95th percentile)","male"
80.737037037037,3.66666666666667,47.2788283551973,0.279961774986458,"24.7-113.7 months (5th-95th percentile)","male"
82.3851851851852,3.66666666666667,47.2288594122035,0.28333233246041,"24.7-113.7 months (5th-95th percentile)","male"
84.0333333333333,3.66666666666667,47.1790805745102,0.287037210951201,"24.7-113.7 months (5th-95th percentile)","male"
85.6814814814815,3.66666666666667,47.1302283491348,0.291227653614259,"24.7-113.7 months (5th-95th percentile)","male"
87.3296296296296,3.66666666666667,47.0829464334727,0.296004350977975,"24.7-113.7 months (5th-95th percentile)","male"
88.9777777777778,3.66666666666667,47.0377854128348,0.301396107011065,"24.7-113.7 months (5th-95th percentile)","male"
90.6259259259259,3.66666666666667,46.9952045819233,0.307350831545443,"24.7-113.7 months (5th-95th percentile)","male"
92.2740740740741,3.66666666666667,46.9555756931423,0.313740594671822,"24.7-113.7 months (5th-95th percentile)","male"
93.9222222222222,3.66666666666667,46.9191883941974,0.320379637168567,"24.7-113.7 months (5th-95th percentile)","male"
95.5703703703704,3.66666666666667,46.8862570842754,0.327051957938134,"24.7-113.7 months (5th-95th percentile)","male"
97.2185185185185,3.66666666666667,46.8569288941398,0.333544019389458,"24.7-113.7 months (5th-95th percentile)","male"
98.8666666666667,3.66666666666667,46.8312924803409,0.339678192150194,"24.7-113.7 months (5th-95th percentile)","male"
100.514814814815,3.66666666666667,46.8093873178875,0.345343292448858,"24.7-113.7 months (5th-95th percentile)","male"
102.162962962963,3.66666666666667,46.7912131786931,0.350519356195078,"24.7-113.7 months (5th-95th percentile)","male"
103.811111111111,3.66666666666667,46.7767394954175,0.355294262907034,"24.7-113.7 months (5th-95th percentile)","male"
105.459259259259,3.66666666666667,46.7659145563452,0.359869077642306,"24.7-113.7 months (5th-95th percentile)","male"
107.107407407407,3.66666666666667,46.7586758514919,0.364544383811439,"24.7-113.7 months (5th-95th percentile)","male"
108.755555555556,3.66666666666667,46.7549570136066,0.369702681386285,"24.7-113.7 months (5th-95th percentile)","male"
110.403703703704,3.66666666666667,46.7546923033442,0.37578236204457,"24.7-113.7 months (5th-95th percentile)","male"
112.051851851852,3.66666666666667,46.7578212943996,0.38324410488451,"24.7-113.7 months (5th-95th percentile)","male"
113.7,3.66666666666667,46.7642929037622,0.392523946000784,"24.7-113.7 months (5th-95th percentile)","male"
24.7,4,42.873477461592,0.278197409999518,"24.7-113.7 months (5th-95th percentile)","male"
26.3481481481481,4,43.1544200375829,0.25838516163512,"24.7-113.7 months (5th-95th percentile)","male"
27.9962962962963,4,43.4337171768349,0.242230559361213,"24.7-113.7 months (5th-95th percentile)","male"
29.6444444444444,4,43.7103912903497,0.230305038585432,"24.7-113.7 months (5th-95th percentile)","male"
31.2925925925926,4,43.983308049137,0.222915567290979,"24.7-113.7 months (5th-95th percentile)","male"
32.9407407407407,4,44.2512226178701,0.219964566760327,"24.7-113.7 months (5th-95th percentile)","male"
34.5888888888889,4,44.5128249223702,0.220914690932584,"24.7-113.7 months (5th-95th percentile)","male"
36.237037037037,4,44.7667813722617,0.224887524985079,"24.7-113.7 months (5th-95th percentile)","male"
37.8851851851852,4,45.011770719258,0.230843705613154,"24.7-113.7 months (5th-95th percentile)","male"
39.5333333333333,4,45.2465185153459,0.237758432034621,"24.7-113.7 months (5th-95th percentile)","male"
41.1814814814815,4,45.4698281763636,0.244739703053178,"24.7-113.7 months (5th-95th percentile)","male"
42.8296296296296,4,45.680608243505,0.251084719424955,"24.7-113.7 months (5th-95th percentile)","male"
44.4777777777778,4,45.8778938311359,0.256293427242951,"24.7-113.7 months (5th-95th percentile)","male"
46.1259259259259,4,46.0608575234492,0.260058448838295,"24.7-113.7 months (5th-95th percentile)","male"
47.7740740740741,4,46.228830973572,0.262250367138839,"24.7-113.7 months (5th-95th percentile)","male"
49.4222222222222,4,46.3813191223791,0.26289909289347,"24.7-113.7 months (5th-95th percentile)","male"
51.0703703703704,4,46.5180067985971,0.262172389128347,"24.7-113.7 months (5th-95th percentile)","male"
52.7185185185185,4,46.6387612648839,0.260351696639798,"24.7-113.7 months (5th-95th percentile)","male"
54.3666666666667,4,46.7436308890726,0.257803595591642,"24.7-113.7 months (5th-95th percentile)","male"
56.0148148148148,4,46.8328398092925,0.25494527809355,"24.7-113.7 months (5th-95th percentile)","male"
57.662962962963,4,46.9067705665384,0.252202765379064,"24.7-113.7 months (5th-95th percentile)","male"
59.3111111111111,4,46.9659443991332,0.249965925343992,"24.7-113.7 months (5th-95th percentile)","male"
60.9592592592593,4,47.0110203131645,0.248546795292908,"24.7-113.7 months (5th-95th percentile)","male"
62.6074074074074,4,47.0427838608356,0.248144231443885,"24.7-113.7 months (5th-95th percentile)","male"
64.2555555555556,4,47.0621293616597,0.248824195809236,"24.7-113.7 months (5th-95th percentile)","male"
65.9037037037037,4,47.0700408387509,0.250521868458499,"24.7-113.7 months (5th-95th percentile)","male"
67.5518518518519,4,47.0675721676954,0.253065365529055,"24.7-113.7 months (5th-95th percentile)","male"
69.2,4,47.0558269091817,0.256214953667916,"24.7-113.7 months (5th-95th percentile)","male"
70.8481481481481,4,47.0359382828949,0.259708449233136,"24.7-113.7 months (5th-95th percentile)","male"
72.4962962962963,4,47.0090497170748,0.263303886304634,"24.7-113.7 months (5th-95th percentile)","male"
74.1444444444444,4,46.9762963759893,0.266813281913604,"24.7-113.7 months (5th-95th percentile)","male"
75.7925925925926,4,46.9387880270758,0.270124470728534,"24.7-113.7 months (5th-95th percentile)","male"
77.4407407407407,4,46.8975935616695,0.27321027411269,"24.7-113.7 months (5th-95th percentile)","male"
79.0888888888889,4,46.8537274296893,0.276125505959193,"24.7-113.7 months (5th-95th percentile)","male"
80.737037037037,4,46.8081381908037,0.278992941795807,"24.7-113.7 months (5th-95th percentile)","male"
82.3851851851852,4,46.7616993232806,0.28197996751379,"24.7-113.7 months (5th-95th percentile)","male"
84.0333333333333,4,46.7152023693216,0.285268555863952,"24.7-113.7 months (5th-95th percentile)","male"
85.6814814814815,4,46.6693524334415,0.289022486391573,"24.7-113.7 months (5th-95th percentile)","male"
87.3296296296296,4,46.624765990167,0.293356890937211,"24.7-113.7 months (5th-95th percentile)","male"
88.9777777777778,4,46.5819708996434,0.298315568502535,"24.7-113.7 months (5th-95th percentile)","male"
90.6259259259259,4,46.5414084773055,0.303860506608866,"24.7-113.7 months (5th-95th percentile)","male"
92.2740740740741,4,46.5034374170987,0.309875704387825,"24.7-113.7 months (5th-95th percentile)","male"
93.9222222222222,4,46.468339328231,0.316184462628823,"24.7-113.7 months (5th-95th percentile)","male"
95.5703703703704,4,46.4363256132617,0.322576844577694,"24.7-113.7 months (5th-95th percentile)","male"
97.2185185185185,4,46.4075453923473,0.32884274632244,"24.7-113.7 months (5th-95th percentile)","male"
98.8666666666667,4,46.3820941642932,0.334805992250773,"24.7-113.7 months (5th-95th percentile)","male"
100.514814814815,4,46.3600228901568,0.340355592058552,"24.7-113.7 months (5th-95th percentile)","male"
102.162962962963,4,46.3413471890598,0.345471131555845,"24.7-113.7 months (5th-95th percentile)","male"
103.811111111111,4,46.3260563490508,0.350239795696149,"24.7-113.7 months (5th-95th percentile)","male"
105.459259259259,4,46.3141220413916,0.354861828604314,"24.7-113.7 months (5th-95th percentile)","male"
107.107407407407,4,46.3055075917671,0.359636728988738,"24.7-113.7 months (5th-95th percentile)","male"
108.755555555556,4,46.300174285696,0.364945228707664,"24.7-113.7 months (5th-95th percentile)","male"
110.403703703704,4,46.2980854282896,0.371222663441754,"24.7-113.7 months (5th-95th percentile)","male"
112.051851851852,4,46.2992107449294,0.378924707745533,"24.7-113.7 months (5th-95th percentile)","male"
113.7,4,46.3035299457409,0.38847999417752,"24.7-113.7 months (5th-95th percentile)","male"
24.7,4.33333333333333,42.3983781306816,0.286990468055289,"24.7-113.7 months (5th-95th percentile)","male"
26.3481481481481,4.33333333333333,42.6761071242376,0.267729109769142,"24.7-113.7 months (5th-95th percentile)","male"
27.9962962962963,4.33333333333333,42.952236458231,0.252069554121269,"24.7-113.7 months (5th-95th percentile)","male"
29.6444444444444,4.33333333333333,43.2258150917365,0.240525161993887,"24.7-113.7 months (5th-95th percentile)","male"
31.2925925925926,4.33333333333333,43.495739105416,0.233351030045124,"24.7-113.7 months (5th-95th percentile)","male"
32.9407407407407,4.33333333333333,43.7607966019791,0.230425084701744,"24.7-113.7 months (5th-95th percentile)","male"
34.5888888888889,4.33333333333333,44.0197117236979,0.231224296110695,"24.7-113.7 months (5th-95th percentile)","male"
36.237037037037,4.33333333333333,44.2711852407956,0.234915874052603,"24.7-113.7 months (5th-95th percentile)","male"
37.8851851851852,4.33333333333333,44.5139294200254,0.24051768780001,"24.7-113.7 months (5th-95th percentile)","male"
39.5333333333333,4.33333333333333,44.7467015731427,0.247056120628929,"24.7-113.7 months (5th-95th percentile)","male"
41.1814814814815,4.33333333333333,44.968334315204,0.253676149125516,"24.7-113.7 months (5th-95th percentile)","male"
42.8296296296296,4.33333333333333,45.1777621279061,0.259697592134359,"24.7-113.7 months (5th-95th percentile)","male"
44.4777777777778,4.33333333333333,45.3740422696807,0.264632062579039,"24.7-113.7 months (5th-95th percentile)","male"
46.1259259259259,4.33333333333333,45.5563654292648,0.268176715932084,"24.7-113.7 months (5th-95th percentile)","male"
47.7740740740741,4.33333333333333,45.7240767498071,0.27020230789183,"24.7-113.7 months (5th-95th percentile)","male"
49.4222222222222,4.33333333333333,45.8766896682963,0.270736263885302,"24.7-113.7 months (5th-95th percentile)","male"
51.0703703703704,4.33333333333333,46.0138923375944,0.269942044343053,"24.7-113.7 months (5th-95th percentile)","male"
52.7185185185185,4.33333333333333,46.135550091215,0.26809521787829,"24.7-113.7 months (5th-95th percentile)","male"
54.3666666666667,4.33333333333333,46.24170412592,0.26555486949111,"24.7-113.7 months (5th-95th percentile)","male"
56.0148148148148,4.33333333333333,46.3325662771317,0.262729006912391,"24.7-113.7 months (5th-95th percentile)","male"
57.662962962963,4.33333333333333,46.4085021035801,0.260033006208492,"24.7-113.7 months (5th-95th percentile)","male"
59.3111111111111,4.33333333333333,46.4700116936655,0.257845293448287,"24.7-113.7 months (5th-95th percentile)","male"
60.9592592592593,4.33333333333333,46.5177286759654,0.256466716546189,"24.7-113.7 months (5th-95th percentile)","male"
62.6074074074074,4.33333333333333,46.5524092423066,0.256086530546402,"24.7-113.7 months (5th-95th percentile)","male"
64.2555555555556,4.33333333333333,46.5749148143572,0.256763802335203,"24.7-113.7 months (5th-95th percentile)","male"
65.9037037037037,4.33333333333333,46.5861934732519,0.258429928719551,"24.7-113.7 months (5th-95th percentile)","male"
67.5518518518519,4.33333333333333,46.5872606407103,0.260911878996285,"24.7-113.7 months (5th-95th percentile)","male"
69.2,4.33333333333333,46.5791794742458,0.26397028895808,"24.7-113.7 months (5th-95th percentile)","male"
70.8481481481481,4.33333333333333,46.5630414252302,0.267343567976379,"24.7-113.7 months (5th-95th percentile)","male"
72.4962962962963,4.33333333333333,46.5399473853995,0.270789538717889,"24.7-113.7 months (5th-95th percentile)","male"
74.1444444444444,4.33333333333333,46.5109898152509,0.274118670475228,"24.7-113.7 months (5th-95th percentile)","male"
75.7925925925926,4.33333333333333,46.4772362073898,0.277215912749091,"24.7-113.7 months (5th-95th percentile)","male"
77.4407407407407,4.33333333333333,46.4397141902637,0.280050320972691,"24.7-113.7 months (5th-95th percentile)","male"
79.0888888888889,4.33333333333333,46.3993985244661,0.282672873164779,"24.7-113.7 months (5th-95th percentile)","male"
80.737037037037,4.33333333333333,46.3572001863243,0.285203490930929,"24.7-113.7 months (5th-95th percentile)","male"
82.3851851851852,4.33333333333333,46.3139576726453,0.287808835769346,"24.7-113.7 months (5th-95th percentile)","male"
84.0333333333333,4.33333333333333,46.2704305986392,0.290673321811172,"24.7-113.7 months (5th-95th percentile)","male"
85.6814814814815,4.33333333333333,46.2272955994222,0.293966998953893,"24.7-113.7 months (5th-95th percentile)","male"
87.3296296296296,4.33333333333333,46.1851444858935,0.297815141539004,"24.7-113.7 months (5th-95th percentile)","male"
88.9777777777778,4.33333333333333,46.1444845488581,0.302274869265665,"24.7-113.7 months (5th-95th percentile)","male"
90.6259259259259,4.33333333333333,46.1057408536221,0.307323342870662,"24.7-113.7 months (5th-95th percentile)","male"
92.2740740740741,4.33333333333333,46.0692603214534,0.312859949459619,"24.7-113.7 months (5th-95th percentile)","male"
93.9222222222222,4.33333333333333,46.0353173556431,0.318722050805478,"24.7-113.7 months (5th-95th percentile)","male"
95.5703703703704,4.33333333333333,46.0041207386313,0.324711324694078,"24.7-113.7 months (5th-95th percentile)","male"
97.2185185185185,4.33333333333333,45.9758215045522,0.330626272212575,"24.7-113.7 months (5th-95th percentile)","male"
98.8666666666667,4.33333333333333,45.9505214782676,0.336296247056623,"24.7-113.7 months (5th-95th percentile)","male"
100.514814814815,4.33333333333333,45.9282821679097,0.341612968293976,"24.7-113.7 months (5th-95th percentile)","male"
102.162962962963,4.33333333333333,45.9091337027319,0.346556291309765,"24.7-113.7 months (5th-95th percentile)","male"
103.811111111111,4.33333333333333,45.8930835220453,0.351211580226486,"24.7-113.7 months (5th-95th percentile)","male"
105.459259259259,4.33333333333333,45.8801246516614,0.35577542161584,"24.7-113.7 months (5th-95th percentile)","male"
107.107407407407,4.33333333333333,45.8702439979325,0.360542107171645,"24.7-113.7 months (5th-95th percentile)","male"
108.755555555556,4.33333333333333,45.8634280748341,0.365885675865451,"24.7-113.7 months (5th-95th percentile)","male"
110.403703703704,4.33333333333333,45.8596666762918,0.372233330904025,"24.7-113.7 months (5th-95th percentile)","male"
112.051851851852,4.33333333333333,45.8589570164624,0.380031306224147,"24.7-113.7 months (5th-95th percentile)","male"
113.7,4.33333333333333,45.8613068691474,0.389697966876285,"24.7-113.7 months (5th-95th percentile)","male"
24.7,4.66666666666667,41.9748294011225,0.299940273694419,"24.7-113.7 months (5th-95th percentile)","male"
26.3481481481481,4.66666666666667,42.2497354298296,0.281464377521439,"24.7-113.7 months (5th-95th percentile)","male"
27.9962962962963,4.66666666666667,42.5230821674899,0.266533114393667,"24.7-113.7 months (5th-95th percentile)","male"
29.6444444444444,4.66666666666667,42.7939419810356,0.255586552844548,"24.7-113.7 months (5th-95th percentile)","male"
31.2925925925926,4.66666666666667,43.0612377612189,0.248813583285124,"24.7-113.7 months (5th-95th percentile)","male"
32.9407407407407,4.66666666666667,43.3237866467447,0.24605754621217,"24.7-113.7 months (5th-95th percentile)","male"
34.5888888888889,4.66666666666667,43.5803429391518,0.246806004529449,"24.7-113.7 months (5th-95th percentile)","male"
36.237037037037,4.66666666666667,43.829637690632,0.250274696985929,"24.7-113.7 months (5th-95th percentile)","male"
37.8851851851852,4.66666666666667,44.0704126993176,0.255546594436596,"24.7-113.7 months (5th-95th percentile)","male"
39.5333333333333,4.66666666666667,44.3014532553461,0.261709228786053,"24.7-113.7 months (5th-95th percentile)","male"
41.1814814814815,4.66666666666667,44.5216176889878,0.267953884614474,"24.7-113.7 months (5th-95th percentile)","male"
42.8296296296296,4.66666666666667,44.7298633183856,0.273630067334839,"24.7-113.7 months (5th-95th percentile)","male"
44.4777777777778,4.66666666666667,44.9252668857049,0.278265402185294,"24.7-113.7 months (5th-95th percentile)","male"
46.1259259259259,4.66666666666667,45.107034996885,0.281563460039636,"24.7-113.7 months (5th-95th percentile)","male"
47.7740740740741,4.66666666666667,45.2745246388749,0.283395070930736,"24.7-113.7 months (5th-95th percentile)","male"
49.4222222222222,4.66666666666667,45.4272566848839,0.283783594973637,"24.7-113.7 months (5th-95th percentile)","male"
51.0703703703704,4.66666666666667,45.5649221599575,0.282885576082226,"24.7-113.7 months (5th-95th percentile)","male"
52.7185185185185,4.66666666666667,45.6873846347123,0.280967485392079,"24.7-113.7 months (5th-95th percentile)","male"
54.3666666666667,4.66666666666667,45.7946789186668,0.278377550498108,"24.7-113.7 months (5th-95th percentile)","male"
56.0148148148148,4.66666666666667,45.8870059336922,0.275511691950148,"24.7-113.7 months (5th-95th percentile)","male"
57.662962962963,4.66666666666667,45.9647161981343,0.272772925252854,"24.7-113.7 months (5th-95th percentile)","male"
59.3111111111111,4.66666666666667,46.0282910854107,0.270528462842805,"24.7-113.7 months (5th-95th percentile)","male"
60.9592592592593,4.66666666666667,46.0783417826049,0.26907072418789,"24.7-113.7 months (5th-95th percentile)","male"
62.6074074074074,4.66666666666667,46.1155985302791,0.268584829800574,"24.7-113.7 months (5th-95th percentile)","male"
64.2555555555556,4.66666666666667,46.1408936827469,0.269130703107014,"24.7-113.7 months (5th-95th percentile)","male"
65.9037037037037,4.66666666666667,46.1551435736423,0.270645026181287,"24.7-113.7 months (5th-95th percentile)","male"
67.5518518518519,4.66666666666667,46.1593296672726,0.27296276291283,"24.7-113.7 months (5th-95th percentile)","male"
69.2,4.66666666666667,46.154479450773,0.275852967742932,"24.7-113.7 months (5th-95th percentile)","male"
70.8481481481481,4.66666666666667,46.1416475081115,0.279060772020882,"24.7-113.7 months (5th-95th percentile)","male"
72.4962962962963,4.66666666666667,46.1218971937398,0.282347572314559,"24.7-113.7 months (5th-95th percentile)","male"
74.1444444444444,4.66666666666667,46.0962832915723,0.285523629620724,"24.7-113.7 months (5th-95th percentile)","male"
75.7925925925926,4.66666666666667,46.0658360046715,0.288469978129937,"24.7-113.7 months (5th-95th percentile)","male"
77.4407407407407,4.66666666666667,46.0315465735872,0.291148647495539,"24.7-113.7 months (5th-95th percentile)","male"
79.0888888888889,4.66666666666667,45.9943547683054,0.293601449178913,"24.7-113.7 months (5th-95th percentile)","male"
80.737037037037,4.66666666666667,45.9551384416247,0.295938256899443,"24.7-113.7 months (5th-95th percentile)","male"
82.3851851851852,4.66666666666667,45.9147052713651,0.298316287319638,"24.7-113.7 months (5th-95th percentile)","male"
84.0333333333333,4.66666666666667,45.8737867574414,0.300912702119302,"24.7-113.7 months (5th-95th percentile)","male"
85.6814814814815,4.66666666666667,45.833034478771,0.30389395840917,"24.7-113.7 months (5th-95th percentile)","male"
87.3296296296296,4.66666666666667,45.7930185559728,0.307386425112592,"24.7-113.7 months (5th-95th percentile)","male"
88.9777777777778,4.66666666666667,45.7542282095685,0.311453287469441,"24.7-113.7 months (5th-95th percentile)","male"
90.6259259259259,4.66666666666667,45.7170742524485,0.316082139928965,"24.7-113.7 months (5th-95th percentile)","male"
92.2740740740741,4.66666666666667,45.6818933102685,0.321185802445272,"24.7-113.7 months (5th-95th percentile)","male"
93.9222222222222,4.66666666666667,45.648953525536,0.326616285971706,"24.7-113.7 months (5th-95th percentile)","male"
95.5703703703704,4.66666666666667,45.6184614706687,0.332189370788596,"24.7-113.7 months (5th-95th percentile)","male"
97.2185185185185,4.66666666666667,45.5905699739794,0.337715710011358,"24.7-113.7 months (5th-95th percentile)","male"
98.8666666666667,4.66666666666667,45.56538655003,0.34303396259003,"24.7-113.7 months (5th-95th percentile)","male"
100.514814814815,4.66666666666667,45.5429821225123,0.348041885920806,"24.7-113.7 months (5th-95th percentile)","male"
102.162962962963,4.66666666666667,45.5233997333504,0.352722032219706,"24.7-113.7 months (5th-95th percentile)","male"
103.811111111111,4.66666666666667,45.506662946403,0.357159252080473,"24.7-113.7 months (5th-95th percentile)","male"
105.459259259259,4.66666666666667,45.4927837364314,0.361546684338186,"24.7-113.7 months (5th-95th percentile)","male"
107.107407407407,4.66666666666667,45.4817699204691,0.36617282436883,"24.7-113.7 months (5th-95th percentile)","male"
108.755555555556,4.66666666666667,45.4736303738222,0.37140403293124,"24.7-113.7 months (5th-95th percentile)","male"
110.403703703704,4.66666666666667,45.468378359675,0.377658523336577,"24.7-113.7 months (5th-95th percentile)","male"
112.051851851852,4.66666666666667,45.4660354377016,0.38537292983418,"24.7-113.7 months (5th-95th percentile)","male"
113.7,4.66666666666667,45.4666342266165,0.394956449972893,"24.7-113.7 months (5th-95th percentile)","male"
24.7,5,41.6323768750888,0.311478555925781,"24.7-113.7 months (5th-95th percentile)","male"
26.3481481481481,5,41.9049045312769,0.293659045276309,"24.7-113.7 months (5th-95th percentile)","male"
27.9962962962963,5,42.1759070751229,0.279365764319127,"24.7-113.7 months (5th-95th percentile)","male"
29.6444444444444,5,42.4444766885555,0.268983961910765,"24.7-113.7 months (5th-95th percentile)","male"
31.2925925925926,5,42.7095589546434,0.262650886813244,"24.7-113.7 months (5th-95th percentile)","male"
32.9407407407407,5,42.9699955850896,0.260178213966495,"24.7-113.7 months (5th-95th percentile)","male"
34.5888888888889,5,43.2245664011788,0.261051757715294,"24.7-113.7 months (5th-95th percentile)","male"
36.237037037037,5,43.4720280741146,0.264512151653202,"24.7-113.7 months (5th-95th percentile)","male"
37.8851851851852,5,43.7111473803723,0.269680993163427,"24.7-113.7 months (5th-95th percentile)","male"
39.5333333333333,5,43.9407332682039,0.275684619917448,"24.7-113.7 months (5th-95th percentile)","male"
41.1814814814815,5,44.1596658044452,0.281745090818542,"24.7-113.7 months (5th-95th percentile)","male"
42.8296296296296,5,44.3669216011268,0.287232256290582,"24.7-113.7 months (5th-95th percentile)","male"
44.4777777777778,5,44.5615938506034,0.291684760117643,"24.7-113.7 months (5th-95th percentile)","male"
46.1259259259259,5,44.7429025848431,0.294810197473442,"24.7-113.7 months (5th-95th percentile)","male"
47.7740740740741,5,44.9102147637104,0.296478589828693,"24.7-113.7 months (5th-95th percentile)","male"
49.4222222222222,5,45.0630574976784,0.296709334161036,"24.7-113.7 months (5th-95th percentile)","male"
51.0703703703704,5,45.2011241815368,0.295653064895517,"24.7-113.7 months (5th-95th percentile)","male"
52.7185185185185,5,45.3242768286591,0.293569306967146,"24.7-113.7 months (5th-95th percentile)","male"
54.3666666666667,5,45.4325447741733,0.290799151562554,"24.7-113.7 months (5th-95th percentile)","male"
56.0148148148148,5,45.5261196322369,0.287732177350856,"24.7-113.7 months (5th-95th percentile)","male"
57.662962962963,5,45.6053391192256,0.284767068794522,"24.7-113.7 months (5th-95th percentile)","male"
59.3111111111111,5,45.6706686960799,0.282270030349036,"24.7-113.7 months (5th-95th percentile)","male"
60.9592592592593,5,45.7227004839235,0.280536876101386,"24.7-113.7 months (5th-95th percentile)","male"
62.6074074074074,5,45.7621426883584,0.279760942917992,"24.7-113.7 months (5th-95th percentile)","male"
64.2555555555556,5,45.7898029940057,0.28001453806777,"24.7-113.7 months (5th-95th percentile)","male"
65.9037037037037,5,45.8065708001114,0.281249132250238,"24.7-113.7 months (5th-95th percentile)","male"
67.5518518518519,5,45.8133987709467,0.283314451038554,"24.7-113.7 months (5th-95th percentile)","male"
69.2,5,45.8112841495879,0.285991884480301,"24.7-113.7 months (5th-95th percentile)","male"
70.8481481481481,5,45.8012502695761,0.289034707479191,"24.7-113.7 months (5th-95th percentile)","male"
72.4962962962963,5,45.784328675651,0.292207388713444,"24.7-113.7 months (5th-95th percentile)","male"
74.1444444444444,5,45.7615422326443,0.295318109828451,"24.7-113.7 months (5th-95th percentile)","male"
75.7925925925926,5,45.7338895614025,0.298241140555931,"24.7-113.7 months (5th-95th percentile)","male"
77.4407407407407,5,45.7023310933349,0.300927836843508,"24.7-113.7 months (5th-95th percentile)","male"
79.0888888888889,5,45.6677769824089,0.303406386386652,"24.7-113.7 months (5th-95th percentile)","male"
80.737037037037,5,45.6310770565711,0.305771216503637,"24.7-113.7 months (5th-95th percentile)","male"
82.3851851851852,5,45.5930129305077,0.308163605398539,"24.7-113.7 months (5th-95th percentile)","male"
84.0333333333333,5,45.5542923407065,0.310745816377964,"24.7-113.7 months (5th-95th percentile)","male"
85.6814814814815,5,45.515545703182,0.313672067854531,"24.7-113.7 months (5th-95th percentile)","male"
87.3296296296296,5,45.4773248357256,0.317060605497218,"24.7-113.7 months (5th-95th percentile)","male"
88.9777777777778,5,45.4401037308643,0.320971569400865,"24.7-113.7 months (5th-95th percentile)","male"
90.6259259259259,5,45.4042812153601,0.325394782752114,"24.7-113.7 months (5th-95th percentile)","male"
92.2740740740741,5,45.3701852876066,0.330249917850466,"24.7-113.7 months (5th-95th percentile)","male"
93.9222222222222,5,45.3380788870121,0.335399134288931,"24.7-113.7 months (5th-95th percentile)","male"
95.5703703703704,5,45.3081668196587,0.340669998111536,"24.7-113.7 months (5th-95th percentile)","male"
97.2185185185185,5,45.280603543854,0.345884966698524,"24.7-113.7 months (5th-95th percentile)","male"
98.8666666666667,5,45.2555015073465,0.350893211555962,"24.7-113.7 months (5th-95th percentile)","male"
100.514814814815,5,45.232939725331,0.355600821547163,"24.7-113.7 months (5th-95th percentile)","male"
102.162962962963,5,45.2129722945564,0.359996016770446,"24.7-113.7 months (5th-95th percentile)","male"
103.811111111111,5,45.1956365541259,0.364166503602685,"24.7-113.7 months (5th-95th percentile)","male"
105.459259259259,5,45.1809606449782,0.368305603042788,"24.7-113.7 months (5th-95th percentile)","male"
107.107407407407,5,45.1689702098576,0.372699855401195,"24.7-113.7 months (5th-95th percentile)","male"
108.755555555556,5,45.1596931754615,0.377712038027068,"24.7-113.7 months (5th-95th percentile)","male"
110.403703703704,5,45.1531627907633,0.383755770987682,"24.7-113.7 months (5th-95th percentile)","male"
112.051851851852,5,45.14942133735,0.391262767895883,"24.7-113.7 months (5th-95th percentile)","male"
113.7,5,45.1485225707831,0.400637860748592,"24.7-113.7 months (5th-95th percentile)","male"
24.7,5.33333333333333,41.4000509879151,0.316389362802539,"24.7-113.7 months (5th-95th percentile)","male"
26.3481481481481,5.33333333333333,41.6706988386583,0.298852595089522,"24.7-113.7 months (5th-95th percentile)","male"
27.9962962962963,5.33333333333333,41.9398487848027,0.284898955946177,"24.7-113.7 months (5th-95th percentile)","male"
29.6444444444444,5.33333333333333,42.2066087777656,0.274893592202251,"24.7-113.7 months (5th-95th percentile)","male"
31.2925925925926,5.33333333333333,42.4699424569484,0.268946935025814,"24.7-113.7 months (5th-95th percentile)","male"
32.9407407407407,5.33333333333333,42.7287110830975,0.266843298622448,"24.7-113.7 months (5th-95th percentile)","male"
34.5888888888889,5.33333333333333,42.9817147753867,0.268047063299305,"24.7-113.7 months (5th-95th percentile)","male"
36.237037037037,5.33333333333333,43.2277305767478,0.271786531679215,"24.7-113.7 months (5th-95th percentile)","male"
37.8851851851852,5.33333333333333,43.4655451195881,0.277179002102681,"24.7-113.7 months (5th-95th percentile)","male"
39.5333333333333,5.33333333333333,43.6939861511249,0.283351154253373,"24.7-113.7 months (5th-95th percentile)","male"
41.1814814814815,5.33333333333333,43.9119510014675,0.289526733553366,"24.7-113.7 months (5th-95th percentile)","male"
42.8296296296296,5.33333333333333,44.1184315954736,0.295076598152991,"24.7-113.7 months (5th-95th percentile)","male"
44.4777777777778,5.33333333333333,44.3125341689321,0.299538955991086,"24.7-113.7 months (5th-95th percentile)","male"
46.1259259259259,5.33333333333333,44.4934893848335,0.30261954273653,"24.7-113.7 months (5th-95th percentile)","male"
47.7740740740741,5.33333333333333,44.6606720804093,0.304185553957804,"24.7-113.7 months (5th-95th percentile)","male"
49.4222222222222,5.33333333333333,44.8136142653769,0.304253238188789,"24.7-113.7 months (5th-95th percentile)","male"
51.0703703703704,5.33333333333333,44.952011151344,0.30297052937105,"24.7-113.7 months (5th-95th percentile)","male"
52.7185185185185,5.33333333333333,45.0757234394994,0.300595621695375,"24.7-113.7 months (5th-95th percentile)","male"
54.3666666666667,5.33333333333333,45.1847760324611,0.297470734519989,"24.7-113.7 months (5th-95th percentile)","male"
56.0148148148148,5.33333333333333,45.2793530591895,0.293990232048317,"24.7-113.7 months (5th-95th percentile)","male"
57.662962962963,5.33333333333333,45.3597819690393,0.290562317971234,"24.7-113.7 months (5th-95th percentile)","male"
59.3111111111111,5.33333333333333,45.4265154805451,0.287568092041254,"24.7-113.7 months (5th-95th percentile)","male"
60.9592592592593,5.33333333333333,45.4801304639223,0.285323515499321,"24.7-113.7 months (5th-95th percentile)","male"
62.6074074074074,5.33333333333333,45.5213175133109,0.284045990274667,"24.7-113.7 months (5th-95th percentile)","male"
64.2555555555556,5.33333333333333,45.5508646084714,0.28383331797433,"24.7-113.7 months (5th-95th percentile)","male"
65.9037037037037,5.33333333333333,45.5696396460092,0.28466079644438,"24.7-113.7 months (5th-95th percentile)","male"
67.5518518518519,5.33333333333333,45.5785723084582,0.286397436784036,"24.7-113.7 months (5th-95th percentile)","male"
69.2,5.33333333333333,45.5786357146757,0.288837452562652,"24.7-113.7 months (5th-95th percentile)","male"
70.8481481481481,5.33333333333333,45.5708282808224,0.291739811536569,"24.7-113.7 months (5th-95th percentile)","male"
72.4962962962963,5.33333333333333,45.5561561978495,0.294867945323368,"24.7-113.7 months (5th-95th percentile)","male"
74.1444444444444,5.33333333333333,45.5356168993182,0.298023290332915,"24.7-113.7 months (5th-95th percentile)","male"
75.7925925925926,5.33333333333333,45.5101838532256,0.301068861524819,"24.7-113.7 months (5th-95th percentile)","male"
77.4407407407407,5.33333333333333,45.4807929643625,0.30394135198551,"24.7-113.7 months (5th-95th percentile)","male"
79.0888888888889,5.33333333333333,45.4483308211391,0.306651809962473,"24.7-113.7 months (5th-95th percentile)","male"
80.737037037037,5.33333333333333,45.4136249641902,0.309275884197342,"24.7-113.7 months (5th-95th percentile)","male"
82.3851851851852,5.33333333333333,45.3774362943018,0.311935319696212,"24.7-113.7 months (5th-95th percentile)","male"
84.0333333333333,5.33333333333333,45.3404536765739,0.314773143292274,"24.7-113.7 months (5th-95th percentile)","male"
85.6814814814815,5.33333333333333,45.3032907375104,0.317925875418523,"24.7-113.7 months (5th-95th percentile)","male"
87.3296296296296,5.33333333333333,45.2664847936334,0.321496919151191,"24.7-113.7 months (5th-95th percentile)","male"
88.9777777777778,5.33333333333333,45.230497794996,0.325535581679147,"24.7-113.7 months (5th-95th percentile)","male"
90.6259259259259,5.33333333333333,45.1957191170933,0.3300255799431,"24.7-113.7 months (5th-95th percentile)","male"
92.2740740740741,5.33333333333333,45.1624699906908,0.33488529630509,"24.7-113.7 months (5th-95th percentile)","male"
93.9222222222222,5.33333333333333,45.1310093223346,0.339979864545502,"24.7-113.7 months (5th-95th percentile)","male"
95.5703703703704,5.33333333333333,45.1015406290468,0.345143060900118,"24.7-113.7 months (5th-95th percentile)","male"
97.2185185185185,5.33333333333333,45.0742197905619,0.350205552573369,"24.7-113.7 months (5th-95th percentile)","male"
98.8666666666667,5.33333333333333,45.0491633111438,0.355025538002852,"24.7-113.7 months (5th-95th percentile)","male"
100.514814814815,5.33333333333333,45.0264567808929,0.359518001562633,"24.7-113.7 months (5th-95th percentile)","male"
102.162962962963,5.33333333333333,45.0061632331517,0.3636792902212,"24.7-113.7 months (5th-95th percentile)","male"
103.811111111111,5.33333333333333,44.9883311103769,0.367604138418247,"24.7-113.7 months (5th-95th percentile)","male"
105.459259259259,5.33333333333333,44.9730015597397,0.371491731867225,"24.7-113.7 months (5th-95th percentile)","male"
107.107407407407,5.33333333333333,44.9602145497396,0.375633501075473,"24.7-113.7 months (5th-95th percentile)","male"
108.755555555556,5.33333333333333,44.9500133057142,0.380396329931785,"24.7-113.7 months (5th-95th percentile)","male"
110.403703703704,5.33333333333333,44.9424471150418,0.386197346182303,"24.7-113.7 months (5th-95th percentile)","male"
112.051851851852,5.33333333333333,44.9375748772716,0.393471260907817,"24.7-113.7 months (5th-95th percentile)","male"
113.7,5.33333333333333,44.9354672874432,0.402625456985302,"24.7-113.7 months (5th-95th percentile)","male"
24.7,5.66666666666667,41.2868550640675,0.314573339712919,"24.7-113.7 months (5th-95th percentile)","male"
26.3481481481481,5.66666666666667,41.5561756511838,0.296993074670135,"24.7-113.7 months (5th-95th percentile)","male"
27.9962962962963,5.66666666666667,41.8240177893327,0.283126260617516,"24.7-113.7 months (5th-95th percentile)","male"
29.6444444444444,5.66666666666667,42.0895007012664,0.273346865711375,"24.7-113.7 months (5th-95th percentile)","male"
31.2925925925926,5.66666666666667,42.3516009285238,0.267756510223607,"24.7-113.7 months (5th-95th percentile)","male"
32.9407407407407,5.66666666666667,42.6091936959829,0.266111476741942,"24.7-113.7 months (5th-95th percentile)","male"
34.5888888888889,5.66666666666667,42.8610936165145,0.267834422830581,"24.7-113.7 months (5th-95th percentile)","male"
36.237037037037,5.66666666666667,43.1060922731673,0.272108074615027,"24.7-113.7 months (5th-95th percentile)","male"
37.8851851851852,5.66666666666667,43.3429904624946,0.278009051784035,"24.7-113.7 months (5th-95th percentile)","male"
39.5333333333333,5.66666666666667,43.5706293326487,0.284632573230915,"24.7-113.7 months (5th-95th percentile)","male"
41.1814814814815,5.66666666666667,43.7879185090767,0.291180280337507,"24.7-113.7 months (5th-95th percentile)","male"
42.8296296296296,5.66666666666667,43.9938608099011,0.297008279102574,"24.7-113.7 months (5th-95th percentile)","male"
44.4777777777778,5.66666666666667,44.1875717343779,0.301645009094998,"24.7-113.7 months (5th-95th percentile)","male"
46.1259259259259,5.66666666666667,44.3682894776814,0.304789544829534,"24.7-113.7 months (5th-95th percentile)","male"
47.7740740740741,5.66666666666667,44.5353944341987,0.306304592626606,"24.7-113.7 months (5th-95th percentile)","male"
49.4222222222222,5.66666666666667,44.6884220358078,0.306203863408075,"24.7-113.7 months (5th-95th percentile)","male"
51.0703703703704,5.66666666666667,44.8270687075217,0.304635088650195,"24.7-113.7 months (5th-95th percentile)","male"
52.7185185185185,5.66666666666667,44.9511941228086,0.301859507005623,"24.7-113.7 months (5th-95th percentile)","male"
54.3666666666667,5.66666666666667,45.0608199226827,0.298226929652026,"24.7-113.7 months (5th-95th percentile)","male"
56.0148148148148,5.66666666666667,45.156124790105,0.294145303433782,"24.7-113.7 months (5th-95th percentile)","male"
57.662962962963,5.66666666666667,45.2374287388919,0.290043505334257,"24.7-113.7 months (5th-95th percentile)","male"
59.3111111111111,5.66666666666667,45.3051752828092,0.286330682314149,"24.7-113.7 months (5th-95th percentile)","male"
60.9592592592593,5.66666666666667,45.3599302957337,0.283357285243703,"24.7-113.7 months (5th-95th percentile)","male"
62.6074074074074,5.66666666666667,45.4023716910339,0.281378926796528,"24.7-113.7 months (5th-95th percentile)","male"
64.2555555555556,5.66666666666667,45.4332732756128,0.280531184274257,"24.7-113.7 months (5th-95th percentile)","male"
65.9037037037037,5.66666666666667,45.4534874938168,0.280822151573327,"24.7-113.7 months (5th-95th percentile)","male"
67.5518518518519,5.66666666666667,45.4639275256634,0.282145015874311,"24.7-113.7 months (5th-95th percentile)","male"
69.2,5.66666666666667,45.4655491791528,0.284307748473717,"24.7-113.7 months (5th-95th percentile)","male"
70.8481481481481,5.66666666666667,45.4593330021796,0.287072850784354,"24.7-113.7 months (5th-95th percentile)","male"
72.4962962962963,5.66666666666667,45.4462670161825,0.290198685884209,"24.7-113.7 months (5th-95th percentile)","male"
74.1444444444444,5.66666666666667,45.4273304415768,0.293475218275181,"24.7-113.7 months (5th-95th percentile)","male"
75.7925925925926,5.66666666666667,45.4034787449144,0.296749654690894,"24.7-113.7 months (5th-95th percentile)","male"
77.4407407407407,5.66666666666667,45.3756302906571,0.299940111391451,"24.7-113.7 months (5th-95th percentile)","male"
79.0888888888889,5.66666666666667,45.3446548279896,0.30303731520168,"24.7-113.7 months (5th-95th percentile)","male"
80.737037037037,5.66666666666667,45.3113639866399,0.30609549116392,"24.7-113.7 months (5th-95th percentile)","male"
82.3851851851852,5.66666666666667,45.2765038961069,0.309214364380708,"24.7-113.7 months (5th-95th percentile)","male"
84.0333333333333,5.66666666666667,45.2407499823137,0.312514945879029,"24.7-113.7 months (5th-95th percentile)","male"
85.6814814814815,5.66666666666667,45.2047039357422,0.316112578950266,"24.7-113.7 months (5th-95th percentile)","male"
87.3296296296296,5.66666666666667,45.1688927873087,0.320091395736605,"24.7-113.7 months (5th-95th percentile)","male"
88.9777777777778,5.66666666666667,45.1337699733453,0.324484488312087,"24.7-113.7 months (5th-95th percentile)","male"
90.6259259259259,5.66666666666667,45.0997182215156,0.329263397945586,"24.7-113.7 months (5th-95th percentile)","male"
92.2740740740741,5.66666666666667,45.0670540458754,0.334338946237168,"24.7-113.7 months (5th-95th percentile)","male"
93.9222222222222,5.66666666666667,45.0360336028977,0.339573357794143,"24.7-113.7 months (5th-95th percentile)","male"
95.5703703703704,5.66666666666667,45.0068596314096,0.344801681016007,"24.7-113.7 months (5th-95th percentile)","male"
97.2185185185185,5.66666666666667,44.97968917962,0.349859226750665,"24.7-113.7 months (5th-95th percentile)","male"
98.8666666666667,5.66666666666667,44.9546418114799,0.354611282953242,"24.7-113.7 months (5th-95th percentile)","male"
100.514814814815,5.66666666666667,44.9318079828561,0.358981526611063,"24.7-113.7 months (5th-95th percentile)","male"
102.162962962963,5.66666666666667,44.9112572850693,0.362975963710235,"24.7-113.7 months (5th-95th percentile)","male"
103.811111111111,5.66666666666667,44.8930462694497,0.366699558112078,"24.7-113.7 months (5th-95th percentile)","male"
105.459259259259,5.66666666666667,44.8772255522844,0.370362091849541,"24.7-113.7 months (5th-95th percentile)","male"
107.107407407407,5.66666666666667,44.8638455128879,0.374265817049356,"24.7-113.7 months (5th-95th percentile)","male"
108.755555555556,5.66666666666667,44.8529604796737,0.378788515924902,"24.7-113.7 months (5th-95th percentile)","male"
110.403703703704,5.66666666666667,44.8446313671266,0.384357999892309,"24.7-113.7 months (5th-95th percentile)","male"
112.051851851852,5.66666666666667,44.8389291084612,0.391418901335905,"24.7-113.7 months (5th-95th percentile)","male"
113.7,5.66666666666667,44.8359366515235,0.400386981957307,"24.7-113.7 months (5th-95th percentile)","male"
24.7,6,41.2757765026384,0.311569515994601,"24.7-113.7 months (5th-95th percentile)","male"
26.3481481481481,6,41.5443763426898,0.293930857017985,"24.7-113.7 months (5th-95th percentile)","male"
27.9962962962963,6,41.8115086561434,0.280156466595973,"24.7-113.7 months (5th-95th percentile)","male"
29.6444444444444,6,42.0762989862853,0.270632710750132,"24.7-113.7 months (5th-95th percentile)","male"
31.2925925925926,6,42.3377311043861,0.265452102201347,"24.7-113.7 months (5th-95th percentile)","male"
32.9407407407407,6,42.5946880535874,0.26433810982695,"24.7-113.7 months (5th-95th percentile)","male"
34.5888888888889,6,42.8459925539278,0.266663831973066,"24.7-113.7 months (5th-95th percentile)","male"
36.237037037037,6,43.0904443126352,0.271558083577457,"24.7-113.7 months (5th-95th percentile)","male"
37.8851851851852,6,43.3268520292482,0.278050027206382,"24.7-113.7 months (5th-95th percentile)","male"
39.5333333333333,6,43.5540643159419,0.285198950304516,"24.7-113.7 months (5th-95th percentile)","male"
41.1814814814815,6,43.7709976309218,0.29218195929115,"24.7-113.7 months (5th-95th percentile)","male"
42.8296296296296,6,43.9766608275113,0.298339359205739,"24.7-113.7 months (5th-95th percentile)","male"
44.4777777777778,6,44.1701745152544,0.303189527472484,"24.7-113.7 months (5th-95th percentile)","male"
46.1259259259259,6,44.3507810188388,0.306424882532648,"24.7-113.7 months (5th-95th percentile)","male"
47.7740740740741,6,44.5178637449321,0.307903681776521,"24.7-113.7 months (5th-95th percentile)","male"
49.4222222222222,6,44.6709599314262,0.307637033936626,"24.7-113.7 months (5th-95th percentile)","male"
51.0703703703704,6,44.8097665628391,0.305772247816717,"24.7-113.7 months (5th-95th percentile)","male"
52.7185185185185,6,44.9341426087887,0.302573261033189,"24.7-113.7 months (5th-95th percentile)","male"
54.3666666666667,6,45.0441077486173,0.298397125152906,"24.7-113.7 months (5th-95th percentile)","male"
56.0148148148148,6,45.1398374751648,0.293665237910377,"24.7-113.7 months (5th-95th percentile)","male"
57.662962962963,6,45.2216474947265,0.288827563173029,"24.7-113.7 months (5th-95th percentile)","male"
59.3111111111111,6,45.2899760215021,0.284322644167884,"24.7-113.7 months (5th-95th percentile)","male"
60.9592592592593,6,45.3453826271168,0.280538063087906,"24.7-113.7 months (5th-95th percentile)","male"
62.6074074074074,6,45.3885379820514,0.277771679502524,"24.7-113.7 months (5th-95th percentile)","male"
64.2555555555556,6,45.4202078195255,0.27620196454201,"24.7-113.7 months (5th-95th percentile)","male"
65.9037037037037,6,45.441235800642,0.27587529025424,"24.7-113.7 months (5th-95th percentile)","male"
67.5518518518519,6,45.4525257430456,0.276713969040041,"24.7-113.7 months (5th-95th percentile)","male"
69.2,6,45.4550236507624,0.278543409513845,"24.7-113.7 months (5th-95th percentile)","male"
70.8481481481481,6,45.4496999686039,0.281131724866624,"24.7-113.7 months (5th-95th percentile)","male"
72.4962962962963,6,45.437532461124,0.284232782210851,"24.7-113.7 months (5th-95th percentile)","male"
74.1444444444444,6,45.4194900840293,0.287624508604264,"24.7-113.7 months (5th-95th percentile)","male"
75.7925925925926,6,45.3965181758694,0.291137035222052,"24.7-113.7 months (5th-95th percentile)","male"
77.4407407407407,6,45.3695252508322,0.294668293342892,"24.7-113.7 months (5th-95th percentile)","male"
79.0888888888889,6,45.3393716210809,0.298186968185226,"24.7-113.7 months (5th-95th percentile)","male"
80.737037037037,6,45.3068600207048,0.301724133509241,"24.7-113.7 months (5th-95th percentile)","male"
82.3851851851852,6,45.2727283439094,0.305355778282015,"24.7-113.7 months (5th-95th percentile)","male"
84.0333333333333,6,45.2376445498231,0.309179168995871,"24.7-113.7 months (5th-95th percentile)","male"
85.6814814814815,6,45.2022037264903,0.313286699806184,"24.7-113.7 months (5th-95th percentile)","male"
87.3296296296296,6,45.1669272489909,0.317741403076061,"24.7-113.7 months (5th-95th percentile)","male"
88.9777777777778,6,45.1322639119204,0.322558286351122,"24.7-113.7 months (5th-95th percentile)","male"
90.6259259259259,6,45.098592867121,0.327694853875405,"24.7-113.7 months (5th-95th percentile)","male"
92.2740740740741,6,45.0662281541415,0.33305258759755,"24.7-113.7 months (5th-95th percentile)","male"
93.9222222222222,6,45.0354245747225,0.338489192885064,"24.7-113.7 months (5th-95th percentile)","male"
95.5703703703704,6,45.0063846339505,0.343839630161474,"24.7-113.7 months (5th-95th percentile)","male"
97.2185185185185,6,44.979266251172,0.348942804634003,"24.7-113.7 months (5th-95th percentile)","male"
98.8666666666667,6,44.9541909330395,0.353670388517135,"24.7-113.7 months (5th-95th percentile)","male"
100.514814814815,6,44.9312520995056,0.357954397025072,"24.7-113.7 months (5th-95th percentile)","male"
102.162962962963,6,44.9105232608689,0.361810480248808,"24.7-113.7 months (5th-95th percentile)","male"
103.811111111111,6,44.892065760265,0.365354136234662,"24.7-113.7 months (5th-95th percentile)","male"
105.459259259259,6,44.8759357688079,0.368806343450532,"24.7-113.7 months (5th-95th percentile)","male"
107.107407407407,6,44.862189746702,0.372481024001586,"24.7-113.7 months (5th-95th percentile)","male"
108.755555555556,6,44.8508884870597,0.376767921788938,"24.7-113.7 months (5th-95th percentile)","male"
110.403703703704,6,44.8420996562606,0.382106762951546,"24.7-113.7 months (5th-95th percentile)","male"
112.051851851852,6,44.8359011565407,0.388953428351583,"24.7-113.7 months (5th-95th percentile)","male"
113.7,6,44.8323830125779,0.397733360039323,"24.7-113.7 months (5th-95th percentile)","male"
24.7,6.33333333333333,41.3480640146387,0.312835661264825,"24.7-113.7 months (5th-95th percentile)","male"
26.3481481481481,6.33333333333333,41.6166035989314,0.295414391599432,"24.7-113.7 months (5th-95th percentile)","male"
27.9962962962963,6.33333333333333,41.883677264583,0.281959522060189,"24.7-113.7 months (5th-95th percentile)","male"
29.6444444444444,6.33333333333333,42.1484114719676,0.2728463585713,"24.7-113.7 months (5th-95th percentile)","male"
31.2925925925926,6.33333333333333,42.40979103147,0.268142377475548,"24.7-113.7 months (5th-95th percentile)","male"
32.9407407407407,6.33333333333333,42.6667000976705,0.267536524425893,"24.7-113.7 months (5th-95th percentile)","male"
34.5888888888889,6.33333333333333,42.9179625289106,0.270366116155349,"24.7-113.7 months (5th-95th percentile)","male"
36.237037037037,6.33333333333333,43.1623791563321,0.27573025959868,"24.7-113.7 months (5th-95th percentile)","male"
37.8851851851852,6.33333333333333,43.3987597519234,0.282637558884612,"24.7-113.7 months (5th-95th percentile)","male"
39.5333333333333,6.33333333333333,43.625953916089,0.290134945385972,"24.7-113.7 months (5th-95th percentile)","male"
41.1814814814815,6.33333333333333,43.8428789825699,0.297392636937314,"24.7-113.7 months (5th-95th percentile)","male"
42.8296296296296,6.33333333333333,44.048544543324,0.3037468848779,"24.7-113.7 months (5th-95th percentile)","male"
44.4777777777778,6.33333333333333,44.2420717917935,0.308713066555449,"24.7-113.7 months (5th-95th percentile)","male"
46.1259259259259,6.33333333333333,44.4227034756762,0.311980701497337,"24.7-113.7 months (5th-95th percentile)","male"
47.7740740740741,6.33333333333333,44.5898232443812,0.313405026124809,"24.7-113.7 months (5th-95th percentile)","male"
49.4222222222222,6.33333333333333,44.7429683866053,0.312994205779127,"24.7-113.7 months (5th-95th percentile)","male"
51.0703703703704,6.33333333333333,44.8818357419838,0.31089320714899,"24.7-113.7 months (5th-95th percentile)","male"
52.7185185185185,6.33333333333333,45.0062839395598,0.307365072470731,"24.7-113.7 months (5th-95th percentile)","male"
54.3666666666667,6.33333333333333,45.1163321259623,0.302768570897931,"24.7-113.7 months (5th-95th percentile)","male"
56.0148148148148,6.33333333333333,45.2121550764689,0.29753086445975,"24.7-113.7 months (5th-95th percentile)","male"
57.662962962963,6.33333333333333,45.2940676144046,0.292113183471321,"24.7-113.7 months (5th-95th percentile)","male"
59.3111111111111,6.33333333333333,45.3625069271717,0.286971995163599,"24.7-113.7 months (5th-95th percentile)","male"
60.9592592592593,6.33333333333333,45.4180314177487,0.282519903761086,"24.7-113.7 months (5th-95th percentile)","male"
62.6074074074074,6.33333333333333,45.4613104588056,0.279085829057814,"24.7-113.7 months (5th-95th percentile)","male"
64.2555555555556,6.33333333333333,45.4931083762232,0.276882555039146,"24.7-113.7 months (5th-95th percentile)","male"
65.9037037037037,6.33333333333333,45.5142673355108,0.275989961651454,"24.7-113.7 months (5th-95th percentile)","male"
67.5518518518519,6.33333333333333,45.5256895930063,0.276358805809086,"24.7-113.7 months (5th-95th percentile)","male"
69.2,6.33333333333333,45.5283195491659,0.277834659387825,"24.7-113.7 months (5th-95th percentile)","male"
70.8481481481481,6.33333333333333,45.5231260269694,0.280196108275708,"24.7-113.7 months (5th-95th percentile)","male"
72.4962962962963,6.33333333333333,45.5110851750663,0.283198176948285,"24.7-113.7 months (5th-95th percentile)","male"
74.1444444444444,6.33333333333333,45.4931643632032,0.286612170578606,"24.7-113.7 months (5th-95th percentile)","male"
75.7925925925926,6.33333333333333,45.470307397409,0.29025574678616,"24.7-113.7 months (5th-95th percentile)","male"
77.4407407407407,6.33333333333333,45.4434213354196,0.294010276192367,"24.7-113.7 months (5th-95th percentile)","male"
79.0888888888889,6.33333333333333,45.4133651304514,0.297825175576897,"24.7-113.7 months (5th-95th percentile)","male"
80.737037037037,6.33333333333333,45.3809402750877,0.301710580920653,"24.7-113.7 months (5th-95th percentile)","male"
82.3851851851852,6.33333333333333,45.3468835576139,0.305720750238411,"24.7-113.7 months (5th-95th percentile)","male"
84.0333333333333,6.33333333333333,45.3118619829173,0.30993132681232,"24.7-113.7 months (5th-95th percentile)","male"
85.6814814814815,6.33333333333333,45.2764698502857,0.314414217651434,"24.7-113.7 months (5th-95th percentile)","male"
87.3296296296296,6.33333333333333,45.2412279228375,0.319214229484319,"24.7-113.7 months (5th-95th percentile)","male"
88.9777777777778,6.33333333333333,45.2065845686481,0.324331472407844,"24.7-113.7 months (5th-95th percentile)","male"
90.6259259259259,6.33333333333333,45.172918704322,0.329712672691043,"24.7-113.7 months (5th-95th percentile)","male"
92.2740740740741,6.33333333333333,45.1405443283884,0.335252989512747,"24.7-113.7 months (5th-95th percentile)","male"
93.9222222222222,6.33333333333333,45.1097163957482,0.34080807787552,"24.7-113.7 months (5th-95th percentile)","male"
95.5703703703704,6.33333333333333,45.0806377557908,0.346214495683962,"24.7-113.7 months (5th-95th percentile)","male"
97.2185185185185,6.33333333333333,45.0534668572798,0.351315502981206,"24.7-113.7 months (5th-95th percentile)","male"
98.8666666666667,6.33333333333333,45.0283259124254,0.355988930534084,"24.7-113.7 months (5th-95th percentile)","male"
100.514814814815,6.33333333333333,45.0053092110446,0.360173906182451,"24.7-113.7 months (5th-95th percentile)","male"
102.162962962963,6.33333333333333,44.9844912830283,0.363893502074471,"24.7-113.7 months (5th-95th percentile)","male"
103.811111111111,6.33333333333333,44.9659346236618,0.367270542604682,"24.7-113.7 months (5th-95th percentile)","male"
105.459259259259,6.33333333333333,44.9496966674238,0.370533055421518,"24.7-113.7 months (5th-95th percentile)","male"
107.107407407407,6.33333333333333,44.9358352104995,0.374001729568236,"24.7-113.7 months (5th-95th percentile)","male"
108.755555555556,6.33333333333333,44.9244124295106,0.378072843136871,"24.7-113.7 months (5th-95th percentile)","male"
110.403703703704,6.33333333333333,44.9154974036049,0.38319245607452,"24.7-113.7 months (5th-95th percentile)","male"
112.051851851852,6.33333333333333,44.9091694590498,0.389822496311545,"24.7-113.7 months (5th-95th percentile)","male"
113.7,6.33333333333333,44.9055200320781,0.398393958079231,"24.7-113.7 months (5th-95th percentile)","male"
24.7,6.66666666666667,41.484960607512,0.320929856105751,"24.7-113.7 months (5th-95th percentile)","male"
26.3481481481481,6.66666666666667,41.754151516312,0.304092976038624,"24.7-113.7 months (5th-95th percentile)","male"
27.9962962962963,6.66666666666667,42.0218680596717,0.291224604045794,"24.7-113.7 months (5th-95th percentile)","male"
29.6444444444444,6.66666666666667,42.2872317826262,0.282656182270194,"24.7-113.7 months (5th-95th percentile)","male"
31.2925925925926,6.66666666666667,42.5492218529559,0.278414166521699,"24.7-113.7 months (5th-95th percentile)","male"
32.9407407407407,6.66666666666667,42.8067162982617,0.278161804385188,"24.7-113.7 months (5th-95th percentile)","male"
34.5888888888889,6.66666666666667,43.0585325944913,0.28123221947742,"24.7-113.7 months (5th-95th percentile)","male"
36.237037037037,6.66666666666667,43.3034651427427,0.286738453713785,"24.7-113.7 months (5th-95th percentile)","male"
37.8851851851852,6.66666666666667,43.5403174174247,0.293712031247442,"24.7-113.7 months (5th-95th percentile)","male"
39.5333333333333,6.66666666666667,43.7679330208147,0.301223046158563,"24.7-113.7 months (5th-95th percentile)","male"
41.1814814814815,6.66666666666667,43.985223736359,0.308460095724643,"24.7-113.7 months (5th-95th percentile)","male"
42.8296296296296,6.66666666666667,44.1911941827159,0.314771586220594,"24.7-113.7 months (5th-95th percentile)","male"
44.4777777777778,6.66666666666667,44.3849612573748,0.319679437745186,"24.7-113.7 months (5th-95th percentile)","male"
46.1259259259259,6.66666666666667,44.5657641368598,0.322875422253507,"24.7-113.7 months (5th-95th percentile)","male"
47.7740740740741,6.66666666666667,44.7329837311591,0.324214000867517,"24.7-113.7 months (5th-95th percentile)","male"
49.4222222222222,6.66666666666667,44.88615549309,0.323700538816427,"24.7-113.7 months (5th-95th percentile)","male"
51.0703703703704,6.66666666666667,45.024975365512,0.321475925569545,"24.7-113.7 months (5th-95th percentile)","male"
52.7185185185185,6.66666666666667,45.1493020378732,0.317798442787645,"24.7-113.7 months (5th-95th percentile)","male"
54.3666666666667,6.66666666666667,45.2591556757016,0.313021999780592,"24.7-113.7 months (5th-95th percentile)","male"
56.0148148148148,6.66666666666667,45.354713015006,0.307569516079232,"24.7-113.7 months (5th-95th percentile)","male"
57.662962962963,6.66666666666667,45.4362917021114,0.301899532327644,"24.7-113.7 months (5th-95th percentile)","male"
59.3111111111111,6.66666666666667,45.5043325191262,0.296468516017509,"24.7-113.7 months (5th-95th percentile)","male"
60.9592592592593,6.66666666666667,45.5593982509074,0.29169295390442,"24.7-113.7 months (5th-95th percentile)","male"
62.6074074074074,6.66666666666667,45.6021633984369,0.287910380806551,"24.7-113.7 months (5th-95th percentile)","male"
64.2555555555556,6.66666666666667,45.6333980844716,0.285346944434603,"24.7-113.7 months (5th-95th percentile)","male"
65.9037037037037,6.66666666666667,45.6539508531989,0.284099493332634,"24.7-113.7 months (5th-95th percentile)","male"
67.5518518518519,6.66666666666667,45.6647308273855,0.284137151849514,"24.7-113.7 months (5th-95th percentile)","male"
69.2,6.66666666666667,45.6666896618541,0.285322563402305,"24.7-113.7 months (5th-95th percentile)","male"
70.8481481481481,6.66666666666667,45.6608037178659,0.287447684572306,"24.7-113.7 months (5th-95th percentile)","male"
72.4962962962963,6.66666666666667,45.6480568596058,0.290275677852876,"24.7-113.7 months (5th-95th percentile)","male"
74.1444444444444,6.66666666666667,45.6294242418803,0.293580257479369,"24.7-113.7 months (5th-95th percentile)","male"
75.7925925925926,6.66666666666667,45.6058574180579,0.29717610496386,"24.7-113.7 months (5th-95th percentile)","male"
77.4407407407407,6.66666666666667,45.5782710502514,0.300937081496247,"24.7-113.7 months (5th-95th percentile)","male"
79.0888888888889,6.66666666666667,45.5475314513198,0.304801644107389,"24.7-113.7 months (5th-95th percentile)","male"
80.737037037037,6.66666666666667,45.5144471318554,0.308766685217998,"24.7-113.7 months (5th-95th percentile)","male"
82.3851851851852,6.66666666666667,45.4797614658137,0.312872140688353,"24.7-113.7 months (5th-95th percentile)","male"
84.0333333333333,6.66666666666667,45.4441475281241,0.317179483827907,"24.7-113.7 months (5th-95th percentile)","male"
85.6814814814815,6.66666666666667,45.4082050977324,0.321747811919904,"24.7-113.7 months (5th-95th percentile)","male"
87.3296296296296,6.66666666666667,45.3724597618052,0.326611554343448,"24.7-113.7 months (5th-95th percentile)","male"
88.9777777777778,6.66666666666667,45.3373640020225,0.331763654917336,"24.7-113.7 months (5th-95th percentile)","male"
90.6259259259259,6.66666666666667,45.3033000944344,0.337147228761838,"24.7-113.7 months (5th-95th percentile)","male"
92.2740740740741,6.66666666666667,45.2705846108352,0.342657229650586,"24.7-113.7 months (5th-95th percentile)","male"
93.9222222222222,6.66666666666667,45.2394742733137,0.348151925352673,"24.7-113.7 months (5th-95th percentile)","male"
95.5703703703704,6.66666666666667,45.2101728848631,0.353472427223152,"24.7-113.7 months (5th-95th percentile)","male"
97.2185185185185,6.66666666666667,45.182839039266,0.358467505360016,"24.7-113.7 months (5th-95th percentile)","male"
98.8666666666667,6.66666666666667,45.1575943026283,0.363020525437002,"24.7-113.7 months (5th-95th percentile)","male"
100.514814814815,6.66666666666667,45.1345315572671,0.367075397761043,"24.7-113.7 months (5th-95th percentile)","male"
102.162962962963,6.66666666666667,45.1137232058247,0.370658648562241,"24.7-113.7 months (5th-95th percentile)","male"
103.811111111111,6.66666666666667,45.0952289496646,0.37389486919309,"24.7-113.7 months (5th-95th percentile)","male"
105.459259259259,6.66666666666667,45.0791028370227,0.377012053883326,"24.7-113.7 months (5th-95th percentile)","male"
107.107407407407,6.66666666666667,45.0653988611801,0.380329309658319,"24.7-113.7 months (5th-95th percentile)","male"
108.755555555556,6.66666666666667,45.0541750807426,0.384240144557447,"24.7-113.7 months (5th-95th percentile)","male"
110.403703703704,6.66666666666667,45.0454962081847,0.389187221777206,"24.7-113.7 months (5th-95th percentile)","male"
112.051851851852,6.66666666666667,45.0394369929586,0.395629166441072,"24.7-113.7 months (5th-95th percentile)","male"
113.7,6.66666666666667,45.0360841532721,0.403994668572861,"24.7-113.7 months (5th-95th percentile)","male"
24.7,7,41.6675781066606,0.334293548421124,"24.7-113.7 months (5th-95th percentile)","male"
26.3481481481481,7,41.9381166361583,0.318253698391427,"24.7-113.7 months (5th-95th percentile)","male"
27.9962962962963,7,42.2071624968743,0.306097204185492,"24.7-113.7 months (5th-95th percentile)","male"
29.6444444444444,7,42.4738266014222,0.298096110869946,"24.7-113.7 months (5th-95th percentile)","male"
31.2925925925926,7,42.7370759256691,0.294234186741316,"24.7-113.7 months (5th-95th percentile)","male"
32.9407407407407,7,42.9957752755953,0.294163094998177,"24.7-113.7 months (5th-95th percentile)","male"
34.5888888888889,7,43.2487283738281,0.29723768369778,"24.7-113.7 months (5th-95th percentile)","male"
36.237037037037,7,43.4947157883521,0.302615389646399,"24.7-113.7 months (5th-95th percentile)","male"
37.8851851851852,7,43.7325274737472,0.30937912562962,"24.7-113.7 months (5th-95th percentile)","male"
39.5333333333333,7,43.9609941885599,0.316645041457326,"24.7-113.7 months (5th-95th percentile)","male"
41.1814814814815,7,44.179015870356,0.323636671136228,"24.7-113.7 months (5th-95th percentile)","male"
42.8296296296296,7,44.3855865692641,0.329725665013608,"24.7-113.7 months (5th-95th percentile)","male"
44.4777777777778,7,44.5798141077793,0.334447500373552,"24.7-113.7 months (5th-95th percentile)","male"
46.1259259259259,7,44.7609301808699,0.337500445866671,"24.7-113.7 months (5th-95th percentile)","male"
47.7740740740741,7,44.9283100412238,0.338740499125209,"24.7-113.7 months (5th-95th percentile)","male"
49.4222222222222,7,45.0814854621768,0.338171050154551,"24.7-113.7 months (5th-95th percentile)","male"
51.0703703703704,7,45.220150758962,0.335928342714414,"24.7-113.7 months (5th-95th percentile)","male"
52.7185185185185,7,45.3441650809955,0.332263716269551,"24.7-113.7 months (5th-95th percentile)","male"
54.3666666666667,7,45.4535511404068,0.327521966395332,"24.7-113.7 months (5th-95th percentile)","male"
56.0148148148148,7,45.5484902662191,0.322114856962583,"24.7-113.7 months (5th-95th percentile)","male"
57.662962962963,7,45.6293065674816,0.316488167374124,"24.7-113.7 months (5th-95th percentile)","male"
59.3111111111111,7,45.6964489581595,0.311084923014255,"24.7-113.7 months (5th-95th percentile)","male"
60.9592592592593,7,45.7504900526873,0.306308953862116,"24.7-113.7 months (5th-95th percentile)","male"
62.6074074074074,7,45.7921157861398,0.302487912787766,"24.7-113.7 months (5th-95th percentile)","male"
64.2555555555556,7,45.8221091463349,0.299842814885301,"24.7-113.7 months (5th-95th percentile)","male"
65.9037037037037,7,45.8413327807261,0.298471331350466,"24.7-113.7 months (5th-95th percentile)","male"
67.5518518518519,7,45.8507109451165,0.298349211249771,"24.7-113.7 months (5th-95th percentile)","male"
69.2,7,45.8512112363992,0.299349938141324,"24.7-113.7 months (5th-95th percentile)","male"
70.8481481481481,7,45.8438265373357,0.301278026176984,"24.7-113.7 months (5th-95th percentile)","male"
72.4962962962963,7,45.8295575780324,0.303908326011462,"24.7-113.7 months (5th-95th percentile)","male"
74.1444444444444,7,45.8093964866904,0.307023391311321,"24.7-113.7 months (5th-95th percentile)","male"
75.7925925925926,7,45.7843116620775,0.31044284549776,"24.7-113.7 months (5th-95th percentile)","male"
77.4407407407407,7,45.7552342530672,0.314041448317225,"24.7-113.7 months (5th-95th percentile)","male"
79.0888888888889,7,45.7230464780475,0.317755058056238,"24.7-113.7 months (5th-95th percentile)","male"
80.737037037037,7,45.6885719604498,0.321575467038585,"24.7-113.7 months (5th-95th percentile)","male"
82.3851851851852,7,45.6525681969491,0.325536249790536,"24.7-113.7 months (5th-95th percentile)","male"
84.0333333333333,7,45.6157212143597,0.329692567757781,"24.7-113.7 months (5th-95th percentile)","male"
85.6814814814815,7,45.5786424111138,0.334098468143186,"24.7-113.7 months (5th-95th percentile)","male"
87.3296296296296,7,45.5418675212338,0.338785532445503,"24.7-113.7 months (5th-95th percentile)","male"
88.9777777777778,7,45.5058575835989,0.343746575443804,"24.7-113.7 months (5th-95th percentile)","male"
90.6259259259259,7,45.4710017495541,0.348927312825193,"24.7-113.7 months (5th-95th percentile)","male"
92.2740740740741,7,45.43762171806,0.354227557978268,"24.7-113.7 months (5th-95th percentile)","male"
93.9222222222222,7,45.405977550951,0.359511872959671,"24.7-113.7 months (5th-95th percentile)","male"
95.5703703703704,7,45.3762745917477,0.364628103484424,"24.7-113.7 months (5th-95th percentile)","male"
97.2185185185185,7,45.3486711914511,0.369431204829017,"24.7-113.7 months (5th-95th percentile)","male"
98.8666666666667,7,45.3232869335618,0.373809315012078,"24.7-113.7 months (5th-95th percentile)","male"
100.514814814815,7,45.3002110485614,0.377709019522156,"24.7-113.7 months (5th-95th percentile)","male"
102.162962962963,7,45.2795107149212,0.381156927004766,"24.7-113.7 months (5th-95th percentile)","male"
103.811111111111,7,45.2612389595738,0.384274816322854,"24.7-113.7 months (5th-95th percentile)","male"
105.459259259259,7,45.2454418743669,0.387284927350432,"24.7-113.7 months (5th-95th percentile)","male"
107.107407407407,7,45.2321646000323,0.390498119307626,"24.7-113.7 months (5th-95th percentile)","male"
108.755555555556,7,45.221455672268,0.394297750877103,"24.7-113.7 months (5th-95th percentile)","male"
110.403703703704,7,45.2133697599037,0.399115380511598,"24.7-113.7 months (5th-95th percentile)","male"
112.051851851852,7,45.2079711421293,0.405398883185141,"24.7-113.7 months (5th-95th percentile)","male"
113.7,7,45.205335800262,0.413568279398103,"24.7-113.7 months (5th-95th percentile)","male"
24.7,7.33333333333333,41.8768971554447,0.348141243830846,"24.7-113.7 months (5th-95th percentile)","male"
26.3481481481481,7.33333333333333,42.1493979447199,0.33285092186105,"24.7-113.7 months (5th-95th percentile)","male"
27.9962962962963,7.33333333333333,42.420379042101,0.321338957410842,"24.7-113.7 months (5th-95th percentile)","male"
29.6444444444444,7.33333333333333,42.6889356703654,0.313826415714935,"24.7-113.7 months (5th-95th percentile)","male"
31.2925925925926,7.33333333333333,42.9540168200805,0.310264542633678,"24.7-113.7 months (5th-95th percentile)","male"
32.9407407407407,7.33333333333333,43.2144678001108,0.310301720532284,"24.7-113.7 months (5th-95th percentile)","male"
34.5888888888889,7.33333333333333,43.4690720602089,0.313318736116419,"24.7-113.7 months (5th-95th percentile)","male"
36.237037037037,7.33333333333333,43.7165897876457,0.318517958347399,"24.7-113.7 months (5th-95th percentile)","male"
37.8851851851852,7.33333333333333,43.9557910299764,0.325032509352878,"24.7-113.7 months (5th-95th percentile)","male"
39.5333333333333,7.33333333333333,44.185487648482,0.332023443674308,"24.7-113.7 months (5th-95th percentile)","male"
41.1814814814815,7.33333333333333,44.404562168357,0.338748876727498,"24.7-113.7 months (5th-95th percentile)","male"
42.8296296296296,7.33333333333333,44.6119931247465,0.344604149934995,"24.7-113.7 months (5th-95th percentile)","male"
44.4777777777778,7.33333333333333,44.8068750411893,0.349139253421112,"24.7-113.7 months (5th-95th percentile)","male"
46.1259259259259,7.33333333333333,44.9884286760001,0.352060116927901,"24.7-113.7 months (5th-95th percentile)","male"
47.7740740740741,7.33333333333333,45.1560210478791,0.353225417671831,"24.7-113.7 months (5th-95th percentile)","male"
49.4222222222222,7.33333333333333,45.3091786247133,0.35263753783591,"24.7-113.7 months (5th-95th percentile)","male"
51.0703703703704,7.33333333333333,45.4475934528542,0.350428755917678,"24.7-113.7 months (5th-95th percentile)","male"
52.7185185185185,7.33333333333333,45.5711255007086,0.346843760708398,"24.7-113.7 months (5th-95th percentile)","male"
54.3666666666667,7.33333333333333,45.6798013842375,0.342218023967765,"24.7-113.7 months (5th-95th percentile)","male"
56.0148148148148,7.33333333333333,45.7738093600046,0.336951311521786,"24.7-113.7 months (5th-95th percentile)","male"
57.662962962963,7.33333333333333,45.8534832255996,0.331475033080472,"24.7-113.7 months (5th-95th percentile)","male"
59.3111111111111,7.33333333333333,45.9192840465514,0.326216273132217,"24.7-113.7 months (5th-95th percentile)","male"
60.9592592592593,7.33333333333333,45.9717990919997,0.321562721645181,"24.7-113.7 months (5th-95th percentile)","male"
62.6074074074074,7.33333333333333,46.0117313151633,0.317827716738737,"24.7-113.7 months (5th-95th percentile)","male"
64.2555555555556,7.33333333333333,46.0398828271753,0.315221990849265,"24.7-113.7 months (5th-95th percentile)","male"
65.9037037037037,7.33333333333333,46.0571372173561,0.313838627113407,"24.7-113.7 months (5th-95th percentile)","male"
67.5518518518519,7.33333333333333,46.0644411922252,0.313654951207782,"24.7-113.7 months (5th-95th percentile)","male"
69.2,7.33333333333333,46.0627859804547,0.31455123695518,"24.7-113.7 months (5th-95th percentile)","male"
70.8481481481481,7.33333333333333,46.0531889368742,0.316341966575184,"24.7-113.7 months (5th-95th percentile)","male"
72.4962962962963,7.33333333333333,46.0366757553304,0.318812720740544,"24.7-113.7 months (5th-95th percentile)","male"
74.1444444444444,7.33333333333333,46.0142636681116,0.321755450499194,"24.7-113.7 months (5th-95th percentile)","male"
75.7925925925926,7.33333333333333,45.9869459694661,0.324996493995583,"24.7-113.7 months (5th-95th percentile)","male"
77.4407407407407,7.33333333333333,45.9556781535135,0.328414133745048,"24.7-113.7 months (5th-95th percentile)","male"
79.0888888888889,7.33333333333333,45.9213659041386,0.331944768104348,"24.7-113.7 months (5th-95th percentile)","male"
80.737037037037,7.33333333333333,45.8848551176873,0.335578468592478,"24.7-113.7 months (5th-95th percentile)","male"
82.3851851851852,7.33333333333333,45.846924079307,0.339345852952784,"24.7-113.7 months (5th-95th percentile)","male"
84.0333333333333,7.33333333333333,45.8082778529284,0.343299024754504,"24.7-113.7 months (5th-95th percentile)","male"
85.6814814814815,7.33333333333333,45.7695448843923,0.347489932924748,"24.7-113.7 months (5th-95th percentile)","male"
87.3296296296296,7.33333333333333,45.731275758846,0.35194983192039,"24.7-113.7 months (5th-95th percentile)","male"
88.9777777777778,7.33333333333333,45.6939439979929,0.356673402087678,"24.7-113.7 months (5th-95th percentile)","male"
90.6259259259259,7.33333333333333,45.6579487325576,0.361610379688334,"24.7-113.7 months (5th-95th percentile)","male"
92.2740740740741,7.33333333333333,45.6236190409997,0.366666287515581,"24.7-113.7 months (5th-95th percentile)","male"
93.9222222222222,7.33333333333333,45.5912197083852,0.37171231213563,"24.7-113.7 months (5th-95th percentile)","male"
95.5703703703704,7.33333333333333,45.5609581296734,0.376602925001848,"24.7-113.7 months (5th-95th percentile)","male"
97.2185185185185,7.33333333333333,45.5329920611535,0.381198810995968,"24.7-113.7 months (5th-95th percentile)","male"
98.8666666666667,7.33333333333333,45.5074379120623,0.385392165961134,"24.7-113.7 months (5th-95th percentile)","male"
100.514814814815,7.33333333333333,45.4843792659101,0.389131353172222,"24.7-113.7 months (5th-95th percentile)","male"
102.162962962963,7.33333333333333,45.4638753273665,0.39244204626435,"24.7-113.7 months (5th-95th percentile)","male"
103.811111111111,7.33333333333333,45.4459690059652,0.395442127039109,"24.7-113.7 months (5th-95th percentile)","male"
105.459259259259,7.33333333333333,45.4306943840903,0.398346976712785,"24.7-113.7 months (5th-95th percentile)","male"
107.107407407407,7.33333333333333,45.4180832727328,0.401458123750223,"24.7-113.7 months (5th-95th percentile)","male"
108.755555555556,7.33333333333333,45.4081698933957,0.405147759312863,"24.7-113.7 months (5th-95th percentile)","male"
110.403703703704,7.33333333333333,45.4009938395441,0.409835426487857,"24.7-113.7 months (5th-95th percentile)","male"
112.051851851852,7.33333333333333,45.3966036973166,0.415957493933054,"24.7-113.7 months (5th-95th percentile)","male"
113.7,7.33333333333333,45.3950593780036,0.42392475356972,"24.7-113.7 months (5th-95th percentile)","male"
24.7,7.66666666666667,42.093892693658,0.356586443482746,"24.7-113.7 months (5th-95th percentile)","male"
26.3481481481481,7.66666666666667,42.3688858388955,0.341775481971674,"24.7-113.7 months (5th-95th percentile)","male"
27.9962962962963,7.66666666666667,42.6423247269332,0.330689268555286,"24.7-113.7 months (5th-95th percentile)","male"
29.6444444444444,7.66666666666667,42.9132845166328,0.323520008479229,"24.7-113.7 months (5th-95th percentile)","male"
31.2925925925926,7.66666666666667,43.1806912029065,0.320199641546276,"24.7-113.7 months (5th-95th percentile)","male"
32.9407407407407,7.66666666666667,43.4433651705176,0.320372525064417,"24.7-113.7 months (5th-95th percentile)","male"
34.5888888888889,7.66666666666667,43.7000639586661,0.323431004700847,"24.7-113.7 months (5th-95th percentile)","male"
36.237037037037,7.66666666666667,43.9495217124131,0.328599691673236,"24.7-113.7 months (5th-95th percentile)","male"
37.8851851851852,7.66666666666667,44.1904830500279,0.335037713627762,"24.7-113.7 months (5th-95th percentile)","male"
39.5333333333333,7.66666666666667,44.4217357023786,0.341930245927042,"24.7-113.7 months (5th-95th percentile)","male"
41.1814814814815,7.66666666666667,44.642139970929,0.348554652969429,"24.7-113.7 months (5th-95th percentile)","male"
42.8296296296296,7.66666666666667,44.8506546012973,0.354319967809676,"24.7-113.7 months (5th-95th percentile)","male"
44.4777777777778,7.66666666666667,45.046357168935,0.358784932327882,"24.7-113.7 months (5th-95th percentile)","male"
46.1259259259259,7.66666666666667,45.2284545118407,0.36166036219398,"24.7-113.7 months (5th-95th percentile)","male"
47.7740740740741,7.66666666666667,45.3963031912695,0.362806889780126,"24.7-113.7 months (5th-95th percentile)","male"
49.4222222222222,7.66666666666667,45.5494229689189,0.362226612288366,"24.7-113.7 months (5th-95th percentile)","male"
51.0703703703704,7.66666666666667,45.6875030735775,0.360049708911706,"24.7-113.7 months (5th-95th percentile)","male"
52.7185185185185,7.66666666666667,45.8104046094258,0.356517160297443,"24.7-113.7 months (5th-95th percentile)","male"
54.3666666666667,7.66666666666667,45.9181592766398,0.351959211014055,"24.7-113.7 months (5th-95th percentile)","male"
56.0148148148148,7.66666666666667,46.0109642851482,0.346768989389762,"24.7-113.7 months (5th-95th percentile)","male"
57.662962962963,7.66666666666667,46.0891659178737,0.34137015116224,"24.7-113.7 months (5th-95th percentile)","male"
59.3111111111111,7.66666666666667,46.1532408753421,0.336181478263221,"24.7-113.7 months (5th-95th percentile)","male"
60.9592592592593,7.66666666666667,46.2037952613561,0.331582663782463,"24.7-113.7 months (5th-95th percentile)","male"
62.6074074074074,7.66666666666667,46.2415538834545,0.327880493596258,"24.7-113.7 months (5th-95th percentile)","male"
64.2555555555556,7.66666666666667,46.2673433951071,0.325281730584527,"24.7-113.7 months (5th-95th percentile)","male"
65.9037037037037,7.66666666666667,46.2820742481025,0.323878815734776,"24.7-113.7 months (5th-95th percentile)","male"
67.5518518518519,7.66666666666667,46.2867219341766,0.323651797580015,"24.7-113.7 months (5th-95th percentile)","male"
69.2,7.66666666666667,46.2823079695035,0.324486299773608,"24.7-113.7 months (5th-95th percentile)","male"
70.8481481481481,7.66666666666667,46.2698810616922,0.326203495211253,"24.7-113.7 months (5th-95th percentile)","male"
72.4962962962963,7.66666666666667,46.2504988756877,0.328595563524197,"24.7-113.7 months (5th-95th percentile)","male"
74.1444444444444,7.66666666666667,46.2252107828761,0.331459761986644,"24.7-113.7 months (5th-95th percentile)","male"
75.7925925925926,7.66666666666667,46.1950419374281,0.334625691321992,"24.7-113.7 months (5th-95th percentile)","male"
77.4407407407407,7.66666666666667,46.1609789765374,0.337972594877445,"24.7-113.7 months (5th-95th percentile)","male"
79.0888888888889,7.66666666666667,46.1239575882774,0.341435694607068,"24.7-113.7 months (5th-95th percentile)","male"
80.737037037037,7.66666666666667,46.0848521337487,0.345002224730553,"24.7-113.7 months (5th-95th percentile)","male"
82.3851851851852,7.66666666666667,46.0444674498629,0.348698981978093,"24.7-113.7 months (5th-95th percentile)","male"
84.0333333333333,7.66666666666667,46.0035328978476,0.352574038142449,"24.7-113.7 months (5th-95th percentile)","male"
85.6814814814815,7.66666666666667,45.9626986616036,0.356675860080196,"24.7-113.7 months (5th-95th percentile)","male"
87.3296296296296,7.66666666666667,45.9225342411639,0.361033403654582,"24.7-113.7 months (5th-95th percentile)","male"
88.9777777777778,7.66666666666667,45.8835290303884,0.365640635758055,"24.7-113.7 months (5th-95th percentile)","male"
90.6259259259259,7.66666666666667,45.8460948172246,0.370448265441741,"24.7-113.7 months (5th-95th percentile)","male"
92.2740740740741,7.66666666666667,45.8105699999114,0.375364268440366,"24.7-113.7 months (5th-95th percentile)","male"
93.9222222222222,7.66666666666667,45.7772252747413,0.380263310471007,"24.7-113.7 months (5th-95th percentile)","male"
95.5703703703704,7.66666666666667,45.7462705206797,0.385003770323989,"24.7-113.7 months (5th-95th percentile)","male"
97.2185185185185,7.66666666666667,45.7178625849523,0.389450038586751,"24.7-113.7 months (5th-95th percentile)","male"
98.8666666666667,7.66666666666667,45.6921136613541,0.393497243098342,"24.7-113.7 months (5th-95th percentile)","male"
100.514814814815,7.66666666666667,45.6690999498864,0.397095444952921,"24.7-113.7 months (5th-95th percentile)","male"
102.162962962963,7.66666666666667,45.6488702920089,0.400270458023876,"24.7-113.7 months (5th-95th percentile)","male"
103.811111111111,7.66666666666667,45.6314544906008,0.40313857703464,"24.7-113.7 months (5th-95th percentile)","male"
105.459259259259,7.66666666666667,45.6168711016036,0.405911892632814,"24.7-113.7 months (5th-95th percentile)","male"
107.107407407407,7.66666666666667,45.6051347225406,0.408887275639267,"24.7-113.7 months (5th-95th percentile)","male"
108.755555555556,7.66666666666667,45.5962611055125,0.412431338100027,"24.7-113.7 months (5th-95th percentile)","male"
110.403703703704,7.66666666666667,45.5902704057524,0.416957771871451,"24.7-113.7 months (5th-95th percentile)","male"
112.051851851852,7.66666666666667,45.5871909887051,0.42289765923302,"24.7-113.7 months (5th-95th percentile)","male"
113.7,7.66666666666667,45.5870620732291,0.430658086221868,"24.7-113.7 months (5th-95th percentile)","male"
24.7,8,42.3004254861457,0.355187000514979,"24.7-113.7 months (5th-95th percentile)","male"
26.3481481481481,8,42.5783565406353,0.340461460990031,"24.7-113.7 months (5th-95th percentile)","male"
27.9962962962963,8,42.8546924080046,0.329508020705386,"24.7-113.7 months (5th-95th percentile)","male"
29.6444444444444,8,43.1284844924534,0.322516908660443,"24.7-113.7 months (5th-95th percentile)","male"
31.2925925925926,8,43.3986315659152,0.319412338020291,"24.7-113.7 months (5th-95th percentile)","male"
32.9407407407407,8,43.6639245105768,0.319826256818696,"24.7-113.7 months (5th-95th percentile)","male"
34.5888888888889,8,43.9230901992842,0.323136495907169,"24.7-113.7 months (5th-95th percentile)","male"
36.237037037037,8,44.174831959496,0.328553881953752,"24.7-113.7 months (5th-95th percentile)","male"
37.8851851851852,8,44.4178643228692,0.335226396057919,"24.7-113.7 months (5th-95th percentile)","male"
39.5333333333333,8,44.6509464770989,0.342331312370936,"24.7-113.7 months (5th-95th percentile)","male"
41.1814814814815,8,44.8729124436906,0.349140991332663,"24.7-113.7 months (5th-95th percentile)","male"
42.8296296296296,8,45.0826975761028,0.355061609695263,"24.7-113.7 months (5th-95th percentile)","male"
44.4777777777778,8,45.2793594273985,0.359650448587745,"24.7-113.7 months (5th-95th percentile)","male"
46.1259259259259,8,45.4620884030334,0.362617675126889,"24.7-113.7 months (5th-95th percentile)","male"
47.7740740740741,8,45.6302287365918,0.363823764414594,"24.7-113.7 months (5th-95th percentile)","male"
49.4222222222222,8,45.783292308065,0.363271011005238,"24.7-113.7 months (5th-95th percentile)","male"
51.0703703703704,8,45.9209650725731,0.361090157315109,"24.7-113.7 months (5th-95th percentile)","male"
52.7185185185185,8,46.0431095446119,0.357523249949319,"24.7-113.7 months (5th-95th percentile)","male"
54.3666666666667,8,46.1497635121116,0.352902336188637,"24.7-113.7 months (5th-95th percentile)","male"
56.0148148148148,8,46.2411348554875,0.347623378212023,"24.7-113.7 months (5th-95th percentile)","male"
57.662962962963,8,46.3175847107641,0.342114175482538,"24.7-113.7 months (5th-95th percentile)","male"
59.3111111111111,8,46.3796083606235,0.336799162087143,"24.7-113.7 months (5th-95th percentile)","male"
60.9592592592593,8,46.4278342783205,0.332065243353546,"24.7-113.7 months (5th-95th percentile)","male"
62.6074074074074,8,46.4630132140124,0.328227712589679,"24.7-113.7 months (5th-95th percentile)","male"
64.2555555555556,8,46.4860009432967,0.325502523035501,"24.7-113.7 months (5th-95th percentile)","male"
65.9037037037037,8,46.4977397830306,0.323991115077296,"24.7-113.7 months (5th-95th percentile)","male"
67.5518518518519,8,46.4992393614874,0.32368139897157,"24.7-113.7 months (5th-95th percentile)","male"
69.2,8,46.4915571040807,0.3244649340013,"24.7-113.7 months (5th-95th percentile)","male"
70.8481481481481,8,46.4757788820522,0.326166441274732,"24.7-113.7 months (5th-95th percentile)","male"
72.4962962962963,8,46.4530002483445,0.328579165593884,"24.7-113.7 months (5th-95th percentile)","male"
74.1444444444444,8,46.4243086527681,0.33149913485691,"24.7-113.7 months (5th-95th percentile)","male"
75.7925925925926,8,46.3907669882196,0.334752763773656,"24.7-113.7 months (5th-95th percentile)","male"
77.4407407407407,8,46.353398772138,0.338214523616447,"24.7-113.7 months (5th-95th percentile)","male"
79.0888888888889,8,46.3131752142001,0.341813620695096,"24.7-113.7 months (5th-95th percentile)","male"
80.737037037037,8,46.2710043638666,0.345530340413141,"24.7-113.7 months (5th-95th percentile)","male"
82.3851851851852,8,46.2277224706447,0.349383906576687,"24.7-113.7 months (5th-95th percentile)","male"
84.0333333333333,8,46.184087628186,0.353414538271168,"24.7-113.7 months (5th-95th percentile)","male"
85.6814814814815,8,46.1407757118351,0.357662966490882,"24.7-113.7 months (5th-95th percentile)","male"
87.3296296296296,8,46.0983785597614,0.362150959651385,"24.7-113.7 months (5th-95th percentile)","male"
88.9777777777778,8,46.0574042910208,0.36686626094585,"24.7-113.7 months (5th-95th percentile)","male"
90.6259259259259,8,46.0182796023871,0.371754650310131,"24.7-113.7 months (5th-95th percentile)","male"
92.2740740740741,8,45.9813538401039,0.37672065632484,"24.7-113.7 months (5th-95th percentile)","male"
93.9222222222222,8,45.946904604196,0.381636997491367,"24.7-113.7 months (5th-95th percentile)","male"
95.5703703703704,8,45.9151446118581,0.386361470643963,"24.7-113.7 months (5th-95th percentile)","male"
97.2185185185185,8,45.8862295244786,0.390759014151908,"24.7-113.7 months (5th-95th percentile)","male"
98.8666666666667,8,45.8602664297132,0.394726165173615,"24.7-113.7 months (5th-95th percentile)","male"
100.514814814815,8,45.8373226661159,0.398215019571256,"24.7-113.7 months (5th-95th percentile)","male"
102.162962962963,8,45.8174346827484,0.401253895234926,"24.7-113.7 months (5th-95th percentile)","male"
103.811111111111,8,45.8006166402942,0.403962008051419,"24.7-113.7 months (5th-95th percentile)","male"
105.459259259259,8,45.7868685873696,0.406554830922505,"24.7-113.7 months (5th-95th percentile)","male"
107.107407407407,8,45.7761846177667,0.409333137822397,"24.7-113.7 months (5th-95th percentile)","male"
108.755555555556,8,45.7685584950572,0.412668070954606,"24.7-113.7 months (5th-95th percentile)","male"
110.403703703704,8,45.763987242227,0.416978542921724,"24.7-113.7 months (5th-95th percentile)","male"
112.051851851852,8,45.7624751715314,0.422701496407858,"24.7-113.7 months (5th-95th percentile)","male"
113.7,8,45.7640368977226,0.43025024865971,"24.7-113.7 months (5th-95th percentile)","male"
24.7,8.33333333333333,42.4916108651968,0.34631835854777,"24.7-113.7 months (5th-95th percentile)","male"
26.3481481481481,8.33333333333333,42.7728408393334,0.331403896657185,"24.7-113.7 months (5th-95th percentile)","male"
27.9962962962963,8.33333333333333,43.052429509392,0.320400135360404,"24.7-113.7 months (5th-95th percentile)","male"
29.6444444444444,8.33333333333333,43.3294015174997,0.313514842747124,"24.7-113.7 months (5th-95th percentile)","male"
31.2925925925926,8.33333333333333,43.6026249683185,0.310670099465186,"24.7-113.7 months (5th-95th percentile)","male"
32.9407407407407,8.33333333333333,43.8708575114932,0.311474239595606,"24.7-113.7 months (5th-95th percentile)","male"
34.5888888888889,8.33333333333333,44.1327914795912,0.315265652779982,"24.7-113.7 months (5th-95th percentile)","male"
36.237037037037,8.33333333333333,44.3870954931795,0.321209852105339,"24.7-113.7 months (5th-95th percentile)","male"
37.8851851851852,8.33333333333333,44.6324502049112,0.328412791170136,"24.7-113.7 months (5th-95th percentile)","male"
39.5333333333333,8.33333333333333,44.8675826669358,0.336018221228801,"24.7-113.7 months (5th-95th percentile)","male"
41.1814814814815,8.33333333333333,45.0912973197044,0.343274676689201,"24.7-113.7 months (5th-95th percentile)","male"
42.8296296296296,8.33333333333333,45.3025031937929,0.349572943122834,"24.7-113.7 months (5th-95th percentile)","male"
44.4777777777778,8.33333333333333,45.5002353204055,0.354461229301577,"24.7-113.7 months (5th-95th percentile)","male"
46.1259259259259,8.33333333333333,45.683665631664,0.357644928060118,"24.7-113.7 months (5th-95th percentile)","male"
47.7740740740741,8.33333333333333,45.8521245164862,0.35898269417062,"24.7-113.7 months (5th-95th percentile)","male"
49.4222222222222,8.33333333333333,46.0051150228666,0.358477184706534,"24.7-113.7 months (5th-95th percentile)","male"
51.0703703703704,8.33333333333333,46.1423194687255,0.356261418500537,"24.7-113.7 months (5th-95th percentile)","male"
52.7185185185185,8.33333333333333,46.2636020111756,0.352581786365377,"24.7-113.7 months (5th-95th percentile)","male"
54.3666666666667,8.33333333333333,46.3690073525945,0.347777197445957,"24.7-113.7 months (5th-95th percentile)","male"
56.0148148148148,8.33333333333333,46.458755452304,0.342253577208917,"24.7-113.7 months (5th-95th percentile)","male"
57.662962962963,8.33333333333333,46.5332242381746,0.336452240089682,"24.7-113.7 months (5th-95th percentile)","male"
59.3111111111111,8.33333333333333,46.5929299859311,0.330814804579332,"24.7-113.7 months (5th-95th percentile)","male"
60.9592592592593,8.33333333333333,46.6385264278999,0.325748651320753,"24.7-113.7 months (5th-95th percentile)","male"
62.6074074074074,8.33333333333333,46.6707935972795,0.321591577217014,"24.7-113.7 months (5th-95th percentile)","male"
64.2555555555556,8.33333333333333,46.6906201323539,0.31858201278669,"24.7-113.7 months (5th-95th percentile)","male"
65.9037037037037,8.33333333333333,46.6989842996495,0.316841431820208,"24.7-113.7 months (5th-95th percentile)","male"
67.5518518518519,8.33333333333333,46.6969342321181,0.316373183734679,"24.7-113.7 months (5th-95th percentile)","male"
69.2,8.33333333333333,46.6855678521648,0.317078375371554,"24.7-113.7 months (5th-95th percentile)","male"
70.8481481481481,8.33333333333333,46.6660129356606,0.318785195407951,"24.7-113.7 months (5th-95th percentile)","male"
72.4962962962963,8.33333333333333,46.6394077499843,0.321285030079764,"24.7-113.7 months (5th-95th percentile)","male"
74.1444444444444,8.33333333333333,46.6068826670154,0.324367976261877,"24.7-113.7 months (5th-95th percentile)","male"
75.7925925925926,8.33333333333333,46.5695431115404,0.327851731217582,"24.7-113.7 months (5th-95th percentile)","male"
77.4407407407407,8.33333333333333,46.5284541577578,0.331600272649965,"24.7-113.7 months (5th-95th percentile)","male"
79.0888888888889,8.33333333333333,46.4846270330865,0.335531173592504,"24.7-113.7 months (5th-95th percentile)","male"
80.737037037037,8.33333333333333,46.4390077307172,0.33961227359833,"24.7-113.7 months (5th-95th percentile)","male"
82.3851851851852,8.33333333333333,46.3924678711236,0.343849703528695,"24.7-113.7 months (5th-95th percentile)","male"
84.0333333333333,8.33333333333333,46.3457978904565,0.348270105558044,"24.7-113.7 months (5th-95th percentile)","male"
85.6814814814815,8.33333333333333,46.299702571618,0.352900430286722,"24.7-113.7 months (5th-95th percentile)","male"
87.3296296296296,8.33333333333333,46.2547988736561,0.357748909111452,"24.7-113.7 months (5th-95th percentile)","male"
88.9777777777778,8.33333333333333,46.2116159575694,0.362790574057614,"24.7-113.7 months (5th-95th percentile)","male"
90.6259259259259,8.33333333333333,46.1705972543202,0.367959943639676,"24.7-113.7 months (5th-95th percentile)","male"
92.2740740740741,8.33333333333333,46.1321043743297,0.373152281233047,"24.7-113.7 months (5th-95th percentile)","male"
93.9222222222222,8.33333333333333,46.0964226183699,0.378233408839008,"24.7-113.7 months (5th-95th percentile)","male"
95.5703703703704,8.33333333333333,46.0637678177437,0.383056754665353,"24.7-113.7 months (5th-95th percentile)","male"
97.2185185185185,8.33333333333333,46.0342942088071,0.387485389026415,"24.7-113.7 months (5th-95th percentile)","male"
98.8666666666667,8.33333333333333,46.0081030328597,0.39141634410523,"24.7-113.7 months (5th-95th percentile)","male"
100.514814814815,8.33333333333333,45.9852515476675,0.394804420811449,"24.7-113.7 months (5th-95th percentile)","male"
102.162962962963,8.33333333333333,45.9657621409287,0.397682764003973,"24.7-113.7 months (5th-95th percentile)","male"
103.811111111111,8.33333333333333,45.9496312493028,0.400177554863283,"24.7-113.7 months (5th-95th percentile)","male"
105.459259259259,8.33333333333333,45.9368379692949,0.40251344863884,"24.7-113.7 months (5th-95th percentile)","male"
107.107407407407,8.33333333333333,45.9273531941655,0.405002513933428,"24.7-113.7 months (5th-95th percentile)","male"
108.755555555556,8.33333333333333,45.921145815912,0.408029215754431,"24.7-113.7 months (5th-95th percentile)","male"
110.403703703704,8.33333333333333,45.9181867001098,0.4120274998793,"24.7-113.7 months (5th-95th percentile)","male"
112.051851851852,8.33333333333333,45.9184529684758,0.417450352176434,"24.7-113.7 months (5th-95th percentile)","male"
113.7,8.33333333333333,45.9219314307118,0.424726845866844,"24.7-113.7 months (5th-95th percentile)","male"
24.7,8.66666666666667,42.6727675553651,0.337206347601122,"24.7-113.7 months (5th-95th percentile)","male"
26.3481481481481,8.66666666666667,42.9575729166486,0.322125364129636,"24.7-113.7 months (5th-95th percentile)","male"
27.9962962962963,8.66666666666667,43.2406868474374,0.311122790480416,"24.7-113.7 months (5th-95th percentile)","male"
29.6444444444444,8.66666666666667,43.5211049037091,0.30442506645428,"24.7-113.7 months (5th-95th percentile)","male"
31.2925925925926,8.66666666666667,43.7976618615928,0.301948415050771,"24.7-113.7 months (5th-95th percentile)","male"
32.9407407407407,8.66666666666667,44.0690792567365,0.303269405675012,"24.7-113.7 months (5th-95th percentile)","male"
34.5888888888889,8.66666666666667,44.3340118893798,0.307676773851628,"24.7-113.7 months (5th-95th percentile)","male"
36.237037037037,8.66666666666667,44.5910906700136,0.314281267125223,"24.7-113.7 months (5th-95th percentile)","male"
37.8851851851852,8.66666666666667,44.8389594448299,0.322139864980638,"24.7-113.7 months (5th-95th percentile)","male"
39.5333333333333,8.66666666666667,45.0763103584469,0.330358630971076,"24.7-113.7 months (5th-95th percentile)","male"
41.1814814814815,8.66666666666667,45.3019157242976,0.338160250539316,"24.7-113.7 months (5th-95th percentile)","male"
42.8296296296296,8.66666666666667,45.5146559912623,0.344919370830106,"24.7-113.7 months (5th-95th percentile)","male"
44.4777777777778,8.66666666666667,45.7135417440464,0.350174950960387,"24.7-113.7 months (5th-95th percentile)","male"
46.1259259259259,8.66666666666667,45.8977248720825,0.353627551376619,"24.7-113.7 months (5th-95th percentile)","male"
47.7740740740741,8.66666666666667,46.0665207558576,0.355133844483691,"24.7-113.7 months (5th-95th percentile)","male"
49.4222222222222,8.66666666666667,46.2194228863033,0.354696508166814,"24.7-113.7 months (5th-95th percentile)","male"
51.0703703703704,8.66666666666667,46.356109673184,0.352450342468879,"24.7-113.7 months (5th-95th percentile)","male"
52.7185185185185,8.66666666666667,46.4764471062904,0.34864554329409,"24.7-113.7 months (5th-95th percentile)","male"
54.3666666666667,8.66666666666667,46.5804874522947,0.34362748944768,"24.7-113.7 months (5th-95th percentile)","male"
56.0148148148148,8.66666666666667,46.6684638491435,0.337812099327037,"24.7-113.7 months (5th-95th percentile)","male"
57.662962962963,8.66666666666667,46.7407725262737,0.331654993463823,"24.7-113.7 months (5th-95th percentile)","male"
59.3111111111111,8.66666666666667,46.7979526270652,0.325616896173363,"24.7-113.7 months (5th-95th percentile)","male"
60.9592592592593,8.66666666666667,46.8406853873667,0.320129043770779,"24.7-113.7 months (5th-95th percentile)","male"
62.6074074074074,8.66666666666667,46.8697827159631,0.315556693946959,"24.7-113.7 months (5th-95th percentile)","male"
64.2555555555556,8.66666666666667,46.8861690151533,0.312167067680119,"24.7-113.7 months (5th-95th percentile)","male"
65.9037037037037,8.66666666666667,46.890861667733,0.310108748154429,"24.7-113.7 months (5th-95th percentile)","male"
67.5518518518519,8.66666666666667,46.8849506962938,0.309407510509665,"24.7-113.7 months (5th-95th percentile)","male"
69.2,8.66666666666667,46.8695780739991,0.309980032415192,"24.7-113.7 months (5th-95th percentile)","male"
70.8481481481481,8.66666666666667,46.8459171524882,0.311662378365313,"24.7-113.7 months (5th-95th percentile)","male"
72.4962962962963,8.66666666666667,46.8151526495555,0.314246566618236,"24.7-113.7 months (5th-95th percentile)","male"
74.1444444444444,8.66666666666667,46.7784616071106,0.317517355161507,"24.7-113.7 months (5th-95th percentile)","male"
75.7925925925926,8.66666666666667,46.7369956893552,0.321282634895227,"24.7-113.7 months (5th-95th percentile)","male"
77.4407407407407,8.66666666666667,46.6918651431041,0.325393404665175,"24.7-113.7 months (5th-95th percentile)","male"
79.0888888888889,8.66666666666667,46.6441246883811,0.329751994491735,"24.7-113.7 months (5th-95th percentile)","male"
80.737037037037,8.66666666666667,46.5947615492414,0.334309304213087,"24.7-113.7 months (5th-95th percentile)","male"
82.3851851851852,8.66666666666667,46.5446857730357,0.339053224065704,"24.7-113.7 months (5th-95th percentile)","male"
84.0333333333333,8.66666666666667,46.4947229234363,0.343991270286519,"24.7-113.7 months (5th-95th percentile)","male"
85.6814814814815,8.66666666666667,46.445609169748,0.349130955079056,"24.7-113.7 months (5th-95th percentile)","male"
87.3296296296296,8.66666666666667,46.3979887341302,0.354461528120079,"24.7-113.7 months (5th-95th percentile)","male"
88.9777777777778,8.66666666666667,46.3524135999781,0.359940394359185,"24.7-113.7 months (5th-95th percentile)","male"
90.6259259259259,8.66666666666667,46.3093453315641,0.365486682931749,"24.7-113.7 months (5th-95th percentile)","male"
92.2740740740741,8.66666666666667,46.269158807606,0.370983212363977,"24.7-113.7 months (5th-95th percentile)","male"
93.9222222222222,8.66666666666667,46.232147631148,0.376286719393202,"24.7-113.7 months (5th-95th percentile)","male"
95.5703703703704,8.66666666666667,46.1985309451362,0.381245000483778,"24.7-113.7 months (5th-95th percentile)","male"
97.2185185185185,8.66666666666667,46.168461359277,0.385718780448739,"24.7-113.7 months (5th-95th percentile)","male"
98.8666666666667,8.66666666666667,46.1420336787779,0.389605723969343,"24.7-113.7 months (5th-95th percentile)","male"
100.514814814815,8.66666666666667,46.119294119875,0.392863931103031,"24.7-113.7 months (5th-95th percentile)","male"
102.162962962963,8.66666666666667,46.1002497001582,0.395532313777878,"24.7-113.7 months (5th-95th percentile)","male"
103.811111111111,8.66666666666667,46.0848775041487,0.397745265556583,"24.7-113.7 months (5th-95th percentile)","male"
105.459259259259,8.66666666666667,46.0731337675504,0.399738217812351,"24.7-113.7 months (5th-95th percentile)","male"
107.107407407407,8.66666666666667,46.0649640797565,0.401836555753807,"24.7-113.7 months (5th-95th percentile)","male"
108.755555555556,8.66666666666667,46.060310214224,0.404440653955162,"24.7-113.7 months (5th-95th percentile)","male"
110.403703703704,8.66666666666667,46.0591145228074,0.408002772108286,"24.7-113.7 months (5th-95th percentile)","male"
112.051851851852,8.66666666666667,46.0613244944831,0.412995962116887,"24.7-113.7 months (5th-95th percentile)","male"
113.7,8.66666666666667,46.066896643689,0.419869690713985,"24.7-113.7 months (5th-95th percentile)","male"
24.7,9,42.8494767478862,0.334115364234485,"24.7-113.7 months (5th-95th percentile)","male"
26.3481481481481,9,43.1380494209217,0.319159363117845,"24.7-113.7 months (5th-95th percentile)","male"
27.9962962962963,9,43.4248777051647,0.308399872653732,"24.7-113.7 months (5th-95th percentile)","male"
29.6444444444444,9,43.7089264297008,0.302061994422422,"24.7-113.7 months (5th-95th percentile)","male"
31.2925925925926,9,43.9889951638969,0.300044714046058,"24.7-113.7 months (5th-95th percentile)","male"
32.9407407407407,9,44.2637672964583,0.301894156164032,"24.7-113.7 months (5th-95th percentile)","male"
34.5888888888889,9,44.531857985125,0.3068628138507,"24.7-113.7 months (5th-95th percentile)","male"
36.237037037037,9,44.7918583132304,0.314027436500658,"24.7-113.7 months (5th-95th percentile)","male"
37.8851851851852,9,45.0423732579832,0.322418258615209,"24.7-113.7 months (5th-95th percentile)","male"
39.5333333333333,9,45.282058104872,0.331123018196303,"24.7-113.7 months (5th-95th percentile)","male"
41.1814814814815,9,45.5096512494792,0.339353147164436,"24.7-113.7 months (5th-95th percentile)","male"
42.8296296296296,9,45.7240029720874,0.346476928891892,"24.7-113.7 months (5th-95th percentile)","male"
44.4777777777778,9,45.9240980610937,0.352029865248107,"24.7-113.7 months (5th-95th percentile)","male"
46.1259259259259,9,46.1090672653215,0.355710535585279,"24.7-113.7 months (5th-95th percentile)","male"
47.7740740740741,9,46.278210146293,0.357374329736352,"24.7-113.7 months (5th-95th percentile)","male"
49.4222222222222,9,46.431010138037,0.357023018109037,"24.7-113.7 months (5th-95th percentile)","male"
51.0703703703704,9,46.5671415637801,0.354790898700863,"24.7-113.7 months (5th-95th percentile)","male"
52.7185185185185,9,46.6864723938115,0.350928405072579,"24.7-113.7 months (5th-95th percentile)","male"
54.3666666666667,9,46.7890629321006,0.345782492938524,"24.7-113.7 months (5th-95th percentile)","male"
56.0148148148148,9,46.8751602862341,0.339772817637647,"24.7-113.7 months (5th-95th percentile)","male"
57.662962962963,9,46.945180067912,0.333361808304062,"24.7-113.7 months (5th-95th percentile)","male"
59.3111111111111,9,46.9996856265083,0.327020940948937,"24.7-113.7 months (5th-95th percentile)","male"
60.9592592592593,9,47.0393873006747,0.321196795314364,"24.7-113.7 months (5th-95th percentile)","male"
62.6074074074074,9,47.0651307194526,0.316274489543775,"24.7-113.7 months (5th-95th percentile)","male"
64.2555555555556,9,47.0778781112517,0.312544560420587,"24.7-113.7 months (5th-95th percentile)","male"
65.9037037037037,9,47.0786882237368,0.310180324054601,"24.7-113.7 months (5th-95th percentile)","male"
67.5518518518519,9,47.0686953709217,0.309231059981173,"24.7-113.7 months (5th-95th percentile)","male"
69.2,9,47.049088096509,0.309633124671979,"24.7-113.7 months (5th-95th percentile)","male"
70.8481481481481,9,47.0210879291882,0.311236533118243,"24.7-113.7 months (5th-95th percentile)","male"
72.4962962962963,9,46.9859286826886,0.31384065019616,"24.7-113.7 months (5th-95th percentile)","male"
74.1444444444444,9,46.9448367212283,0.317231052496826,"24.7-113.7 months (5th-95th percentile)","male"
75.7925925925926,9,46.8990125703105,0.321210607246692,"24.7-113.7 months (5th-95th percentile)","male"
77.4407407407407,9,46.8496142045663,0.325620369448394,"24.7-113.7 months (5th-95th percentile)","male"
79.0888888888889,9,46.7977422902105,0.330348723711364,"24.7-113.7 months (5th-95th percentile)","male"
80.737037037037,9,46.7444276010624,0.335329472439056,"24.7-113.7 months (5th-95th percentile)","male"
82.3851851851852,9,46.6906207647991,0.340531094486371,"24.7-113.7 months (5th-95th percentile)","male"
84.0333333333333,9,46.6371844325848,0.345940302027478,"24.7-113.7 months (5th-95th percentile)","male"
85.6814814814815,9,46.5848879017032,0.351543468365878,"24.7-113.7 months (5th-95th percentile)","male"
87.3296296296296,9,46.5344041591481,0.357309530187868,"24.7-113.7 months (5th-95th percentile)","male"
88.9777777777778,9,46.4863092548729,0.363177547142087,"24.7-113.7 months (5th-95th percentile)","male"
90.6259259259259,9,46.441083859341,0.369051225065251,"24.7-113.7 months (5th-95th percentile)","male"
92.2740740740741,9,46.3991168116321,0.374801497792392,"24.7-113.7 months (5th-95th percentile)","male"
93.9222222222222,9,46.3607104230975,0.380276960335823,"24.7-113.7 months (5th-95th percentile)","male"
95.5703703703704,9,46.3260872675176,0.38532082790497,"24.7-113.7 months (5th-95th percentile)","male"
97.2185185185185,9,46.29539816391,0.389792345433915,"24.7-113.7 months (5th-95th percentile)","male"
98.8666666666667,9,46.2687310421346,0.393590218524083,"24.7-113.7 months (5th-95th percentile)","male"
100.514814814815,9,46.2461203747541,0.396675563886056,"24.7-113.7 months (5th-95th percentile)","male"
102.162962962963,9,46.2275568607275,0.399091904255609,"24.7-113.7 months (5th-95th percentile)","male"
103.811111111111,9,46.2129970580359,0.400979702030396,"24.7-113.7 months (5th-95th percentile)","male"
105.459259259259,9,46.2023729689894,0.40258203354221,"24.7-113.7 months (5th-95th percentile)","male"
107.107407407407,9,46.1956033692407,0.404233696393919,"24.7-113.7 months (5th-95th percentile)","male"
108.755555555556,9,46.1926013028225,0.406346619763326,"24.7-113.7 months (5th-95th percentile)","male"
110.403703703704,9,46.1932789204087,0.409387077232113,"24.7-113.7 months (5th-95th percentile)","male"
112.051851851852,9,46.1975523311805,0.413844613815897,"24.7-113.7 months (5th-95th percentile)","male"
113.7,9,46.2053459748288,0.42018704722309,"24.7-113.7 months (5th-95th percentile)","male"
24.7,9.33333333333333,43.027319633996,0.339395420802809,"24.7-113.7 months (5th-95th percentile)","male"
26.3481481481481,9.33333333333333,43.3197670004935,0.324915322056191,"24.7-113.7 months (5th-95th percentile)","male"
27.9962962962963,9.33333333333333,43.6104153655977,0.314643358201578,"24.7-113.7 months (5th-95th percentile)","male"
29.6444444444444,9.33333333333333,43.8981978740944,0.308776674438941,"24.7-113.7 months (5th-95th percentile)","male"
31.2925925925926,9.33333333333333,44.1818777933893,0.307189028943929,"24.7-113.7 months (5th-95th percentile)","male"
32.9407407407407,9.33333333333333,44.46009918081,0.309410729790173,"24.7-113.7 months (5th-95th percentile)","male"
34.5888888888889,9.33333333333333,44.7314363233015,0.314690478184607,"24.7-113.7 months (5th-95th percentile)","male"
36.237037037037,9.33333333333333,44.9944392460618,0.322111012102206,"24.7-113.7 months (5th-95th percentile)","male"
37.8851851851852,9.33333333333333,45.2476728597288,0.330713581788419,"24.7-113.7 months (5th-95th percentile)","male"
39.5333333333333,9.33333333333333,45.4897544594507,0.339597592594521,"24.7-113.7 months (5th-95th percentile)","male"
41.1814814814815,9.33333333333333,45.7193874872586,0.347984173239521,"24.7-113.7 months (5th-95th percentile)","male"
42.8296296296296,9.33333333333333,45.9353911398452,0.355248374556254,"24.7-113.7 months (5th-95th percentile)","male"
44.4777777777778,9.33333333333333,46.1367236343199,0.360929586103744,"24.7-113.7 months (5th-95th percentile)","male"
46.1259259259259,9.33333333333333,46.3224939524133,0.364727869516652,"24.7-113.7 months (5th-95th percentile)","male"
47.7740740740741,9.33333333333333,46.4919853793795,0.366498183868712,"24.7-113.7 months (5th-95th percentile)","male"
49.4222222222222,9.33333333333333,46.6446710177294,0.366240378425122,"24.7-113.7 months (5th-95th percentile)","male"
51.0703703703704,9.33333333333333,46.7802210183451,0.364085677895715,"24.7-113.7 months (5th-95th percentile)","male"
52.7185185185185,9.33333333333333,46.8985054375944,0.360280579116918,"24.7-113.7 months (5th-95th percentile)","male"
54.3666666666667,9.33333333333333,46.9995929129005,0.355167554268624,"24.7-113.7 months (5th-95th percentile)","male"
56.0148148148148,9.33333333333333,47.083745003804,0.349161666958056,"24.7-113.7 months (5th-95th percentile)","male"
57.662962962963,9.33333333333333,47.15139735594,0.342721293131776,"24.7-113.7 months (5th-95th percentile)","male"
59.3111111111111,9.33333333333333,47.2031383267427,0.336315283091913,"24.7-113.7 months (5th-95th percentile)","male"
60.9592592592593,9.33333333333333,47.2397083117782,0.330390111836276,"24.7-113.7 months (5th-95th percentile)","male"
62.6074074074074,9.33333333333333,47.2619877571373,0.325334416311109,"24.7-113.7 months (5th-95th percentile)","male"
64.2555555555556,9.33333333333333,47.2709779402056,0.3214466275666,"24.7-113.7 months (5th-95th percentile)","male"
65.9037037037037,9.33333333333333,47.2677803041168,0.318912333300423,"24.7-113.7 months (5th-95th percentile)","male"
67.5518518518519,9.33333333333333,47.253574872909,0.317796473809932,"24.7-113.7 months (5th-95th percentile)","male"
69.2,9.33333333333333,47.2295982466198,0.318052578956408,"24.7-113.7 months (5th-95th percentile)","male"
70.8481481481481,9.33333333333333,47.1971216624136,0.31954703259062,"24.7-113.7 months (5th-95th percentile)","male"
72.4962962962963,9.33333333333333,47.1574295850139,0.322092593599956,"24.7-113.7 months (5th-95th percentile)","male"
74.1444444444444,9.33333333333333,47.1117992575431,0.325483689758964,"24.7-113.7 months (5th-95th percentile)","male"
75.7925925925926,9.33333333333333,47.0614816030529,0.329526706547763,"24.7-113.7 months (5th-95th percentile)","male"
77.4407407407407,9.33333333333333,47.0076838185337,0.334060803073803,"24.7-113.7 months (5th-95th percentile)","male"
79.0888888888889,9.33333333333333,46.9515539487013,0.338967502877855,"24.7-113.7 months (5th-95th percentile)","male"
80.737037037037,9.33333333333333,46.894167667803,0.344169591760363,"24.7-113.7 months (5th-95th percentile)","male"
82.3851851851852,9.33333333333333,46.8365174348318,0.349621432636179,"24.7-113.7 months (5th-95th percentile)","male"
84.0333333333333,9.33333333333333,46.7795041233614,0.355293749080902,"24.7-113.7 months (5th-95th percentile)","male"
85.6814814814815,9.33333333333333,46.7239311629612,0.361156369830609,"24.7-113.7 months (5th-95th percentile)","male"
87.3296296296296,9.33333333333333,46.6705011666741,0.367162422784906,"24.7-113.7 months (5th-95th percentile)","male"
88.9777777777778,9.33333333333333,46.6198149588798,0.373237014832544,"24.7-113.7 months (5th-95th percentile)","male"
90.6259259259259,9.33333333333333,46.5723728628729,0.379272560197907,"24.7-113.7 months (5th-95th percentile)","male"
92.2740740740741,9.33333333333333,46.5285780581072,0.385131757854874,"24.7-113.7 months (5th-95th percentile)","male"
93.9222222222222,9.33333333333333,46.4887417747856,0.390657997553187,"24.7-113.7 months (5th-95th percentile)","male"
95.5703703703704,9.33333333333333,46.4530900583695,0.39569193826904,"24.7-113.7 months (5th-95th percentile)","male"
97.2185185185185,9.33333333333333,46.4217718107275,0.400092309226056,"24.7-113.7 months (5th-95th percentile)","male"
98.8666666666667,9.33333333333333,46.3948677975963,0.403758648555936,"24.7-113.7 months (5th-95th percentile)","male"
100.514814814815,9.33333333333333,46.3724003043207,0.406653610379027,"24.7-113.7 months (5th-95th percentile)","male"
102.162962962963,9.33333333333333,46.3543431229271,0.408822472993348,"24.7-113.7 months (5th-95th percentile)","male"
103.811111111111,9.33333333333333,46.3406315641687,0.410407425906855,"24.7-113.7 months (5th-95th percentile)","male"
105.459259259259,9.33333333333333,46.331172560465,0.411653297829316,"24.7-113.7 months (5th-95th percentile)","male"
107.107407407407,9.33333333333333,46.3258571573196,0.412897005365214,"24.7-113.7 months (5th-95th percentile)","male"
108.755555555556,9.33333333333333,46.3245686945365,0.414553569933048,"24.7-113.7 months (5th-95th percentile)","male"
110.403703703704,9.33333333333333,46.3271881030025,0.417094130698915,"24.7-113.7 months (5th-95th percentile)","male"
112.051851851852,9.33333333333333,46.3335990601948,0.421015698666101,"24.7-113.7 months (5th-95th percentile)","male"
113.7,9.33333333333333,46.3436928623055,0.426796733051671,"24.7-113.7 months (5th-95th percentile)","male"
24.7,9.66666666666667,43.2118774049301,0.350268542822018,"24.7-113.7 months (5th-95th percentile)","male"
26.3481481481481,9.66666666666667,43.5082223037048,0.336394736121611,"24.7-113.7 months (5th-95th percentile)","male"
27.9962962962963,9.66666666666667,43.8027131117603,0.326638281138972,"24.7-113.7 months (5th-95th percentile)","male"
29.6444444444444,9.66666666666667,44.0942510155091,0.321159066109118,"24.7-113.7 months (5th-95th percentile)","male"
31.2925925925926,9.66666666666667,44.3815626682286,0.319811703315895,"24.7-113.7 months (5th-95th percentile)","male"
32.9407407407407,9.66666666666667,44.6632524599434,0.322131637766995,"24.7-113.7 months (5th-95th percentile)","male"
34.5888888888889,9.66666666666667,44.9378534603842,0.32739387972349,"24.7-113.7 months (5th-95th percentile)","male"
36.237037037037,9.66666666666667,45.2038742917399,0.334718855736626,"24.7-113.7 months (5th-95th percentile)","male"
37.8851851851852,9.66666666666667,45.4598394654247,0.343186392557236,"24.7-113.7 months (5th-95th percentile)","male"
39.5333333333333,9.66666666666667,45.7043279754228,0.351928466021156,"24.7-113.7 months (5th-95th percentile)","male"
41.1814814814815,9.66666666666667,45.9360080296449,0.360190197723735,"24.7-113.7 months (5th-95th percentile)","male"
42.8296296296296,9.66666666666667,46.153667498112,0.36736239690513,"24.7-113.7 months (5th-95th percentile)","male"
44.4777777777778,9.66666666666667,46.3562378264976,0.372993573460484,"24.7-113.7 months (5th-95th percentile)","male"
46.1259259259259,9.66666666666667,46.5428060743901,0.376788056175454,"24.7-113.7 months (5th-95th percentile)","male"
47.7740740740741,9.66666666666667,46.712639146704,0.378601519921495,"24.7-113.7 months (5th-95th percentile)","male"
49.4222222222222,9.66666666666667,46.8651997650423,0.378431833241753,"24.7-113.7 months (5th-95th percentile)","male"
51.0703703703704,9.66666666666667,47.0001539147105,0.376406002909946,"24.7-113.7 months (5th-95th percentile)","male"
52.7185185185185,9.66666666666667,47.1173738014945,0.372764218507797,"24.7-113.7 months (5th-95th percentile)","male"
54.3666666666667,9.66666666666667,47.2169365155828,0.367840535478235,"24.7-113.7 months (5th-95th percentile)","male"
56.0148148148148,9.66666666666667,47.2991182420811,0.362039476984444,"24.7-113.7 months (5th-95th percentile)","male"
57.662962962963,9.66666666666667,47.3643748832084,0.355806981227176,"24.7-113.7 months (5th-95th percentile)","male"
59.3111111111111,9.66666666666667,47.4133200702507,0.349598176709594,"24.7-113.7 months (5th-95th percentile)","male"
60.9592592592593,9.66666666666667,47.4467245646312,0.343845611081776,"24.7-113.7 months (5th-95th percentile)","male"
62.6074074074074,9.66666666666667,47.4655039784065,0.338925469769131,"24.7-113.7 months (5th-95th percentile)","male"
64.2555555555556,9.66666666666667,47.4706990215718,0.33512719774378,"24.7-113.7 months (5th-95th percentile)","male"
65.9037037037037,9.66666666666667,47.4634542453288,0.332632600507851,"24.7-113.7 months (5th-95th percentile)","male"
67.5518518518519,9.66666666666667,47.4449958191628,0.331508903709401,"24.7-113.7 months (5th-95th percentile)","male"
69.2,9.66666666666667,47.4166088512568,0.33171757851714,"24.7-113.7 months (5th-95th percentile)","male"
70.8481481481481,9.66666666666667,47.3796147488174,0.333136980275844,"24.7-113.7 months (5th-95th percentile)","male"
72.4962962962963,9.66666666666667,47.335349092162,0.335593531920943,"24.7-113.7 months (5th-95th percentile)","male"
74.1444444444444,9.66666666666667,47.2851404642295,0.338894646226667,"24.7-113.7 months (5th-95th percentile)","male"
75.7925925925926,9.66666666666667,47.230290636229,0.342857155222557,"24.7-113.7 months (5th-95th percentile)","male"
77.4407407407407,9.66666666666667,47.1720564613957,0.347327036684339,"24.7-113.7 months (5th-95th percentile)","male"
79.0888888888889,9.66666666666667,47.11163377398,0.352188680926499,"24.7-113.7 months (5th-95th percentile)","male"
80.737037037037,9.66666666666667,47.0501435310863,0.357364079046971,"24.7-113.7 months (5th-95th percentile)","male"
82.3851851851852,9.66666666666667,46.988620371552,0.362803850174326,"24.7-113.7 months (5th-95th percentile)","male"
84.0333333333333,9.66666666666667,46.9280037012256,0.368472977596922,"24.7-113.7 months (5th-95th percentile)","male"
85.6814814814815,9.66666666666667,46.8691313490001,0.374334584710471,"24.7-113.7 months (5th-95th percentile)","male"
87.3296296296296,9.66666666666667,46.8127357746725,0.380335094764567,"24.7-113.7 months (5th-95th percentile)","male"
88.9777777777778,9.66666666666667,46.7594427486247,0.386393686788059,"24.7-113.7 months (5th-95th percentile)","male"
90.6259259259259,9.66666666666667,46.7097723673821,0.392398122279957,"24.7-113.7 months (5th-95th percentile)","male"
92.2740740740741,9.66666666666667,46.6641422187307,0.398207907424682,"24.7-113.7 months (5th-95th percentile)","male"
93.9222222222222,9.66666666666667,46.6228724667796,0.403664591860031,"24.7-113.7 months (5th-95th percentile)","male"
95.5703703703704,9.66666666666667,46.586192591174,0.408608014659693,"24.7-113.7 months (5th-95th percentile)","male"
97.2185185185185,9.66666666666667,46.5542494877508,0.412896636742738,"24.7-113.7 months (5th-95th percentile)","male"
98.8666666666667,9.66666666666667,46.5271166198296,0.416429763323034,"24.7-113.7 months (5th-95th percentile)","male"
100.514814814815,9.66666666666667,46.5048039005905,0.419169362823354,"24.7-113.7 months (5th-95th percentile)","male"
102.162962962963,9.66666666666667,46.4872679870473,0.4211591790256,"24.7-113.7 months (5th-95th percentile)","male"
103.811111111111,9.66666666666667,46.4744226757511,0.422538778250812,"24.7-113.7 months (5th-95th percentile)","male"
105.459259259259,9.66666666666667,46.4661495288304,0.423549276607715,"24.7-113.7 months (5th-95th percentile)","male"
107.107407407407,9.66666666666667,46.4623115386944,0.424523135930312,"24.7-113.7 months (5th-95th percentile)","male"
108.755555555556,9.66666666666667,46.4627620021953,0.425870779977347,"24.7-113.7 months (5th-95th percentile)","male"
110.403703703704,9.66666666666667,46.4673502806774,0.428059534561015,"24.7-113.7 months (5th-95th percentile)","male"
112.051851851852,9.66666666666667,46.4759272631532,0.431584589252604,"24.7-113.7 months (5th-95th percentile)","male"
113.7,9.66666666666667,46.4883507442937,0.436925914694439,"24.7-113.7 months (5th-95th percentile)","male"
24.7,10,43.4087231704364,0.360385891605734,"24.7-113.7 months (5th-95th percentile)","male"
26.3481481481481,10,43.7089018490815,0.346916906498004,"24.7-113.7 months (5th-95th percentile)","male"
27.9962962962963,10,44.0071720803033,0.337429238106019,"24.7-113.7 months (5th-95th percentile)","male"
29.6444444444444,10,44.3024035198002,0.332058909123168,"24.7-113.7 months (5th-95th percentile)","male"
31.2925925925926,10,44.5932866986406,0.33065782219523,"24.7-113.7 months (5th-95th percentile)","male"
32.9407407407407,10,44.8783868749127,0.332782188118158,"24.7-113.7 months (5th-95th percentile)","male"
34.5888888888889,10,45.1561964602287,0.337745405176659,"24.7-113.7 months (5th-95th percentile)","male"
36.237037037037,10,45.4251832387032,0.344713483662894,"24.7-113.7 months (5th-95th percentile)","male"
37.8851851851852,10,45.6838318778895,0.352809429750686,"24.7-113.7 months (5th-95th percentile)","male"
39.5333333333333,10,45.9306836019942,0.361200402368053,"24.7-113.7 months (5th-95th percentile)","male"
41.1814814814815,10,46.1643718793769,0.369157171050376,"24.7-113.7 months (5th-95th percentile)","male"
42.8296296296296,10,46.3836536999199,0.376087612662491,"24.7-113.7 months (5th-95th percentile)","male"
44.4777777777778,10,46.5874341275736,0.381550609652855,"24.7-113.7 months (5th-95th percentile)","male"
46.1259259259259,10,46.7747786283653,0.385256053832914,"24.7-113.7 months (5th-95th percentile)","male"
47.7740740740741,10,46.9449379849849,0.387061642721635,"24.7-113.7 months (5th-95th percentile)","male"
49.4222222222222,10,47.0973647194222,0.386964482567257,"24.7-113.7 months (5th-95th percentile)","male"
51.0703703703704,10,47.2317207525916,0.385088337786983,"24.7-113.7 months (5th-95th percentile)","male"
52.7185185185185,10,47.3478804589686,0.381667605748756,"24.7-113.7 months (5th-95th percentile)","male"
54.3666666666667,10,47.4459293184893,0.377027690798489,"24.7-113.7 months (5th-95th percentile)","male"
56.0148148148148,10,47.5261579976759,0.371561230691513,"24.7-113.7 months (5th-95th percentile)","male"
57.662962962963,10,47.5890424366425,0.36569887340193,"24.7-113.7 months (5th-95th percentile)","male"
59.3111111111111,10,47.6352212548394,0.359877263371642,"24.7-113.7 months (5th-95th percentile)","male"
60.9592592592593,10,47.6654952251847,0.354507986377694,"24.7-113.7 months (5th-95th percentile)","male"
62.6074074074074,10,47.6808147058534,0.34994535385543,"24.7-113.7 months (5th-95th percentile)","male"
64.2555555555556,10,47.6822593605277,0.346458289273714,"24.7-113.7 months (5th-95th percentile)","male"
65.9037037037037,10,47.6710163176646,0.344211916280381,"24.7-113.7 months (5th-95th percentile)","male"
67.5518518518519,10,47.6483573173161,0.343262664640851,"24.7-113.7 months (5th-95th percentile)","male"
69.2,10,47.6156153651956,0.343568094069911,"24.7-113.7 months (5th-95th percentile)","male"
70.8481481481481,10,47.5741614009191,0.345009229561053,"24.7-113.7 months (5th-95th percentile)","male"
72.4962962962963,10,47.5253814647115,0.34742035051636,"24.7-113.7 months (5th-95th percentile)","male"
74.1444444444444,10,47.4706548146694,0.350619958324936,"24.7-113.7 months (5th-95th percentile)","male"
75.7925925925926,10,47.4113334055972,0.354437264266374,"24.7-113.7 months (5th-95th percentile)","male"
77.4407407407407,10,47.348723091438,0.358730384743057,"24.7-113.7 months (5th-95th percentile)","male"
79.0888888888889,10,47.2840668581272,0.363394639688391,"24.7-113.7 months (5th-95th percentile)","male"
80.737037037037,10,47.2185303337437,0.368361296169465,"24.7-113.7 months (5th-95th percentile)","male"
82.3851851851852,10,47.153189758839,0.373588537377347,"24.7-113.7 months (5th-95th percentile)","male"
84.0333333333333,10,47.0890225343421,0.379047368146942,"24.7-113.7 months (5th-95th percentile)","male"
85.6814814814815,10,47.0269003987042,0.384705651068661,"24.7-113.7 months (5th-95th percentile)","male"
87.3296296296296,10,46.9675852218508,0.39051351911706,"24.7-113.7 months (5th-95th percentile)","male"
88.9777777777778,10,46.911727341539,0.396393020403407,"24.7-113.7 months (5th-95th percentile)","male"
90.6259259259259,10,46.8598663108399,0.402234049303031,"24.7-113.7 months (5th-95th percentile)","male"
92.2740740740741,10,46.8124338741036,0.407897535290002,"24.7-113.7 months (5th-95th percentile)","male"
93.9222222222222,10,46.7697589444671,0.413225711525782,"24.7-113.7 months (5th-95th percentile)","male"
95.5703703703704,10,46.7320743187118,0.418058296947447,"24.7-113.7 months (5th-95th percentile)","male"
97.2185185185185,10,46.6995248373289,0.422252747710814,"24.7-113.7 months (5th-95th percentile)","male"
98.8666666666667,10,46.6721766785007,0.425706389726998,"24.7-113.7 months (5th-95th percentile)","male"
100.514814814815,10,46.6500274649522,0.428378142962564,"24.7-113.7 months (5th-95th percentile)","male"
102.162962962963,10,46.6330168616608,0.430307544364975,"24.7-113.7 months (5th-95th percentile)","male"
103.811111111111,10,46.6210373510925,0.431628739345879,"24.7-113.7 months (5th-95th percentile)","male"
105.459259259259,10,46.6139453763912,0.43257625046765,"24.7-113.7 months (5th-95th percentile)","male"
107.107407407407,10,46.6115761645442,0.433475031319103,"24.7-113.7 months (5th-95th percentile)","male"
108.755555555556,10,46.6137532850979,0.43472749037899,"24.7-113.7 months (5th-95th percentile)","male"
110.403703703704,10,46.6202948680999,0.43679310701743,"24.7-113.7 months (5th-95th percentile)","male"
112.051851851852,10,46.6310193722962,0.440160381065789,"24.7-113.7 months (5th-95th percentile)","male"
113.7,10,46.6457514637177,0.445305002452923,"24.7-113.7 months (5th-95th percentile)","male"
24.7,10.3333333333333,43.6233597013859,0.362838365348923,"24.7-113.7 months (5th-95th percentile)","male"
26.3481481481481,10.3333333333333,43.927203988242,0.349313472519196,"24.7-113.7 months (5th-95th percentile)","male"
27.9962962962963,10.3333333333333,44.2290876894457,0.339668370543326,"24.7-113.7 months (5th-95th percentile)","male"
29.6444444444444,10.3333333333333,44.5278502195062,0.334041439562596,"24.7-113.7 months (5th-95th percentile)","male"
31.2925925925926,10.3333333333333,44.822147466547,0.332299076562652,"24.7-113.7 months (5th-95th percentile)","male"
32.9407407407407,10.3333333333333,45.1105071616657,0.334022070987119,"24.7-113.7 months (5th-95th percentile)","male"
34.5888888888889,10.3333333333333,45.3913827287084,0.338553411357188,"24.7-113.7 months (5th-95th percentile)","male"
36.237037037037,10.3333333333333,45.6632027947811,0.34508811961953,"24.7-113.7 months (5th-95th percentile)","male"
37.8851851851852,10.3333333333333,45.9244138278406,0.352773781733466,"24.7-113.7 months (5th-95th percentile)","male"
39.5333333333333,10.3333333333333,46.1735208458559,0.360796268242184,"24.7-113.7 months (5th-95th percentile)","male"
41.1814814814815,10.3333333333333,46.4091240214696,0.368439551717128,"24.7-113.7 months (5th-95th percentile)","male"
42.8296296296296,10.3333333333333,46.6299507546695,0.375120369088446,"24.7-113.7 months (5th-95th percentile)","male"
44.4777777777778,10.3333333333333,46.8348808380878,0.380403369756485,"24.7-113.7 months (5th-95th percentile)","male"
46.1259259259259,10.3333333333333,47.0229590625267,0.384002128939693,"24.7-113.7 months (5th-95th percentile)","male"
47.7740740740741,10.3333333333333,47.1934207867123,0.385776482877557,"24.7-113.7 months (5th-95th percentile)","male"
49.4222222222222,10.3333333333333,47.3457087925176,0.385724338887679,"24.7-113.7 months (5th-95th percentile)","male"
51.0703703703704,10.3333333333333,47.4794811481014,0.383968854954856,"24.7-113.7 months (5th-95th percentile)","male"
52.7185185185185,10.3333333333333,47.5946143559305,0.380742101384369,"24.7-113.7 months (5th-95th percentile)","male"
54.3666666666667,10.3333333333333,47.6912019926138,0.376364939445429,"24.7-113.7 months (5th-95th percentile)","male"
56.0148148148148,10.3333333333333,47.7695486653418,0.3712226588772,"24.7-113.7 months (5th-95th percentile)","male"
57.662962962963,10.3333333333333,47.8301495849304,0.365735255126454,"24.7-113.7 months (5th-95th percentile)","male"
59.3111111111111,10.3333333333333,47.8736673894753,0.360325139720484,"24.7-113.7 months (5th-95th percentile)","male"
60.9592592592593,10.3333333333333,47.9009316878805,0.355386151990174,"24.7-113.7 months (5th-95th percentile)","male"
62.6074074074074,10.3333333333333,47.9129262140282,0.351252135438024,"24.7-113.7 months (5th-95th percentile)","male"
64.2555555555556,10.3333333333333,47.9107680408017,0.34817038293731,"24.7-113.7 months (5th-95th percentile)","male"
65.9037037037037,10.3333333333333,47.8956851785079,0.346285337254863,"24.7-113.7 months (5th-95th percentile)","male"
67.5518518518519,10.3333333333333,47.8689931165016,0.345635927923765,"24.7-113.7 months (5th-95th percentile)","male"
69.2,10.3333333333333,47.8320708374615,0.346167206213349,"24.7-113.7 months (5th-95th percentile)","male"
70.8481481481481,10.3333333333333,47.7863368211876,0.347753659766792,"24.7-113.7 months (5th-95th percentile)","male"
72.4962962962963,10.3333333333333,47.7332255322356,0.350229032177327,"24.7-113.7 months (5th-95th percentile)","male"
74.1444444444444,10.3333333333333,47.6741648534918,0.353416552903527,"24.7-113.7 months (5th-95th percentile)","male"
75.7925925925926,10.3333333333333,47.6105548865917,0.357154257975733,"24.7-113.7 months (5th-95th percentile)","male"
77.4407407407407,10.3333333333333,47.5437484908577,0.36131191451576,"24.7-113.7 months (5th-95th percentile)","male"
79.0888888888889,10.3333333333333,47.475033876895,0.365798154053782,"24.7-113.7 months (5th-95th percentile)","male"
80.737037037037,10.3333333333333,47.4056195106062,0.370558233950999,"24.7-113.7 months (5th-95th percentile)","male"
82.3851851851852,10.3333333333333,47.3366215188457,0.37556419534468,"24.7-113.7 months (5th-95th percentile)","male"
84.0333333333333,10.3333333333333,47.2690537218306,0.380800085705757,"24.7-113.7 months (5th-95th percentile)","male"
85.6814814814815,10.3333333333333,47.2038203509777,0.386245410062417,"24.7-113.7 months (5th-95th percentile)","male"
87.3296296296296,10.3333333333333,47.141711445976,0.391860059425241,"24.7-113.7 months (5th-95th percentile)","male"
88.9777777777778,10.3333333333333,47.0834008620635,0.397573602686452,"24.7-113.7 months (5th-95th percentile)","male"
90.6259259259259,10.3333333333333,47.0294467607009,0.403281034445556,"24.7-113.7 months (5th-95th percentile)","male"
92.2740740740741,10.3333333333333,46.9802944045287,0.408845971787116,"24.7-113.7 months (5th-95th percentile)","male"
93.9222222222222,10.3333333333333,46.936281032228,0.414111111725837,"24.7-113.7 months (5th-95th percentile)","male"
95.5703703703704,10.3333333333333,46.8976425506253,0.418914740040301,"24.7-113.7 months (5th-95th percentile)","male"
97.2185185185185,10.3333333333333,46.8645217524383,0.423111384025987,"24.7-113.7 months (5th-95th percentile)","male"
98.8666666666667,10.3333333333333,46.8369777479013,0.426594355248062,"24.7-113.7 months (5th-95th percentile)","male"
100.514814814815,10.3333333333333,46.8149962877818,0.429317840631195,"24.7-113.7 months (5th-95th percentile)","male"
102.162962962963,10.3333333333333,46.7985006533501,0.431316218841739,"24.7-113.7 months (5th-95th percentile)","male"
103.811111111111,10.3333333333333,46.7873627966402,0.432718267014607,"24.7-113.7 months (5th-95th percentile)","male"
105.459259259259,10.3333333333333,46.7814149806865,0.433753082143953,"24.7-113.7 months (5th-95th percentile)","male"
107.107407407407,10.3333333333333,46.780465714649,0.434740237526208,"24.7-113.7 months (5th-95th percentile)","male"
108.755555555556,10.3333333333333,46.7843099699681,0.436076939969347,"24.7-113.7 months (5th-95th percentile)","male"
110.403703703704,10.3333333333333,46.7927358382965,0.438217844307692,"24.7-113.7 months (5th-95th percentile)","male"
112.051851851852,10.3333333333333,46.8055305937247,0.44164732560027,"24.7-113.7 months (5th-95th percentile)","male"
113.7,10.3333333333333,46.8224870529911,0.446838035723878,"24.7-113.7 months (5th-95th percentile)","male"
24.7,10.6666666666667,43.8597982389098,0.353905051260795,"24.7-113.7 months (5th-95th percentile)","male"
26.3481481481481,10.6666666666667,44.1670263635256,0.33971196528503,"24.7-113.7 months (5th-95th percentile)","male"
27.9962962962963,10.6666666666667,44.4722456109596,0.329381662289313,"24.7-113.7 months (5th-95th percentile)","male"
29.6444444444444,10.6666666666667,44.7742673883736,0.323088491367422,"24.7-113.7 months (5th-95th percentile)","male"
31.2925925925926,10.6666666666667,45.0717155019138,0.320732019409085,"24.7-113.7 months (5th-95th percentile)","male"
32.9407407407407,10.6666666666667,45.3630829323091,0.321915961721549,"24.7-113.7 months (5th-95th percentile)","male"
34.5888888888889,10.6666666666667,45.6467870031837,0.32599264601415,"24.7-113.7 months (5th-95th percentile)","male"
36.237037037037,10.6666666666667,45.9212200880643,0.332154596108603,"24.7-113.7 months (5th-95th percentile)","male"
37.8851851851852,10.6666666666667,46.1847932919146,0.339539857421047,"24.7-113.7 months (5th-95th percentile)","male"
39.5333333333333,10.6666666666667,46.435978119958,0.347322658449685,"24.7-113.7 months (5th-95th percentile)","male"
41.1814814814815,10.6666666666667,46.6733439318766,0.354776601464735,"24.7-113.7 months (5th-95th percentile)","male"
42.8296296296296,10.6666666666667,46.895590751063,0.361310888156888,"24.7-113.7 months (5th-95th percentile)","male"
44.4777777777778,10.6666666666667,47.1015749972904,0.366485747625762,"24.7-113.7 months (5th-95th percentile)","male"
46.1259259259259,10.6666666666667,47.2903223488717,0.370013071911508,"24.7-113.7 months (5th-95th percentile)","male"
47.7740740740741,10.6666666666667,47.461053919115,0.371753161231318,"24.7-113.7 months (5th-95th percentile)","male"
49.4222222222222,10.6666666666667,47.6132035119412,0.37170592827607,"24.7-113.7 months (5th-95th percentile)","male"
51.0703703703704,10.6666666666667,47.7464256730948,0.369997512691028,"24.7-113.7 months (5th-95th percentile)","male"
52.7185185185185,10.6666666666667,47.8605989241766,0.366863393014546,"24.7-113.7 months (5th-95th percentile)","male"
54.3666666666667,10.6666666666667,47.9558243907628,0.362627664041718,"24.7-113.7 months (5th-95th percentile)","male"
56.0148148148148,10.6666666666667,48.0324196427703,0.357677952076063,"24.7-113.7 months (5th-95th percentile)","male"
57.662962962963,10.6666666666667,48.0908977908385,0.352434836727296,"24.7-113.7 months (5th-95th percentile)","male"
59.3111111111111,10.6666666666667,48.1319437702123,0.34731861211646,"24.7-113.7 months (5th-95th percentile)","male"
60.9592592592593,10.6666666666667,48.1564139478524,0.34271735712431,"24.7-113.7 months (5th-95th percentile)","male"
62.6074074074074,10.6666666666667,48.1653230187668,0.338954914988381,"24.7-113.7 months (5th-95th percentile)","male"
64.2555555555556,10.6666666666667,48.1598227504618,0.336264416938263,"24.7-113.7 months (5th-95th percentile)","male"
65.9037037037037,10.6666666666667,48.1411790612138,0.334772951865971,"24.7-113.7 months (5th-95th percentile)","male"
67.5518518518519,10.6666666666667,48.1107480004769,0.334500722638609,"24.7-113.7 months (5th-95th percentile)","male"
69.2,10.6666666666667,48.069951169929,0.335374993400102,"24.7-113.7 months (5th-95th percentile)","male"
70.8481481481481,10.6666666666667,48.0202511112365,0.337255659107838,"24.7-113.7 months (5th-95th percentile)","male"
72.4962962962963,10.6666666666667,47.9631271641527,0.339966753496894,"24.7-113.7 months (5th-95th percentile)","male"
74.1444444444444,10.6666666666667,47.9000522663309,0.343327523898322,"24.7-113.7 months (5th-95th percentile)","male"
75.7925925925926,10.6666666666667,47.8324711249277,0.347177749719183,"24.7-113.7 months (5th-95th percentile)","male"
77.4407407407407,10.6666666666667,47.761780140612,0.351393996138532,"24.7-113.7 months (5th-95th percentile)","male"
79.0888888888889,10.6666666666667,47.6893094087574,0.355895639684987,"24.7-113.7 months (5th-95th percentile)","male"
80.737037037037,10.6666666666667,47.6163070618116,0.360641283553933,"24.7-113.7 months (5th-95th percentile)","male"
82.3851851851852,10.6666666666667,47.5439261517948,0.365617475666019,"24.7-113.7 months (5th-95th percentile)","male"
84.0333333333333,10.6666666666667,47.4732142051969,0.370822510546502,"24.7-113.7 months (5th-95th percentile)","male"
85.6814814814815,10.6666666666667,47.4051055154378,0.376248590337193,"24.7-113.7 months (5th-95th percentile)","male"
87.3296296296296,10.6666666666667,47.3404161724813,0.381865713604973,"24.7-113.7 months (5th-95th percentile)","male"
88.9777777777778,10.6666666666667,47.2798417655473,0.387610290446114,"24.7-113.7 months (5th-95th percentile)","male"
90.6259259259259,10.6666666666667,47.2239576362612,0.393380647255327,"24.7-113.7 months (5th-95th percentile)","male"
92.2740740740741,10.6666666666667,47.1732215063903,0.399040415295562,"24.7-113.7 months (5th-95th percentile)","male"
93.9222222222222,10.6666666666667,47.1279782581587,0.404429541086133,"24.7-113.7 months (5th-95th percentile)","male"
95.5703703703704,10.6666666666667,47.0884666058994,0.409381583338712,"24.7-113.7 months (5th-95th percentile)","male"
97.2185185185185,10.6666666666667,47.0548273679328,0.413745248838335,"24.7-113.7 months (5th-95th percentile)","male"
98.8666666666667,10.6666666666667,47.0271130264718,0.417407794297299,"24.7-113.7 months (5th-95th percentile)","male"
100.514814814815,10.6666666666667,47.0052982517216,0.42031787312526,"24.7-113.7 months (5th-95th percentile)","male"
102.162962962963,10.6666666666667,46.9892910634826,0.422505462984988,"24.7-113.7 months (5th-95th percentile)","male"
103.811111111111,10.6666666666667,46.9789443105007,0.424096520407381,"24.7-113.7 months (5th-95th percentile)","male"
105.459259259259,10.6666666666667,46.9740677720997,0.425319149789185,"24.7-113.7 months (5th-95th percentile)","male"
107.107407407407,10.6666666666667,46.9744451240064,0.426493643166735,"24.7-113.7 months (5th-95th percentile)","male"
108.755555555556,10.6666666666667,46.9798447642683,0.428019467704025,"24.7-113.7 months (5th-95th percentile)","male"
110.403703703704,10.6666666666667,46.9900268795145,0.430354724009817,"24.7-113.7 months (5th-95th percentile)","male"
112.051851851852,10.6666666666667,47.0047497809957,0.433987888358602,"24.7-113.7 months (5th-95th percentile)","male"
113.7,10.6666666666667,47.0237767123721,0.439395502514732,"24.7-113.7 months (5th-95th percentile)","male"
24.7,11,44.1112940543927,0.339624427823162,"24.7-113.7 months (5th-95th percentile)","male"
26.3481481481481,11,44.4215105716609,0.324351325872406,"24.7-113.7 months (5th-95th percentile)","male"
27.9962962962963,11,44.7296753963191,0.312967880942352,"24.7-113.7 months (5th-95th percentile)","male"
29.6444444444444,11,45.0345751070216,0.30571004743521,"24.7-113.7 months (5th-95th percentile)","male"
31.2925925925926,11,45.3348050713884,0.302528687354459,"24.7-113.7 months (5th-95th percentile)","male"
32.9407407407407,11,45.6288274689212,0.303055170976815,"24.7-113.7 months (5th-95th percentile)","male"
34.5888888888889,11,45.9150276286334,0.306641518982099,"24.7-113.7 months (5th-95th percentile)","male"
36.237037037037,11,46.1917657971452,0.31245790533331,"24.7-113.7 months (5th-95th percentile)","male"
37.8851851851852,11,46.4574217462218,0.319609155234642,"24.7-113.7 months (5th-95th percentile)","male"
39.5333333333333,11,46.7104372925946,0.327235660265937,"24.7-113.7 months (5th-95th percentile)","male"
41.1814814814815,11,46.9493545054056,0.334582770191409,"24.7-113.7 months (5th-95th percentile)","male"
42.8296296296296,11,47.1728491684613,0.341039254532818,"24.7-113.7 months (5th-95th percentile)","male"
44.4777777777778,11,47.3797570157466,0.346152485667746,"24.7-113.7 months (5th-95th percentile)","male"
46.1259259259259,11,47.5690868206719,0.349627770062348,"24.7-113.7 months (5th-95th percentile)","male"
47.7740740740741,11,47.7400471102908,0.351323732374839,"24.7-113.7 months (5th-95th percentile)","male"
49.4222222222222,11,47.892063775606,0.35124237789711,"24.7-113.7 months (5th-95th percentile)","male"
51.0703703703704,11,48.024788289064,0.349514851870129,"24.7-113.7 months (5th-95th percentile)","male"
52.7185185185185,11,48.138101014316,0.34638391324911,"24.7-113.7 months (5th-95th percentile)","male"
54.3666666666667,11,48.2321098233647,0.342182622197801,"24.7-113.7 months (5th-95th percentile)","male"
56.0148148148148,11,48.3071438333831,0.337308511718397,"24.7-113.7 months (5th-95th percentile)","male"
57.662962962963,11,48.3637320798151,0.332191930982224,"24.7-113.7 months (5th-95th percentile)","male"
59.3111111111111,11,48.4025793210172,0.327261338049645,"24.7-113.7 months (5th-95th percentile)","male"
60.9592592592593,11,48.4245657009871,0.322909588796102,"24.7-113.7 months (5th-95th percentile)","male"
62.6074074074074,11,48.4307334163322,0.319460137328771,"24.7-113.7 months (5th-95th percentile)","male"
64.2555555555556,11,48.4222650436486,0.31713937441886,"24.7-113.7 months (5th-95th percentile)","male"
65.9037037037037,11,48.400460155884,0.316061295970537,"24.7-113.7 months (5th-95th percentile)","male"
67.5518518518519,11,48.3667108044457,0.316228119291334,"24.7-113.7 months (5th-95th percentile)","male"
69.2,11,48.3224764135901,0.317546899218667,"24.7-113.7 months (5th-95th percentile)","male"
70.8481481481481,11,48.2692586213537,0.319858260944388,"24.7-113.7 months (5th-95th percentile)","male"
72.4962962962963,11,48.2085765788909,0.322970721622966,"24.7-113.7 months (5th-95th percentile)","male"
74.1444444444444,11,48.1419431878407,0.32669361830306,"24.7-113.7 months (5th-95th percentile)","male"
75.7925925925926,11,48.0708427139292,0.330863108700644,"24.7-113.7 months (5th-95th percentile)","male"
77.4407407407407,11,47.9967101653697,0.335358062286952,"24.7-113.7 months (5th-95th percentile)","male"
79.0888888888889,11,47.9209127684949,0.340104967209389,"24.7-113.7 months (5th-95th percentile)","male"
80.737037037037,11,47.8447338119252,0.345072776218614,"24.7-113.7 months (5th-95th percentile)","male"
82.3851851851852,11,47.7693590650861,0.350259863251899,"24.7-113.7 months (5th-95th percentile)","male"
84.0333333333333,11,47.6958659096885,0.355676085957127,"24.7-113.7 months (5th-95th percentile)","male"
85.6814814814815,11,47.6252152550992,0.3613234206127,"24.7-113.7 months (5th-95th percentile)","male"
87.3296296296296,11,47.5582462423204,0.367178710055983,"24.7-113.7 months (5th-95th percentile)","male"
88.9777777777778,11,47.4956736769367,0.373181652033361,"24.7-113.7 months (5th-95th percentile)","male"
90.6259259259259,11,47.438088072042,0.379230241221551,"24.7-113.7 months (5th-95th percentile)","male"
92.2740740740741,11,47.3859581281921,0.385184608978573,"24.7-113.7 months (5th-95th percentile)","male"
93.9222222222222,11,47.3396354304719,0.390878861671235,"24.7-113.7 months (5th-95th percentile)","male"
95.5703703703704,11,47.2993611026901,0.396139401821404,"24.7-113.7 months (5th-95th percentile)","male"
97.2185185185185,11,47.2652741280237,0.400807514032011,"24.7-113.7 months (5th-95th percentile)","male"
98.8666666666667,11,47.2374210235164,0.404763721078293,"24.7-113.7 months (5th-95th percentile)","male"
100.514814814815,11,47.215766543403,0.40795142742687,"24.7-113.7 months (5th-95th percentile)","male"
102.162962962963,11,47.2002050825595,0.410397469604646,"24.7-113.7 months (5th-95th percentile)","male"
103.811111111111,11,47.1905724575743,0.412227218270562,"24.7-113.7 months (5th-95th percentile)","male"
105.459259259259,11,47.186658418562,0.413670971515677,"24.7-113.7 months (5th-95th percentile)","male"
107.107407407407,11,47.1882245296433,0.415053742978989,"24.7-113.7 months (5th-95th percentile)","male"
108.755555555556,11,47.1950155363793,0.416781958910347,"24.7-113.7 months (5th-95th percentile)","male"
110.403703703704,11,47.2067667949234,0.4193223514527,"24.7-113.7 months (5th-95th percentile)","male"
112.051851851852,11,47.2232108524421,0.423172826303876,"24.7-113.7 months (5th-95th percentile)","male"
113.7,11,47.2440846533437,0.428818726257871,"24.7-113.7 months (5th-95th percentile)","male"
24.7,11.3333333333333,44.3662816958963,0.329714178723301,"24.7-113.7 months (5th-95th percentile)","male"
26.3481481481481,11.3333333333333,44.6789774860539,0.313419716070504,"24.7-113.7 months (5th-95th percentile)","male"
27.9962962962963,11.3333333333333,44.9895858736754,0.30100915848128,"24.7-113.7 months (5th-95th percentile)","male"
29.6444444444444,11.3333333333333,45.2968727327468,0.292777088935525,"24.7-113.7 months (5th-95th percentile)","male"
31.2925925925926,11.3333333333333,45.5994097182952,0.288729282181049,"24.7-113.7 months (5th-95th percentile)","male"
32.9407407407407,11.3333333333333,45.8956333302574,0.288533554551471,"24.7-113.7 months (5th-95th percentile)","male"
34.5888888888889,11.3333333333333,46.183902226714,0.291552242638932,"24.7-113.7 months (5th-95th percentile)","male"
36.237037037037,11.3333333333333,46.4625498772931,0.29694253685341,"24.7-113.7 months (5th-95th percentile)","male"
37.8851851851852,11.3333333333333,46.7299299435495,0.303782653795535,"24.7-113.7 months (5th-95th percentile)","male"
39.5333333333333,11.3333333333333,46.9844595087373,0.311182947464489,"24.7-113.7 months (5th-95th percentile)","male"
41.1814814814815,11.3333333333333,47.2246579135416,0.318362115617362,"24.7-113.7 months (5th-95th percentile)","male"
42.8296296296296,11.3333333333333,47.4491807629024,0.324688605192576,"24.7-113.7 months (5th-95th percentile)","male"
44.4777777777778,11.3333333333333,47.6568465806987,0.329696127626592,"24.7-113.7 months (5th-95th percentile)","male"
46.1259259259259,11.3333333333333,47.8466500878765,0.333082107429945,"24.7-113.7 months (5th-95th percentile)","male"
47.7740740740741,11.3333333333333,48.0177893650147,0.334701981477623,"24.7-113.7 months (5th-95th percentile)","male"
49.4222222222222,11.3333333333333,48.1696837581026,0.334558319379902,"24.7-113.7 months (5th-95th percentile)","male"
51.0703703703704,11.3333333333333,48.3019822341785,0.332785884553113,"24.7-113.7 months (5th-95th percentile)","male"
52.7185185185185,11.3333333333333,48.4145667536345,0.32963360371549,"24.7-113.7 months (5th-95th percentile)","male"
54.3666666666667,11.3333333333333,48.5075508775249,0.325442788340908,"24.7-113.7 months (5th-95th percentile)","male"
56.0148148148148,11.3333333333333,48.5812734172791,0.320620675797769,"24.7-113.7 months (5th-95th percentile)","male"
57.662962962963,11.3333333333333,48.6362767539857,0.315607783680147,"24.7-113.7 months (5th-95th percentile)","male"
59.3111111111111,11.3333333333333,48.6732822425342,0.310841770952336,"24.7-113.7 months (5th-95th percentile)","male"
60.9592592592593,11.3333333333333,48.6931899198485,0.306721903304944,"24.7-113.7 months (5th-95th percentile)","male"
62.6074074074074,11.3333333333333,48.6970649796645,0.303573359371181,"24.7-113.7 months (5th-95th percentile)","male"
64.2555555555556,11.3333333333333,48.6861157511798,0.30161822182909,"24.7-113.7 months (5th-95th percentile)","male"
65.9037037037037,11.3333333333333,48.6616699292979,0.300959975808418,"24.7-113.7 months (5th-95th percentile)","male"
67.5518518518519,11.3333333333333,48.6251496402893,0.30158543176488,"24.7-113.7 months (5th-95th percentile)","male"
69.2,11.3333333333333,48.5780458961143,0.303383856080693,"24.7-113.7 months (5th-95th percentile)","male"
70.8481481481481,11.3333333333333,48.5218929785038,0.306178676337958,"24.7-113.7 months (5th-95th percentile)","male"
72.4962962962963,11.3333333333333,48.4582432715561,0.309764375600047,"24.7-113.7 months (5th-95th percentile)","male"
74.1444444444444,11.3333333333333,48.3886430293522,0.313941010981363,"24.7-113.7 months (5th-95th percentile)","male"
75.7925925925926,11.3333333333333,48.3146095235975,0.318540668377512,"24.7-113.7 months (5th-95th percentile)","male"
77.4407407407407,11.3333333333333,48.2376099664772,0.323442850300757,"24.7-113.7 months (5th-95th percentile)","male"
79.0888888888889,11.3333333333333,48.1590425475651,0.328578245449545,"24.7-113.7 months (5th-95th percentile)","male"
80.737037037037,11.3333333333333,48.0802198621893,0.333922122695403,"24.7-113.7 months (5th-95th percentile)","male"
82.3851851851852,11.3333333333333,48.0023549427969,0.339479778580379,"24.7-113.7 months (5th-95th percentile)","male"
84.0333333333333,11.3333333333333,47.9265500372307,0.345267231506951,"24.7-113.7 months (5th-95th percentile)","male"
85.6814814814815,11.3333333333333,47.8537882096543,0.351290784234276,"24.7-113.7 months (5th-95th percentile)","male"
87.3296296296296,11.3333333333333,47.784927773125,0.35752910878698,"24.7-113.7 months (5th-95th percentile)","male"
88.9777777777778,11.3333333333333,47.7206994978554,0.363921035443908,"24.7-113.7 months (5th-95th percentile)","male"
90.6259259259259,11.3333333333333,47.6617064792415,0.370361235108996,"24.7-113.7 months (5th-95th percentile)","male"
92.2740740740741,11.3333333333333,47.6084264951151,0.376704637615425,"24.7-113.7 months (5th-95th percentile)","male"
93.9222222222222,11.3333333333333,47.5612166340577,0.382779035983747,"24.7-113.7 months (5th-95th percentile)","male"
95.5703703703704,11.3333333333333,47.520319935831,0.388404205791465,"24.7-113.7 months (5th-95th percentile)","male"
97.2185185185185,11.3333333333333,47.4858737535997,0.393415203209642,"24.7-113.7 months (5th-95th percentile)","male"
98.8666666666667,11.3333333333333,47.4579195250169,0.397687285805309,"24.7-113.7 months (5th-95th percentile)","male"
100.514814814815,11.3333333333333,47.4364136261347,0.401159965724893,"24.7-113.7 months (5th-95th percentile)","male"
102.162962962963,11.3333333333333,47.4212389777591,0.403857840624499,"24.7-113.7 months (5th-95th percentile)","male"
103.811111111111,11.3333333333333,47.4122170794385,0.405905880530841,"24.7-113.7 months (5th-95th percentile)","male"
105.459259259259,11.3333333333333,47.4091208646817,0.407535904434317,"24.7-113.7 months (5th-95th percentile)","male"
107.107407407407,11.3333333333333,47.4116933452641,0.409076178459854,"24.7-113.7 months (5th-95th percentile)","male"
108.755555555556,11.3333333333333,47.4196594313591,0.410938001023669,"24.7-113.7 months (5th-95th percentile)","male"
110.403703703704,11.3333333333333,47.43273366437,0.41359438218996,"24.7-113.7 months (5th-95th percentile)","male"
112.051851851852,11.3333333333333,47.450627003074,0.417550550515635,"24.7-113.7 months (5th-95th percentile)","male"
113.7,11.3333333333333,47.4730543640664,0.423299472931415,"24.7-113.7 months (5th-95th percentile)","male"
24.7,11.6666666666667,44.6131729722215,0.329981713083606,"24.7-113.7 months (5th-95th percentile)","male"
26.3481481481481,11.6666666666667,44.9277252408495,0.313164823177787,"24.7-113.7 months (5th-95th percentile)","male"
27.9962962962963,11.6666666666667,45.240163131919,0.300154133966868,"24.7-113.7 months (5th-95th percentile)","male"
29.6444444444444,11.6666666666667,45.5492368835846,0.291265782637128,"24.7-113.7 months (5th-95th percentile)","male"
31.2925925925926,11.6666666666667,45.853500246698,0.286537683978526,"24.7-113.7 months (5th-95th percentile)","male"
32.9407407407407,11.6666666666667,46.1513703358122,0.285673562156595,"24.7-113.7 months (5th-95th percentile)","male"
34.5888888888889,11.6666666666667,46.4411856798208,0.288066972908476,"24.7-113.7 months (5th-95th percentile)","male"
36.237037037037,11.6666666666667,46.7212595445166,0.292895922654841,"24.7-113.7 months (5th-95th percentile)","male"
37.8851851851852,11.6666666666667,46.9899258974244,0.299248123465252,"24.7-113.7 months (5th-95th percentile)","male"
39.5333333333333,11.6666666666667,47.2455831740967,0.306234744248544,"24.7-113.7 months (5th-95th percentile)","male"
41.1814814814815,11.6666666666667,47.4867335885084,0.313070345451143,"24.7-113.7 months (5th-95th percentile)","male"
42.8296296296296,11.6666666666667,47.7120175511636,0.319117386614355,"24.7-113.7 months (5th-95th percentile)","male"
44.4777777777778,11.6666666666667,47.9202406401283,0.323903698398518,"24.7-113.7 months (5th-95th percentile)","male"
46.1259259259259,11.6666666666667,48.1103870211735,0.327121927210502,"24.7-113.7 months (5th-95th percentile)","male"
47.7740740740741,11.6666666666667,48.2816469488009,0.328624171624946,"24.7-113.7 months (5th-95th percentile)","male"
49.4222222222222,11.6666666666667,48.4334348947604,0.328411121640141,"24.7-113.7 months (5th-95th percentile)","male"
51.0703703703704,11.6666666666667,48.5653980073471,0.326616978657153,"24.7-113.7 months (5th-95th percentile)","male"
52.7185185185185,11.6666666666667,48.6774195301574,0.323491175984159,"24.7-113.7 months (5th-95th percentile)","male"
54.3666666666667,11.6666666666667,48.7696174010879,0.319376238181102,"24.7-113.7 months (5th-95th percentile)","male"
56.0148148148148,11.6666666666667,48.8423378352962,0.314680810955585,"24.7-113.7 months (5th-95th percentile)","male"
57.662962962963,11.6666666666667,48.8961333762146,0.309846356157168,"24.7-113.7 months (5th-95th percentile)","male"
59.3111111111111,11.6666666666667,48.9317379961465,0.305310221528458,"24.7-113.7 months (5th-95th percentile)","male"
60.9592592592593,11.6666666666667,48.9500668377393,0.301469247889192,"24.7-113.7 months (5th-95th percentile)","male"
62.6074074074074,11.6666666666667,48.952202542443,0.298643478698264,"24.7-113.7 months (5th-95th percentile)","male"
64.2555555555556,11.6666666666667,48.939372964612,0.297047105269707,"24.7-113.7 months (5th-95th percentile)","male"
65.9037037037037,11.6666666666667,48.9129271089735,0.296773636822256,"24.7-113.7 months (5th-95th percentile)","male"
67.5518518518519,11.6666666666667,48.8743098806277,0.29779912723598,"24.7-113.7 months (5th-95th percentile)","male"
69.2,11.6666666666667,48.8250362059099,0.300002875837121,"24.7-113.7 months (5th-95th percentile)","male"
70.8481481481481,11.6666666666667,48.766665070391,0.303200486938583,"24.7-113.7 months (5th-95th percentile)","male"
72.4962962962963,11.6666666666667,48.7007739979928,0.307181537476482,"24.7-113.7 months (5th-95th percentile)","male"
74.1444444444444,11.6666666666667,48.6289344629359,0.311744176895486,"24.7-113.7 months (5th-95th percentile)","male"
75.7925925925926,11.6666666666667,48.552688684673,0.31672108959036,"24.7-113.7 months (5th-95th percentile)","male"
77.4407407407407,11.6666666666667,48.4735282060197,0.321994046554621,"24.7-113.7 months (5th-95th percentile)","male"
79.0888888888889,11.6666666666667,48.392874598165,0.327496724890698,"24.7-113.7 months (5th-95th percentile)","male"
80.737037037037,11.6666666666667,48.3120625745854,0.333207214281478,"24.7-113.7 months (5th-95th percentile)","male"
82.3851851851852,11.6666666666667,48.2323257297434,0.339132756699659,"24.7-113.7 months (5th-95th percentile)","male"
84.0333333333333,11.6666666666667,48.1547850504873,0.345289982584356,"24.7-113.7 months (5th-95th percentile)","male"
85.6814814814815,11.6666666666667,48.080440279534,0.351684295607428,"24.7-113.7 months (5th-95th percentile)","male"
87.3296296296296,11.6666666666667,48.0101641432652,0.358292049619418,"24.7-113.7 months (5th-95th percentile)","male"
88.9777777777778,11.6666666666667,47.9446993906661,0.365048645578417,"24.7-113.7 months (5th-95th percentile)","male"
90.6259259259259,11.6666666666667,47.8846585297972,0.371844648018167,"24.7-113.7 months (5th-95th percentile)","male"
92.2740740740741,11.6666666666667,47.8305260930793,0.378530658663413,"24.7-113.7 months (5th-95th percentile)","male"
93.9222222222222,11.6666666666667,47.7826632145453,0.384930304122621,"24.7-113.7 months (5th-95th percentile)","male"
95.5703703703704,11.6666666666667,47.7413142608946,0.39085960705797,"24.7-113.7 months (5th-95th percentile)","male"
97.2185185185185,11.6666666666667,47.7066152262885,0.396150385608344,"24.7-113.7 months (5th-95th percentile)","male"
98.8666666666667,11.6666666666667,47.6786035776938,0.400675141492452,"24.7-113.7 months (5th-95th percentile)","male"
100.514814814815,11.6666666666667,47.6572292239642,0.404370985405248,"24.7-113.7 months (5th-95th percentile)","male"
102.162962962963,11.6666666666667,47.642366276999,0.407260295644978,"24.7-113.7 months (5th-95th percentile)","male"
103.811111111111,11.6666666666667,47.6338252784099,0.40946584484945,"24.7-113.7 months (5th-95th percentile)","male"
105.459259259259,11.6666666666667,47.631366315806,0.411217185793159,"24.7-113.7 months (5th-95th percentile)","male"
107.107407407407,11.6666666666667,47.6347182453122,0.412840250612624,"24.7-113.7 months (5th-95th percentile)","male"
108.755555555556,11.6666666666667,47.6435908550049,0.4147441466414,"24.7-113.7 months (5th-95th percentile)","male"
110.403703703704,11.6666666666667,47.6576828284402,0.417400256032116,"24.7-113.7 months (5th-95th percentile)","male"
112.051851851852,11.6666666666667,47.6766886886404,0.421313366709802,"24.7-113.7 months (5th-95th percentile)","male"
113.7,11.6666666666667,47.7003065934397,0.426977878631649,"24.7-113.7 months (5th-95th percentile)","male"
24.7,12,44.840379692169,0.338596479259187,"24.7-113.7 months (5th-95th percentile)","male"
26.3481481481481,12,45.1560519701927,0.321780427688287,"24.7-113.7 months (5th-95th percentile)","male"
27.9962962962963,12,45.4695932599402,0.308644354373221,"24.7-113.7 months (5th-95th percentile)","male"
29.6444444444444,12,45.7797441775705,0.299488965972939,"24.7-113.7 months (5th-95th percentile)","male"
31.2925925925926,12,46.0850474606603,0.294355951576098,"24.7-113.7 months (5th-95th percentile)","male"
32.9407407407407,12,46.3839083050802,0.292974663704638,"24.7-113.7 months (5th-95th percentile)","male"
34.5888888888889,12,46.6746528703492,0.294780536796814,"24.7-113.7 months (5th-95th percentile)","male"
36.237037037037,12,46.9555820148241,0.298998748918209,"24.7-113.7 months (5th-95th percentile)","male"
37.8851851851852,12,47.225017621373,0.304759165390105,"24.7-113.7 months (5th-95th percentile)","male"
39.5333333333333,12,47.4813466943833,0.311204483136128,"24.7-113.7 months (5th-95th percentile)","male"
41.1814814814815,12,47.7230609625302,0.317569425765412,"24.7-113.7 months (5th-95th percentile)","male"
42.8296296296296,12,47.9487915500221,0.323227328510112,"24.7-113.7 months (5th-95th percentile)","male"
44.4777777777778,12,48.1573361420167,0.327710468648495,"24.7-113.7 months (5th-95th percentile)","male"
46.1259259259259,12,48.3476724912509,0.330712033142939,"24.7-113.7 months (5th-95th percentile)","male"
47.7740740740741,12,48.5189861271634,0.332082374712478,"24.7-113.7 months (5th-95th percentile)","male"
49.4222222222222,12,48.6706886209089,0.331819074648039,"24.7-113.7 months (5th-95th percentile)","male"
51.0703703703704,12,48.8024261074782,0.330052241695477,"24.7-113.7 months (5th-95th percentile)","male"
52.7185185185185,12,48.9140827319097,0.327026197249371,"24.7-113.7 months (5th-95th percentile)","male"
54.3666666666667,12,49.0057792418983,0.323077034838165,"24.7-113.7 months (5th-95th percentile)","male"
56.0148148148148,12,49.0778665282725,0.31860524297642,"24.7-113.7 months (5th-95th percentile)","male"
57.662962962963,12,49.1309035093665,0.314042122782636,"24.7-113.7 months (5th-95th percentile)","male"
59.3111111111111,12,49.1656320432372,0.309812863803229,"24.7-113.7 months (5th-95th percentile)","male"
60.9592592592593,12,49.1829766879627,0.306300535584281,"24.7-113.7 months (5th-95th percentile)","male"
62.6074074074074,12,49.184030938347,0.303810853433004,"24.7-113.7 months (5th-95th percentile)","male"
64.2555555555556,12,49.170034775502,0.302544707736108,"24.7-113.7 months (5th-95th percentile)","male"
65.9037037037037,12,49.1423504224292,0.302585031759907,"24.7-113.7 months (5th-95th percentile)","male"
67.5518518518519,12,49.102436898081,0.30390131598194,"24.7-113.7 months (5th-95th percentile)","male"
69.2,12,49.0518239313854,0.306370775486106,"24.7-113.7 months (5th-95th percentile)","male"
70.8481481481481,12,48.9920857847192,0.309810962498523,"24.7-113.7 months (5th-95th percentile)","male"
72.4962962962963,12,48.9248155140459,0.314016308532256,"24.7-113.7 months (5th-95th percentile)","male"
74.1444444444444,12,48.8516001606618,0.318791315660697,"24.7-113.7 months (5th-95th percentile)","male"
75.7925925925926,12,48.7739973278959,0.323975185731133,"24.7-113.7 months (5th-95th percentile)","male"
77.4407407407407,12,48.6935135460826,0.329455331254267,"24.7-113.7 months (5th-95th percentile)","male"
79.0888888888889,12,48.6115847724912,0.335169524350236,"24.7-113.7 months (5th-95th percentile)","male"
80.737037037037,12,48.5295593110951,0.341098094221503,"24.7-113.7 months (5th-95th percentile)","male"
82.3851851851852,12,48.4486833707417,0.34724867327003,"24.7-113.7 months (5th-95th percentile)","male"
84.0333333333333,12,48.3700894121225,0.353636693823579,"24.7-113.7 months (5th-95th percentile)","male"
85.6814814814815,12,48.2947873651695,0.360265212769362,"24.7-113.7 months (5th-95th percentile)","male"
87.3296296296296,12,48.2236587311115,0.367107616474336,"24.7-113.7 months (5th-95th percentile)","male"
88.9777777777778,12,48.1574535177316,0.374096232386121,"24.7-113.7 months (5th-95th percentile)","male"
90.6259259259259,12,48.0967898956464,0.381118853094946,"24.7-113.7 months (5th-95th percentile)","male"
92.2740740740741,12,48.0421564080049,0.388023845553064,"24.7-113.7 months (5th-95th percentile)","male"
93.9222222222222,12,47.9939165175638,0.394633178993161,"24.7-113.7 months (5th-95th percentile)","male"
95.5703703703704,12,47.9523152334532,0.400761656624818,"24.7-113.7 months (5th-95th percentile)","male"
97.2185185185185,12,47.9174875277178,0.406240036226502,"24.7-113.7 months (5th-95th percentile)","male"
98.8666666666667,12,47.8894682282677,0.410939548283809,"24.7-113.7 months (5th-95th percentile)","male"
100.514814814815,12,47.8682030609394,0.414795406541392,"24.7-113.7 months (5th-95th percentile)","male"
102.162962962963,12,47.8535605081966,0.417827052711508,"24.7-113.7 months (5th-95th percentile)","male"
103.811111111111,12,47.8453441568052,0.420152927417073,"24.7-113.7 months (5th-95th percentile)","male"
105.459259259259,12,47.8433059772824,0.421996653084908,"24.7-113.7 months (5th-95th percentile)","male"
107.107407407407,12,47.8471659042311,0.423676761424392,"24.7-113.7 months (5th-95th percentile)","male"
108.755555555556,12,47.8566242131138,0.425593864193903,"24.7-113.7 months (5th-95th percentile)","male"
110.403703703704,12,47.87136962772,0.428210530860435,"24.7-113.7 months (5th-95th percentile)","male"
112.051851851852,12,47.8910863648906,0.432023653456681,"24.7-113.7 months (5th-95th percentile)","male"
113.7,12,47.915462090363,0.437522332989597,"24.7-113.7 months (5th-95th percentile)","male"
